time_seconds,goal,luminusity_7_02.10.047_02.29.381,luminasity_8_02.29.381_02.47.541,luminasity_9_02.47.541_03.07.094,luminasity_10_03.07.094_03.27.266,luminasity_11_03.27.266_03.50.423,luminasity_14_04.39.213_04.59,papillon_1_00.00.000_01.29.318,papillon_2_01.29.318_03.06.429,papillon_4_04.34.344_06.43.645,papillon_5_06.43.645_08.13.352,papillon_viola_1_00.00.000_01.29.318,papillon_viola_2_01.29.318_03.06.429,papillon_viola_4_04.34.344_06.43.645,papillon_viola_5_06.43.645_08.13.352,papillon_violin_1_00.00.000_01.29.318,papillon_violin_2_01.29.318_03.06.429,papillon_violin_4_04.34.344_06.43.645,papillon_violin_5_06.43.645_08.13.352,prism_1_00.00.000_01.28.904,prism_2_01.28.904_02.38.937,prism_3_04.46.624_06.25.707,prism_viola_1_00.00.000_01.28.904,prism_viola_2_01.28.904_02.38.937,prism_viola_3_04.46.624_06.25.707
0.0000,0.0000,0.0000,0.0000,0.0000,0.0000,0.0000,0.0000,0.0000,0.0000,0.0000,0.0000,0.0000,0.0000,0.0000,0.0000,0.0000,0.0000,0.0000,0.0000,0.0000,0.0000,0.0000,0.0000,0.0000,0.0000
0.0500,0.0000,0.0000,0.0000,0.0000,0.0000,0.0000,0.0000,0.0000,0.0000,0.0000,0.0000,0.0000,0.0000,0.0000,0.0000,0.0000,0.0000,0.0000,0.0000,0.0000,0.0000,0.0000,0.0000,0.0000,0.0000
0.1000,0.0000,0.0000,0.0000,0.0000,0.0000,0.0000,0.0000,0.0000,0.0000,0.0000,0.0000,0.0000,0.0000,0.0000,0.0000,0.0000,0.0000,0.0000,0.0000,0.0000,0.0000,0.0000,0.0000,0.0000,0.0000
0.1500,0.0000,0.0000,0.0000,0.0000,0.0000,0.0000,0.0000,0.0000,0.0000,0.0000,0.0000,0.0000,0.0000,0.0000,0.0000,0.0000,0.0000,0.0000,0.0000,0.0000,0.0000,0.0000,0.0000,0.0000,0.0000
0.2000,0.0000,0.0000,0.0000,0.0000,0.0000,0.0000,0.0000,0.0000,0.0000,0.0000,0.0000,0.0000,0.0000,0.0000,0.0000,0.0000,0.0000,0.0000,0.0000,0.0000,0.0000,0.0000,0.0000,0.0000,0.0000
0.2500,0.0000,0.0000,0.0000,0.0000,0.0000,0.0000,0.0000,0.0000,0.0000,0.0000,0.0000,0.0000,0.0000,0.0000,0.0000,0.0000,0.0000,0.0000,0.0000,0.0000,0.0000,0.0000,0.0000,0.0000,0.0000
0.3000,0.0000,0.0000,0.0000,0.0000,0.0000,0.0000,0.0000,0.0000,0.0000,0.0000,0.0000,0.0000,0.0000,0.0000,0.0000,0.0000,0.0000,0.0000,0.0000,0.0000,0.0000,0.0000,0.0000,0.0000,0.0000
0.3500,0.0000,0.0000,0.0000,0.0000,0.0000,0.0000,0.0000,0.0000,0.0000,0.0000,0.0000,0.0000,0.0000,0.0000,0.0000,0.0000,0.0000,0.0000,0.0000,0.0000,0.0000,0.0000,0.0000,0.0000,0.0000
0.4000,0.0000,0.0000,0.0000,0.0000,0.0000,0.0000,0.0000,0.0000,0.0000,0.0000,0.0000,0.0000,0.0000,0.0000,0.0000,0.0000,0.0000,0.0000,0.0000,0.0000,0.0000,0.0000,0.0000,0.0000,0.0000
0.4500,0.0000,0.0000,0.0000,0.0000,0.0000,0.0000,0.0000,0.0000,0.0000,0.0000,0.0000,0.0000,0.0000,0.0000,0.0000,0.0000,0.0000,0.0000,0.0000,0.0000,0.0000,0.0000,0.0000,0.0000,0.0000
0.5000,0.0000,0.0000,0.0000,0.0000,0.0000,0.0000,0.0000,0.0000,0.0000,0.0000,0.0000,0.0000,0.0000,0.0000,0.0000,0.0000,0.0000,0.0000,0.0000,0.0000,0.0000,0.0000,0.0000,0.0000,0.0000
0.5500,0.0000,0.0000,0.0000,0.0000,0.0000,0.0000,0.0000,0.0000,0.0000,0.0000,0.0000,0.0000,0.0000,0.0000,0.0000,0.0000,0.0000,0.0000,0.0000,0.0000,0.0000,0.0000,0.0000,0.0000,0.0000
0.6000,0.0000,0.0000,0.0000,0.0000,0.0000,0.0000,0.0000,0.0000,0.0000,0.0000,0.0000,0.0000,0.0000,0.0000,0.0000,0.0000,0.0000,0.0000,0.0000,0.0000,0.0000,0.0000,0.0000,0.0000,0.0000
0.6500,0.0000,0.0000,0.0000,0.0000,0.0000,0.0000,0.0000,0.0000,0.0000,0.0000,0.0000,0.0000,0.0000,0.0000,0.0000,0.0000,0.0000,0.0000,0.0000,0.0000,0.0000,0.0000,0.0000,0.0000,0.0000
0.7000,0.0000,0.0000,0.0000,0.0000,0.0000,0.0000,0.0000,0.0000,0.0000,0.0000,0.0000,0.0000,0.0000,0.0000,0.0000,0.0000,0.0000,0.0000,0.0000,0.0000,0.0000,0.0000,0.0000,0.0000,0.0000
0.7500,0.0000,0.0000,0.0000,0.0000,0.0000,0.0000,0.0000,0.0000,0.0000,0.0000,0.0000,0.0000,0.0000,0.0000,0.0000,0.0000,0.0000,0.0000,0.0000,0.0000,0.0000,0.0000,0.0000,0.0000,0.0000
0.8000,0.0000,0.0000,0.0000,0.0000,0.0000,0.0000,0.0000,0.0000,0.0000,0.0000,0.0000,0.0000,0.0000,0.0000,0.0000,0.0000,0.0000,0.0000,0.0000,0.0000,0.0000,0.0000,0.0000,0.0000,0.0000
0.8500,0.0000,0.0000,0.0000,0.0000,0.0000,0.0000,0.0000,0.0000,0.0000,0.0000,0.0000,0.0000,0.0000,0.0000,0.0000,0.0000,0.0000,0.0000,0.0000,0.0000,0.0000,0.0000,0.0000,0.0000,0.0000
0.9000,0.0000,0.0000,0.0000,0.0000,0.0000,0.0000,0.0000,0.0000,0.0000,0.0000,0.0000,0.0000,0.0000,0.0000,0.0000,0.0000,0.0000,0.0000,0.0000,0.0000,0.0000,0.0000,0.0000,0.0000,0.0000
0.9500,0.0000,0.0000,0.0000,0.0000,0.0000,0.0000,0.0000,0.0000,0.0000,0.0000,0.0000,0.0000,0.0000,0.0000,0.0000,0.0000,0.0000,0.0000,0.0000,0.0000,0.0000,0.0000,0.0000,0.0000,0.0000
1.0000,0.0000,0.0000,0.0000,0.0000,0.0000,0.0000,0.0000,0.0000,0.0000,0.0000,0.0000,0.0000,0.0000,0.0000,0.0000,0.0000,0.0000,0.0000,0.0000,0.0000,0.0000,0.0000,0.0000,0.0000,0.0000
1.0500,0.0000,0.0000,0.0000,0.0000,0.0000,0.0000,0.0000,0.0000,0.0000,0.0000,0.0000,0.0000,0.0000,0.0000,0.0000,0.0000,0.0000,0.0000,0.0000,0.0000,0.0000,0.0000,0.0000,0.0000,0.0000
1.1000,0.0000,0.0000,0.0000,0.0000,0.0000,0.0000,0.0000,0.0000,0.0000,0.0000,0.0000,0.0000,0.0000,0.0000,0.0000,0.0000,0.0000,0.0000,0.0000,0.0000,0.0000,0.0000,0.0000,0.0000,0.0000
1.1500,0.0000,0.0000,0.0000,0.0000,0.0000,0.0000,0.0000,0.0000,0.0000,0.0000,0.0000,0.0000,0.0000,0.0000,0.0000,0.0000,0.0000,0.0000,0.0000,0.0000,0.0000,0.0000,0.0000,0.0000,0.0000
1.2000,0.0000,0.0000,0.0000,0.0000,0.0000,0.0000,0.0000,0.0000,0.0000,0.0000,0.0000,0.0000,0.0000,0.0000,0.0000,0.0000,0.0000,0.0000,0.0000,0.0000,0.0000,0.0000,0.0000,0.0000,0.0000
1.2500,0.0000,0.0000,0.0000,0.0000,0.0000,0.0000,0.0000,0.0000,0.0000,0.0000,0.0000,0.0000,0.0000,0.0000,0.0000,0.0000,0.0000,0.0000,0.0000,0.0000,0.0000,0.0000,0.0000,0.0000,0.0000
1.3000,0.0000,0.0000,0.0000,0.0000,0.0000,0.0000,0.0000,0.0000,0.0000,0.0000,0.0000,0.0000,0.0000,0.0000,0.0000,0.0000,0.0000,0.0000,0.0000,0.0000,0.0000,0.0000,0.0000,0.0000,0.0000
1.3500,0.0000,0.0000,0.0000,0.0000,0.0000,0.0000,0.0000,0.0000,0.0000,0.0000,0.0000,0.0000,0.0000,0.0000,0.0000,0.0000,0.0000,0.0000,0.0000,0.0000,0.0000,0.0000,0.0000,0.0000,0.0000
1.4000,0.0000,0.0000,0.0000,0.0000,0.0000,0.0000,0.0000,0.0000,0.0000,0.0000,0.0000,0.0000,0.0000,0.0000,0.0000,0.0000,0.0000,0.0000,0.0000,0.0000,0.0000,0.0000,0.0000,0.0000,0.0000
1.4500,0.0000,0.0000,0.0000,0.0000,0.0000,0.0000,0.0000,0.0000,0.0000,0.0000,0.0000,0.0000,0.0000,0.0000,0.0000,0.0000,0.0000,0.0000,0.0000,0.0000,0.0000,0.0000,0.0000,0.0000,0.0000
1.5000,0.0000,0.0000,0.0000,0.0000,0.0000,0.0000,0.0000,0.0000,0.0000,0.0000,0.0000,0.0000,0.0000,0.0000,0.0000,0.0000,0.0000,0.0000,0.0000,0.0000,0.0000,0.0000,0.0000,0.0000,0.0000
1.5500,0.0000,0.0000,0.0000,0.0000,0.0000,0.0000,0.0000,0.0000,0.0000,0.0000,0.0000,0.0000,0.0000,0.0000,0.0000,0.0000,0.0000,0.0000,0.0000,0.0000,0.0000,0.0000,0.0000,0.0000,0.0000
1.6000,0.0000,0.0000,0.0000,0.0000,0.0000,0.0000,0.0000,0.0000,0.0000,0.0000,0.0000,0.0000,0.0000,0.0000,0.0000,0.0000,0.0000,0.0000,0.0000,0.0000,0.0000,0.0000,0.0000,0.0000,0.0000
1.6500,0.0000,0.0000,0.0000,0.0000,0.0000,0.0000,0.0000,0.0000,0.0000,0.0000,0.0000,0.0000,0.0000,0.0000,0.0000,0.0000,0.0000,0.0000,0.0000,0.0000,0.0000,0.0000,0.0000,0.0000,0.0000
1.7000,0.0000,0.0000,0.0000,0.0000,0.0000,0.0000,0.0000,0.0000,0.0000,0.0000,0.0000,0.0000,0.0000,0.0000,0.0000,0.0000,0.0000,0.0000,0.0000,0.0000,0.0000,0.0000,0.0000,0.0000,0.0000
1.7500,0.0000,0.0000,0.0000,0.0000,0.0000,0.0000,0.0000,0.0000,0.0000,0.0000,0.0000,0.0000,0.0000,0.0000,0.0000,0.0000,0.0000,0.0000,0.0000,0.0000,0.0000,0.0000,0.0000,0.0000,0.0000
1.8000,0.0000,0.0000,0.0000,0.0000,0.0000,0.0000,0.0000,0.0000,0.0000,0.0000,0.0000,0.0000,0.0000,0.0000,0.0000,0.0000,0.0000,0.0000,0.0000,0.0000,0.0000,0.0000,0.0000,0.0000,0.0000
1.8500,0.0000,0.0000,0.0000,0.0000,0.0000,0.0000,0.0000,0.0000,0.0000,0.0000,0.0000,0.0000,0.0000,0.0000,0.0000,0.0000,0.0000,0.0000,0.0000,0.0000,0.0000,0.0000,0.0000,0.0000,0.0000
1.9000,0.0000,0.0000,0.0000,0.0000,0.0000,0.0000,0.0000,0.0000,0.0000,0.0000,0.0000,0.0000,0.0000,0.0000,0.0000,0.0000,0.0000,0.0000,0.0000,0.0000,0.0000,0.0000,0.0000,0.0000,0.0000
1.9500,0.0000,0.0000,0.0000,0.0000,0.0000,0.0000,0.0000,0.0000,0.0000,0.0000,0.0000,0.0000,0.0000,0.0000,0.0000,0.0000,0.0000,0.0000,0.0000,0.0000,0.0000,0.0000,0.0000,0.0000,0.0000
2.0000,0.0000,0.0000,0.0000,0.0000,0.0000,0.0000,0.0000,0.0000,0.0000,0.0000,0.0000,0.0000,0.0000,0.0000,0.0000,0.0000,0.0000,0.0000,0.0000,0.0000,0.0000,0.0000,0.0000,0.0000,0.0000
2.0500,0.0000,0.0000,0.0000,0.0000,0.0000,0.0000,0.0000,0.0000,0.0000,0.0000,0.0000,0.0000,0.0000,0.0000,0.0000,0.0000,0.0000,0.0000,0.0000,0.0000,0.0000,0.0000,0.0000,0.0000,0.0000
2.1000,0.0000,0.0000,0.0000,0.0000,0.0000,0.0000,0.0000,0.0000,0.0000,0.0000,0.0000,0.0000,0.0000,0.0000,0.0000,0.0000,0.0000,0.0000,0.0000,0.0000,0.0000,0.0000,0.0000,0.0000,0.0000
2.1500,0.0000,0.0000,0.0000,0.0000,0.0000,0.0000,0.0000,0.0000,0.0000,0.0000,0.0000,0.0000,0.0000,0.0000,0.0000,0.0000,0.0000,0.0000,0.0000,0.0000,0.0000,0.0000,0.0000,0.0000,0.0000
2.2000,0.0000,0.0000,0.0000,0.0000,0.0000,0.0000,0.0000,0.0000,0.0000,0.0000,0.0000,0.0000,0.0000,0.0000,0.0000,0.0000,0.0000,0.0000,0.0000,0.0000,0.0000,0.0000,0.0000,0.0000,0.0000
2.2500,0.0000,0.0000,0.0000,0.0000,0.0000,0.0000,0.0000,0.0000,0.0000,0.0000,0.0000,0.0000,0.0000,0.0000,0.0000,0.0000,0.0000,0.0000,0.0000,0.0000,0.0000,0.0000,0.0000,0.0000,0.0000
2.3000,0.0000,0.0000,0.0000,0.0000,0.0000,0.0000,0.0000,0.0000,0.0000,0.0000,0.0000,0.0000,0.0000,0.0000,0.0000,0.0000,0.0000,0.0000,0.0000,0.0000,0.0000,0.0000,0.0000,0.0000,0.0000
2.3500,0.0000,0.0000,0.0000,0.0000,0.0000,0.0000,0.0000,0.0000,0.0000,0.0000,0.0000,0.0000,0.0000,0.0000,0.0000,0.0000,0.0000,0.0000,0.0000,0.0000,0.0000,0.0000,0.0000,0.0000,0.0000
2.4000,0.0000,0.0000,0.0000,0.0000,0.0000,0.0000,0.0000,0.0000,0.0000,0.0000,0.0000,0.0000,0.0000,0.0000,0.0000,0.0000,0.0000,0.0000,0.0000,0.0000,0.0000,0.0000,0.0000,0.0000,0.0000
2.4500,0.0000,0.0000,0.0000,0.0000,0.0000,0.0000,0.0000,0.0000,0.0000,0.0000,0.0000,0.0000,0.0000,0.0000,0.0000,0.0000,0.0000,0.0000,0.0000,0.0000,0.0000,0.0000,0.0000,0.0000,0.0000
2.5000,0.0000,0.0000,0.0000,0.0000,0.0000,0.0000,0.0000,0.0000,0.0000,0.0000,0.0000,0.0000,0.0000,0.0000,0.0000,0.0000,0.0000,0.0000,0.0000,0.0000,0.0000,0.0000,0.0000,0.0000,0.0000
2.5500,0.0000,0.0000,0.0000,0.0000,0.0000,0.0000,0.0000,0.0000,0.0000,0.0000,0.0000,0.0000,0.0000,0.0000,0.0000,0.0000,0.0000,0.0000,0.0000,0.0000,0.0000,0.0000,0.0000,0.0000,0.0000
2.6000,0.0000,0.0000,0.0000,0.0000,0.0000,0.0000,0.0000,0.0000,0.0000,0.0000,0.0000,0.0000,0.0000,0.0000,0.0000,0.0000,0.0000,0.0000,0.0000,0.0000,0.0000,0.0000,0.0000,0.0000,0.0000
2.6500,0.0000,0.0000,0.0000,0.0000,0.0000,0.0000,0.0000,0.0000,0.0000,0.0000,0.0000,0.0000,0.0000,0.0000,0.0000,0.0000,0.0000,0.0000,0.0000,0.0000,0.0000,0.0000,0.0000,0.0000,0.0000
2.7000,0.0000,0.0000,0.0000,0.0000,0.0000,0.0000,0.0000,0.0000,0.0000,0.0000,0.0000,0.0000,0.0000,0.0000,0.0000,0.0000,0.0000,0.0000,0.0000,0.0000,0.0000,0.0000,0.0000,0.0000,0.0000
2.7500,0.0000,0.0000,0.0000,0.0000,0.0000,0.0000,0.0000,0.0000,0.0000,0.0000,0.0000,0.0000,0.0000,0.0000,0.0000,0.0000,0.0000,0.0000,0.0000,0.0000,0.0000,0.0000,0.0000,0.0000,0.0000
2.8000,0.0000,0.0000,0.0000,0.0000,0.0000,0.0000,0.0000,0.0000,0.0000,0.0000,0.0000,0.0000,0.0000,0.0000,0.0000,0.0000,0.0000,0.0000,0.0000,0.0000,0.0000,0.0000,0.0000,0.0000,0.0000
2.8500,0.0000,0.0000,0.0000,0.0000,0.0000,0.0000,0.0000,0.0000,0.0000,0.0000,0.0000,0.0000,0.0000,0.0000,0.0000,0.0000,0.0000,0.0000,0.0000,0.0000,0.0000,0.0000,0.0000,0.0000,0.0000
2.9000,0.0000,0.0000,0.0000,0.0000,0.0000,0.0000,0.0000,0.0000,0.0000,0.0000,0.0000,0.0000,0.0000,0.0000,0.0000,0.0000,0.0000,0.0000,0.0000,0.0000,0.0000,0.0000,0.0000,0.0000,0.0000
2.9500,0.0000,0.0000,0.0000,0.0000,0.0000,0.0000,0.0000,0.0000,0.0000,0.0000,0.0000,0.0000,0.0000,0.0000,0.0000,0.0000,0.0000,0.0000,0.0000,0.0000,0.0000,0.0000,0.0000,0.0000,0.0000
3.0000,0.0000,0.0000,0.0000,0.0000,0.0000,0.0000,0.0000,0.0000,0.0000,0.0000,0.0000,0.0000,0.0000,0.0000,0.0000,0.0000,0.0000,0.0000,0.0000,0.0000,0.0000,0.0000,0.0000,0.0000,0.0000
3.0500,0.0000,0.0000,0.0000,0.0000,0.1161,0.0000,0.0000,0.0000,0.0000,0.0000,0.0000,0.0000,0.0000,0.0000,0.0000,0.0000,0.0000,0.0000,0.0000,0.0000,0.0000,0.1751,0.0988,0.0000,0.0000
3.1000,0.0000,0.0000,0.0000,0.0000,0.6363,0.0000,0.0000,0.0000,0.0000,0.0000,0.0000,0.0000,0.0000,0.0000,0.0000,0.0000,0.0000,0.0000,0.0000,0.0000,0.0000,0.9596,0.5414,0.0000,0.0000
3.1500,0.0000,0.0000,0.0000,0.0000,1.3683,0.0000,0.0000,0.0000,0.0000,0.0000,0.0000,0.0000,0.0000,0.0000,0.0000,0.0000,0.0000,0.0000,0.0000,0.0000,0.0000,2.0633,1.1640,0.0000,0.0000
3.2000,0.0000,0.0000,0.0000,0.0000,1.8885,0.0000,0.0000,0.0000,0.0000,0.0000,0.0000,0.0000,0.0000,0.0000,0.0000,0.0000,0.0000,0.0000,0.0000,0.0000,0.0000,2.8477,1.6066,0.0000,0.0000
3.2500,0.0000,0.0000,0.0000,0.0000,2.0046,0.0000,0.0000,0.0000,0.0000,0.0000,0.0000,0.0000,0.0000,0.0000,0.0000,0.0000,0.0000,0.0000,0.0000,0.0000,0.0000,3.0228,1.7054,0.0000,0.0000
3.3000,0.0000,0.0000,0.0000,0.0000,2.0046,0.0000,0.0000,0.0000,0.0000,0.0000,0.0000,0.0000,0.0000,0.0000,0.0000,0.0000,0.0000,0.0000,0.0000,0.0000,0.0000,3.0228,1.7054,0.0000,0.0000
3.3500,0.0000,0.0000,0.0000,0.0000,2.0046,0.0000,0.0000,0.0000,0.0000,0.0000,0.0000,0.0000,0.0000,0.0000,0.0000,0.0000,0.0000,0.0000,0.0000,0.0000,0.0000,3.0228,1.7054,0.0000,0.0000
3.4000,0.0000,0.0000,0.0000,0.0000,2.0046,0.0000,0.0000,0.0000,0.0000,0.0000,0.0000,0.0000,0.0000,0.0000,0.0000,0.0000,0.0000,0.0000,0.0000,0.0000,0.0000,3.0228,1.7054,0.0000,0.0000
3.4500,0.0000,0.0000,0.0000,0.0000,2.0046,0.0000,0.0000,0.0000,0.0000,0.0000,0.0000,0.0000,0.0000,0.0000,0.0000,0.0000,0.0000,0.0000,0.0000,0.0000,0.0000,3.0228,1.7054,0.0000,0.0000
3.5000,0.0000,0.0000,0.0000,0.0000,2.0046,0.0000,0.0000,0.0000,0.0000,0.0000,0.0000,0.0000,0.0000,0.0000,0.0000,0.0000,0.0000,0.0000,0.0000,0.0000,0.0000,3.0228,1.7054,0.0000,0.0000
3.5500,0.0000,0.0000,0.0000,0.0000,2.0046,0.0000,0.0000,0.0000,0.0000,0.0000,0.0000,0.0000,0.0000,0.0000,0.0000,0.0000,0.0000,0.0000,0.0000,0.0000,0.0000,3.6674,1.7485,0.0000,0.0000
3.6000,0.0000,0.0000,0.0000,0.0000,2.0046,0.0000,0.0000,0.0000,0.0000,0.0000,0.0000,0.0000,0.0000,0.0000,0.0000,0.0000,0.0000,0.0000,0.0000,0.0000,0.0000,6.5554,1.9418,0.0000,0.0000
3.6500,0.0000,0.0000,0.0000,0.0000,2.0046,0.0000,0.0000,0.0000,0.0000,0.0000,0.0000,0.0000,0.0000,0.0000,0.0000,0.0000,0.0000,0.0000,0.0000,0.0000,0.0000,10.6186,2.2137,0.0000,0.0000
3.7000,0.0000,0.0000,0.0000,0.0000,2.0046,0.0000,0.0000,0.0000,0.0000,0.0000,0.0000,0.0000,0.0000,0.0000,0.0000,0.0000,0.0000,0.0000,0.0000,0.0000,0.0000,13.5067,2.4070,0.0000,0.0000
3.7500,0.0000,0.0000,0.0000,0.0000,2.0046,0.0000,0.0000,0.0000,0.0000,0.0000,0.0000,0.0000,0.0000,0.0000,0.0000,0.0000,0.0000,0.0000,0.0000,0.0000,0.0000,14.1513,2.4502,0.0000,0.0000
3.8000,0.0000,0.0000,0.0000,0.0000,2.0046,0.0000,0.0000,0.0000,0.0000,0.0000,0.0000,0.0000,0.0000,0.0000,0.0000,0.0000,0.0000,0.0000,0.0000,0.0000,0.0000,14.1513,2.4502,0.0000,0.0000
3.8500,0.0000,0.0000,0.0000,0.0000,2.0046,0.0000,0.0000,0.0000,0.0000,0.0000,0.0000,0.0000,0.0000,0.0000,0.0000,0.0000,0.0000,0.0000,0.0000,0.0000,0.0000,14.1513,2.4502,0.0000,0.0000
3.9000,0.0000,0.0000,0.0000,0.0000,2.0046,0.0000,0.0000,0.0000,0.0000,0.0000,0.0000,0.0000,0.0000,0.0000,0.0000,0.0000,0.0000,0.0000,0.0000,0.0000,0.0000,14.1513,2.4502,0.0000,0.0000
3.9500,0.0000,0.0000,0.0000,0.0000,2.0046,0.0000,0.0000,0.0000,0.0000,0.0000,0.0000,0.0000,0.0000,0.0000,0.0000,0.0000,0.0000,0.0000,0.0000,0.0000,0.0000,14.1513,2.4502,0.0000,0.0000
4.0000,0.0000,0.0000,0.0000,0.0000,2.0046,0.0000,0.0000,0.0000,0.0000,0.0000,0.0000,0.0000,0.0000,0.0000,0.0000,0.0000,0.0000,0.0000,0.0000,0.0000,0.0000,14.1513,2.4502,0.0000,0.0000
4.0500,0.0000,0.0000,0.0000,0.0000,2.0046,0.0000,0.0000,0.0000,0.0000,0.0000,0.0000,0.0000,0.0000,0.0000,0.0000,0.0000,0.0000,0.0000,0.0000,0.0000,0.0000,14.5326,2.7780,0.0000,0.0000
4.1000,0.0000,0.0000,0.0000,0.0000,2.0046,0.0000,0.0000,0.0000,0.0000,0.0000,0.0000,0.0000,0.0000,0.0000,0.0000,0.0000,0.0000,0.0000,0.0000,0.0000,0.0000,16.2414,4.2470,0.0000,0.0000
4.1500,0.0000,0.0000,0.0000,0.0000,2.0046,0.0000,0.0000,0.0000,0.0000,0.0000,0.0000,0.0000,0.0000,0.0000,0.0000,0.0000,0.0000,0.0000,0.0000,0.0000,0.0000,18.6456,6.3137,0.0000,0.0000
4.2000,0.0000,0.0000,0.0000,0.0000,2.0046,0.0000,0.0000,0.0000,0.0000,0.0000,0.0000,0.0000,0.0000,0.0000,0.0000,0.0000,0.0000,0.0000,0.0000,0.0000,0.0000,20.3544,7.7827,0.0000,0.0000
4.2500,0.0000,0.0000,0.0000,0.0000,2.0046,0.0000,0.0000,0.0000,0.0000,0.0000,0.0000,0.0000,0.0000,0.0000,0.0000,0.0000,0.0000,0.0000,0.0000,0.0000,0.0000,20.7358,8.1105,0.0000,0.0000
4.3000,0.0000,0.0000,0.0000,0.0000,2.0046,0.0000,0.0000,0.0000,0.0000,0.0000,0.0000,0.0000,0.0000,0.0000,0.0000,0.0000,0.0000,0.0000,0.0000,0.0000,0.0000,20.7358,8.1105,0.0000,0.0000
4.3500,0.0000,0.0000,0.0000,0.0000,2.0046,0.0000,0.0000,0.0000,0.0000,0.0000,0.0000,0.0000,0.0000,0.0000,0.0000,0.0000,0.0000,0.0000,0.0000,0.0000,0.0000,20.7358,8.1105,0.0000,0.0000
4.4000,0.0000,0.0000,0.0000,0.0000,2.0046,0.0000,0.0000,0.0000,0.0000,0.0000,0.0000,0.0000,0.0000,0.0000,0.0000,0.0000,0.0000,0.0000,0.0000,0.0000,0.0000,20.7358,8.1105,0.0000,0.0000
4.4500,0.0000,0.0000,0.0000,0.0000,2.0046,0.0000,0.0000,0.0000,0.0000,0.0000,0.0000,0.0000,0.0000,0.0000,0.0000,0.0000,0.0000,0.0000,0.0000,0.0000,0.0000,20.7358,8.1105,0.0000,0.0000
4.5000,0.0000,0.0000,0.0000,0.0000,2.0046,0.0000,0.0000,0.0000,0.0000,0.0000,0.0000,0.0000,0.0000,0.0000,0.0000,0.0000,0.0000,0.0000,0.0000,0.0000,0.0000,20.7358,8.1105,0.0000,0.0000
4.5500,0.0000,0.0000,0.0000,0.0000,2.9848,0.0000,0.0000,0.0000,0.0000,0.0000,0.0000,0.0000,0.0000,0.0000,0.0000,0.0000,0.0000,0.0000,0.0000,0.0000,0.0000,21.0833,8.5395,0.0000,0.0000
4.6000,0.0000,0.0000,0.0000,0.0000,7.3767,0.0000,0.0000,0.0000,0.0000,0.0000,0.0000,0.0000,0.0000,0.0000,0.0000,0.0000,0.0000,0.0000,0.0000,0.0000,0.0000,22.6404,10.4618,0.0000,0.0000
4.6500,0.0000,0.0000,0.0000,0.0000,13.5556,0.0000,0.0000,0.0000,0.0000,0.0000,0.0000,0.0000,0.0000,0.0000,0.0000,0.0000,0.0000,0.0000,0.0000,0.0000,0.0000,24.8311,13.1663,0.0000,0.0000
4.7000,0.0000,0.0000,0.0000,0.0000,17.9475,0.0000,0.0000,0.0000,0.0000,0.0000,0.0000,0.0000,0.0000,0.0000,0.0000,0.0000,0.0000,0.0000,0.0000,0.0000,0.0000,26.3882,15.0885,0.0000,0.0000
4.7500,0.0000,0.0000,0.0000,0.0000,18.9277,0.0000,0.0000,0.0000,0.0000,0.0000,0.0000,0.0000,0.0000,0.0000,0.0000,0.0000,0.0000,0.0000,0.0000,0.0000,0.0000,26.7358,15.5175,0.0000,0.0000
4.8000,0.0000,0.0000,0.0000,0.0000,18.9277,0.0000,0.0000,0.0000,0.0000,0.0000,0.0000,0.0000,0.0000,0.0000,0.0000,0.0000,0.0000,0.0000,0.0000,0.0000,0.0000,26.7358,15.5175,0.0000,0.0000
4.8500,0.0000,0.0000,0.0000,0.0000,18.9277,0.0000,0.0000,0.0000,0.0000,0.0000,0.0000,0.0000,0.0000,0.0000,0.0000,0.0000,0.0000,0.0000,0.0000,0.0000,0.0000,26.7358,15.5175,0.0000,0.0000
4.9000,0.0000,0.0000,0.0000,0.0000,18.9277,0.0000,0.0000,0.0000,0.0000,0.0000,0.0000,0.0000,0.0000,0.0000,0.0000,0.0000,0.0000,0.0000,0.0000,0.0000,0.0000,26.7358,15.5175,0.0000,0.0000
4.9500,0.0000,0.0000,0.0000,0.0000,18.9277,0.0000,0.0000,0.0000,0.0000,0.0000,0.0000,0.0000,0.0000,0.0000,0.0000,0.0000,0.0000,0.0000,0.0000,0.0000,0.0000,26.7358,15.5175,0.0000,0.0000
5.0000,0.0000,0.0000,0.0000,0.0000,18.9277,0.0000,0.0000,0.0000,0.0000,0.0000,0.0000,0.0000,0.0000,0.0000,0.0000,0.0000,0.0000,0.0000,0.0000,0.0000,0.0000,26.7358,15.5175,0.0000,0.0000
5.0500,0.0000,0.0000,0.0000,0.0000,18.1789,0.0000,0.0000,0.0000,0.0000,0.0000,0.0000,0.0000,0.0000,0.0000,0.0000,0.0000,0.0000,0.0000,0.0000,0.0000,0.0000,26.2958,16.4066,0.0000,0.0000
5.1000,0.0000,0.0000,0.0000,0.0000,14.8239,0.0000,0.0000,0.0000,0.0000,0.0000,0.0000,0.0000,0.0000,0.0000,0.0000,0.0000,0.0000,0.0000,0.0000,0.0000,0.0000,24.3245,20.3903,0.0000,0.0000
5.1500,0.0000,0.0000,0.0000,0.0000,10.1038,0.0000,0.0000,0.0000,0.0000,0.0000,0.0000,0.0000,0.0000,0.0000,0.0000,0.0000,0.0000,0.0000,0.0000,0.0000,0.0000,21.5510,25.9950,0.0000,0.0000
5.2000,0.0000,0.0000,0.0000,0.0000,6.7488,0.0000,0.0000,0.0000,0.0000,0.0000,0.0000,0.0000,0.0000,0.0000,0.0000,0.0000,0.0000,0.0000,0.0000,0.0000,0.0000,19.5797,29.9787,0.0000,0.0000
5.2500,0.0000,0.0000,0.0000,0.0000,6.0000,0.0000,0.0000,0.0000,0.0000,0.0000,0.0000,0.0000,0.0000,0.0000,0.0000,0.0000,0.0000,0.0000,0.0000,0.0000,0.0000,19.1397,30.8678,0.0000,0.0000
5.3000,0.0000,0.0000,0.0000,0.0000,6.0000,0.0000,0.0000,0.0000,0.0000,0.0000,0.0000,0.0000,0.0000,0.0000,0.0000,0.0000,0.0000,0.0000,0.0000,0.0000,0.0000,19.1397,30.8678,0.0000,0.0000
5.3500,0.0000,0.0000,0.0000,0.0000,6.0000,0.0000,0.0000,0.0000,0.0000,0.0000,0.0000,0.0000,0.0000,0.0000,0.0000,0.0000,0.0000,0.0000,0.0000,0.0000,0.0000,19.1397,30.8678,0.0000,0.0000
5.4000,0.0000,0.0000,0.0000,0.0000,6.0000,0.0000,0.0000,0.0000,0.0000,0.0000,0.0000,0.0000,0.0000,0.0000,0.0000,0.0000,0.0000,0.0000,0.0000,0.0000,0.0000,19.1397,30.8678,0.0000,0.0000
5.4500,0.0000,0.0000,0.0000,0.0000,6.0000,0.0000,0.0000,0.0000,0.0000,0.0000,0.0000,0.0000,0.0000,0.0000,0.0000,0.0000,0.0000,0.0000,0.0000,0.0000,0.0000,19.1397,30.8678,0.0000,0.0000
5.5000,0.0000,0.0000,0.0000,0.0000,6.0000,0.0000,0.0000,0.0000,0.0000,0.0000,0.0000,0.0000,0.0000,0.0000,0.0000,0.0000,0.0000,0.0000,0.0000,0.0000,0.0000,19.1397,30.8678,0.0000,0.0000
5.5500,0.0000,0.0000,0.0000,0.0000,9.2264,0.0000,0.0000,0.0000,0.0000,0.0000,0.0000,0.0000,0.0000,2.0091,0.0000,0.0000,1.9609,0.0000,0.0000,0.0000,0.0000,18.0311,29.0800,0.0000,0.0000
5.6000,0.0000,0.0000,0.0000,0.0000,23.6829,0.0000,0.0000,0.0000,0.0000,0.0000,0.0000,0.0000,0.0000,11.0115,0.0000,0.0000,10.7471,0.0000,0.0000,0.0000,0.0000,13.0640,21.0691,0.0000,0.0000
5.6500,0.0000,0.0000,0.0000,0.0000,44.0219,0.0000,0.0000,0.0000,0.0000,0.0000,0.0000,0.0000,0.0000,23.6769,0.0000,0.0000,23.1085,0.0000,0.0000,0.0000,0.0000,6.0757,9.7987,0.0000,0.0000
5.7000,0.0000,0.0000,0.0000,0.0000,58.4784,0.0000,0.0000,0.0000,0.0000,0.0000,0.0000,0.0000,0.0000,32.6792,0.0000,0.0000,31.8948,0.0000,0.0000,0.0000,0.0000,1.1086,1.7879,0.0000,0.0000
5.7500,0.0000,0.0000,0.0000,0.0000,61.7048,0.0000,0.0000,0.0000,0.0000,0.0000,0.0000,0.0000,0.0000,34.6883,0.0000,0.0000,33.8557,0.0000,0.0000,0.0000,0.0000,0.0000,0.0000,0.0000,0.0000
5.8000,0.0000,0.0000,0.0000,0.0000,61.7048,0.0000,0.0000,0.0000,0.0000,0.0000,0.0000,0.0000,0.0000,34.6883,0.0000,0.0000,33.8557,0.0000,0.0000,0.0000,0.0000,0.0000,0.0000,0.0000,0.0000
5.8500,0.0000,0.0000,0.0000,0.0000,61.7048,0.0000,0.0000,0.0000,0.0000,0.0000,0.0000,0.0000,0.0000,34.6883,0.0000,0.0000,33.8557,0.0000,0.0000,0.0000,0.0000,0.0000,0.0000,0.0000,0.0000
5.9000,0.0000,0.0000,0.0000,0.0000,61.7048,0.0000,0.0000,0.0000,0.0000,0.0000,0.0000,0.0000,0.0000,34.6883,0.0000,0.0000,33.8557,0.0000,0.0000,0.0000,0.0000,0.0000,0.0000,0.0000,0.0000
5.9500,0.0000,0.0000,0.0000,0.0000,61.7048,0.0000,0.0000,0.0000,0.0000,0.0000,0.0000,0.0000,0.0000,34.6883,0.0000,0.0000,33.8557,0.0000,0.0000,0.0000,0.0000,0.0000,0.0000,0.0000,0.0000
6.0000,0.0000,0.0000,0.0000,0.0000,61.7048,0.0000,0.0000,0.0000,0.0000,0.0000,0.0000,0.0000,0.0000,34.6883,0.0000,0.0000,33.8557,0.0000,0.0000,0.0000,0.0000,0.0000,0.0000,0.0000,0.0000
6.0500,0.0000,0.0000,0.0000,0.0000,63.9229,0.0000,0.0000,0.0000,0.0000,0.0000,0.0000,0.0000,0.0000,34.6883,0.0000,0.0000,33.6819,0.0000,0.0000,0.0000,0.0000,0.0000,0.0000,0.0000,0.0000
6.1000,0.0000,0.0000,0.0000,0.0000,73.8612,0.0000,0.0000,0.0000,0.0000,0.0000,0.0000,0.0000,0.0000,34.6883,0.0000,0.0000,32.9034,0.0000,0.0000,0.0000,0.0000,0.0000,0.0000,0.0000,0.0000
6.1500,0.0000,0.0000,0.0000,0.0000,87.8436,0.0000,0.0000,0.0000,0.0000,0.0000,0.0000,0.0000,0.0000,34.6883,0.0000,0.0000,31.8080,0.0000,0.0000,0.0000,0.0000,0.0000,0.0000,0.0000,0.0000
6.2000,0.0000,0.0000,0.0000,0.0000,97.7819,0.0000,0.0000,0.0000,0.0000,0.0000,0.0000,0.0000,0.0000,34.6883,0.0000,0.0000,31.0294,0.0000,0.0000,0.0000,0.0000,0.0000,0.0000,0.0000,0.0000
6.2500,0.0000,0.0000,0.0000,0.0000,100.0000,0.0000,0.0000,0.0000,0.0000,0.0000,0.0000,0.0000,0.0000,34.6883,0.0000,0.0000,30.8557,0.0000,0.0000,0.0000,0.0000,0.0000,0.0000,0.0000,0.0000
6.3000,0.0000,0.0000,0.0000,0.0000,100.0000,0.0000,0.0000,0.0000,0.0000,0.0000,0.0000,0.0000,0.0000,34.6883,0.0000,0.0000,30.8557,0.0000,0.0000,0.0000,0.0000,0.0000,0.0000,0.0000,0.0000
6.3500,0.0000,0.0000,0.0000,0.0000,100.0000,0.0000,0.0000,0.0000,0.0000,0.0000,0.0000,0.0000,0.0000,34.6883,0.0000,0.0000,30.8557,0.0000,0.0000,0.0000,0.0000,0.0000,0.0000,0.0000,0.0000
6.4000,0.0000,0.0000,0.0000,0.0000,100.0000,0.0000,0.0000,0.0000,0.0000,0.0000,0.0000,0.0000,0.0000,34.6883,0.0000,0.0000,30.8557,0.0000,0.0000,0.0000,0.0000,0.0000,0.0000,0.0000,0.0000
6.4500,0.0000,0.0000,0.0000,0.0000,100.0000,0.0000,0.0000,0.0000,0.0000,0.0000,0.0000,0.0000,0.0000,34.6883,0.0000,0.0000,30.8557,0.0000,0.0000,0.0000,0.0000,0.0000,0.0000,0.0000,0.0000
6.5000,0.0000,0.0000,0.0000,0.0000,100.0000,0.0000,0.0000,0.0000,0.0000,0.0000,0.0000,0.0000,0.0000,34.6883,0.0000,0.0000,30.8557,0.0000,0.0000,0.0000,0.0000,0.0000,0.0000,0.0000,0.0000
6.5500,0.0000,0.0000,0.0000,0.0000,99.6525,0.0000,0.0000,0.0000,0.0000,0.0000,0.0000,0.0000,0.0000,34.6883,0.0000,0.0000,31.0294,0.0000,0.0000,0.0000,0.0000,0.0000,0.0000,0.0000,0.0000
6.6000,0.0000,0.0000,0.0000,0.0000,98.0954,0.0000,0.0000,0.0000,0.0000,0.0000,0.0000,0.0000,0.0000,34.6883,0.0000,0.0000,31.8080,0.0000,0.0000,0.0000,0.0000,0.0000,0.0000,0.0000,0.0000
6.6500,0.0000,0.0000,0.0000,0.0000,95.9046,0.0000,0.0000,0.0000,0.0000,0.0000,0.0000,0.0000,0.0000,34.6883,0.0000,0.0000,32.9034,0.0000,0.0000,0.0000,0.0000,0.0000,0.0000,0.0000,0.0000
6.7000,0.0000,0.0000,0.0000,0.0000,94.3475,0.0000,0.0000,0.0000,0.0000,0.0000,0.0000,0.0000,0.0000,34.6883,0.0000,0.0000,33.6819,0.0000,0.0000,0.0000,0.0000,0.0000,0.0000,0.0000,0.0000
6.7500,0.0000,0.0000,0.0000,0.0000,94.0000,0.0000,0.0000,0.0000,0.0000,0.0000,0.0000,0.0000,0.0000,34.6883,0.0000,0.0000,33.8557,0.0000,0.0000,0.0000,0.0000,0.0000,0.0000,0.0000,0.0000
6.8000,0.0000,0.0000,0.0000,0.0000,94.0000,0.0000,0.0000,0.0000,0.0000,0.0000,0.0000,0.0000,0.0000,34.6883,0.0000,0.0000,33.8557,0.0000,0.0000,0.0000,0.0000,0.0000,0.0000,0.0000,0.0000
6.8500,0.0000,0.0000,0.0000,0.0000,94.0000,0.0000,0.0000,0.0000,0.0000,0.0000,0.0000,0.0000,0.0000,34.6883,0.0000,0.0000,33.8557,0.0000,0.0000,0.0000,0.0000,0.0000,0.0000,0.0000,0.0000
6.9000,0.0000,0.0000,0.0000,0.0000,94.0000,0.0000,0.0000,0.0000,0.0000,0.0000,0.0000,0.0000,0.0000,34.6883,0.0000,0.0000,33.8557,0.0000,0.0000,0.0000,0.0000,0.0000,0.0000,0.0000,0.0000
6.9500,0.0000,0.0000,0.0000,0.0000,94.0000,0.0000,0.0000,0.0000,0.0000,0.0000,0.0000,0.0000,0.0000,34.6883,0.0000,0.0000,33.8557,0.0000,0.0000,0.0000,0.0000,0.0000,0.0000,0.0000,0.0000
7.0000,0.0000,0.0000,0.0000,0.0000,94.0000,0.0000,0.0000,0.0000,0.0000,0.0000,0.0000,0.0000,0.0000,34.6883,0.0000,0.0000,33.8557,0.0000,0.0000,0.0000,0.0000,0.0000,0.0000,0.0000,0.0000
7.0500,0.0000,0.0000,0.0000,0.0000,93.8262,0.0000,0.0000,0.0000,0.0000,0.0000,0.0000,0.0000,0.0000,34.6883,0.0000,0.0000,33.8557,0.0000,0.0000,0.0000,0.0000,0.0000,0.0000,0.0000,0.0000
7.1000,0.0000,0.0000,0.0000,0.0000,93.0477,0.0000,0.0000,0.0000,0.0000,0.0000,0.0000,0.0000,0.0000,34.6883,0.0000,0.0000,33.8557,0.0000,0.0000,0.0000,0.0000,0.0000,0.0000,0.0000,0.0000
7.1500,0.0000,0.0000,0.0000,0.0000,91.9523,0.0000,0.0000,0.0000,0.0000,0.0000,0.0000,0.0000,0.0000,34.6883,0.0000,0.0000,33.8557,0.0000,0.0000,0.0000,0.0000,0.0000,0.0000,0.0000,0.0000
7.2000,0.0000,0.0000,0.0000,0.0000,91.1738,0.0000,0.0000,0.0000,0.0000,0.0000,0.0000,0.0000,0.0000,34.6883,0.0000,0.0000,33.8557,0.0000,0.0000,0.0000,0.0000,0.0000,0.0000,0.0000,0.0000
7.2500,0.0000,0.0000,0.0000,0.0000,91.0000,0.0000,0.0000,0.0000,0.0000,0.0000,0.0000,0.0000,0.0000,34.6883,0.0000,0.0000,33.8557,0.0000,0.0000,0.0000,0.0000,0.0000,0.0000,0.0000,0.0000
7.3000,0.0000,0.0000,0.0000,0.0000,91.0000,0.0000,0.0000,0.0000,0.0000,0.0000,0.0000,0.0000,0.0000,34.6883,0.0000,0.0000,33.8557,0.0000,0.0000,0.0000,0.0000,0.0000,0.0000,0.0000,0.0000
7.3500,0.0000,0.0000,0.0000,0.0000,91.0000,0.0000,0.0000,0.0000,0.0000,0.0000,0.0000,0.0000,0.0000,34.6883,0.0000,0.0000,33.8557,0.0000,0.0000,0.0000,0.0000,0.0000,0.0000,0.0000,0.0000
7.4000,0.0000,0.0000,0.0000,0.0000,91.0000,0.0000,0.0000,0.0000,0.0000,0.0000,0.0000,0.0000,0.0000,34.6883,0.0000,0.0000,33.8557,0.0000,0.0000,0.0000,0.0000,0.0000,0.0000,0.0000,0.0000
7.4500,0.0000,0.0000,0.0000,0.0000,91.0000,0.0000,0.0000,0.0000,0.0000,0.0000,0.0000,0.0000,0.0000,34.6883,0.0000,0.0000,33.8557,0.0000,0.0000,0.0000,0.0000,0.0000,0.0000,0.0000,0.0000
7.5000,0.0000,0.0000,0.0000,0.0000,91.0000,0.0000,0.0000,0.0000,0.0000,0.0000,0.0000,0.0000,0.0000,34.6883,0.0000,0.0000,33.8557,0.0000,0.0000,0.0000,0.0000,0.0000,0.0000,0.0000,0.0000
7.5500,0.0000,0.0000,0.0000,0.0000,85.7293,0.0000,0.0000,0.0000,0.0000,0.0000,0.0000,0.0000,0.0000,32.6792,0.0000,0.0000,31.8948,0.0000,0.0000,1.3901,0.0000,0.6950,0.0000,5.7920,0.0000
7.6000,0.0000,0.0000,0.0000,0.0000,62.1130,0.0000,0.0000,0.0000,0.0000,0.0000,0.0000,0.0000,0.0000,23.6769,0.0000,0.0000,23.1085,0.0000,0.0000,7.6186,0.0000,3.8093,0.0000,31.7440,0.0000
7.6500,0.0000,0.0000,0.0000,0.0000,28.8870,0.0000,0.0000,0.0000,0.0000,0.0000,0.0000,0.0000,0.0000,11.0115,0.0000,0.0000,10.7471,0.0000,0.0000,16.3814,0.0000,8.1907,0.0000,68.2560,0.0000
7.7000,0.0000,0.0000,0.0000,0.0000,5.2707,0.0000,0.0000,0.0000,0.0000,0.0000,0.0000,0.0000,0.0000,2.0091,0.0000,0.0000,1.9609,0.0000,0.0000,22.6099,0.0000,11.3050,0.0000,94.2080,0.0000
7.7500,0.0000,0.0000,0.0000,0.0000,0.0000,0.0000,0.0000,0.0000,0.0000,0.0000,0.0000,0.0000,0.0000,0.0000,0.0000,0.0000,0.0000,0.0000,0.0000,24.0000,0.0000,12.0000,0.0000,100.0000,0.0000
7.8000,0.0000,0.0000,0.0000,0.0000,0.0000,0.0000,0.0000,0.0000,0.0000,0.0000,0.0000,0.0000,0.0000,0.0000,0.0000,0.0000,0.0000,0.0000,0.0000,24.0000,0.0000,12.0000,0.0000,100.0000,0.0000
7.8500,0.0000,0.0000,0.0000,0.0000,0.0000,0.0000,0.0000,0.0000,0.0000,0.0000,0.0000,0.0000,0.0000,0.0000,0.0000,0.0000,0.0000,0.0000,0.0000,24.0000,0.0000,12.0000,0.0000,100.0000,0.0000
7.9000,0.0000,0.0000,0.0000,0.0000,0.0000,0.0000,0.0000,0.0000,0.0000,0.0000,0.0000,0.0000,0.0000,0.0000,0.0000,0.0000,0.0000,0.0000,0.0000,24.0000,0.0000,12.0000,0.0000,100.0000,0.0000
7.9500,0.0000,0.0000,0.0000,0.0000,0.0000,0.0000,0.0000,0.0000,0.0000,0.0000,0.0000,0.0000,0.0000,0.0000,0.0000,0.0000,0.0000,0.0000,0.0000,24.0000,0.0000,12.0000,0.0000,100.0000,0.0000
8.0000,0.0000,0.0000,0.0000,0.0000,0.0000,0.0000,0.0000,0.0000,0.0000,0.0000,0.0000,0.0000,0.0000,0.0000,0.0000,0.0000,0.0000,0.0000,0.0000,24.0000,0.0000,12.0000,0.0000,100.0000,0.0000
8.0500,0.0000,0.0000,0.0000,0.0000,0.0000,0.0000,0.0000,0.0000,0.0000,0.0000,0.0000,0.0000,0.0000,0.0000,0.0000,0.0000,0.0000,0.0000,0.0000,28.4019,0.0000,12.0000,0.0000,99.8262,0.0000
8.1000,0.0000,0.0000,0.0000,0.0000,0.0000,0.0000,0.0000,0.0000,0.0000,0.0000,0.0000,0.0000,0.0000,0.0000,0.0000,0.0000,0.0000,0.0000,0.0000,48.1254,0.0000,12.0000,0.0000,99.0477,0.0000
8.1500,0.0000,0.0000,0.0000,0.0000,0.0000,0.0000,0.0000,0.0000,0.0000,0.0000,0.0000,0.0000,0.0000,0.0000,0.0000,0.0000,0.0000,0.0000,0.0000,75.8746,0.0000,12.0000,0.0000,97.9523,0.0000
8.2000,0.0000,0.0000,0.0000,0.0000,0.0000,0.0000,0.0000,0.0000,0.0000,0.0000,0.0000,0.0000,0.0000,0.0000,0.0000,0.0000,0.0000,0.0000,0.0000,95.5981,0.0000,12.0000,0.0000,97.1738,0.0000
8.2500,0.0000,0.0000,0.0000,0.0000,0.0000,0.0000,0.0000,0.0000,0.0000,0.0000,0.0000,0.0000,0.0000,0.0000,0.0000,0.0000,0.0000,0.0000,0.0000,100.0000,0.0000,12.0000,0.0000,97.0000,0.0000
8.3000,0.0000,0.0000,0.0000,0.0000,0.0000,0.0000,0.0000,0.0000,0.0000,0.0000,0.0000,0.0000,0.0000,0.0000,0.0000,0.0000,0.0000,0.0000,0.0000,100.0000,0.0000,12.0000,0.0000,97.0000,0.0000
8.3500,0.0000,0.0000,0.0000,0.0000,0.0000,0.0000,0.0000,0.0000,0.0000,0.0000,0.0000,0.0000,0.0000,0.0000,0.0000,0.0000,0.0000,0.0000,0.0000,100.0000,0.0000,12.0000,0.0000,97.0000,0.0000
8.4000,0.0000,0.0000,0.0000,0.0000,0.0000,0.0000,0.0000,0.0000,0.0000,0.0000,0.0000,0.0000,0.0000,0.0000,0.0000,0.0000,0.0000,0.0000,0.0000,100.0000,0.0000,12.0000,0.0000,97.0000,0.0000
8.4500,0.0000,0.0000,0.0000,0.0000,0.0000,0.0000,0.0000,0.0000,0.0000,0.0000,0.0000,0.0000,0.0000,0.0000,0.0000,0.0000,0.0000,0.0000,0.0000,100.0000,0.0000,12.0000,0.0000,97.0000,0.0000
8.5000,0.0000,0.0000,0.0000,0.0000,0.0000,0.0000,0.0000,0.0000,0.0000,0.0000,0.0000,0.0000,0.0000,0.0000,0.0000,0.0000,0.0000,0.0000,0.0000,100.0000,0.0000,12.0000,0.0000,97.0000,0.0000
8.5500,0.0000,0.0000,0.0000,0.0000,0.0000,0.0000,0.0000,0.0000,0.0000,0.0000,0.0000,0.0000,0.0000,0.0000,0.0000,0.0000,0.0000,0.0000,0.0000,100.0000,0.0000,12.0000,0.0000,97.0000,0.0000
8.6000,0.0000,0.0000,0.0000,0.0000,0.0000,0.0000,0.0000,0.0000,0.0000,0.0000,0.0000,0.0000,0.0000,0.0000,0.0000,0.0000,0.0000,0.0000,0.0000,100.0000,0.0000,12.0000,0.0000,97.0000,0.0000
8.6500,0.0000,0.0000,0.0000,0.0000,0.0000,0.0000,0.0000,0.0000,0.0000,0.0000,0.0000,0.0000,0.0000,0.0000,0.0000,0.0000,0.0000,0.0000,0.0000,100.0000,0.0000,12.0000,0.0000,97.0000,0.0000
8.7000,0.0000,0.0000,0.0000,0.0000,0.0000,0.0000,0.0000,0.0000,0.0000,0.0000,0.0000,0.0000,0.0000,0.0000,0.0000,0.0000,0.0000,0.0000,0.0000,100.0000,0.0000,12.0000,0.0000,97.0000,0.0000
8.7500,0.0000,0.0000,0.0000,0.0000,0.0000,0.0000,0.0000,0.0000,0.0000,0.0000,0.0000,0.0000,0.0000,0.0000,0.0000,0.0000,0.0000,0.0000,0.0000,100.0000,0.0000,12.0000,0.0000,97.0000,0.0000
8.8000,0.0000,0.0000,0.0000,0.0000,0.0000,0.0000,0.0000,0.0000,0.0000,0.0000,0.0000,0.0000,0.0000,0.0000,0.0000,0.0000,0.0000,0.0000,0.0000,100.0000,0.0000,12.0000,0.0000,97.0000,0.0000
8.8500,0.0000,0.0000,0.0000,0.0000,0.0000,0.0000,0.0000,0.0000,0.0000,0.0000,0.0000,0.0000,0.0000,0.0000,0.0000,0.0000,0.0000,0.0000,0.0000,100.0000,0.0000,12.0000,0.0000,97.0000,0.0000
8.9000,0.0000,0.0000,0.0000,0.0000,0.0000,0.0000,0.0000,0.0000,0.0000,0.0000,0.0000,0.0000,0.0000,0.0000,0.0000,0.0000,0.0000,0.0000,0.0000,100.0000,0.0000,12.0000,0.0000,97.0000,0.0000
8.9500,0.0000,0.0000,0.0000,0.0000,0.0000,0.0000,0.0000,0.0000,0.0000,0.0000,0.0000,0.0000,0.0000,0.0000,0.0000,0.0000,0.0000,0.0000,0.0000,100.0000,0.0000,12.0000,0.0000,97.0000,0.0000
9.0000,0.0000,0.0000,0.0000,0.0000,0.0000,0.0000,0.0000,0.0000,0.0000,0.0000,0.0000,0.0000,0.0000,0.0000,0.0000,0.0000,0.0000,0.0000,0.0000,100.0000,0.0000,12.0000,0.0000,97.0000,0.0000
9.0500,0.0000,0.0000,0.0000,0.0000,0.0000,0.0000,0.0000,0.0000,0.0000,0.0000,0.0000,0.0000,0.0000,0.0000,0.0000,0.0000,0.0000,0.0000,0.0000,97.5406,0.0000,13.3504,0.0000,96.4787,0.0000
9.1000,0.0000,0.0000,0.0000,0.0000,0.0000,0.0000,0.0000,0.0000,0.0000,0.0000,0.0000,0.0000,0.0000,0.0000,0.0000,0.0000,0.0000,0.0000,0.0000,86.5209,0.0000,19.4009,0.0000,94.1430,0.0000
9.1500,0.0000,0.0000,0.0000,0.0000,0.0000,0.0000,0.0000,0.0000,0.0000,0.0000,0.0000,0.0000,0.0000,0.0000,0.0000,0.0000,0.0000,0.0000,0.0000,71.0173,0.0000,27.9135,0.0000,90.8570,0.0000
9.2000,0.0000,0.0000,0.0000,0.0000,0.0000,0.0000,0.0000,0.0000,0.0000,0.0000,0.0000,0.0000,0.0000,0.0000,0.0000,0.0000,0.0000,0.0000,0.0000,59.9976,0.0000,33.9640,0.0000,88.5213,0.0000
9.2500,0.0000,0.0000,0.0000,0.0000,0.0000,0.0000,0.0000,0.0000,0.0000,0.0000,0.0000,0.0000,0.0000,0.0000,0.0000,0.0000,0.0000,0.0000,0.0000,57.5382,0.0000,35.3144,0.0000,88.0000,0.0000
9.3000,0.0000,0.0000,0.0000,0.0000,0.0000,0.0000,0.0000,0.0000,0.0000,0.0000,0.0000,0.0000,0.0000,0.0000,0.0000,0.0000,0.0000,0.0000,0.0000,57.5382,0.0000,35.3144,0.0000,88.0000,0.0000
9.3500,0.0000,0.0000,0.0000,0.0000,0.0000,0.0000,0.0000,0.0000,0.0000,0.0000,0.0000,0.0000,0.0000,0.0000,0.0000,0.0000,0.0000,0.0000,0.0000,57.5382,0.0000,35.3144,0.0000,88.0000,0.0000
9.4000,0.0000,0.0000,0.0000,0.0000,0.0000,0.0000,0.0000,0.0000,0.0000,0.0000,0.0000,0.0000,0.0000,0.0000,0.0000,0.0000,0.0000,0.0000,0.0000,57.5382,0.0000,35.3144,0.0000,88.0000,0.0000
9.4500,0.0000,0.0000,0.0000,0.0000,0.0000,0.0000,0.0000,0.0000,0.0000,0.0000,0.0000,0.0000,0.0000,0.0000,0.0000,0.0000,0.0000,0.0000,0.0000,57.5382,0.0000,35.3144,0.0000,88.0000,0.0000
9.5000,0.0000,0.0000,0.0000,0.0000,0.0000,0.0000,0.0000,0.0000,0.0000,0.0000,0.0000,0.0000,0.0000,0.0000,0.0000,0.0000,0.0000,0.0000,0.0000,57.5382,0.0000,35.3144,0.0000,88.0000,0.0000
9.5500,0.0000,0.0000,0.0000,0.0000,0.0000,0.0000,0.0000,0.0000,0.0000,0.0000,0.0000,3.7069,0.0000,0.0000,0.0000,0.0000,0.0000,0.0000,4.0054,54.2056,0.0000,33.2690,0.0000,88.6950,0.0000
9.6000,0.0000,0.0000,0.0000,0.0000,0.0000,0.0000,0.0000,0.0000,0.0000,0.0000,0.0000,20.3162,0.0000,0.0000,0.0000,0.0000,0.0000,0.0000,21.9523,39.2733,0.0000,24.1042,0.0000,91.8093,0.0000
9.6500,0.0000,0.0000,0.0000,0.0000,0.0000,0.0000,0.0000,0.0000,0.0000,0.0000,0.0000,43.6838,0.0000,0.0000,0.0000,0.0000,0.0000,0.0000,47.2019,18.2649,0.0000,11.2102,0.0000,96.1907,0.0000
9.7000,0.0000,0.0000,0.0000,0.0000,0.0000,0.0000,0.0000,0.0000,0.0000,0.0000,0.0000,60.2931,0.0000,0.0000,0.0000,0.0000,0.0000,0.0000,65.1489,3.3326,0.0000,2.0454,0.0000,99.3050,0.0000
9.7500,0.0000,0.0000,0.0000,0.0000,0.0000,0.0000,0.0000,0.0000,0.0000,0.0000,0.0000,64.0000,0.0000,0.0000,0.0000,0.0000,0.0000,0.0000,69.1543,0.0000,0.0000,0.0000,0.0000,100.0000,0.0000
9.8000,0.0000,0.0000,0.0000,0.0000,0.0000,0.0000,0.0000,0.0000,0.0000,0.0000,0.0000,64.0000,0.0000,0.0000,0.0000,0.0000,0.0000,0.0000,69.1543,0.0000,0.0000,0.0000,0.0000,100.0000,0.0000
9.8500,0.0000,0.0000,0.0000,0.0000,0.0000,0.0000,0.0000,0.0000,0.0000,0.0000,0.0000,64.0000,0.0000,0.0000,0.0000,0.0000,0.0000,0.0000,69.1543,0.0000,0.0000,0.0000,0.0000,100.0000,0.0000
9.9000,0.0000,0.0000,0.0000,0.0000,0.0000,0.0000,0.0000,0.0000,0.0000,0.0000,0.0000,64.0000,0.0000,0.0000,0.0000,0.0000,0.0000,0.0000,69.1543,0.0000,0.0000,0.0000,0.0000,100.0000,0.0000
9.9500,0.0000,0.0000,0.0000,0.0000,0.0000,0.0000,0.0000,0.0000,0.0000,0.0000,0.0000,64.0000,0.0000,0.0000,0.0000,0.0000,0.0000,0.0000,69.1543,0.0000,0.0000,0.0000,0.0000,100.0000,0.0000
10.0000,0.0000,0.0000,0.0000,0.0000,0.0000,0.0000,0.0000,0.0000,0.0000,0.0000,0.0000,64.0000,0.0000,0.0000,0.0000,0.0000,0.0000,0.0000,69.1543,0.0000,0.0000,0.0000,0.0000,100.0000,0.0000
10.0500,0.0000,0.0000,0.0000,0.0000,0.0000,0.0000,5.7920,0.0000,0.0000,0.0000,0.0000,62.9873,0.0000,0.0000,0.0000,0.0000,0.0000,0.0000,70.9409,0.0000,0.0000,0.0000,0.0000,94.2080,0.0000
10.1000,0.0000,0.0000,0.0000,0.0000,0.0000,0.0000,31.7440,0.0000,0.0000,0.0000,0.0000,58.4496,0.0000,0.0000,0.0000,0.0000,0.0000,0.0000,78.9459,0.0000,0.0000,0.0000,0.0000,68.2560,0.0000
10.1500,0.0000,0.0000,0.0000,0.0000,0.0000,0.0000,68.2560,0.0000,0.0000,0.0000,0.0000,52.0656,0.0000,0.0000,0.0000,0.0000,0.0000,0.0000,90.2083,0.0000,0.0000,0.0000,0.0000,31.7440,0.0000
10.2000,0.0000,0.0000,0.0000,0.0000,0.0000,0.0000,94.2080,0.0000,0.0000,0.0000,0.0000,47.5279,0.0000,0.0000,0.0000,0.0000,0.0000,0.0000,98.2134,0.0000,0.0000,0.0000,0.0000,5.7920,0.0000
10.2500,0.0000,0.0000,0.0000,0.0000,0.0000,0.0000,100.0000,0.0000,0.0000,0.0000,0.0000,46.5152,0.0000,0.0000,0.0000,0.0000,0.0000,0.0000,100.0000,0.0000,0.0000,0.0000,0.0000,0.0000,0.0000
10.3000,0.0000,0.0000,0.0000,0.0000,0.0000,0.0000,100.0000,0.0000,0.0000,0.0000,0.0000,46.5152,0.0000,0.0000,0.0000,0.0000,0.0000,0.0000,100.0000,0.0000,0.0000,0.0000,0.0000,0.0000,0.0000
10.3500,0.0000,0.0000,0.0000,0.0000,0.0000,0.0000,100.0000,0.0000,0.0000,0.0000,0.0000,46.5152,0.0000,0.0000,0.0000,0.0000,0.0000,0.0000,100.0000,0.0000,0.0000,0.0000,0.0000,0.0000,0.0000
10.4000,0.0000,0.0000,0.0000,0.0000,0.0000,0.0000,100.0000,0.0000,0.0000,0.0000,0.0000,46.5152,0.0000,0.0000,0.0000,0.0000,0.0000,0.0000,100.0000,0.0000,0.0000,0.0000,0.0000,0.0000,0.0000
10.4500,0.0000,0.0000,0.0000,0.0000,0.0000,0.0000,100.0000,0.0000,0.0000,0.0000,0.0000,46.5152,0.0000,0.0000,0.0000,0.0000,0.0000,0.0000,100.0000,0.0000,0.0000,0.0000,0.0000,0.0000,0.0000
10.5000,0.0000,0.0000,0.0000,0.0000,0.0000,0.0000,100.0000,0.0000,0.0000,0.0000,0.0000,46.5152,0.0000,0.0000,0.0000,0.0000,0.0000,0.0000,100.0000,0.0000,0.0000,0.0000,0.0000,0.0000,0.0000
10.5500,0.0000,0.0000,0.0000,0.0000,0.0000,0.0000,95.5162,0.0000,0.0000,0.0000,0.0000,46.7522,0.0000,0.0000,0.0000,0.0000,0.0000,0.0000,97.8659,0.0000,0.0000,0.0000,0.0000,0.0000,0.0000
10.6000,0.0000,0.0000,0.0000,0.0000,0.0000,0.0000,75.4260,0.0000,0.0000,0.0000,0.0000,47.8142,0.0000,0.0000,0.0000,0.0000,0.0000,0.0000,88.3037,0.0000,0.0000,0.0000,0.0000,0.0000,0.0000
10.6500,0.0000,0.0000,0.0000,0.0000,0.0000,0.0000,47.1611,0.0000,0.0000,0.0000,0.0000,49.3083,0.0000,0.0000,0.0000,0.0000,0.0000,0.0000,74.8506,0.0000,0.0000,0.0000,0.0000,0.0000,0.0000
10.7000,0.0000,0.0000,0.0000,0.0000,0.0000,0.0000,27.0709,0.0000,0.0000,0.0000,0.0000,50.3702,0.0000,0.0000,0.0000,0.0000,0.0000,0.0000,65.2884,0.0000,0.0000,0.0000,0.0000,0.0000,0.0000
10.7500,0.0000,0.0000,0.0000,0.0000,0.0000,0.0000,22.5871,0.0000,0.0000,0.0000,0.0000,50.6073,0.0000,0.0000,0.0000,0.0000,0.0000,0.0000,63.1543,0.0000,0.0000,0.0000,0.0000,0.0000,0.0000
10.8000,0.0000,0.0000,0.0000,0.0000,0.0000,0.0000,22.5871,0.0000,0.0000,0.0000,0.0000,50.6073,0.0000,0.0000,0.0000,0.0000,0.0000,0.0000,63.1543,0.0000,0.0000,0.0000,0.0000,0.0000,0.0000
10.8500,0.0000,0.0000,0.0000,0.0000,0.0000,0.0000,22.5871,0.0000,0.0000,0.0000,0.0000,50.6073,0.0000,0.0000,0.0000,0.0000,0.0000,0.0000,63.1543,0.0000,0.0000,0.0000,0.0000,0.0000,0.0000
10.9000,0.0000,0.0000,0.0000,0.0000,0.0000,0.0000,22.5871,0.0000,0.0000,0.0000,0.0000,50.6073,0.0000,0.0000,0.0000,0.0000,0.0000,0.0000,63.1543,0.0000,0.0000,0.0000,0.0000,0.0000,0.0000
10.9500,0.0000,0.0000,0.0000,0.0000,0.0000,0.0000,22.5871,0.0000,0.0000,0.0000,0.0000,50.6073,0.0000,0.0000,0.0000,0.0000,0.0000,0.0000,63.1543,0.0000,0.0000,0.0000,0.0000,0.0000,0.0000
11.0000,0.0000,0.0000,0.0000,0.0000,0.0000,0.0000,22.5871,0.0000,0.0000,0.0000,0.0000,50.6073,0.0000,0.0000,0.0000,0.0000,0.0000,0.0000,63.1543,0.0000,0.0000,0.0000,0.0000,0.0000,0.0000
11.0500,0.0000,0.0000,0.0000,0.0000,0.0000,0.0000,23.9772,0.0000,0.0000,0.0000,0.0000,51.9973,0.0000,0.0000,0.0000,0.0000,0.0000,0.0000,63.5018,0.0000,0.0000,0.0000,0.0000,0.0000,0.0000
11.1000,0.0000,0.0000,0.0000,0.0000,0.0000,0.0000,30.2057,0.0000,0.0000,0.0000,0.0000,58.2258,0.0000,0.0000,0.0000,0.0000,0.0000,0.0000,65.0589,0.0000,0.0000,0.0000,0.0000,0.0000,0.0000
11.1500,0.0000,0.0000,0.0000,0.0000,0.0000,0.0000,38.9685,0.0000,0.0000,0.0000,0.0000,66.9887,0.0000,0.0000,0.0000,0.0000,0.0000,0.0000,67.2496,0.0000,0.0000,0.0000,0.0000,0.0000,0.0000
11.2000,0.0000,0.0000,0.0000,0.0000,0.0000,0.0000,45.1970,0.0000,0.0000,0.0000,0.0000,73.2172,0.0000,0.0000,0.0000,0.0000,0.0000,0.0000,68.8068,0.0000,0.0000,0.0000,0.0000,0.0000,0.0000
11.2500,0.0000,0.0000,0.0000,0.0000,0.0000,0.0000,46.5871,0.0000,0.0000,0.0000,0.0000,74.6073,0.0000,0.0000,0.0000,0.0000,0.0000,0.0000,69.1543,0.0000,0.0000,0.0000,0.0000,0.0000,0.0000
11.3000,0.0000,0.0000,0.0000,0.0000,0.0000,0.0000,46.5871,0.0000,0.0000,0.0000,0.0000,74.6073,0.0000,0.0000,0.0000,0.0000,0.0000,0.0000,69.1543,0.0000,0.0000,0.0000,0.0000,0.0000,0.0000
11.3500,0.0000,0.0000,0.0000,0.0000,0.0000,0.0000,46.5871,0.0000,0.0000,0.0000,0.0000,74.6073,0.0000,0.0000,0.0000,0.0000,0.0000,0.0000,69.1543,0.0000,0.0000,0.0000,0.0000,0.0000,0.0000
11.4000,0.0000,0.0000,0.0000,0.0000,0.0000,0.0000,46.5871,0.0000,0.0000,0.0000,0.0000,74.6073,0.0000,0.0000,0.0000,0.0000,0.0000,0.0000,69.1543,0.0000,0.0000,0.0000,0.0000,0.0000,0.0000
11.4500,0.0000,0.0000,0.0000,0.0000,0.0000,0.0000,46.5871,0.0000,0.0000,0.0000,0.0000,74.6073,0.0000,0.0000,0.0000,0.0000,0.0000,0.0000,69.1543,0.0000,0.0000,0.0000,0.0000,0.0000,0.0000
11.5000,0.0000,0.0000,0.0000,0.0000,0.0000,0.0000,46.5871,0.0000,0.0000,0.0000,0.0000,74.6073,0.0000,0.0000,0.0000,0.0000,0.0000,0.0000,69.1543,0.0000,0.0000,0.0000,0.0000,0.0000,0.0000
11.5500,0.0000,0.0000,0.0000,0.0000,0.0000,0.0000,44.5020,0.0000,0.0000,0.0000,0.0000,70.2860,0.0000,0.0000,0.0000,0.0000,0.0000,0.0000,65.1489,0.0000,3.7069,0.0000,0.0000,5.7920,0.0000
11.6000,0.0000,0.0000,0.0000,0.0000,0.0000,0.0000,35.1593,0.0000,0.0000,0.0000,0.0000,50.9239,0.0000,0.0000,0.0000,0.0000,0.0000,0.0000,47.2019,0.0000,20.3162,0.0000,0.0000,31.7440,0.0000
11.6500,0.0000,0.0000,0.0000,0.0000,0.0000,0.0000,22.0149,0.0000,0.0000,0.0000,0.0000,23.6833,0.0000,0.0000,0.0000,0.0000,0.0000,0.0000,21.9523,0.0000,43.6838,0.0000,0.0000,68.2560,0.0000
11.7000,0.0000,0.0000,0.0000,0.0000,0.0000,0.0000,12.6722,0.0000,0.0000,0.0000,0.0000,4.3213,0.0000,0.0000,0.0000,0.0000,0.0000,0.0000,4.0054,0.0000,60.2931,0.0000,0.0000,94.2080,0.0000
11.7500,0.0000,0.0000,0.0000,0.0000,0.0000,0.0000,10.5871,0.0000,0.0000,0.0000,0.0000,0.0000,0.0000,0.0000,0.0000,0.0000,0.0000,0.0000,0.0000,0.0000,64.0000,0.0000,0.0000,100.0000,0.0000
11.8000,0.0000,0.0000,0.0000,0.0000,0.0000,0.0000,10.5871,0.0000,0.0000,0.0000,0.0000,0.0000,0.0000,0.0000,0.0000,0.0000,0.0000,0.0000,0.0000,0.0000,64.0000,0.0000,0.0000,100.0000,0.0000
11.8500,0.0000,0.0000,0.0000,0.0000,0.0000,0.0000,10.5871,0.0000,0.0000,0.0000,0.0000,0.0000,0.0000,0.0000,0.0000,0.0000,0.0000,0.0000,0.0000,0.0000,64.0000,0.0000,0.0000,100.0000,0.0000
11.9000,0.0000,0.0000,0.0000,0.0000,0.0000,0.0000,10.5871,0.0000,0.0000,0.0000,0.0000,0.0000,0.0000,0.0000,0.0000,0.0000,0.0000,0.0000,0.0000,0.0000,64.0000,0.0000,0.0000,100.0000,0.0000
11.9500,0.0000,0.0000,0.0000,0.0000,0.0000,0.0000,10.5871,0.0000,0.0000,0.0000,0.0000,0.0000,0.0000,0.0000,0.0000,0.0000,0.0000,0.0000,0.0000,0.0000,64.0000,0.0000,0.0000,100.0000,0.0000
12.0000,0.0000,0.0000,0.0000,0.0000,0.0000,0.0000,10.5871,0.0000,0.0000,0.0000,0.0000,0.0000,0.0000,0.0000,0.0000,0.0000,0.0000,0.0000,0.0000,0.0000,64.0000,0.0000,0.0000,100.0000,0.0000
12.0500,0.0000,0.0000,0.0000,0.0000,0.0000,0.0000,9.9739,0.0000,0.0000,3.7069,0.0000,0.0000,0.0000,0.0000,0.0000,0.0000,0.0000,0.0000,0.0000,0.0000,66.0851,0.0000,0.0000,100.0000,0.0000
12.1000,0.0000,0.0000,0.0000,0.0000,0.0000,0.0000,7.2263,0.0000,0.0000,20.3162,0.0000,0.0000,0.0000,0.0000,0.0000,0.0000,0.0000,0.0000,0.0000,0.0000,75.4278,0.0000,0.0000,100.0000,0.0000
12.1500,0.0000,0.0000,0.0000,0.0000,0.0000,0.0000,3.3608,0.0000,0.0000,43.6838,0.0000,0.0000,0.0000,0.0000,0.0000,0.0000,0.0000,0.0000,0.0000,0.0000,88.5722,0.0000,0.0000,100.0000,0.0000
12.2000,0.0000,0.0000,0.0000,0.0000,0.0000,0.0000,0.6132,0.0000,0.0000,60.2931,0.0000,0.0000,0.0000,0.0000,0.0000,0.0000,0.0000,0.0000,0.0000,0.0000,97.9149,0.0000,0.0000,100.0000,0.0000
12.2500,0.0000,0.0000,0.0000,0.0000,0.0000,0.0000,0.0000,0.0000,0.0000,64.0000,0.0000,0.0000,0.0000,0.0000,0.0000,0.0000,0.0000,0.0000,0.0000,0.0000,100.0000,0.0000,0.0000,100.0000,0.0000
12.3000,0.0000,0.0000,0.0000,0.0000,0.0000,0.0000,0.0000,0.0000,0.0000,64.0000,0.0000,0.0000,0.0000,0.0000,0.0000,0.0000,0.0000,0.0000,0.0000,0.0000,100.0000,0.0000,0.0000,100.0000,0.0000
12.3500,0.0000,0.0000,0.0000,0.0000,0.0000,0.0000,0.0000,0.0000,0.0000,64.0000,0.0000,0.0000,0.0000,0.0000,0.0000,0.0000,0.0000,0.0000,0.0000,0.0000,100.0000,0.0000,0.0000,100.0000,0.0000
12.4000,0.0000,0.0000,0.0000,0.0000,0.0000,0.0000,0.0000,0.0000,0.0000,64.0000,0.0000,0.0000,0.0000,0.0000,0.0000,0.0000,0.0000,0.0000,0.0000,0.0000,100.0000,0.0000,0.0000,100.0000,0.0000
12.4500,0.0000,0.0000,0.0000,0.0000,0.0000,0.0000,0.0000,0.0000,0.0000,64.0000,0.0000,0.0000,0.0000,0.0000,0.0000,0.0000,0.0000,0.0000,0.0000,0.0000,100.0000,0.0000,0.0000,100.0000,0.0000
12.5000,0.0000,0.0000,0.0000,0.0000,0.0000,0.0000,0.0000,0.0000,0.0000,64.0000,0.0000,0.0000,0.0000,0.0000,0.0000,0.0000,0.0000,0.0000,0.0000,0.0000,100.0000,0.0000,0.0000,100.0000,0.0000
12.5500,0.0000,0.0000,0.0000,0.0000,0.0000,0.0000,0.0000,0.0000,0.0000,63.8262,0.0000,0.0000,0.0000,0.0000,0.0000,0.0000,0.0000,0.0000,0.0000,0.0000,100.0000,0.0000,0.0000,100.0000,0.0000
12.6000,0.0000,0.0000,0.0000,0.0000,0.0000,0.0000,0.0000,0.0000,0.0000,63.0477,0.0000,0.0000,0.0000,0.0000,0.0000,0.0000,0.0000,0.0000,0.0000,0.0000,100.0000,0.0000,0.0000,100.0000,0.0000
12.6500,0.0000,0.0000,0.0000,0.0000,0.0000,0.0000,0.0000,0.0000,0.0000,61.9523,0.0000,0.0000,0.0000,0.0000,0.0000,0.0000,0.0000,0.0000,0.0000,0.0000,100.0000,0.0000,0.0000,100.0000,0.0000
12.7000,0.0000,0.0000,0.0000,0.0000,0.0000,0.0000,0.0000,0.0000,0.0000,61.1738,0.0000,0.0000,0.0000,0.0000,0.0000,0.0000,0.0000,0.0000,0.0000,0.0000,100.0000,0.0000,0.0000,100.0000,0.0000
12.7500,0.0000,0.0000,0.0000,0.0000,0.0000,0.0000,0.0000,0.0000,0.0000,61.0000,0.0000,0.0000,0.0000,0.0000,0.0000,0.0000,0.0000,0.0000,0.0000,0.0000,100.0000,0.0000,0.0000,100.0000,0.0000
12.8000,0.0000,0.0000,0.0000,0.0000,0.0000,0.0000,0.0000,0.0000,0.0000,61.0000,0.0000,0.0000,0.0000,0.0000,0.0000,0.0000,0.0000,0.0000,0.0000,0.0000,100.0000,0.0000,0.0000,100.0000,0.0000
12.8500,0.0000,0.0000,0.0000,0.0000,0.0000,0.0000,0.0000,0.0000,0.0000,61.0000,0.0000,0.0000,0.0000,0.0000,0.0000,0.0000,0.0000,0.0000,0.0000,0.0000,100.0000,0.0000,0.0000,100.0000,0.0000
12.9000,0.0000,0.0000,0.0000,0.0000,0.0000,0.0000,0.0000,0.0000,0.0000,61.0000,0.0000,0.0000,0.0000,0.0000,0.0000,0.0000,0.0000,0.0000,0.0000,0.0000,100.0000,0.0000,0.0000,100.0000,0.0000
12.9500,0.0000,0.0000,0.0000,0.0000,0.0000,0.0000,0.0000,0.0000,0.0000,61.0000,0.0000,0.0000,0.0000,0.0000,0.0000,0.0000,0.0000,0.0000,0.0000,0.0000,100.0000,0.0000,0.0000,100.0000,0.0000
13.0000,0.0000,0.0000,0.0000,0.0000,0.0000,0.0000,0.0000,0.0000,0.0000,61.0000,0.0000,0.0000,0.0000,0.0000,0.0000,0.0000,0.0000,0.0000,0.0000,0.0000,100.0000,0.0000,0.0000,100.0000,0.0000
13.0500,0.0000,0.0000,0.0000,0.0000,0.0000,0.0000,0.0000,0.0000,0.0000,58.2940,0.0000,0.0000,0.0000,0.0000,0.0000,0.0000,0.0000,0.0000,0.0000,0.0000,100.0000,0.0000,0.0000,95.7875,0.0000
13.1000,0.0000,0.0000,0.0000,0.0000,0.0000,0.0000,0.0000,0.0000,0.0000,46.1696,0.0000,0.0000,0.0000,0.0000,0.0000,0.0000,0.0000,0.0000,0.0000,0.0000,100.0000,0.0000,0.0000,76.9127,0.0000
13.1500,0.0000,0.0000,0.0000,0.0000,0.0000,0.0000,0.0000,0.0000,0.0000,29.1116,0.0000,0.0000,0.0000,0.0000,0.0000,0.0000,0.0000,0.0000,0.0000,0.0000,100.0000,0.0000,0.0000,50.3577,0.0000
13.2000,0.0000,0.0000,0.0000,0.0000,0.0000,0.0000,0.0000,0.0000,0.0000,16.9872,0.0000,0.0000,0.0000,0.0000,0.0000,0.0000,0.0000,0.0000,0.0000,0.0000,100.0000,0.0000,0.0000,31.4829,0.0000
13.2500,0.0000,0.0000,0.0000,0.0000,0.0000,0.0000,0.0000,0.0000,0.0000,14.2812,0.0000,0.0000,0.0000,0.0000,0.0000,0.0000,0.0000,0.0000,0.0000,0.0000,100.0000,0.0000,0.0000,27.2704,0.0000
13.3000,0.0000,0.0000,0.0000,0.0000,0.0000,0.0000,0.0000,0.0000,0.0000,14.2812,0.0000,0.0000,0.0000,0.0000,0.0000,0.0000,0.0000,0.0000,0.0000,0.0000,100.0000,0.0000,0.0000,27.2704,0.0000
13.3500,0.0000,0.0000,0.0000,0.0000,0.0000,0.0000,0.0000,0.0000,0.0000,14.2812,0.0000,0.0000,0.0000,0.0000,0.0000,0.0000,0.0000,0.0000,0.0000,0.0000,100.0000,0.0000,0.0000,27.2704,0.0000
13.4000,0.0000,0.0000,0.0000,0.0000,0.0000,0.0000,0.0000,0.0000,0.0000,14.2812,0.0000,0.0000,0.0000,0.0000,0.0000,0.0000,0.0000,0.0000,0.0000,0.0000,100.0000,0.0000,0.0000,27.2704,0.0000
13.4500,0.0000,0.0000,0.0000,0.0000,0.0000,0.0000,0.0000,0.0000,0.0000,14.2812,0.0000,0.0000,0.0000,0.0000,0.0000,0.0000,0.0000,0.0000,0.0000,0.0000,100.0000,0.0000,0.0000,27.2704,0.0000
13.5000,0.0000,0.0000,0.0000,0.0000,0.0000,0.0000,0.0000,0.0000,0.0000,14.2812,0.0000,0.0000,0.0000,0.0000,0.0000,0.0000,0.0000,0.0000,0.0000,0.0000,100.0000,0.0000,0.0000,27.2704,0.0000
13.5500,0.0000,0.0000,0.0000,0.0000,0.0000,0.0000,0.0000,0.0000,0.0000,18.5510,5.7920,0.0000,0.0000,0.0000,0.0000,0.0000,4.4019,0.0000,0.0000,0.0000,94.2080,0.0000,0.0000,25.6909,0.0000
13.6000,0.0000,0.0000,0.0000,0.0000,0.0000,0.0000,0.0000,0.0000,0.0000,37.6825,31.7440,0.0000,0.0000,0.0000,0.0000,0.0000,24.1254,0.0000,0.0000,0.0000,68.2560,0.0000,0.0000,18.6137,0.0000
13.6500,0.0000,0.0000,0.0000,0.0000,0.0000,0.0000,0.0000,0.0000,0.0000,64.5987,68.2560,0.0000,0.0000,0.0000,0.0000,0.0000,51.8746,0.0000,0.0000,0.0000,31.7440,0.0000,0.0000,8.6567,0.0000
13.7000,0.0000,0.0000,0.0000,0.0000,0.0000,0.0000,0.0000,0.0000,0.0000,83.7302,94.2080,0.0000,0.0000,0.0000,0.0000,0.0000,71.5981,0.0000,0.0000,0.0000,5.7920,0.0000,0.0000,1.5795,0.0000
13.7500,0.0000,0.0000,0.0000,0.0000,0.0000,0.0000,0.0000,0.0000,0.0000,88.0000,100.0000,0.0000,0.0000,0.0000,0.0000,0.0000,76.0000,0.0000,0.0000,0.0000,0.0000,0.0000,0.0000,0.0000,0.0000
13.8000,0.0000,0.0000,0.0000,0.0000,0.0000,0.0000,0.0000,0.0000,0.0000,88.0000,100.0000,0.0000,0.0000,0.0000,0.0000,0.0000,76.0000,0.0000,0.0000,0.0000,0.0000,0.0000,0.0000,0.0000,0.0000
13.8500,0.0000,0.0000,0.0000,0.0000,0.0000,0.0000,0.0000,0.0000,0.0000,88.0000,100.0000,0.0000,0.0000,0.0000,0.0000,0.0000,76.0000,0.0000,0.0000,0.0000,0.0000,0.0000,0.0000,0.0000,0.0000
13.9000,0.0000,0.0000,0.0000,0.0000,0.0000,0.0000,0.0000,0.0000,0.0000,88.0000,100.0000,0.0000,0.0000,0.0000,0.0000,0.0000,76.0000,0.0000,0.0000,0.0000,0.0000,0.0000,0.0000,0.0000,0.0000
13.9500,0.0000,0.0000,0.0000,0.0000,0.0000,0.0000,0.0000,0.0000,0.0000,88.0000,100.0000,0.0000,0.0000,0.0000,0.0000,0.0000,76.0000,0.0000,0.0000,0.0000,0.0000,0.0000,0.0000,0.0000,0.0000
14.0000,0.0000,0.0000,0.0000,0.0000,0.0000,0.0000,0.0000,0.0000,0.0000,88.0000,100.0000,0.0000,0.0000,0.0000,0.0000,0.0000,76.0000,0.0000,0.0000,0.0000,0.0000,0.0000,0.0000,0.0000,0.0000
14.0500,0.0000,0.0000,0.0000,0.0000,0.0000,0.0000,0.0000,0.0000,0.0000,87.6148,99.3050,0.0000,0.0000,0.0000,0.0000,0.0000,76.3475,0.0000,0.0000,0.0000,0.0000,0.0000,0.0000,0.0000,0.0000
14.1000,0.0000,0.0000,0.0000,0.0000,0.0000,0.0000,0.0000,0.0000,0.0000,85.8891,96.1907,0.0000,0.0000,0.0000,0.0000,0.0000,77.9046,0.0000,0.0000,0.0000,0.0000,0.0000,0.0000,0.0000,0.0000
14.1500,0.0000,0.0000,0.0000,0.0000,0.0000,0.0000,0.0000,0.0000,0.0000,83.4611,91.8093,0.0000,0.0000,0.0000,0.0000,0.0000,80.0954,0.0000,0.0000,0.0000,0.0000,0.0000,0.0000,0.0000,0.0000
14.2000,0.0000,0.0000,0.0000,0.0000,0.0000,0.0000,0.0000,0.0000,0.0000,81.7353,88.6950,0.0000,0.0000,0.0000,0.0000,0.0000,81.6525,0.0000,0.0000,0.0000,0.0000,0.0000,0.0000,0.0000,0.0000
14.2500,0.0000,0.0000,0.0000,0.0000,0.0000,0.0000,0.0000,0.0000,0.0000,81.3502,88.0000,0.0000,0.0000,0.0000,0.0000,0.0000,82.0000,0.0000,0.0000,0.0000,0.0000,0.0000,0.0000,0.0000,0.0000
14.3000,0.0000,0.0000,0.0000,0.0000,0.0000,0.0000,0.0000,0.0000,0.0000,81.3502,88.0000,0.0000,0.0000,0.0000,0.0000,0.0000,82.0000,0.0000,0.0000,0.0000,0.0000,0.0000,0.0000,0.0000,0.0000
14.3500,0.0000,0.0000,0.0000,0.0000,0.0000,0.0000,0.0000,0.0000,0.0000,81.3502,88.0000,0.0000,0.0000,0.0000,0.0000,0.0000,82.0000,0.0000,0.0000,0.0000,0.0000,0.0000,0.0000,0.0000,0.0000
14.4000,0.0000,0.0000,0.0000,0.0000,0.0000,0.0000,0.0000,0.0000,0.0000,81.3502,88.0000,0.0000,0.0000,0.0000,0.0000,0.0000,82.0000,0.0000,0.0000,0.0000,0.0000,0.0000,0.0000,0.0000,0.0000
14.4500,0.0000,0.0000,0.0000,0.0000,0.0000,0.0000,0.0000,0.0000,0.0000,81.3502,88.0000,0.0000,0.0000,0.0000,0.0000,0.0000,82.0000,0.0000,0.0000,0.0000,0.0000,0.0000,0.0000,0.0000,0.0000
14.5000,0.0000,0.0000,0.0000,0.0000,0.0000,0.0000,0.0000,0.0000,0.0000,81.3502,88.0000,0.0000,0.0000,0.0000,0.0000,0.0000,82.0000,0.0000,0.0000,0.0000,0.0000,0.0000,0.0000,0.0000,0.0000
14.5500,0.0000,0.0000,0.0000,0.0000,0.0000,0.0000,0.0000,5.0970,0.0000,76.6384,88.3475,0.0000,0.0000,0.0000,0.0000,0.0000,81.6525,0.0000,0.0000,0.0000,0.0000,0.0000,0.0000,0.0000,0.0000
14.6000,0.0000,0.0000,0.0000,0.0000,0.0000,0.0000,0.0000,27.9347,0.0000,55.5264,89.9046,0.0000,0.0000,0.0000,0.0000,0.0000,80.0954,0.0000,0.0000,0.0000,0.0000,0.0000,0.0000,0.0000,0.0000
14.6500,0.0000,0.0000,0.0000,0.0000,0.0000,0.0000,0.0000,60.0653,0.0000,25.8238,92.0954,0.0000,0.0000,0.0000,0.0000,0.0000,77.9046,0.0000,0.0000,0.0000,0.0000,0.0000,0.0000,0.0000,0.0000
14.7000,0.0000,0.0000,0.0000,0.0000,0.0000,0.0000,0.0000,82.9030,0.0000,4.7118,93.6525,0.0000,0.0000,0.0000,0.0000,0.0000,76.3475,0.0000,0.0000,0.0000,0.0000,0.0000,0.0000,0.0000,0.0000
14.7500,0.0000,0.0000,0.0000,0.0000,0.0000,0.0000,0.0000,88.0000,0.0000,0.0000,94.0000,0.0000,0.0000,0.0000,0.0000,0.0000,76.0000,0.0000,0.0000,0.0000,0.0000,0.0000,0.0000,0.0000,0.0000
14.8000,0.0000,0.0000,0.0000,0.0000,0.0000,0.0000,0.0000,88.0000,0.0000,0.0000,94.0000,0.0000,0.0000,0.0000,0.0000,0.0000,76.0000,0.0000,0.0000,0.0000,0.0000,0.0000,0.0000,0.0000,0.0000
14.8500,0.0000,0.0000,0.0000,0.0000,0.0000,0.0000,0.0000,88.0000,0.0000,0.0000,94.0000,0.0000,0.0000,0.0000,0.0000,0.0000,76.0000,0.0000,0.0000,0.0000,0.0000,0.0000,0.0000,0.0000,0.0000
14.9000,0.0000,0.0000,0.0000,0.0000,0.0000,0.0000,0.0000,88.0000,0.0000,0.0000,94.0000,0.0000,0.0000,0.0000,0.0000,0.0000,76.0000,0.0000,0.0000,0.0000,0.0000,0.0000,0.0000,0.0000,0.0000
14.9500,0.0000,0.0000,0.0000,0.0000,0.0000,0.0000,0.0000,88.0000,0.0000,0.0000,94.0000,0.0000,0.0000,0.0000,0.0000,0.0000,76.0000,0.0000,0.0000,0.0000,0.0000,0.0000,0.0000,0.0000,0.0000
15.0000,0.0000,0.0000,0.0000,0.0000,0.0000,0.0000,0.0000,88.0000,0.0000,0.0000,94.0000,0.0000,0.0000,0.0000,0.0000,0.0000,76.0000,0.0000,0.0000,0.0000,0.0000,0.0000,0.0000,0.0000,0.0000
15.0500,0.0000,0.0000,0.0000,0.0000,0.0000,0.0000,0.0000,87.3050,0.0000,0.0000,94.3475,0.0000,0.0000,0.0000,0.0000,0.0000,75.3050,0.0000,0.0000,0.0000,0.0000,0.0000,0.0000,0.0000,0.0000
15.1000,0.0000,0.0000,0.0000,0.0000,0.0000,0.0000,0.0000,84.1907,0.0000,0.0000,95.9046,0.0000,0.0000,0.0000,0.0000,0.0000,72.1907,0.0000,0.0000,0.0000,0.0000,0.0000,0.0000,0.0000,0.0000
15.1500,0.0000,0.0000,0.0000,0.0000,0.0000,0.0000,0.0000,79.8093,0.0000,0.0000,98.0954,0.0000,0.0000,0.0000,0.0000,0.0000,67.8093,0.0000,0.0000,0.0000,0.0000,0.0000,0.0000,0.0000,0.0000
15.2000,0.0000,0.0000,0.0000,0.0000,0.0000,0.0000,0.0000,76.6950,0.0000,0.0000,99.6525,0.0000,0.0000,0.0000,0.0000,0.0000,64.6950,0.0000,0.0000,0.0000,0.0000,0.0000,0.0000,0.0000,0.0000
15.2500,0.0000,0.0000,0.0000,0.0000,0.0000,0.0000,0.0000,76.0000,0.0000,0.0000,100.0000,0.0000,0.0000,0.0000,0.0000,0.0000,64.0000,0.0000,0.0000,0.0000,0.0000,0.0000,0.0000,0.0000,0.0000
15.3000,0.0000,0.0000,0.0000,0.0000,0.0000,0.0000,0.0000,76.0000,0.0000,0.0000,100.0000,0.0000,0.0000,0.0000,0.0000,0.0000,64.0000,0.0000,0.0000,0.0000,0.0000,0.0000,0.0000,0.0000,0.0000
15.3500,0.0000,0.0000,0.0000,0.0000,0.0000,0.0000,0.0000,76.0000,0.0000,0.0000,100.0000,0.0000,0.0000,0.0000,0.0000,0.0000,64.0000,0.0000,0.0000,0.0000,0.0000,0.0000,0.0000,0.0000,0.0000
15.4000,0.0000,0.0000,0.0000,0.0000,0.0000,0.0000,0.0000,76.0000,0.0000,0.0000,100.0000,0.0000,0.0000,0.0000,0.0000,0.0000,64.0000,0.0000,0.0000,0.0000,0.0000,0.0000,0.0000,0.0000,0.0000
15.4500,0.0000,0.0000,0.0000,0.0000,0.0000,0.0000,0.0000,76.0000,0.0000,0.0000,100.0000,0.0000,0.0000,0.0000,0.0000,0.0000,64.0000,0.0000,0.0000,0.0000,0.0000,0.0000,0.0000,0.0000,0.0000
15.5000,0.0000,0.0000,0.0000,0.0000,0.0000,0.0000,0.0000,76.0000,0.0000,0.0000,100.0000,0.0000,0.0000,0.0000,0.0000,0.0000,64.0000,0.0000,0.0000,0.0000,0.0000,0.0000,0.0000,0.0000,0.0000
15.5500,0.0000,0.0000,0.0000,0.0000,0.0000,0.0000,0.0000,76.0000,0.0000,0.0000,98.6099,0.0000,0.0000,0.0000,0.0000,0.0000,60.2931,0.0000,0.0000,0.0000,0.0000,0.0000,0.0000,5.7920,0.0000
15.6000,0.0000,0.0000,0.0000,0.0000,0.0000,0.0000,0.0000,76.0000,0.0000,0.0000,92.3814,0.0000,0.0000,0.0000,0.0000,0.0000,43.6838,0.0000,0.0000,0.0000,0.0000,0.0000,0.0000,31.7440,0.0000
15.6500,0.0000,0.0000,0.0000,0.0000,0.0000,0.0000,0.0000,76.0000,0.0000,0.0000,83.6186,0.0000,0.0000,0.0000,0.0000,0.0000,20.3162,0.0000,0.0000,0.0000,0.0000,0.0000,0.0000,68.2560,0.0000
15.7000,0.0000,0.0000,0.0000,0.0000,0.0000,0.0000,0.0000,76.0000,0.0000,0.0000,77.3901,0.0000,0.0000,0.0000,0.0000,0.0000,3.7069,0.0000,0.0000,0.0000,0.0000,0.0000,0.0000,94.2080,0.0000
15.7500,0.0000,0.0000,0.0000,0.0000,0.0000,0.0000,0.0000,76.0000,0.0000,0.0000,76.0000,0.0000,0.0000,0.0000,0.0000,0.0000,0.0000,0.0000,0.0000,0.0000,0.0000,0.0000,0.0000,100.0000,0.0000
15.8000,0.0000,0.0000,0.0000,0.0000,0.0000,0.0000,0.0000,76.0000,0.0000,0.0000,76.0000,0.0000,0.0000,0.0000,0.0000,0.0000,0.0000,0.0000,0.0000,0.0000,0.0000,0.0000,0.0000,100.0000,0.0000
15.8500,0.0000,0.0000,0.0000,0.0000,0.0000,0.0000,0.0000,76.0000,0.0000,0.0000,76.0000,0.0000,0.0000,0.0000,0.0000,0.0000,0.0000,0.0000,0.0000,0.0000,0.0000,0.0000,0.0000,100.0000,0.0000
15.9000,0.0000,0.0000,0.0000,0.0000,0.0000,0.0000,0.0000,76.0000,0.0000,0.0000,76.0000,0.0000,0.0000,0.0000,0.0000,0.0000,0.0000,0.0000,0.0000,0.0000,0.0000,0.0000,0.0000,100.0000,0.0000
15.9500,0.0000,0.0000,0.0000,0.0000,0.0000,0.0000,0.0000,76.0000,0.0000,0.0000,76.0000,0.0000,0.0000,0.0000,0.0000,0.0000,0.0000,0.0000,0.0000,0.0000,0.0000,0.0000,0.0000,100.0000,0.0000
16.0000,0.0000,0.0000,0.0000,0.0000,0.0000,0.0000,0.0000,76.0000,0.0000,0.0000,76.0000,0.0000,0.0000,0.0000,0.0000,0.0000,0.0000,0.0000,0.0000,0.0000,0.0000,0.0000,0.0000,100.0000,0.0000
16.0500,0.0000,0.0000,0.0000,0.0000,5.0970,0.0000,0.0000,76.3475,0.0000,0.0000,71.5981,0.0000,0.0000,0.0000,0.0000,0.0000,0.0000,0.0000,0.0000,0.0000,0.0000,0.0000,0.0000,100.0000,0.0000
16.1000,0.0000,0.0000,0.0000,0.0000,27.9347,0.0000,0.0000,77.9046,0.0000,0.0000,51.8746,0.0000,0.0000,0.0000,0.0000,0.0000,0.0000,0.0000,0.0000,0.0000,0.0000,0.0000,0.0000,100.0000,0.0000
16.1500,0.0000,0.0000,0.0000,0.0000,60.0653,0.0000,0.0000,80.0954,0.0000,0.0000,24.1254,0.0000,0.0000,0.0000,0.0000,0.0000,0.0000,0.0000,0.0000,0.0000,0.0000,0.0000,0.0000,100.0000,0.0000
16.2000,0.0000,0.0000,0.0000,0.0000,82.9030,0.0000,0.0000,81.6525,0.0000,0.0000,4.4019,0.0000,0.0000,0.0000,0.0000,0.0000,0.0000,0.0000,0.0000,0.0000,0.0000,0.0000,0.0000,100.0000,0.0000
16.2500,0.0000,0.0000,0.0000,0.0000,88.0000,0.0000,0.0000,82.0000,0.0000,0.0000,0.0000,0.0000,0.0000,0.0000,0.0000,0.0000,0.0000,0.0000,0.0000,0.0000,0.0000,0.0000,0.0000,100.0000,0.0000
16.3000,0.0000,0.0000,0.0000,0.0000,88.0000,0.0000,0.0000,82.0000,0.0000,0.0000,0.0000,0.0000,0.0000,0.0000,0.0000,0.0000,0.0000,0.0000,0.0000,0.0000,0.0000,0.0000,0.0000,100.0000,0.0000
16.3500,0.0000,0.0000,0.0000,0.0000,88.0000,0.0000,0.0000,82.0000,0.0000,0.0000,0.0000,0.0000,0.0000,0.0000,0.0000,0.0000,0.0000,0.0000,0.0000,0.0000,0.0000,0.0000,0.0000,100.0000,0.0000
16.4000,0.0000,0.0000,0.0000,0.0000,88.0000,0.0000,0.0000,82.0000,0.0000,0.0000,0.0000,0.0000,0.0000,0.0000,0.0000,0.0000,0.0000,0.0000,0.0000,0.0000,0.0000,0.0000,0.0000,100.0000,0.0000
16.4500,0.0000,0.0000,0.0000,0.0000,88.0000,0.0000,0.0000,82.0000,0.0000,0.0000,0.0000,0.0000,0.0000,0.0000,0.0000,0.0000,0.0000,0.0000,0.0000,0.0000,0.0000,0.0000,0.0000,100.0000,0.0000
16.5000,0.0000,0.0000,0.0000,0.0000,88.0000,0.0000,0.0000,82.0000,0.0000,0.0000,0.0000,0.0000,0.0000,0.0000,0.0000,0.0000,0.0000,0.0000,0.0000,0.0000,0.0000,0.0000,0.0000,100.0000,0.0000
16.5500,0.0000,0.0000,0.0000,0.0000,88.3475,0.0000,0.0000,77.2506,0.0000,0.0000,0.0000,0.0000,0.0000,5.4445,0.0000,0.0000,0.0000,0.0000,0.0000,0.0000,0.0000,0.0000,0.0000,99.3050,0.0000
16.6000,0.0000,0.0000,0.0000,0.0000,89.9046,0.0000,0.0000,55.9699,0.0000,0.0000,0.0000,0.0000,0.0000,29.8394,0.0000,0.0000,0.0000,0.0000,0.0000,0.0000,0.0000,0.0000,0.0000,96.1907,0.0000
16.6500,0.0000,0.0000,0.0000,0.0000,92.0954,0.0000,0.0000,26.0301,0.0000,0.0000,0.0000,0.0000,0.0000,64.1606,0.0000,0.0000,0.0000,0.0000,0.0000,0.0000,0.0000,0.0000,0.0000,91.8093,0.0000
16.7000,0.0000,0.0000,0.0000,0.0000,93.6525,0.0000,0.0000,4.7494,0.0000,0.0000,0.0000,0.0000,0.0000,88.5555,0.0000,0.0000,0.0000,0.0000,0.0000,0.0000,0.0000,0.0000,0.0000,88.6950,0.0000
16.7500,0.0000,0.0000,0.0000,0.0000,94.0000,0.0000,0.0000,0.0000,0.0000,0.0000,0.0000,0.0000,0.0000,94.0000,0.0000,0.0000,0.0000,0.0000,0.0000,0.0000,0.0000,0.0000,0.0000,88.0000,0.0000
16.8000,0.0000,0.0000,0.0000,0.0000,94.0000,0.0000,0.0000,0.0000,0.0000,0.0000,0.0000,0.0000,0.0000,94.0000,0.0000,0.0000,0.0000,0.0000,0.0000,0.0000,0.0000,0.0000,0.0000,88.0000,0.0000
16.8500,0.0000,0.0000,0.0000,0.0000,94.0000,0.0000,0.0000,0.0000,0.0000,0.0000,0.0000,0.0000,0.0000,94.0000,0.0000,0.0000,0.0000,0.0000,0.0000,0.0000,0.0000,0.0000,0.0000,88.0000,0.0000
16.9000,0.0000,0.0000,0.0000,0.0000,94.0000,0.0000,0.0000,0.0000,0.0000,0.0000,0.0000,0.0000,0.0000,94.0000,0.0000,0.0000,0.0000,0.0000,0.0000,0.0000,0.0000,0.0000,0.0000,88.0000,0.0000
16.9500,0.0000,0.0000,0.0000,0.0000,94.0000,0.0000,0.0000,0.0000,0.0000,0.0000,0.0000,0.0000,0.0000,94.0000,0.0000,0.0000,0.0000,0.0000,0.0000,0.0000,0.0000,0.0000,0.0000,88.0000,0.0000
17.0000,0.0000,0.0000,0.0000,0.0000,94.0000,0.0000,0.0000,0.0000,0.0000,0.0000,0.0000,0.0000,0.0000,94.0000,0.0000,0.0000,0.0000,0.0000,0.0000,0.0000,0.0000,0.0000,0.0000,88.0000,0.0000
17.0500,0.0000,0.0000,0.0000,0.0000,94.3475,0.0000,0.0000,0.0000,0.0000,0.0000,0.0000,0.0000,0.0000,92.3169,0.0000,0.0000,0.0000,0.0000,0.0000,0.0000,0.0000,0.0000,0.0000,85.2042,0.0000
17.1000,0.0000,0.0000,0.0000,0.0000,95.9046,0.0000,0.0000,0.0000,0.0000,0.0000,0.0000,0.0000,0.0000,84.7756,0.0000,0.0000,0.0000,0.0000,0.0000,0.0000,0.0000,0.0000,0.0000,72.6769,0.0000
17.1500,0.0000,0.0000,0.0000,0.0000,98.0954,0.0000,0.0000,0.0000,0.0000,0.0000,0.0000,0.0000,0.0000,74.1658,0.0000,0.0000,0.0000,0.0000,0.0000,0.0000,0.0000,0.0000,0.0000,55.0523,0.0000
17.2000,0.0000,0.0000,0.0000,0.0000,99.6525,0.0000,0.0000,0.0000,0.0000,0.0000,0.0000,0.0000,0.0000,66.6245,0.0000,0.0000,0.0000,0.0000,0.0000,0.0000,0.0000,0.0000,0.0000,42.5251,0.0000
17.2500,0.0000,0.0000,0.0000,0.0000,100.0000,0.0000,0.0000,0.0000,0.0000,0.0000,0.0000,0.0000,0.0000,64.9414,0.0000,0.0000,0.0000,0.0000,0.0000,0.0000,0.0000,0.0000,0.0000,39.7293,0.0000
17.3000,0.0000,0.0000,0.0000,0.0000,100.0000,0.0000,0.0000,0.0000,0.0000,0.0000,0.0000,0.0000,0.0000,64.9414,0.0000,0.0000,0.0000,0.0000,0.0000,0.0000,0.0000,0.0000,0.0000,39.7293,0.0000
17.3500,0.0000,0.0000,0.0000,0.0000,100.0000,0.0000,0.0000,0.0000,0.0000,0.0000,0.0000,0.0000,0.0000,64.9414,0.0000,0.0000,0.0000,0.0000,0.0000,0.0000,0.0000,0.0000,0.0000,39.7293,0.0000
17.4000,0.0000,0.0000,0.0000,0.0000,100.0000,0.0000,0.0000,0.0000,0.0000,0.0000,0.0000,0.0000,0.0000,64.9414,0.0000,0.0000,0.0000,0.0000,0.0000,0.0000,0.0000,0.0000,0.0000,39.7293,0.0000
17.4500,0.0000,0.0000,0.0000,0.0000,100.0000,0.0000,0.0000,0.0000,0.0000,0.0000,0.0000,0.0000,0.0000,64.9414,0.0000,0.0000,0.0000,0.0000,0.0000,0.0000,0.0000,0.0000,0.0000,39.7293,0.0000
17.5000,0.0000,0.0000,0.0000,0.0000,100.0000,0.0000,0.0000,0.0000,0.0000,0.0000,0.0000,0.0000,0.0000,64.9414,0.0000,0.0000,0.0000,0.0000,0.0000,0.0000,0.0000,0.0000,0.0000,39.7293,0.0000
17.5500,0.0000,0.0000,0.0000,0.0000,100.0000,0.0000,5.0970,0.0000,0.0000,0.0000,0.0000,0.0000,0.0000,64.2029,0.0000,0.0000,0.0000,0.0000,0.0000,0.0000,0.0000,0.0000,0.0000,37.4282,0.0000
17.6000,0.0000,0.0000,0.0000,0.0000,100.0000,0.0000,27.9347,0.0000,0.0000,0.0000,0.0000,0.0000,0.0000,60.8936,0.0000,0.0000,0.0000,0.0000,0.0000,0.0000,0.0000,0.0000,0.0000,27.1176,0.0000
17.6500,0.0000,0.0000,0.0000,0.0000,100.0000,0.0000,60.0653,0.0000,0.0000,0.0000,0.0000,0.0000,0.0000,56.2378,0.0000,0.0000,0.0000,0.0000,0.0000,0.0000,0.0000,0.0000,0.0000,12.6117,0.0000
17.7000,0.0000,0.0000,0.0000,0.0000,100.0000,0.0000,82.9030,0.0000,0.0000,0.0000,0.0000,0.0000,0.0000,52.9285,0.0000,0.0000,0.0000,0.0000,0.0000,0.0000,0.0000,0.0000,0.0000,2.3011,0.0000
17.7500,0.0000,0.0000,0.0000,0.0000,100.0000,0.0000,88.0000,0.0000,0.0000,0.0000,0.0000,0.0000,0.0000,52.1899,0.0000,0.0000,0.0000,0.0000,0.0000,0.0000,0.0000,0.0000,0.0000,0.0000,0.0000
17.8000,0.0000,0.0000,0.0000,0.0000,100.0000,0.0000,88.0000,0.0000,0.0000,0.0000,0.0000,0.0000,0.0000,52.1899,0.0000,0.0000,0.0000,0.0000,0.0000,0.0000,0.0000,0.0000,0.0000,0.0000,0.0000
17.8500,0.0000,0.0000,0.0000,0.0000,100.0000,0.0000,88.0000,0.0000,0.0000,0.0000,0.0000,0.0000,0.0000,52.1899,0.0000,0.0000,0.0000,0.0000,0.0000,0.0000,0.0000,0.0000,0.0000,0.0000,0.0000
17.9000,0.0000,0.0000,0.0000,0.0000,100.0000,0.0000,88.0000,0.0000,0.0000,0.0000,0.0000,0.0000,0.0000,52.1899,0.0000,0.0000,0.0000,0.0000,0.0000,0.0000,0.0000,0.0000,0.0000,0.0000,0.0000
17.9500,0.0000,0.0000,0.0000,0.0000,100.0000,0.0000,88.0000,0.0000,0.0000,0.0000,0.0000,0.0000,0.0000,52.1899,0.0000,0.0000,0.0000,0.0000,0.0000,0.0000,0.0000,0.0000,0.0000,0.0000,0.0000
18.0000,0.0000,0.0000,0.0000,0.0000,100.0000,0.0000,88.0000,0.0000,0.0000,0.0000,0.0000,0.0000,0.0000,52.1899,0.0000,0.0000,0.0000,0.0000,0.0000,0.0000,0.0000,0.0000,0.0000,0.0000,0.0000
18.0500,0.0000,0.0000,0.0000,0.0000,94.2080,0.0000,88.6950,0.0000,0.0000,0.0000,0.0000,0.0000,0.0000,54.2751,4.6605,0.0000,0.0000,0.0000,0.0000,0.0000,0.0000,0.0000,0.0000,0.0000,0.0000
18.1000,0.0000,0.0000,0.0000,0.0000,68.2560,0.0000,91.8093,0.0000,0.0000,0.0000,0.0000,0.0000,0.0000,63.6178,25.5425,0.0000,0.0000,0.0000,0.0000,0.0000,0.0000,0.0000,0.0000,0.0000,0.0000
18.1500,0.0000,0.0000,0.0000,0.0000,31.7440,0.0000,96.1907,0.0000,0.0000,0.0000,0.0000,0.0000,0.0000,76.7621,54.9216,0.0000,0.0000,0.0000,0.0000,0.0000,0.0000,0.0000,0.0000,0.0000,0.0000
18.2000,0.0000,0.0000,0.0000,0.0000,5.7920,0.0000,99.3050,0.0000,0.0000,0.0000,0.0000,0.0000,0.0000,86.1048,75.8036,0.0000,0.0000,0.0000,0.0000,0.0000,0.0000,0.0000,0.0000,0.0000,0.0000
18.2500,0.0000,0.0000,0.0000,0.0000,0.0000,0.0000,100.0000,0.0000,0.0000,0.0000,0.0000,0.0000,0.0000,88.1899,80.4641,0.0000,0.0000,0.0000,0.0000,0.0000,0.0000,0.0000,0.0000,0.0000,0.0000
18.3000,0.0000,0.0000,0.0000,0.0000,0.0000,0.0000,100.0000,0.0000,0.0000,0.0000,0.0000,0.0000,0.0000,88.1899,80.4641,0.0000,0.0000,0.0000,0.0000,0.0000,0.0000,0.0000,0.0000,0.0000,0.0000
18.3500,0.0000,0.0000,0.0000,0.0000,0.0000,0.0000,100.0000,0.0000,0.0000,0.0000,0.0000,0.0000,0.0000,88.1899,80.4641,0.0000,0.0000,0.0000,0.0000,0.0000,0.0000,0.0000,0.0000,0.0000,0.0000
18.4000,0.0000,0.0000,0.0000,0.0000,0.0000,0.0000,100.0000,0.0000,0.0000,0.0000,0.0000,0.0000,0.0000,88.1899,80.4641,0.0000,0.0000,0.0000,0.0000,0.0000,0.0000,0.0000,0.0000,0.0000,0.0000
18.4500,0.0000,0.0000,0.0000,0.0000,0.0000,0.0000,100.0000,0.0000,0.0000,0.0000,0.0000,0.0000,0.0000,88.1899,80.4641,0.0000,0.0000,0.0000,0.0000,0.0000,0.0000,0.0000,0.0000,0.0000,0.0000
18.5000,0.0000,0.0000,0.0000,0.0000,0.0000,0.0000,100.0000,0.0000,0.0000,0.0000,0.0000,0.0000,0.0000,88.1899,80.4641,0.0000,0.0000,0.0000,0.0000,0.0000,0.0000,0.0000,0.0000,0.0000,0.0000
18.5500,0.0000,0.0000,0.0000,5.7920,0.0000,0.0000,99.3050,0.0000,0.0000,0.0000,0.0000,0.0000,0.0000,83.0820,81.1591,0.0000,0.0000,0.0000,0.0000,0.0000,0.0000,0.0000,0.0000,0.0000,0.0000
18.6000,0.0000,0.0000,0.0000,31.7440,0.0000,0.0000,96.1907,0.0000,0.0000,0.0000,0.0000,0.0000,0.0000,60.1949,84.2733,0.0000,0.0000,0.0000,0.0000,0.0000,0.0000,0.0000,0.0000,0.0000,0.0000
18.6500,0.0000,0.0000,0.0000,68.2560,0.0000,0.0000,91.8093,0.0000,0.0000,0.0000,0.0000,0.0000,0.0000,27.9950,88.6548,0.0000,0.0000,0.0000,0.0000,0.0000,0.0000,0.0000,0.0000,0.0000,0.0000
18.7000,0.0000,0.0000,0.0000,94.2080,0.0000,0.0000,88.6950,0.0000,0.0000,0.0000,0.0000,0.0000,0.0000,5.1080,91.7690,0.0000,0.0000,0.0000,0.0000,0.0000,0.0000,0.0000,0.0000,0.0000,0.0000
18.7500,0.0000,0.0000,0.0000,100.0000,0.0000,0.0000,88.0000,0.0000,0.0000,0.0000,0.0000,0.0000,0.0000,0.0000,92.4641,0.0000,0.0000,0.0000,0.0000,0.0000,0.0000,0.0000,0.0000,0.0000,0.0000
18.8000,0.0000,0.0000,0.0000,100.0000,0.0000,0.0000,88.0000,0.0000,0.0000,0.0000,0.0000,0.0000,0.0000,0.0000,92.4641,0.0000,0.0000,0.0000,0.0000,0.0000,0.0000,0.0000,0.0000,0.0000,0.0000
18.8500,0.0000,0.0000,0.0000,100.0000,0.0000,0.0000,88.0000,0.0000,0.0000,0.0000,0.0000,0.0000,0.0000,0.0000,92.4641,0.0000,0.0000,0.0000,0.0000,0.0000,0.0000,0.0000,0.0000,0.0000,0.0000
18.9000,0.0000,0.0000,0.0000,100.0000,0.0000,0.0000,88.0000,0.0000,0.0000,0.0000,0.0000,0.0000,0.0000,0.0000,92.4641,0.0000,0.0000,0.0000,0.0000,0.0000,0.0000,0.0000,0.0000,0.0000,0.0000
18.9500,0.0000,0.0000,0.0000,100.0000,0.0000,0.0000,88.0000,0.0000,0.0000,0.0000,0.0000,0.0000,0.0000,0.0000,92.4641,0.0000,0.0000,0.0000,0.0000,0.0000,0.0000,0.0000,0.0000,0.0000,0.0000
19.0000,0.0000,0.0000,0.0000,100.0000,0.0000,0.0000,88.0000,0.0000,0.0000,0.0000,0.0000,0.0000,0.0000,0.0000,92.4641,0.0000,0.0000,0.0000,0.0000,0.0000,0.0000,0.0000,0.0000,0.0000,0.0000
19.0500,0.0000,0.0000,0.0000,100.0000,0.0000,0.0000,86.1673,0.0000,0.0000,0.0000,0.0000,0.0000,0.0000,0.0000,89.7874,0.0000,0.0000,0.0000,0.0000,0.0000,0.0000,0.0000,0.0000,0.0000,0.0000
19.1000,0.0000,0.0000,0.0000,100.0000,0.0000,0.0000,77.9557,0.0000,0.0000,0.0000,0.0000,0.0000,0.0000,0.0000,77.7942,0.0000,0.0000,0.0000,0.0000,0.0000,0.0000,0.0000,0.0000,0.0000,0.0000
19.1500,0.0000,0.0000,0.0000,100.0000,0.0000,0.0000,66.4026,0.0000,0.0000,0.0000,0.0000,0.0000,0.0000,0.0000,60.9208,0.0000,0.0000,0.0000,0.0000,0.0000,0.0000,0.0000,0.0000,0.0000,0.0000
19.2000,0.0000,0.0000,0.0000,100.0000,0.0000,0.0000,58.1910,0.0000,0.0000,0.0000,0.0000,0.0000,0.0000,0.0000,48.9276,0.0000,0.0000,0.0000,0.0000,0.0000,0.0000,0.0000,0.0000,0.0000,0.0000
19.2500,0.0000,0.0000,0.0000,100.0000,0.0000,0.0000,56.3583,0.0000,0.0000,0.0000,0.0000,0.0000,0.0000,0.0000,46.2509,0.0000,0.0000,0.0000,0.0000,0.0000,0.0000,0.0000,0.0000,0.0000,0.0000
19.3000,0.0000,0.0000,0.0000,100.0000,0.0000,0.0000,56.3583,0.0000,0.0000,0.0000,0.0000,0.0000,0.0000,0.0000,46.2509,0.0000,0.0000,0.0000,0.0000,0.0000,0.0000,0.0000,0.0000,0.0000,0.0000
19.3500,0.0000,0.0000,0.0000,100.0000,0.0000,0.0000,56.3583,0.0000,0.0000,0.0000,0.0000,0.0000,0.0000,0.0000,46.2509,0.0000,0.0000,0.0000,0.0000,0.0000,0.0000,0.0000,0.0000,0.0000,0.0000
19.4000,0.0000,0.0000,0.0000,100.0000,0.0000,0.0000,56.3583,0.0000,0.0000,0.0000,0.0000,0.0000,0.0000,0.0000,46.2509,0.0000,0.0000,0.0000,0.0000,0.0000,0.0000,0.0000,0.0000,0.0000,0.0000
19.4500,0.0000,0.0000,0.0000,100.0000,0.0000,0.0000,56.3583,0.0000,0.0000,0.0000,0.0000,0.0000,0.0000,0.0000,46.2509,0.0000,0.0000,0.0000,0.0000,0.0000,0.0000,0.0000,0.0000,0.0000,0.0000
19.5000,0.0000,0.0000,0.0000,100.0000,0.0000,0.0000,56.3583,0.0000,0.0000,0.0000,0.0000,0.0000,0.0000,0.0000,46.2509,0.0000,0.0000,0.0000,0.0000,0.0000,0.0000,0.0000,0.0000,0.0000,0.0000
19.5500,0.0000,0.0000,0.0000,99.3050,0.0000,0.0000,53.0940,0.0000,0.0000,0.0000,0.0000,0.0000,0.0000,0.0000,45.9034,5.7920,0.0000,0.0000,0.0000,0.0000,0.0000,0.0000,0.0000,0.0000,0.0000
19.6000,0.0000,0.0000,0.0000,96.1907,0.0000,0.0000,38.4679,0.0000,0.0000,0.0000,0.0000,0.0000,0.0000,0.0000,44.3462,31.7440,0.0000,0.0000,0.0000,0.0000,0.0000,0.0000,0.0000,0.0000,0.0000
19.6500,0.0000,0.0000,0.0000,91.8093,0.0000,0.0000,17.8904,0.0000,0.0000,0.0000,0.0000,0.0000,0.0000,0.0000,42.1555,68.2560,0.0000,0.0000,0.0000,0.0000,0.0000,0.0000,0.0000,0.0000,0.0000
19.7000,0.0000,0.0000,0.0000,88.6950,0.0000,0.0000,3.2643,0.0000,0.0000,0.0000,0.0000,0.0000,0.0000,0.0000,40.5984,94.2080,0.0000,0.0000,0.0000,0.0000,0.0000,0.0000,0.0000,0.0000,0.0000
19.7500,0.0000,0.0000,0.0000,88.0000,0.0000,0.0000,0.0000,0.0000,0.0000,0.0000,0.0000,0.0000,0.0000,0.0000,40.2509,100.0000,0.0000,0.0000,0.0000,0.0000,0.0000,0.0000,0.0000,0.0000,0.0000
19.8000,0.0000,0.0000,0.0000,88.0000,0.0000,0.0000,0.0000,0.0000,0.0000,0.0000,0.0000,0.0000,0.0000,0.0000,40.2509,100.0000,0.0000,0.0000,0.0000,0.0000,0.0000,0.0000,0.0000,0.0000,0.0000
19.8500,0.0000,0.0000,0.0000,88.0000,0.0000,0.0000,0.0000,0.0000,0.0000,0.0000,0.0000,0.0000,0.0000,0.0000,40.2509,100.0000,0.0000,0.0000,0.0000,0.0000,0.0000,0.0000,0.0000,0.0000,0.0000
19.9000,0.0000,0.0000,0.0000,88.0000,0.0000,0.0000,0.0000,0.0000,0.0000,0.0000,0.0000,0.0000,0.0000,0.0000,40.2509,100.0000,0.0000,0.0000,0.0000,0.0000,0.0000,0.0000,0.0000,0.0000,0.0000
19.9500,0.0000,0.0000,0.0000,88.0000,0.0000,0.0000,0.0000,0.0000,0.0000,0.0000,0.0000,0.0000,0.0000,0.0000,40.2509,100.0000,0.0000,0.0000,0.0000,0.0000,0.0000,0.0000,0.0000,0.0000,0.0000
20.0000,0.0000,0.0000,0.0000,88.0000,0.0000,0.0000,0.0000,0.0000,0.0000,0.0000,0.0000,0.0000,0.0000,0.0000,40.2509,100.0000,0.0000,0.0000,0.0000,0.0000,0.0000,0.0000,0.0000,0.0000,0.0000
20.0500,0.0000,0.0000,0.0000,84.4725,0.0000,0.0000,0.0000,0.0000,0.0000,0.0000,0.0000,0.0000,0.0000,0.0000,37.9196,99.3050,0.0000,0.0000,0.0000,0.0000,5.7920,0.0000,0.0000,0.0000,0.0000
20.1000,0.0000,0.0000,0.0000,68.6667,0.0000,0.0000,0.0000,0.0000,0.0000,0.0000,0.0000,0.0000,0.0000,0.0000,27.4736,96.1907,0.0000,0.0000,0.0000,0.0000,31.7440,0.0000,0.0000,0.0000,0.0000
20.1500,0.0000,0.0000,0.0000,46.4296,0.0000,0.0000,0.0000,0.0000,0.0000,0.0000,0.0000,0.0000,0.0000,0.0000,12.7772,91.8093,0.0000,0.0000,0.0000,0.0000,68.2560,0.0000,0.0000,0.0000,0.0000
20.2000,0.0000,0.0000,0.0000,30.6238,0.0000,0.0000,0.0000,0.0000,0.0000,0.0000,0.0000,0.0000,0.0000,0.0000,2.3313,88.6950,0.0000,0.0000,0.0000,0.0000,94.2080,0.0000,0.0000,0.0000,0.0000
20.2500,0.0000,0.0000,0.0000,27.0963,0.0000,0.0000,0.0000,0.0000,0.0000,0.0000,0.0000,0.0000,0.0000,0.0000,0.0000,88.0000,0.0000,0.0000,0.0000,0.0000,100.0000,0.0000,0.0000,0.0000,0.0000
20.3000,0.0000,0.0000,0.0000,27.0963,0.0000,0.0000,0.0000,0.0000,0.0000,0.0000,0.0000,0.0000,0.0000,0.0000,0.0000,88.0000,0.0000,0.0000,0.0000,0.0000,100.0000,0.0000,0.0000,0.0000,0.0000
20.3500,0.0000,0.0000,0.0000,27.0963,0.0000,0.0000,0.0000,0.0000,0.0000,0.0000,0.0000,0.0000,0.0000,0.0000,0.0000,88.0000,0.0000,0.0000,0.0000,0.0000,100.0000,0.0000,0.0000,0.0000,0.0000
20.4000,0.0000,0.0000,0.0000,27.0963,0.0000,0.0000,0.0000,0.0000,0.0000,0.0000,0.0000,0.0000,0.0000,0.0000,0.0000,88.0000,0.0000,0.0000,0.0000,0.0000,100.0000,0.0000,0.0000,0.0000,0.0000
20.4500,0.0000,0.0000,0.0000,27.0963,0.0000,0.0000,0.0000,0.0000,0.0000,0.0000,0.0000,0.0000,0.0000,0.0000,0.0000,88.0000,0.0000,0.0000,0.0000,0.0000,100.0000,0.0000,0.0000,0.0000,0.0000
20.5000,0.0000,0.0000,0.0000,27.0963,0.0000,0.0000,0.0000,0.0000,0.0000,0.0000,0.0000,0.0000,0.0000,0.0000,0.0000,88.0000,0.0000,0.0000,0.0000,0.0000,100.0000,0.0000,0.0000,0.0000,0.0000
20.5500,0.0000,0.0000,0.0000,25.5269,0.0000,0.0000,0.0000,0.0000,0.0000,0.0000,0.0000,0.0000,0.0000,0.0000,0.0000,87.3050,0.0000,0.0000,0.0000,0.0000,97.3703,0.0000,0.0000,0.0000,1.3901
20.6000,0.0000,0.0000,0.0000,18.4948,0.0000,0.0000,0.0000,0.0000,0.0000,0.0000,0.0000,0.0000,0.0000,0.0000,0.0000,84.1907,0.0000,0.0000,0.0000,0.0000,85.5874,0.0000,0.0000,0.0000,7.6186
20.6500,0.0000,0.0000,0.0000,8.6014,0.0000,0.0000,0.0000,0.0000,0.0000,0.0000,0.0000,0.0000,0.0000,0.0000,0.0000,79.8093,0.0000,0.0000,0.0000,0.0000,69.0100,0.0000,0.0000,0.0000,16.3814
20.7000,0.0000,0.0000,0.0000,1.5694,0.0000,0.0000,0.0000,0.0000,0.0000,0.0000,0.0000,0.0000,0.0000,0.0000,0.0000,76.6950,0.0000,0.0000,0.0000,0.0000,57.2271,0.0000,0.0000,0.0000,22.6099
20.7500,0.0000,0.0000,0.0000,0.0000,0.0000,0.0000,0.0000,0.0000,0.0000,0.0000,0.0000,0.0000,0.0000,0.0000,0.0000,76.0000,0.0000,0.0000,0.0000,0.0000,54.5973,0.0000,0.0000,0.0000,24.0000
20.8000,0.0000,0.0000,0.0000,0.0000,0.0000,0.0000,0.0000,0.0000,0.0000,0.0000,0.0000,0.0000,0.0000,0.0000,0.0000,76.0000,0.0000,0.0000,0.0000,0.0000,54.5973,0.0000,0.0000,0.0000,24.0000
20.8500,0.0000,0.0000,0.0000,0.0000,0.0000,0.0000,0.0000,0.0000,0.0000,0.0000,0.0000,0.0000,0.0000,0.0000,0.0000,76.0000,0.0000,0.0000,0.0000,0.0000,54.5973,0.0000,0.0000,0.0000,24.0000
20.9000,0.0000,0.0000,0.0000,0.0000,0.0000,0.0000,0.0000,0.0000,0.0000,0.0000,0.0000,0.0000,0.0000,0.0000,0.0000,76.0000,0.0000,0.0000,0.0000,0.0000,54.5973,0.0000,0.0000,0.0000,24.0000
20.9500,0.0000,0.0000,0.0000,0.0000,0.0000,0.0000,0.0000,0.0000,0.0000,0.0000,0.0000,0.0000,0.0000,0.0000,0.0000,76.0000,0.0000,0.0000,0.0000,0.0000,54.5973,0.0000,0.0000,0.0000,24.0000
21.0000,0.0000,0.0000,0.0000,0.0000,0.0000,0.0000,0.0000,0.0000,0.0000,0.0000,0.0000,0.0000,0.0000,0.0000,0.0000,76.0000,0.0000,0.0000,0.0000,0.0000,54.5973,0.0000,0.0000,0.0000,24.0000
21.0500,0.0000,0.0000,0.0000,0.0000,0.0000,0.0000,0.0000,0.0000,0.0000,0.0000,0.0000,0.0000,0.0000,0.0000,0.0000,77.3901,0.0000,0.0000,0.0000,0.0000,54.5973,0.0000,0.0000,0.0000,27.7069
21.1000,0.0000,0.0000,0.0000,0.0000,0.0000,0.0000,0.0000,0.0000,0.0000,0.0000,0.0000,0.0000,0.0000,0.0000,0.0000,83.6186,0.0000,0.0000,0.0000,0.0000,54.5973,0.0000,0.0000,0.0000,44.3162
21.1500,0.0000,0.0000,0.0000,0.0000,0.0000,0.0000,0.0000,0.0000,0.0000,0.0000,0.0000,0.0000,0.0000,0.0000,0.0000,92.3814,0.0000,0.0000,0.0000,0.0000,54.5973,0.0000,0.0000,0.0000,67.6838
21.2000,0.0000,0.0000,0.0000,0.0000,0.0000,0.0000,0.0000,0.0000,0.0000,0.0000,0.0000,0.0000,0.0000,0.0000,0.0000,98.6099,0.0000,0.0000,0.0000,0.0000,54.5973,0.0000,0.0000,0.0000,84.2931
21.2500,0.0000,0.0000,0.0000,0.0000,0.0000,0.0000,0.0000,0.0000,0.0000,0.0000,0.0000,0.0000,0.0000,0.0000,0.0000,100.0000,0.0000,0.0000,0.0000,0.0000,54.5973,0.0000,0.0000,0.0000,88.0000
21.3000,0.0000,0.0000,0.0000,0.0000,0.0000,0.0000,0.0000,0.0000,0.0000,0.0000,0.0000,0.0000,0.0000,0.0000,0.0000,100.0000,0.0000,0.0000,0.0000,0.0000,54.5973,0.0000,0.0000,0.0000,88.0000
21.3500,0.0000,0.0000,0.0000,0.0000,0.0000,0.0000,0.0000,0.0000,0.0000,0.0000,0.0000,0.0000,0.0000,0.0000,0.0000,100.0000,0.0000,0.0000,0.0000,0.0000,54.5973,0.0000,0.0000,0.0000,88.0000
21.4000,0.0000,0.0000,0.0000,0.0000,0.0000,0.0000,0.0000,0.0000,0.0000,0.0000,0.0000,0.0000,0.0000,0.0000,0.0000,100.0000,0.0000,0.0000,0.0000,0.0000,54.5973,0.0000,0.0000,0.0000,88.0000
21.4500,0.0000,0.0000,0.0000,0.0000,0.0000,0.0000,0.0000,0.0000,0.0000,0.0000,0.0000,0.0000,0.0000,0.0000,0.0000,100.0000,0.0000,0.0000,0.0000,0.0000,54.5973,0.0000,0.0000,0.0000,88.0000
21.5000,0.0000,0.0000,0.0000,0.0000,0.0000,0.0000,0.0000,0.0000,0.0000,0.0000,0.0000,0.0000,0.0000,0.0000,0.0000,100.0000,0.0000,0.0000,0.0000,0.0000,54.5973,0.0000,0.0000,0.0000,88.0000
21.5500,0.0000,0.0000,0.0000,0.0000,0.0000,0.0000,0.0000,0.0000,0.0000,0.0000,0.0000,0.0000,0.0000,0.0000,0.0000,98.6099,0.0000,0.0000,0.0000,0.0000,54.5973,0.0000,0.0000,0.0000,88.6950
21.6000,0.0000,0.0000,0.0000,0.0000,0.0000,0.0000,0.0000,0.0000,0.0000,0.0000,0.0000,0.0000,0.0000,0.0000,0.0000,92.3814,0.0000,0.0000,0.0000,0.0000,54.5973,0.0000,0.0000,0.0000,91.8093
21.6500,0.0000,0.0000,0.0000,0.0000,0.0000,0.0000,0.0000,0.0000,0.0000,0.0000,0.0000,0.0000,0.0000,0.0000,0.0000,83.6186,0.0000,0.0000,0.0000,0.0000,54.5973,0.0000,0.0000,0.0000,96.1907
21.7000,0.0000,0.0000,0.0000,0.0000,0.0000,0.0000,0.0000,0.0000,0.0000,0.0000,0.0000,0.0000,0.0000,0.0000,0.0000,77.3901,0.0000,0.0000,0.0000,0.0000,54.5973,0.0000,0.0000,0.0000,99.3050
21.7500,0.0000,0.0000,0.0000,0.0000,0.0000,0.0000,0.0000,0.0000,0.0000,0.0000,0.0000,0.0000,0.0000,0.0000,0.0000,76.0000,0.0000,0.0000,0.0000,0.0000,54.5973,0.0000,0.0000,0.0000,100.0000
21.8000,0.0000,0.0000,0.0000,0.0000,0.0000,0.0000,0.0000,0.0000,0.0000,0.0000,0.0000,0.0000,0.0000,0.0000,0.0000,76.0000,0.0000,0.0000,0.0000,0.0000,54.5973,0.0000,0.0000,0.0000,100.0000
21.8500,0.0000,0.0000,0.0000,0.0000,0.0000,0.0000,0.0000,0.0000,0.0000,0.0000,0.0000,0.0000,0.0000,0.0000,0.0000,76.0000,0.0000,0.0000,0.0000,0.0000,54.5973,0.0000,0.0000,0.0000,100.0000
21.9000,0.0000,0.0000,0.0000,0.0000,0.0000,0.0000,0.0000,0.0000,0.0000,0.0000,0.0000,0.0000,0.0000,0.0000,0.0000,76.0000,0.0000,0.0000,0.0000,0.0000,54.5973,0.0000,0.0000,0.0000,100.0000
21.9500,0.0000,0.0000,0.0000,0.0000,0.0000,0.0000,0.0000,0.0000,0.0000,0.0000,0.0000,0.0000,0.0000,0.0000,0.0000,76.0000,0.0000,0.0000,0.0000,0.0000,54.5973,0.0000,0.0000,0.0000,100.0000
22.0000,0.0000,0.0000,0.0000,0.0000,0.0000,0.0000,0.0000,0.0000,0.0000,0.0000,0.0000,0.0000,0.0000,0.0000,0.0000,76.0000,0.0000,0.0000,0.0000,0.0000,54.5973,0.0000,0.0000,0.0000,100.0000
22.0500,0.0000,0.0000,0.0000,2.9885,0.0000,0.0000,0.0000,0.0000,0.0000,0.0000,0.0000,0.0000,0.0000,0.0000,0.0000,75.8262,0.0000,0.0000,0.0000,0.0000,51.4351,0.0000,0.0000,0.0000,100.0000
22.1000,0.0000,0.0000,0.0000,16.3791,0.0000,0.0000,0.0000,0.0000,0.0000,0.0000,0.0000,0.0000,0.0000,0.0000,0.0000,75.0477,0.0000,0.0000,0.0000,0.0000,37.2660,0.0000,0.0000,0.0000,100.0000
22.1500,0.0000,0.0000,0.0000,35.2183,0.0000,0.0000,0.0000,0.0000,0.0000,0.0000,0.0000,0.0000,0.0000,0.0000,0.0000,73.9523,0.0000,0.0000,0.0000,0.0000,17.3314,0.0000,0.0000,0.0000,100.0000
22.2000,0.0000,0.0000,0.0000,48.6088,0.0000,0.0000,0.0000,0.0000,0.0000,0.0000,0.0000,0.0000,0.0000,0.0000,0.0000,73.1738,0.0000,0.0000,0.0000,0.0000,3.1623,0.0000,0.0000,0.0000,100.0000
22.2500,0.0000,0.0000,0.0000,51.5973,0.0000,0.0000,0.0000,0.0000,0.0000,0.0000,0.0000,0.0000,0.0000,0.0000,0.0000,73.0000,0.0000,0.0000,0.0000,0.0000,0.0000,0.0000,0.0000,0.0000,100.0000
22.3000,0.0000,0.0000,0.0000,51.5973,0.0000,0.0000,0.0000,0.0000,0.0000,0.0000,0.0000,0.0000,0.0000,0.0000,0.0000,73.0000,0.0000,0.0000,0.0000,0.0000,0.0000,0.0000,0.0000,0.0000,100.0000
22.3500,0.0000,0.0000,0.0000,51.5973,0.0000,0.0000,0.0000,0.0000,0.0000,0.0000,0.0000,0.0000,0.0000,0.0000,0.0000,73.0000,0.0000,0.0000,0.0000,0.0000,0.0000,0.0000,0.0000,0.0000,100.0000
22.4000,0.0000,0.0000,0.0000,51.5973,0.0000,0.0000,0.0000,0.0000,0.0000,0.0000,0.0000,0.0000,0.0000,0.0000,0.0000,73.0000,0.0000,0.0000,0.0000,0.0000,0.0000,0.0000,0.0000,0.0000,100.0000
22.4500,0.0000,0.0000,0.0000,51.5973,0.0000,0.0000,0.0000,0.0000,0.0000,0.0000,0.0000,0.0000,0.0000,0.0000,0.0000,73.0000,0.0000,0.0000,0.0000,0.0000,0.0000,0.0000,0.0000,0.0000,100.0000
22.5000,0.0000,0.0000,0.0000,51.5973,0.0000,0.0000,0.0000,0.0000,0.0000,0.0000,0.0000,0.0000,0.0000,0.0000,0.0000,73.0000,0.0000,0.0000,0.0000,0.0000,0.0000,0.0000,0.0000,0.0000,100.0000
22.5500,0.0000,0.0000,0.0000,52.1186,0.0000,0.0000,0.0000,0.0000,0.0000,0.0000,0.0000,0.0000,0.0000,0.0000,0.0000,74.5638,0.0000,0.0000,0.0000,0.0000,0.0000,0.0000,0.0000,0.0000,100.0000
22.6000,0.0000,0.0000,0.0000,54.4543,0.0000,0.0000,0.0000,0.0000,0.0000,0.0000,0.0000,0.0000,0.0000,0.0000,0.0000,81.5709,0.0000,0.0000,0.0000,0.0000,0.0000,0.0000,0.0000,0.0000,100.0000
22.6500,0.0000,0.0000,0.0000,57.7404,0.0000,0.0000,0.0000,0.0000,0.0000,0.0000,0.0000,0.0000,0.0000,0.0000,0.0000,91.4291,0.0000,0.0000,0.0000,0.0000,0.0000,0.0000,0.0000,0.0000,100.0000
22.7000,0.0000,0.0000,0.0000,60.0761,0.0000,0.0000,0.0000,0.0000,0.0000,0.0000,0.0000,0.0000,0.0000,0.0000,0.0000,98.4362,0.0000,0.0000,0.0000,0.0000,0.0000,0.0000,0.0000,0.0000,100.0000
22.7500,0.0000,0.0000,0.0000,60.5973,0.0000,0.0000,0.0000,0.0000,0.0000,0.0000,0.0000,0.0000,0.0000,0.0000,0.0000,100.0000,0.0000,0.0000,0.0000,0.0000,0.0000,0.0000,0.0000,0.0000,100.0000
22.8000,0.0000,0.0000,0.0000,60.5973,0.0000,0.0000,0.0000,0.0000,0.0000,0.0000,0.0000,0.0000,0.0000,0.0000,0.0000,100.0000,0.0000,0.0000,0.0000,0.0000,0.0000,0.0000,0.0000,0.0000,100.0000
22.8500,0.0000,0.0000,0.0000,60.5973,0.0000,0.0000,0.0000,0.0000,0.0000,0.0000,0.0000,0.0000,0.0000,0.0000,0.0000,100.0000,0.0000,0.0000,0.0000,0.0000,0.0000,0.0000,0.0000,0.0000,100.0000
22.9000,0.0000,0.0000,0.0000,60.5973,0.0000,0.0000,0.0000,0.0000,0.0000,0.0000,0.0000,0.0000,0.0000,0.0000,0.0000,100.0000,0.0000,0.0000,0.0000,0.0000,0.0000,0.0000,0.0000,0.0000,100.0000
22.9500,0.0000,0.0000,0.0000,60.5973,0.0000,0.0000,0.0000,0.0000,0.0000,0.0000,0.0000,0.0000,0.0000,0.0000,0.0000,100.0000,0.0000,0.0000,0.0000,0.0000,0.0000,0.0000,0.0000,0.0000,100.0000
23.0000,0.0000,0.0000,0.0000,60.5973,0.0000,0.0000,0.0000,0.0000,0.0000,0.0000,0.0000,0.0000,0.0000,0.0000,0.0000,100.0000,0.0000,0.0000,0.0000,0.0000,0.0000,0.0000,0.0000,0.0000,100.0000
23.0500,0.0000,0.0000,0.0000,60.2498,0.0000,0.0000,0.0000,0.0000,0.0000,0.0000,0.0000,0.0000,0.0000,0.0000,0.0000,99.6525,0.0000,0.0000,0.0000,0.0000,0.0000,0.0000,0.0000,0.0000,100.0000
23.1000,0.0000,0.0000,0.0000,58.6927,0.0000,0.0000,0.0000,0.0000,0.0000,0.0000,0.0000,0.0000,0.0000,0.0000,0.0000,98.0954,0.0000,0.0000,0.0000,0.0000,0.0000,0.0000,0.0000,0.0000,100.0000
23.1500,0.0000,0.0000,0.0000,56.5020,0.0000,0.0000,0.0000,0.0000,0.0000,0.0000,0.0000,0.0000,0.0000,0.0000,0.0000,95.9046,0.0000,0.0000,0.0000,0.0000,0.0000,0.0000,0.0000,0.0000,100.0000
23.2000,0.0000,0.0000,0.0000,54.9449,0.0000,0.0000,0.0000,0.0000,0.0000,0.0000,0.0000,0.0000,0.0000,0.0000,0.0000,94.3475,0.0000,0.0000,0.0000,0.0000,0.0000,0.0000,0.0000,0.0000,100.0000
23.2500,0.0000,0.0000,0.0000,54.5973,0.0000,0.0000,0.0000,0.0000,0.0000,0.0000,0.0000,0.0000,0.0000,0.0000,0.0000,94.0000,0.0000,0.0000,0.0000,0.0000,0.0000,0.0000,0.0000,0.0000,100.0000
23.3000,0.0000,0.0000,0.0000,54.5973,0.0000,0.0000,0.0000,0.0000,0.0000,0.0000,0.0000,0.0000,0.0000,0.0000,0.0000,94.0000,0.0000,0.0000,0.0000,0.0000,0.0000,0.0000,0.0000,0.0000,100.0000
23.3500,0.0000,0.0000,0.0000,54.5973,0.0000,0.0000,0.0000,0.0000,0.0000,0.0000,0.0000,0.0000,0.0000,0.0000,0.0000,94.0000,0.0000,0.0000,0.0000,0.0000,0.0000,0.0000,0.0000,0.0000,100.0000
23.4000,0.0000,0.0000,0.0000,54.5973,0.0000,0.0000,0.0000,0.0000,0.0000,0.0000,0.0000,0.0000,0.0000,0.0000,0.0000,94.0000,0.0000,0.0000,0.0000,0.0000,0.0000,0.0000,0.0000,0.0000,100.0000
23.4500,0.0000,0.0000,0.0000,54.5973,0.0000,0.0000,0.0000,0.0000,0.0000,0.0000,0.0000,0.0000,0.0000,0.0000,0.0000,94.0000,0.0000,0.0000,0.0000,0.0000,0.0000,0.0000,0.0000,0.0000,100.0000
23.5000,0.0000,0.0000,0.0000,54.5973,0.0000,0.0000,0.0000,0.0000,0.0000,0.0000,0.0000,0.0000,0.0000,0.0000,0.0000,94.0000,0.0000,0.0000,0.0000,0.0000,0.0000,0.0000,0.0000,0.0000,100.0000
23.5500,0.0000,0.0000,0.0000,54.2498,0.0000,0.0000,0.0000,0.0000,0.0000,0.0000,0.0000,0.0000,0.0000,0.0000,0.0000,94.0000,0.0000,0.0000,0.0000,0.0000,0.0000,0.0000,0.0000,0.0000,100.0000
23.6000,0.0000,0.0000,0.0000,52.6927,0.0000,0.0000,0.0000,0.0000,0.0000,0.0000,0.0000,0.0000,0.0000,0.0000,0.0000,94.0000,0.0000,0.0000,0.0000,0.0000,0.0000,0.0000,0.0000,0.0000,100.0000
23.6500,0.0000,0.0000,0.0000,50.5020,0.0000,0.0000,0.0000,0.0000,0.0000,0.0000,0.0000,0.0000,0.0000,0.0000,0.0000,94.0000,0.0000,0.0000,0.0000,0.0000,0.0000,0.0000,0.0000,0.0000,100.0000
23.7000,0.0000,0.0000,0.0000,48.9449,0.0000,0.0000,0.0000,0.0000,0.0000,0.0000,0.0000,0.0000,0.0000,0.0000,0.0000,94.0000,0.0000,0.0000,0.0000,0.0000,0.0000,0.0000,0.0000,0.0000,100.0000
23.7500,0.0000,0.0000,0.0000,48.5973,0.0000,0.0000,0.0000,0.0000,0.0000,0.0000,0.0000,0.0000,0.0000,0.0000,0.0000,94.0000,0.0000,0.0000,0.0000,0.0000,0.0000,0.0000,0.0000,0.0000,100.0000
23.8000,0.0000,0.0000,0.0000,48.5973,0.0000,0.0000,0.0000,0.0000,0.0000,0.0000,0.0000,0.0000,0.0000,0.0000,0.0000,94.0000,0.0000,0.0000,0.0000,0.0000,0.0000,0.0000,0.0000,0.0000,100.0000
23.8500,0.0000,0.0000,0.0000,48.5973,0.0000,0.0000,0.0000,0.0000,0.0000,0.0000,0.0000,0.0000,0.0000,0.0000,0.0000,94.0000,0.0000,0.0000,0.0000,0.0000,0.0000,0.0000,0.0000,0.0000,100.0000
23.9000,0.0000,0.0000,0.0000,48.5973,0.0000,0.0000,0.0000,0.0000,0.0000,0.0000,0.0000,0.0000,0.0000,0.0000,0.0000,94.0000,0.0000,0.0000,0.0000,0.0000,0.0000,0.0000,0.0000,0.0000,100.0000
23.9500,0.0000,0.0000,0.0000,48.5973,0.0000,0.0000,0.0000,0.0000,0.0000,0.0000,0.0000,0.0000,0.0000,0.0000,0.0000,94.0000,0.0000,0.0000,0.0000,0.0000,0.0000,0.0000,0.0000,0.0000,100.0000
24.0000,0.0000,0.0000,0.0000,48.5973,0.0000,0.0000,0.0000,0.0000,0.0000,0.0000,0.0000,0.0000,0.0000,0.0000,0.0000,94.0000,0.0000,0.0000,0.0000,0.0000,0.0000,0.0000,0.0000,0.0000,100.0000
24.0500,0.0000,0.0000,0.0000,45.7826,0.0000,0.0000,0.0000,0.0000,0.0000,0.0000,0.0000,0.0000,0.0000,0.0000,0.0000,91.4174,0.0000,0.0000,0.0000,4.3351,0.0000,0.0000,0.0000,0.0000,100.0000
24.1000,0.0000,0.0000,0.0000,33.1706,0.0000,0.0000,0.0000,0.0000,0.0000,0.0000,0.0000,0.0000,0.0000,0.0000,0.0000,79.8455,0.0000,0.0000,0.0000,23.7591,0.0000,0.0000,0.0000,0.0000,100.0000
24.1500,0.0000,0.0000,0.0000,15.4267,0.0000,0.0000,0.0000,0.0000,0.0000,0.0000,0.0000,0.0000,0.0000,0.0000,0.0000,63.5649,0.0000,0.0000,0.0000,51.0869,0.0000,0.0000,0.0000,0.0000,100.0000
24.2000,0.0000,0.0000,0.0000,2.8148,0.0000,0.0000,0.0000,0.0000,0.0000,0.0000,0.0000,0.0000,0.0000,0.0000,0.0000,51.9930,0.0000,0.0000,0.0000,70.5110,0.0000,0.0000,0.0000,0.0000,100.0000
24.2500,0.0000,0.0000,0.0000,0.0000,0.0000,0.0000,0.0000,0.0000,0.0000,0.0000,0.0000,0.0000,0.0000,0.0000,0.0000,49.4104,0.0000,0.0000,0.0000,74.8460,0.0000,0.0000,0.0000,0.0000,100.0000
24.3000,0.0000,0.0000,0.0000,0.0000,0.0000,0.0000,0.0000,0.0000,0.0000,0.0000,0.0000,0.0000,0.0000,0.0000,0.0000,49.4104,0.0000,0.0000,0.0000,74.8460,0.0000,0.0000,0.0000,0.0000,100.0000
24.3500,0.0000,0.0000,0.0000,0.0000,0.0000,0.0000,0.0000,0.0000,0.0000,0.0000,0.0000,0.0000,0.0000,0.0000,0.0000,49.4104,0.0000,0.0000,0.0000,74.8460,0.0000,0.0000,0.0000,0.0000,100.0000
24.4000,0.0000,0.0000,0.0000,0.0000,0.0000,0.0000,0.0000,0.0000,0.0000,0.0000,0.0000,0.0000,0.0000,0.0000,0.0000,49.4104,0.0000,0.0000,0.0000,74.8460,0.0000,0.0000,0.0000,0.0000,100.0000
24.4500,0.0000,0.0000,0.0000,0.0000,0.0000,0.0000,0.0000,0.0000,0.0000,0.0000,0.0000,0.0000,0.0000,0.0000,0.0000,49.4104,0.0000,0.0000,0.0000,74.8460,0.0000,0.0000,0.0000,0.0000,100.0000
24.5000,0.0000,0.0000,0.0000,0.0000,0.0000,0.0000,0.0000,0.0000,0.0000,0.0000,0.0000,0.0000,0.0000,0.0000,0.0000,49.4104,0.0000,0.0000,0.0000,74.8460,0.0000,0.0000,0.0000,0.0000,100.0000
24.5500,0.0000,0.0000,0.0000,0.0000,0.0000,0.0000,0.0000,0.0000,0.0000,0.0000,0.0000,0.0000,0.0000,0.0000,0.0000,46.5485,0.0000,0.0000,0.0000,75.9554,0.0000,0.0000,0.0000,1.9931,100.0000
24.6000,0.0000,0.0000,0.0000,0.0000,0.0000,0.0000,0.0000,0.0000,0.0000,0.0000,0.0000,0.0000,0.0000,0.0000,0.0000,33.7255,0.0000,0.0000,0.0000,80.9263,0.0000,0.0000,0.0000,10.9238,100.0000
24.6500,0.0000,0.0000,0.0000,0.0000,0.0000,0.0000,0.0000,0.0000,0.0000,0.0000,0.0000,0.0000,0.0000,0.0000,0.0000,15.6848,0.0000,0.0000,0.0000,87.9198,0.0000,0.0000,0.0000,23.4883,100.0000
24.7000,0.0000,0.0000,0.0000,0.0000,0.0000,0.0000,0.0000,0.0000,0.0000,0.0000,0.0000,0.0000,0.0000,0.0000,0.0000,2.8618,0.0000,0.0000,0.0000,92.8906,0.0000,0.0000,0.0000,32.4189,100.0000
24.7500,0.0000,0.0000,0.0000,0.0000,0.0000,0.0000,0.0000,0.0000,0.0000,0.0000,0.0000,0.0000,0.0000,0.0000,0.0000,0.0000,0.0000,0.0000,0.0000,94.0000,0.0000,0.0000,0.0000,34.4121,100.0000
24.8000,0.0000,0.0000,0.0000,0.0000,0.0000,0.0000,0.0000,0.0000,0.0000,0.0000,0.0000,0.0000,0.0000,0.0000,0.0000,0.0000,0.0000,0.0000,0.0000,94.0000,0.0000,0.0000,0.0000,34.4121,100.0000
24.8500,0.0000,0.0000,0.0000,0.0000,0.0000,0.0000,0.0000,0.0000,0.0000,0.0000,0.0000,0.0000,0.0000,0.0000,0.0000,0.0000,0.0000,0.0000,0.0000,94.0000,0.0000,0.0000,0.0000,34.4121,100.0000
24.9000,0.0000,0.0000,0.0000,0.0000,0.0000,0.0000,0.0000,0.0000,0.0000,0.0000,0.0000,0.0000,0.0000,0.0000,0.0000,0.0000,0.0000,0.0000,0.0000,94.0000,0.0000,0.0000,0.0000,34.4121,100.0000
24.9500,0.0000,0.0000,0.0000,0.0000,0.0000,0.0000,0.0000,0.0000,0.0000,0.0000,0.0000,0.0000,0.0000,0.0000,0.0000,0.0000,0.0000,0.0000,0.0000,94.0000,0.0000,0.0000,0.0000,34.4121,100.0000
25.0000,0.0000,0.0000,0.0000,0.0000,0.0000,0.0000,0.0000,0.0000,0.0000,0.0000,0.0000,0.0000,0.0000,0.0000,0.0000,0.0000,0.0000,0.0000,0.0000,94.0000,0.0000,0.0000,0.0000,34.4121,100.0000
25.0500,0.0000,0.0000,0.0000,0.0000,0.0000,0.0000,0.0000,0.0000,0.0000,0.0000,0.0000,0.0000,0.0000,0.0000,0.0000,0.0000,0.0000,0.0000,0.0000,94.3475,0.0000,0.0000,0.0000,37.1684,100.0000
25.1000,0.0000,0.0000,0.0000,0.0000,0.0000,0.0000,0.0000,0.0000,0.0000,0.0000,0.0000,0.0000,0.0000,0.0000,0.0000,0.0000,0.0000,0.0000,0.0000,95.9046,0.0000,0.0000,0.0000,49.5184,100.0000
25.1500,0.0000,0.0000,0.0000,0.0000,0.0000,0.0000,0.0000,0.0000,0.0000,0.0000,0.0000,0.0000,0.0000,0.0000,0.0000,0.0000,0.0000,0.0000,0.0000,98.0954,0.0000,0.0000,0.0000,66.8937,100.0000
25.2000,0.0000,0.0000,0.0000,0.0000,0.0000,0.0000,0.0000,0.0000,0.0000,0.0000,0.0000,0.0000,0.0000,0.0000,0.0000,0.0000,0.0000,0.0000,0.0000,99.6525,0.0000,0.0000,0.0000,79.2437,100.0000
25.2500,0.0000,0.0000,0.0000,0.0000,0.0000,0.0000,0.0000,0.0000,0.0000,0.0000,0.0000,0.0000,0.0000,0.0000,0.0000,0.0000,0.0000,0.0000,0.0000,100.0000,0.0000,0.0000,0.0000,82.0000,100.0000
25.3000,0.0000,0.0000,0.0000,0.0000,0.0000,0.0000,0.0000,0.0000,0.0000,0.0000,0.0000,0.0000,0.0000,0.0000,0.0000,0.0000,0.0000,0.0000,0.0000,100.0000,0.0000,0.0000,0.0000,82.0000,100.0000
25.3500,0.0000,0.0000,0.0000,0.0000,0.0000,0.0000,0.0000,0.0000,0.0000,0.0000,0.0000,0.0000,0.0000,0.0000,0.0000,0.0000,0.0000,0.0000,0.0000,100.0000,0.0000,0.0000,0.0000,82.0000,100.0000
25.4000,0.0000,0.0000,0.0000,0.0000,0.0000,0.0000,0.0000,0.0000,0.0000,0.0000,0.0000,0.0000,0.0000,0.0000,0.0000,0.0000,0.0000,0.0000,0.0000,100.0000,0.0000,0.0000,0.0000,82.0000,100.0000
25.4500,0.0000,0.0000,0.0000,0.0000,0.0000,0.0000,0.0000,0.0000,0.0000,0.0000,0.0000,0.0000,0.0000,0.0000,0.0000,0.0000,0.0000,0.0000,0.0000,100.0000,0.0000,0.0000,0.0000,82.0000,100.0000
25.5000,0.0000,0.0000,0.0000,0.0000,0.0000,0.0000,0.0000,0.0000,0.0000,0.0000,0.0000,0.0000,0.0000,0.0000,0.0000,0.0000,0.0000,0.0000,0.0000,100.0000,0.0000,0.0000,0.0000,82.0000,100.0000
25.5500,0.0000,0.0000,0.0000,0.0000,0.0000,5.7920,0.0000,0.0000,0.0000,0.0000,0.0000,0.0000,0.0000,0.0000,0.0000,0.0000,0.0000,0.0000,0.0000,98.6099,0.0000,0.0000,0.0000,83.0426,94.2080
25.6000,0.0000,0.0000,0.0000,0.0000,0.0000,31.7440,0.0000,0.0000,0.0000,0.0000,0.0000,0.0000,0.0000,0.0000,0.0000,0.0000,0.0000,0.0000,0.0000,92.3814,0.0000,0.0000,0.0000,87.7139,68.2560
25.6500,0.0000,0.0000,0.0000,0.0000,0.0000,68.2560,0.0000,0.0000,0.0000,0.0000,0.0000,0.0000,0.0000,0.0000,0.0000,0.0000,0.0000,0.0000,0.0000,83.6186,0.0000,0.0000,0.0000,94.2861,31.7440
25.7000,0.0000,0.0000,0.0000,0.0000,0.0000,94.2080,0.0000,0.0000,0.0000,0.0000,0.0000,0.0000,0.0000,0.0000,0.0000,0.0000,0.0000,0.0000,0.0000,77.3901,0.0000,0.0000,0.0000,98.9574,5.7920
25.7500,0.0000,0.0000,0.0000,0.0000,0.0000,100.0000,0.0000,0.0000,0.0000,0.0000,0.0000,0.0000,0.0000,0.0000,0.0000,0.0000,0.0000,0.0000,0.0000,76.0000,0.0000,0.0000,0.0000,100.0000,0.0000
25.8000,0.0000,0.0000,0.0000,0.0000,0.0000,100.0000,0.0000,0.0000,0.0000,0.0000,0.0000,0.0000,0.0000,0.0000,0.0000,0.0000,0.0000,0.0000,0.0000,76.0000,0.0000,0.0000,0.0000,100.0000,0.0000
25.8500,0.0000,0.0000,0.0000,0.0000,0.0000,100.0000,0.0000,0.0000,0.0000,0.0000,0.0000,0.0000,0.0000,0.0000,0.0000,0.0000,0.0000,0.0000,0.0000,76.0000,0.0000,0.0000,0.0000,100.0000,0.0000
25.9000,0.0000,0.0000,0.0000,0.0000,0.0000,100.0000,0.0000,0.0000,0.0000,0.0000,0.0000,0.0000,0.0000,0.0000,0.0000,0.0000,0.0000,0.0000,0.0000,76.0000,0.0000,0.0000,0.0000,100.0000,0.0000
25.9500,0.0000,0.0000,0.0000,0.0000,0.0000,100.0000,0.0000,0.0000,0.0000,0.0000,0.0000,0.0000,0.0000,0.0000,0.0000,0.0000,0.0000,0.0000,0.0000,76.0000,0.0000,0.0000,0.0000,100.0000,0.0000
26.0000,0.0000,0.0000,0.0000,0.0000,0.0000,100.0000,0.0000,0.0000,0.0000,0.0000,0.0000,0.0000,0.0000,0.0000,0.0000,0.0000,0.0000,0.0000,0.0000,76.0000,0.0000,0.0000,0.0000,100.0000,0.0000
26.0500,0.0000,0.0000,0.0000,0.0000,0.0000,99.8262,0.0000,0.0000,0.0000,0.0000,0.0000,0.0000,0.0000,0.0000,0.0000,0.0000,0.0000,0.0000,0.0000,75.8262,0.0000,0.0000,0.0000,100.0000,0.0000
26.1000,0.0000,0.0000,0.0000,0.0000,0.0000,99.0477,0.0000,0.0000,0.0000,0.0000,0.0000,0.0000,0.0000,0.0000,0.0000,0.0000,0.0000,0.0000,0.0000,75.0477,0.0000,0.0000,0.0000,100.0000,0.0000
26.1500,0.0000,0.0000,0.0000,0.0000,0.0000,97.9523,0.0000,0.0000,0.0000,0.0000,0.0000,0.0000,0.0000,0.0000,0.0000,0.0000,0.0000,0.0000,0.0000,73.9523,0.0000,0.0000,0.0000,100.0000,0.0000
26.2000,0.0000,0.0000,0.0000,0.0000,0.0000,97.1738,0.0000,0.0000,0.0000,0.0000,0.0000,0.0000,0.0000,0.0000,0.0000,0.0000,0.0000,0.0000,0.0000,73.1738,0.0000,0.0000,0.0000,100.0000,0.0000
26.2500,0.0000,0.0000,0.0000,0.0000,0.0000,97.0000,0.0000,0.0000,0.0000,0.0000,0.0000,0.0000,0.0000,0.0000,0.0000,0.0000,0.0000,0.0000,0.0000,73.0000,0.0000,0.0000,0.0000,100.0000,0.0000
26.3000,0.0000,0.0000,0.0000,0.0000,0.0000,97.0000,0.0000,0.0000,0.0000,0.0000,0.0000,0.0000,0.0000,0.0000,0.0000,0.0000,0.0000,0.0000,0.0000,73.0000,0.0000,0.0000,0.0000,100.0000,0.0000
26.3500,0.0000,0.0000,0.0000,0.0000,0.0000,97.0000,0.0000,0.0000,0.0000,0.0000,0.0000,0.0000,0.0000,0.0000,0.0000,0.0000,0.0000,0.0000,0.0000,73.0000,0.0000,0.0000,0.0000,100.0000,0.0000
26.4000,0.0000,0.0000,0.0000,0.0000,0.0000,97.0000,0.0000,0.0000,0.0000,0.0000,0.0000,0.0000,0.0000,0.0000,0.0000,0.0000,0.0000,0.0000,0.0000,73.0000,0.0000,0.0000,0.0000,100.0000,0.0000
26.4500,0.0000,0.0000,0.0000,0.0000,0.0000,97.0000,0.0000,0.0000,0.0000,0.0000,0.0000,0.0000,0.0000,0.0000,0.0000,0.0000,0.0000,0.0000,0.0000,73.0000,0.0000,0.0000,0.0000,100.0000,0.0000
26.5000,0.0000,0.0000,0.0000,0.0000,0.0000,97.0000,0.0000,0.0000,0.0000,0.0000,0.0000,0.0000,0.0000,0.0000,0.0000,0.0000,0.0000,0.0000,0.0000,73.0000,0.0000,0.0000,0.0000,100.0000,0.0000
26.5500,0.0000,0.0000,0.0000,0.0000,0.0000,96.8262,0.0000,0.0000,0.0000,0.0000,0.0000,0.0000,0.0000,0.0000,5.7920,0.0000,0.0000,0.0000,0.0000,68.7718,4.6324,0.0000,0.0000,94.2080,0.0000
26.6000,0.0000,0.0000,0.0000,0.0000,0.0000,96.0477,0.0000,0.0000,0.0000,0.0000,0.0000,0.0000,0.0000,0.0000,31.7440,0.0000,0.0000,0.0000,0.0000,49.8269,25.3885,0.0000,0.0000,68.2560,0.0000
26.6500,0.0000,0.0000,0.0000,0.0000,0.0000,94.9523,0.0000,0.0000,0.0000,0.0000,0.0000,0.0000,0.0000,0.0000,68.2560,0.0000,0.0000,0.0000,0.0000,23.1731,54.5905,0.0000,0.0000,31.7440,0.0000
26.7000,0.0000,0.0000,0.0000,0.0000,0.0000,94.1738,0.0000,0.0000,0.0000,0.0000,0.0000,0.0000,0.0000,0.0000,94.2080,0.0000,0.0000,0.0000,0.0000,4.2282,75.3466,0.0000,0.0000,5.7920,0.0000
26.7500,0.0000,0.0000,0.0000,0.0000,0.0000,94.0000,0.0000,0.0000,0.0000,0.0000,0.0000,0.0000,0.0000,0.0000,100.0000,0.0000,0.0000,0.0000,0.0000,0.0000,79.9790,0.0000,0.0000,0.0000,0.0000
26.8000,0.0000,0.0000,0.0000,0.0000,0.0000,94.0000,0.0000,0.0000,0.0000,0.0000,0.0000,0.0000,0.0000,0.0000,100.0000,0.0000,0.0000,0.0000,0.0000,0.0000,79.9790,0.0000,0.0000,0.0000,0.0000
26.8500,0.0000,0.0000,0.0000,0.0000,0.0000,94.0000,0.0000,0.0000,0.0000,0.0000,0.0000,0.0000,0.0000,0.0000,100.0000,0.0000,0.0000,0.0000,0.0000,0.0000,79.9790,0.0000,0.0000,0.0000,0.0000
26.9000,0.0000,0.0000,0.0000,0.0000,0.0000,94.0000,0.0000,0.0000,0.0000,0.0000,0.0000,0.0000,0.0000,0.0000,100.0000,0.0000,0.0000,0.0000,0.0000,0.0000,79.9790,0.0000,0.0000,0.0000,0.0000
26.9500,0.0000,0.0000,0.0000,0.0000,0.0000,94.0000,0.0000,0.0000,0.0000,0.0000,0.0000,0.0000,0.0000,0.0000,100.0000,0.0000,0.0000,0.0000,0.0000,0.0000,79.9790,0.0000,0.0000,0.0000,0.0000
27.0000,0.0000,0.0000,0.0000,0.0000,0.0000,94.0000,0.0000,0.0000,0.0000,0.0000,0.0000,0.0000,0.0000,0.0000,100.0000,0.0000,0.0000,0.0000,0.0000,0.0000,79.9790,0.0000,0.0000,0.0000,0.0000
27.0500,0.0000,0.0000,0.0000,0.0000,0.0000,93.6525,0.0000,0.0000,0.0000,0.0000,0.0000,0.0000,0.0000,0.0000,99.6525,0.0000,0.0000,0.0000,0.0000,0.0000,80.3265,0.0000,0.0000,0.0000,0.0000
27.1000,0.0000,0.0000,0.0000,0.0000,0.0000,92.0954,0.0000,0.0000,0.0000,0.0000,0.0000,0.0000,0.0000,0.0000,98.0954,0.0000,0.0000,0.0000,0.0000,0.0000,81.8836,0.0000,0.0000,0.0000,0.0000
27.1500,0.0000,0.0000,0.0000,0.0000,0.0000,89.9046,0.0000,0.0000,0.0000,0.0000,0.0000,0.0000,0.0000,0.0000,95.9046,0.0000,0.0000,0.0000,0.0000,0.0000,84.0744,0.0000,0.0000,0.0000,0.0000
27.2000,0.0000,0.0000,0.0000,0.0000,0.0000,88.3475,0.0000,0.0000,0.0000,0.0000,0.0000,0.0000,0.0000,0.0000,94.3475,0.0000,0.0000,0.0000,0.0000,0.0000,85.6315,0.0000,0.0000,0.0000,0.0000
27.2500,0.0000,0.0000,0.0000,0.0000,0.0000,88.0000,0.0000,0.0000,0.0000,0.0000,0.0000,0.0000,0.0000,0.0000,94.0000,0.0000,0.0000,0.0000,0.0000,0.0000,85.9790,0.0000,0.0000,0.0000,0.0000
27.3000,0.0000,0.0000,0.0000,0.0000,0.0000,88.0000,0.0000,0.0000,0.0000,0.0000,0.0000,0.0000,0.0000,0.0000,94.0000,0.0000,0.0000,0.0000,0.0000,0.0000,85.9790,0.0000,0.0000,0.0000,0.0000
27.3500,0.0000,0.0000,0.0000,0.0000,0.0000,88.0000,0.0000,0.0000,0.0000,0.0000,0.0000,0.0000,0.0000,0.0000,94.0000,0.0000,0.0000,0.0000,0.0000,0.0000,85.9790,0.0000,0.0000,0.0000,0.0000
27.4000,0.0000,0.0000,0.0000,0.0000,0.0000,88.0000,0.0000,0.0000,0.0000,0.0000,0.0000,0.0000,0.0000,0.0000,94.0000,0.0000,0.0000,0.0000,0.0000,0.0000,85.9790,0.0000,0.0000,0.0000,0.0000
27.4500,0.0000,0.0000,0.0000,0.0000,0.0000,88.0000,0.0000,0.0000,0.0000,0.0000,0.0000,0.0000,0.0000,0.0000,94.0000,0.0000,0.0000,0.0000,0.0000,0.0000,85.9790,0.0000,0.0000,0.0000,0.0000
27.5000,0.0000,0.0000,0.0000,0.0000,0.0000,88.0000,0.0000,0.0000,0.0000,0.0000,0.0000,0.0000,0.0000,0.0000,94.0000,0.0000,0.0000,0.0000,0.0000,0.0000,85.9790,0.0000,0.0000,0.0000,0.0000
27.5500,0.0000,0.0000,5.6286,0.0000,0.0000,82.9030,0.0000,0.0000,0.0000,0.0000,0.0000,0.0000,0.0000,0.0000,94.0000,0.0000,0.0000,0.0000,0.0000,0.0000,86.4436,0.0000,0.0000,0.0000,0.0000
27.6000,0.0000,0.0000,30.8485,0.0000,0.0000,60.0653,0.0000,0.0000,0.0000,0.0000,0.0000,0.0000,0.0000,0.0000,94.0000,0.0000,0.0000,0.0000,0.0000,0.0000,88.5252,0.0000,0.0000,0.0000,0.0000
27.6500,0.0000,0.0000,66.3306,0.0000,0.0000,27.9347,0.0000,0.0000,0.0000,0.0000,0.0000,0.0000,0.0000,0.0000,94.0000,0.0000,0.0000,0.0000,0.0000,0.0000,91.4538,0.0000,0.0000,0.0000,0.0000
27.7000,0.0000,0.0000,91.5505,0.0000,0.0000,5.0970,0.0000,0.0000,0.0000,0.0000,0.0000,0.0000,0.0000,0.0000,94.0000,0.0000,0.0000,0.0000,0.0000,0.0000,93.5354,0.0000,0.0000,0.0000,0.0000
27.7500,0.0000,0.0000,97.1791,0.0000,0.0000,0.0000,0.0000,0.0000,0.0000,0.0000,0.0000,0.0000,0.0000,0.0000,94.0000,0.0000,0.0000,0.0000,0.0000,0.0000,94.0000,0.0000,0.0000,0.0000,0.0000
27.8000,0.0000,0.0000,97.1791,0.0000,0.0000,0.0000,0.0000,0.0000,0.0000,0.0000,0.0000,0.0000,0.0000,0.0000,94.0000,0.0000,0.0000,0.0000,0.0000,0.0000,94.0000,0.0000,0.0000,0.0000,0.0000
27.8500,0.0000,0.0000,97.1791,0.0000,0.0000,0.0000,0.0000,0.0000,0.0000,0.0000,0.0000,0.0000,0.0000,0.0000,94.0000,0.0000,0.0000,0.0000,0.0000,0.0000,94.0000,0.0000,0.0000,0.0000,0.0000
27.9000,0.0000,0.0000,97.1791,0.0000,0.0000,0.0000,0.0000,0.0000,0.0000,0.0000,0.0000,0.0000,0.0000,0.0000,94.0000,0.0000,0.0000,0.0000,0.0000,0.0000,94.0000,0.0000,0.0000,0.0000,0.0000
27.9500,0.0000,0.0000,97.1791,0.0000,0.0000,0.0000,0.0000,0.0000,0.0000,0.0000,0.0000,0.0000,0.0000,0.0000,94.0000,0.0000,0.0000,0.0000,0.0000,0.0000,94.0000,0.0000,0.0000,0.0000,0.0000
28.0000,0.0000,0.0000,97.1791,0.0000,0.0000,0.0000,0.0000,0.0000,0.0000,0.0000,0.0000,0.0000,0.0000,0.0000,94.0000,0.0000,0.0000,0.0000,0.0000,0.0000,94.0000,0.0000,0.0000,0.0000,0.0000
28.0500,0.0000,0.0000,96.3000,0.0000,0.0000,0.0000,0.0000,0.0000,0.0000,0.0000,0.0000,0.0000,0.0000,0.0000,93.6525,0.0000,0.0000,0.0000,0.0000,0.0000,94.3475,0.0000,0.0000,0.0000,0.0000
28.1000,0.0000,0.0000,92.3607,0.0000,0.0000,0.0000,0.0000,0.0000,0.0000,0.0000,0.0000,0.0000,0.0000,0.0000,92.0954,0.0000,0.0000,0.0000,0.0000,0.0000,95.9046,0.0000,0.0000,0.0000,0.0000
28.1500,0.0000,0.0000,86.8185,0.0000,0.0000,0.0000,0.0000,0.0000,0.0000,0.0000,0.0000,0.0000,0.0000,0.0000,89.9046,0.0000,0.0000,0.0000,0.0000,0.0000,98.0954,0.0000,0.0000,0.0000,0.0000
28.2000,0.0000,0.0000,82.8792,0.0000,0.0000,0.0000,0.0000,0.0000,0.0000,0.0000,0.0000,0.0000,0.0000,0.0000,88.3475,0.0000,0.0000,0.0000,0.0000,0.0000,99.6525,0.0000,0.0000,0.0000,0.0000
28.2500,0.0000,0.0000,82.0000,0.0000,0.0000,0.0000,0.0000,0.0000,0.0000,0.0000,0.0000,0.0000,0.0000,0.0000,88.0000,0.0000,0.0000,0.0000,0.0000,0.0000,100.0000,0.0000,0.0000,0.0000,0.0000
28.3000,0.0000,0.0000,82.0000,0.0000,0.0000,0.0000,0.0000,0.0000,0.0000,0.0000,0.0000,0.0000,0.0000,0.0000,88.0000,0.0000,0.0000,0.0000,0.0000,0.0000,100.0000,0.0000,0.0000,0.0000,0.0000
28.3500,0.0000,0.0000,82.0000,0.0000,0.0000,0.0000,0.0000,0.0000,0.0000,0.0000,0.0000,0.0000,0.0000,0.0000,88.0000,0.0000,0.0000,0.0000,0.0000,0.0000,100.0000,0.0000,0.0000,0.0000,0.0000
28.4000,0.0000,0.0000,82.0000,0.0000,0.0000,0.0000,0.0000,0.0000,0.0000,0.0000,0.0000,0.0000,0.0000,0.0000,88.0000,0.0000,0.0000,0.0000,0.0000,0.0000,100.0000,0.0000,0.0000,0.0000,0.0000
28.4500,0.0000,0.0000,82.0000,0.0000,0.0000,0.0000,0.0000,0.0000,0.0000,0.0000,0.0000,0.0000,0.0000,0.0000,88.0000,0.0000,0.0000,0.0000,0.0000,0.0000,100.0000,0.0000,0.0000,0.0000,0.0000
28.5000,0.0000,0.0000,82.0000,0.0000,0.0000,0.0000,0.0000,0.0000,0.0000,0.0000,0.0000,0.0000,0.0000,0.0000,88.0000,0.0000,0.0000,0.0000,0.0000,0.0000,100.0000,0.0000,0.0000,0.0000,0.0000
28.5500,0.0000,0.0000,79.4719,0.0000,0.0000,0.0000,0.0000,0.0000,0.0000,0.0000,0.0000,0.0000,0.0000,0.0000,82.9030,0.0000,0.0000,0.0000,0.0000,0.0000,99.3050,0.0000,4.5833,0.0000,0.0000
28.6000,0.0000,0.0000,68.1442,0.0000,0.0000,0.0000,0.0000,0.0000,0.0000,0.0000,0.0000,0.0000,0.0000,0.0000,60.0653,0.0000,0.0000,0.0000,0.0000,0.0000,96.1907,0.0000,25.1194,0.0000,0.0000
28.6500,0.0000,0.0000,52.2072,0.0000,0.0000,0.0000,0.0000,0.0000,0.0000,0.0000,0.0000,0.0000,0.0000,0.0000,27.9347,0.0000,0.0000,0.0000,0.0000,0.0000,91.8093,0.0000,54.0118,0.0000,0.0000
28.7000,0.0000,0.0000,40.8795,0.0000,0.0000,0.0000,0.0000,0.0000,0.0000,0.0000,0.0000,0.0000,0.0000,0.0000,5.0970,0.0000,0.0000,0.0000,0.0000,0.0000,88.6950,0.0000,74.5480,0.0000,0.0000
28.7500,0.0000,0.0000,38.3514,0.0000,0.0000,0.0000,0.0000,0.0000,0.0000,0.0000,0.0000,0.0000,0.0000,0.0000,0.0000,0.0000,0.0000,0.0000,0.0000,0.0000,88.0000,0.0000,79.1313,0.0000,0.0000
28.8000,0.0000,0.0000,38.3514,0.0000,0.0000,0.0000,0.0000,0.0000,0.0000,0.0000,0.0000,0.0000,0.0000,0.0000,0.0000,0.0000,0.0000,0.0000,0.0000,0.0000,88.0000,0.0000,79.1313,0.0000,0.0000
28.8500,0.0000,0.0000,38.3514,0.0000,0.0000,0.0000,0.0000,0.0000,0.0000,0.0000,0.0000,0.0000,0.0000,0.0000,0.0000,0.0000,0.0000,0.0000,0.0000,0.0000,88.0000,0.0000,79.1313,0.0000,0.0000
28.9000,0.0000,0.0000,38.3514,0.0000,0.0000,0.0000,0.0000,0.0000,0.0000,0.0000,0.0000,0.0000,0.0000,0.0000,0.0000,0.0000,0.0000,0.0000,0.0000,0.0000,88.0000,0.0000,79.1313,0.0000,0.0000
28.9500,0.0000,0.0000,38.3514,0.0000,0.0000,0.0000,0.0000,0.0000,0.0000,0.0000,0.0000,0.0000,0.0000,0.0000,0.0000,0.0000,0.0000,0.0000,0.0000,0.0000,88.0000,0.0000,79.1313,0.0000,0.0000
29.0000,0.0000,0.0000,38.3514,0.0000,0.0000,0.0000,0.0000,0.0000,0.0000,0.0000,0.0000,0.0000,0.0000,0.0000,0.0000,0.0000,0.0000,0.0000,0.0000,0.0000,88.0000,0.0000,79.1313,0.0000,0.0000
29.0500,0.0000,0.0000,37.4384,0.0000,0.0000,0.0000,0.0000,0.0000,0.0000,0.0000,0.0000,0.0000,0.0000,0.0000,0.0000,0.0000,0.0000,0.0000,0.0000,4.4019,82.9030,0.0000,77.1313,0.0000,0.0000
29.1000,0.0000,0.0000,33.3473,0.0000,0.0000,0.0000,0.0000,0.0000,0.0000,0.0000,0.0000,0.0000,0.0000,0.0000,0.0000,0.0000,0.0000,0.0000,0.0000,24.1254,60.0653,0.0000,68.1700,0.0000,0.0000
29.1500,0.0000,0.0000,27.5916,0.0000,0.0000,0.0000,0.0000,0.0000,0.0000,0.0000,0.0000,0.0000,0.0000,0.0000,0.0000,0.0000,0.0000,0.0000,0.0000,51.8746,27.9347,0.0000,55.5623,0.0000,0.0000
29.2000,0.0000,0.0000,23.5006,0.0000,0.0000,0.0000,0.0000,0.0000,0.0000,0.0000,0.0000,0.0000,0.0000,0.0000,0.0000,0.0000,0.0000,0.0000,0.0000,71.5981,5.0970,0.0000,46.6010,0.0000,0.0000
29.2500,0.0000,0.0000,22.5875,0.0000,0.0000,0.0000,0.0000,0.0000,0.0000,0.0000,0.0000,0.0000,0.0000,0.0000,0.0000,0.0000,0.0000,0.0000,0.0000,76.0000,0.0000,0.0000,44.6010,0.0000,0.0000
29.3000,0.0000,0.0000,22.5875,0.0000,0.0000,0.0000,0.0000,0.0000,0.0000,0.0000,0.0000,0.0000,0.0000,0.0000,0.0000,0.0000,0.0000,0.0000,0.0000,76.0000,0.0000,0.0000,44.6010,0.0000,0.0000
29.3500,0.0000,0.0000,22.5875,0.0000,0.0000,0.0000,0.0000,0.0000,0.0000,0.0000,0.0000,0.0000,0.0000,0.0000,0.0000,0.0000,0.0000,0.0000,0.0000,76.0000,0.0000,0.0000,44.6010,0.0000,0.0000
29.4000,0.0000,0.0000,22.5875,0.0000,0.0000,0.0000,0.0000,0.0000,0.0000,0.0000,0.0000,0.0000,0.0000,0.0000,0.0000,0.0000,0.0000,0.0000,0.0000,76.0000,0.0000,0.0000,44.6010,0.0000,0.0000
29.4500,0.0000,0.0000,22.5875,0.0000,0.0000,0.0000,0.0000,0.0000,0.0000,0.0000,0.0000,0.0000,0.0000,0.0000,0.0000,0.0000,0.0000,0.0000,0.0000,76.0000,0.0000,0.0000,44.6010,0.0000,0.0000
29.5000,0.0000,0.0000,22.5875,0.0000,0.0000,0.0000,0.0000,0.0000,0.0000,0.0000,0.0000,0.0000,0.0000,0.0000,0.0000,0.0000,0.0000,0.0000,0.0000,76.0000,0.0000,0.0000,44.6010,0.0000,0.0000
29.5500,0.0000,0.0000,21.2792,0.0000,0.0000,0.0000,0.0000,3.7069,0.0000,0.0000,0.0000,0.0000,0.0000,0.0000,0.0000,0.0000,0.0000,0.0000,0.0000,76.0000,0.0000,0.0000,45.2960,0.0000,0.0000
29.6000,0.0000,0.0000,15.4173,0.0000,0.0000,0.0000,0.0000,20.3162,0.0000,0.0000,0.0000,0.0000,0.0000,0.0000,0.0000,0.0000,0.0000,0.0000,0.0000,76.0000,0.0000,0.0000,48.4103,0.0000,0.0000
29.6500,0.0000,0.0000,7.1702,0.0000,0.0000,0.0000,0.0000,43.6838,0.0000,0.0000,0.0000,0.0000,0.0000,0.0000,0.0000,0.0000,0.0000,0.0000,0.0000,76.0000,0.0000,0.0000,52.7917,0.0000,0.0000
29.7000,0.0000,0.0000,1.3083,0.0000,0.0000,0.0000,0.0000,60.2931,0.0000,0.0000,0.0000,0.0000,0.0000,0.0000,0.0000,0.0000,0.0000,0.0000,0.0000,76.0000,0.0000,0.0000,55.9060,0.0000,0.0000
29.7500,0.0000,0.0000,0.0000,0.0000,0.0000,0.0000,0.0000,64.0000,0.0000,0.0000,0.0000,0.0000,0.0000,0.0000,0.0000,0.0000,0.0000,0.0000,0.0000,76.0000,0.0000,0.0000,56.6010,0.0000,0.0000
29.8000,0.0000,0.0000,0.0000,0.0000,0.0000,0.0000,0.0000,64.0000,0.0000,0.0000,0.0000,0.0000,0.0000,0.0000,0.0000,0.0000,0.0000,0.0000,0.0000,76.0000,0.0000,0.0000,56.6010,0.0000,0.0000
29.8500,0.0000,0.0000,0.0000,0.0000,0.0000,0.0000,0.0000,64.0000,0.0000,0.0000,0.0000,0.0000,0.0000,0.0000,0.0000,0.0000,0.0000,0.0000,0.0000,76.0000,0.0000,0.0000,56.6010,0.0000,0.0000
29.9000,0.0000,0.0000,0.0000,0.0000,0.0000,0.0000,0.0000,64.0000,0.0000,0.0000,0.0000,0.0000,0.0000,0.0000,0.0000,0.0000,0.0000,0.0000,0.0000,76.0000,0.0000,0.0000,56.6010,0.0000,0.0000
29.9500,0.0000,0.0000,0.0000,0.0000,0.0000,0.0000,0.0000,64.0000,0.0000,0.0000,0.0000,0.0000,0.0000,0.0000,0.0000,0.0000,0.0000,0.0000,0.0000,76.0000,0.0000,0.0000,56.6010,0.0000,0.0000
30.0000,0.0000,0.0000,0.0000,0.0000,0.0000,0.0000,0.0000,64.0000,0.0000,0.0000,0.0000,0.0000,0.0000,0.0000,0.0000,0.0000,0.0000,0.0000,0.0000,76.0000,0.0000,0.0000,56.6010,0.0000,0.0000
30.0500,0.0000,0.0000,0.0000,0.0000,0.0000,0.0000,0.0000,66.0851,0.0000,0.0000,0.0000,0.0000,0.0000,0.0000,0.0000,0.0000,0.0000,0.0000,0.0000,76.6950,0.0000,0.0000,59.1147,0.0000,0.0000
30.1000,0.0000,0.0000,0.0000,0.0000,0.0000,0.0000,0.0000,75.4278,0.0000,0.0000,0.0000,0.0000,0.0000,0.0000,0.0000,0.0000,0.0000,0.0000,0.0000,79.8093,0.0000,0.0000,70.3776,0.0000,0.0000
30.1500,0.0000,0.0000,0.0000,0.0000,0.0000,0.0000,0.0000,88.5722,0.0000,0.0000,0.0000,0.0000,0.0000,0.0000,0.0000,0.0000,0.0000,0.0000,0.0000,84.1907,0.0000,0.0000,86.2234,0.0000,0.0000
30.2000,0.0000,0.0000,0.0000,0.0000,0.0000,0.0000,0.0000,97.9149,0.0000,0.0000,0.0000,0.0000,0.0000,0.0000,0.0000,0.0000,0.0000,0.0000,0.0000,87.3050,0.0000,0.0000,97.4863,0.0000,0.0000
30.2500,0.0000,0.0000,0.0000,0.0000,0.0000,0.0000,0.0000,100.0000,0.0000,0.0000,0.0000,0.0000,0.0000,0.0000,0.0000,0.0000,0.0000,0.0000,0.0000,88.0000,0.0000,0.0000,100.0000,0.0000,0.0000
30.3000,0.0000,0.0000,0.0000,0.0000,0.0000,0.0000,0.0000,100.0000,0.0000,0.0000,0.0000,0.0000,0.0000,0.0000,0.0000,0.0000,0.0000,0.0000,0.0000,88.0000,0.0000,0.0000,100.0000,0.0000,0.0000
30.3500,0.0000,0.0000,0.0000,0.0000,0.0000,0.0000,0.0000,100.0000,0.0000,0.0000,0.0000,0.0000,0.0000,0.0000,0.0000,0.0000,0.0000,0.0000,0.0000,88.0000,0.0000,0.0000,100.0000,0.0000,0.0000
30.4000,0.0000,0.0000,0.0000,0.0000,0.0000,0.0000,0.0000,100.0000,0.0000,0.0000,0.0000,0.0000,0.0000,0.0000,0.0000,0.0000,0.0000,0.0000,0.0000,88.0000,0.0000,0.0000,100.0000,0.0000,0.0000
30.4500,0.0000,0.0000,0.0000,0.0000,0.0000,0.0000,0.0000,100.0000,0.0000,0.0000,0.0000,0.0000,0.0000,0.0000,0.0000,0.0000,0.0000,0.0000,0.0000,88.0000,0.0000,0.0000,100.0000,0.0000,0.0000
30.5000,0.0000,0.0000,0.0000,0.0000,0.0000,0.0000,0.0000,100.0000,0.0000,0.0000,0.0000,0.0000,0.0000,0.0000,0.0000,0.0000,0.0000,0.0000,0.0000,88.0000,0.0000,0.0000,100.0000,0.0000,0.0000
30.5500,0.0000,0.0000,0.0000,0.0000,0.0000,0.0000,0.0000,100.0000,0.0000,0.0000,0.0000,0.0000,0.0000,0.0000,0.0000,0.0000,0.0000,0.0000,0.0000,88.6950,0.0000,0.0000,100.0000,0.0000,0.0000
30.6000,0.0000,0.0000,0.0000,0.0000,0.0000,0.0000,0.0000,100.0000,0.0000,0.0000,0.0000,0.0000,0.0000,0.0000,0.0000,0.0000,0.0000,0.0000,0.0000,91.8093,0.0000,0.0000,100.0000,0.0000,0.0000
30.6500,0.0000,0.0000,0.0000,0.0000,0.0000,0.0000,0.0000,100.0000,0.0000,0.0000,0.0000,0.0000,0.0000,0.0000,0.0000,0.0000,0.0000,0.0000,0.0000,96.1907,0.0000,0.0000,100.0000,0.0000,0.0000
30.7000,0.0000,0.0000,0.0000,0.0000,0.0000,0.0000,0.0000,100.0000,0.0000,0.0000,0.0000,0.0000,0.0000,0.0000,0.0000,0.0000,0.0000,0.0000,0.0000,99.3050,0.0000,0.0000,100.0000,0.0000,0.0000
30.7500,0.0000,0.0000,0.0000,0.0000,0.0000,0.0000,0.0000,100.0000,0.0000,0.0000,0.0000,0.0000,0.0000,0.0000,0.0000,0.0000,0.0000,0.0000,0.0000,100.0000,0.0000,0.0000,100.0000,0.0000,0.0000
30.8000,0.0000,0.0000,0.0000,0.0000,0.0000,0.0000,0.0000,100.0000,0.0000,0.0000,0.0000,0.0000,0.0000,0.0000,0.0000,0.0000,0.0000,0.0000,0.0000,100.0000,0.0000,0.0000,100.0000,0.0000,0.0000
30.8500,0.0000,0.0000,0.0000,0.0000,0.0000,0.0000,0.0000,100.0000,0.0000,0.0000,0.0000,0.0000,0.0000,0.0000,0.0000,0.0000,0.0000,0.0000,0.0000,100.0000,0.0000,0.0000,100.0000,0.0000,0.0000
30.9000,0.0000,0.0000,0.0000,0.0000,0.0000,0.0000,0.0000,100.0000,0.0000,0.0000,0.0000,0.0000,0.0000,0.0000,0.0000,0.0000,0.0000,0.0000,0.0000,100.0000,0.0000,0.0000,100.0000,0.0000,0.0000
30.9500,0.0000,0.0000,0.0000,0.0000,0.0000,0.0000,0.0000,100.0000,0.0000,0.0000,0.0000,0.0000,0.0000,0.0000,0.0000,0.0000,0.0000,0.0000,0.0000,100.0000,0.0000,0.0000,100.0000,0.0000,0.0000
31.0000,0.0000,0.0000,0.0000,0.0000,0.0000,0.0000,0.0000,100.0000,0.0000,0.0000,0.0000,0.0000,0.0000,0.0000,0.0000,0.0000,0.0000,0.0000,0.0000,100.0000,0.0000,0.0000,100.0000,0.0000,0.0000
31.0500,0.0000,0.0000,0.0000,0.0000,0.0000,0.0000,0.0000,99.3050,0.0000,0.0000,0.0000,0.0000,0.0000,0.0000,0.0000,2.3247,0.0000,0.0000,0.0000,94.2080,0.0000,0.0000,98.8541,0.0000,0.0000
31.1000,0.0000,0.0000,0.0000,0.0000,0.0000,0.0000,0.0000,96.1907,0.0000,0.0000,0.0000,0.0000,0.0000,0.0000,0.0000,12.7409,0.0000,0.0000,0.0000,68.2560,0.0000,0.0000,93.7195,0.0000,0.0000
31.1500,0.0000,0.0000,0.0000,0.0000,0.0000,0.0000,0.0000,91.8093,0.0000,0.0000,0.0000,0.0000,0.0000,0.0000,0.0000,27.3955,0.0000,0.0000,0.0000,31.7440,0.0000,0.0000,86.4956,0.0000,0.0000
31.2000,0.0000,0.0000,0.0000,0.0000,0.0000,0.0000,0.0000,88.6950,0.0000,0.0000,0.0000,0.0000,0.0000,0.0000,0.0000,37.8117,0.0000,0.0000,0.0000,5.7920,0.0000,0.0000,81.3610,0.0000,0.0000
31.2500,0.0000,0.0000,0.0000,0.0000,0.0000,0.0000,0.0000,88.0000,0.0000,0.0000,0.0000,0.0000,0.0000,0.0000,0.0000,40.1364,0.0000,0.0000,0.0000,0.0000,0.0000,0.0000,80.2151,0.0000,0.0000
31.3000,0.0000,0.0000,0.0000,0.0000,0.0000,0.0000,0.0000,88.0000,0.0000,0.0000,0.0000,0.0000,0.0000,0.0000,0.0000,40.1364,0.0000,0.0000,0.0000,0.0000,0.0000,0.0000,80.2151,0.0000,0.0000
31.3500,0.0000,0.0000,0.0000,0.0000,0.0000,0.0000,0.0000,88.0000,0.0000,0.0000,0.0000,0.0000,0.0000,0.0000,0.0000,40.1364,0.0000,0.0000,0.0000,0.0000,0.0000,0.0000,80.2151,0.0000,0.0000
31.4000,0.0000,0.0000,0.0000,0.0000,0.0000,0.0000,0.0000,88.0000,0.0000,0.0000,0.0000,0.0000,0.0000,0.0000,0.0000,40.1364,0.0000,0.0000,0.0000,0.0000,0.0000,0.0000,80.2151,0.0000,0.0000
31.4500,0.0000,0.0000,0.0000,0.0000,0.0000,0.0000,0.0000,88.0000,0.0000,0.0000,0.0000,0.0000,0.0000,0.0000,0.0000,40.1364,0.0000,0.0000,0.0000,0.0000,0.0000,0.0000,80.2151,0.0000,0.0000
31.5000,0.0000,0.0000,0.0000,0.0000,0.0000,0.0000,0.0000,88.0000,0.0000,0.0000,0.0000,0.0000,0.0000,0.0000,0.0000,40.1364,0.0000,0.0000,0.0000,0.0000,0.0000,0.0000,80.2151,0.0000,0.0000
31.5500,0.0000,0.0000,0.0000,0.0000,0.0000,0.0000,0.0000,82.9030,0.0000,0.0000,0.0000,0.0000,0.0000,0.0000,0.0000,40.1364,0.0000,0.0000,0.0000,0.0000,5.4445,0.0000,81.3610,0.0000,0.0000
31.6000,0.0000,0.0000,0.0000,0.0000,0.0000,0.0000,0.0000,60.0653,0.0000,0.0000,0.0000,0.0000,0.0000,0.0000,0.0000,40.1364,0.0000,0.0000,0.0000,0.0000,29.8394,0.0000,86.4956,0.0000,0.0000
31.6500,0.0000,0.0000,0.0000,0.0000,0.0000,0.0000,0.0000,27.9347,0.0000,0.0000,0.0000,0.0000,0.0000,0.0000,0.0000,40.1364,0.0000,0.0000,0.0000,0.0000,64.1606,0.0000,93.7195,0.0000,0.0000
31.7000,0.0000,0.0000,0.0000,0.0000,0.0000,0.0000,0.0000,5.0970,0.0000,0.0000,0.0000,0.0000,0.0000,0.0000,0.0000,40.1364,0.0000,0.0000,0.0000,0.0000,88.5555,0.0000,98.8541,0.0000,0.0000
31.7500,0.0000,0.0000,0.0000,0.0000,0.0000,0.0000,0.0000,0.0000,0.0000,0.0000,0.0000,0.0000,0.0000,0.0000,0.0000,40.1364,0.0000,0.0000,0.0000,0.0000,94.0000,0.0000,100.0000,0.0000,0.0000
31.8000,0.0000,0.0000,0.0000,0.0000,0.0000,0.0000,0.0000,0.0000,0.0000,0.0000,0.0000,0.0000,0.0000,0.0000,0.0000,40.1364,0.0000,0.0000,0.0000,0.0000,94.0000,0.0000,100.0000,0.0000,0.0000
31.8500,0.0000,0.0000,0.0000,0.0000,0.0000,0.0000,0.0000,0.0000,0.0000,0.0000,0.0000,0.0000,0.0000,0.0000,0.0000,40.1364,0.0000,0.0000,0.0000,0.0000,94.0000,0.0000,100.0000,0.0000,0.0000
31.9000,0.0000,0.0000,0.0000,0.0000,0.0000,0.0000,0.0000,0.0000,0.0000,0.0000,0.0000,0.0000,0.0000,0.0000,0.0000,40.1364,0.0000,0.0000,0.0000,0.0000,94.0000,0.0000,100.0000,0.0000,0.0000
31.9500,0.0000,0.0000,0.0000,0.0000,0.0000,0.0000,0.0000,0.0000,0.0000,0.0000,0.0000,0.0000,0.0000,0.0000,0.0000,40.1364,0.0000,0.0000,0.0000,0.0000,94.0000,0.0000,100.0000,0.0000,0.0000
32.0000,0.0000,0.0000,0.0000,0.0000,0.0000,0.0000,0.0000,0.0000,0.0000,0.0000,0.0000,0.0000,0.0000,0.0000,0.0000,40.1364,0.0000,0.0000,0.0000,0.0000,94.0000,0.0000,100.0000,0.0000,0.0000
32.0500,0.0000,0.0000,0.0000,0.0000,0.0000,0.0000,0.0000,0.0000,0.0000,0.0000,0.0000,0.0000,0.0000,0.0000,0.0000,39.4414,0.0000,0.0000,0.0000,0.0000,92.5379,0.0000,97.2351,0.0000,0.0000
32.1000,0.0000,0.0000,0.0000,0.0000,0.0000,0.0000,0.0000,0.0000,0.0000,0.0000,0.0000,0.0000,0.0000,0.0000,0.0000,36.3271,0.0000,0.0000,0.0000,0.0000,85.9869,0.0000,84.8466,0.0000,0.0000
32.1500,0.0000,0.0000,0.0000,0.0000,0.0000,0.0000,0.0000,0.0000,0.0000,0.0000,0.0000,0.0000,0.0000,0.0000,0.0000,31.9457,0.0000,0.0000,0.0000,0.0000,76.7702,0.0000,67.4171,0.0000,0.0000
32.2000,0.0000,0.0000,0.0000,0.0000,0.0000,0.0000,0.0000,0.0000,0.0000,0.0000,0.0000,0.0000,0.0000,0.0000,0.0000,28.8315,0.0000,0.0000,0.0000,0.0000,70.2192,0.0000,55.0286,0.0000,0.0000
32.2500,0.0000,0.0000,0.0000,0.0000,0.0000,0.0000,0.0000,0.0000,0.0000,0.0000,0.0000,0.0000,0.0000,0.0000,0.0000,28.1364,0.0000,0.0000,0.0000,0.0000,68.7571,0.0000,52.2637,0.0000,0.0000
32.3000,0.0000,0.0000,0.0000,0.0000,0.0000,0.0000,0.0000,0.0000,0.0000,0.0000,0.0000,0.0000,0.0000,0.0000,0.0000,28.1364,0.0000,0.0000,0.0000,0.0000,68.7571,0.0000,52.2637,0.0000,0.0000
32.3500,0.0000,0.0000,0.0000,0.0000,0.0000,0.0000,0.0000,0.0000,0.0000,0.0000,0.0000,0.0000,0.0000,0.0000,0.0000,28.1364,0.0000,0.0000,0.0000,0.0000,68.7571,0.0000,52.2637,0.0000,0.0000
32.4000,0.0000,0.0000,0.0000,0.0000,0.0000,0.0000,0.0000,0.0000,0.0000,0.0000,0.0000,0.0000,0.0000,0.0000,0.0000,28.1364,0.0000,0.0000,0.0000,0.0000,68.7571,0.0000,52.2637,0.0000,0.0000
32.4500,0.0000,0.0000,0.0000,0.0000,0.0000,0.0000,0.0000,0.0000,0.0000,0.0000,0.0000,0.0000,0.0000,0.0000,0.0000,28.1364,0.0000,0.0000,0.0000,0.0000,68.7571,0.0000,52.2637,0.0000,0.0000
32.5000,0.0000,0.0000,0.0000,0.0000,0.0000,0.0000,0.0000,0.0000,0.0000,0.0000,0.0000,0.0000,0.0000,0.0000,0.0000,28.1364,0.0000,0.0000,0.0000,0.0000,68.7571,0.0000,52.2637,0.0000,0.0000
32.5500,0.0000,0.0000,0.0000,0.0000,0.0000,0.0000,0.0000,0.0000,0.0000,0.0000,0.0000,0.0000,0.0000,0.0000,0.0000,28.6577,0.0000,0.0000,0.0000,0.0000,69.2784,0.0000,55.0286,0.0000,0.0000
32.6000,0.0000,0.0000,0.0000,0.0000,0.0000,0.0000,0.0000,0.0000,0.0000,0.0000,0.0000,0.0000,0.0000,0.0000,0.0000,30.9934,0.0000,0.0000,0.0000,0.0000,71.6141,0.0000,67.4171,0.0000,0.0000
32.6500,0.0000,0.0000,0.0000,0.0000,0.0000,0.0000,0.0000,0.0000,0.0000,0.0000,0.0000,0.0000,0.0000,0.0000,0.0000,34.2795,0.0000,0.0000,0.0000,0.0000,74.9002,0.0000,84.8466,0.0000,0.0000
32.7000,0.0000,0.0000,0.0000,0.0000,0.0000,0.0000,0.0000,0.0000,0.0000,0.0000,0.0000,0.0000,0.0000,0.0000,0.0000,36.6151,0.0000,0.0000,0.0000,0.0000,77.2359,0.0000,97.2351,0.0000,0.0000
32.7500,0.0000,0.0000,0.0000,0.0000,0.0000,0.0000,0.0000,0.0000,0.0000,0.0000,0.0000,0.0000,0.0000,0.0000,0.0000,37.1364,0.0000,0.0000,0.0000,0.0000,77.7571,0.0000,100.0000,0.0000,0.0000
32.8000,0.0000,0.0000,0.0000,0.0000,0.0000,0.0000,0.0000,0.0000,0.0000,0.0000,0.0000,0.0000,0.0000,0.0000,0.0000,37.1364,0.0000,0.0000,0.0000,0.0000,77.7571,0.0000,100.0000,0.0000,0.0000
32.8500,0.0000,0.0000,0.0000,0.0000,0.0000,0.0000,0.0000,0.0000,0.0000,0.0000,0.0000,0.0000,0.0000,0.0000,0.0000,37.1364,0.0000,0.0000,0.0000,0.0000,77.7571,0.0000,100.0000,0.0000,0.0000
32.9000,0.0000,0.0000,0.0000,0.0000,0.0000,0.0000,0.0000,0.0000,0.0000,0.0000,0.0000,0.0000,0.0000,0.0000,0.0000,37.1364,0.0000,0.0000,0.0000,0.0000,77.7571,0.0000,100.0000,0.0000,0.0000
32.9500,0.0000,0.0000,0.0000,0.0000,0.0000,0.0000,0.0000,0.0000,0.0000,0.0000,0.0000,0.0000,0.0000,0.0000,0.0000,37.1364,0.0000,0.0000,0.0000,0.0000,77.7571,0.0000,100.0000,0.0000,0.0000
33.0000,0.0000,0.0000,0.0000,0.0000,0.0000,0.0000,0.0000,0.0000,0.0000,0.0000,0.0000,0.0000,0.0000,0.0000,0.0000,37.1364,0.0000,0.0000,0.0000,0.0000,77.7571,0.0000,100.0000,0.0000,0.0000
33.0500,0.0000,5.0970,0.0000,0.0000,0.0000,0.0000,0.0000,0.0000,0.0000,0.0000,0.0000,0.0000,0.0000,0.0000,0.0000,34.9855,0.0000,0.0000,0.0000,0.0000,75.7442,0.0000,94.2080,0.0000,5.7920
33.1000,0.0000,27.9347,0.0000,0.0000,0.0000,0.0000,0.0000,0.0000,0.0000,0.0000,0.0000,0.0000,0.0000,0.0000,0.0000,25.3478,0.0000,0.0000,0.0000,0.0000,66.7249,0.0000,68.2560,0.0000,31.7440
33.1500,0.0000,60.0653,0.0000,0.0000,0.0000,0.0000,0.0000,0.0000,0.0000,0.0000,0.0000,0.0000,0.0000,0.0000,0.0000,11.7886,0.0000,0.0000,0.0000,0.0000,54.0356,0.0000,31.7440,0.0000,68.2560
33.2000,0.0000,82.9030,0.0000,0.0000,0.0000,0.0000,0.0000,0.0000,0.0000,0.0000,0.0000,0.0000,0.0000,0.0000,0.0000,2.1509,0.0000,0.0000,0.0000,0.0000,45.0163,0.0000,5.7920,0.0000,94.2080
33.2500,0.0000,88.0000,0.0000,0.0000,0.0000,0.0000,0.0000,0.0000,0.0000,0.0000,0.0000,0.0000,0.0000,0.0000,0.0000,0.0000,0.0000,0.0000,0.0000,0.0000,43.0034,0.0000,0.0000,0.0000,100.0000
33.3000,0.0000,88.0000,0.0000,0.0000,0.0000,0.0000,0.0000,0.0000,0.0000,0.0000,0.0000,0.0000,0.0000,0.0000,0.0000,0.0000,0.0000,0.0000,0.0000,0.0000,43.0034,0.0000,0.0000,0.0000,100.0000
33.3500,0.0000,88.0000,0.0000,0.0000,0.0000,0.0000,0.0000,0.0000,0.0000,0.0000,0.0000,0.0000,0.0000,0.0000,0.0000,0.0000,0.0000,0.0000,0.0000,0.0000,43.0034,0.0000,0.0000,0.0000,100.0000
33.4000,0.0000,88.0000,0.0000,0.0000,0.0000,0.0000,0.0000,0.0000,0.0000,0.0000,0.0000,0.0000,0.0000,0.0000,0.0000,0.0000,0.0000,0.0000,0.0000,0.0000,43.0034,0.0000,0.0000,0.0000,100.0000
33.4500,0.0000,88.0000,0.0000,0.0000,0.0000,0.0000,0.0000,0.0000,0.0000,0.0000,0.0000,0.0000,0.0000,0.0000,0.0000,0.0000,0.0000,0.0000,0.0000,0.0000,43.0034,0.0000,0.0000,0.0000,100.0000
33.5000,0.0000,88.0000,0.0000,0.0000,0.0000,0.0000,0.0000,0.0000,0.0000,0.0000,0.0000,0.0000,0.0000,0.0000,0.0000,0.0000,0.0000,0.0000,0.0000,0.0000,43.0034,0.0000,0.0000,0.0000,100.0000
33.5500,0.0000,88.6950,0.0000,0.0000,0.0000,0.0000,0.0000,0.0000,0.0000,0.0000,0.0000,0.0000,0.0000,0.0000,0.0000,0.0000,4.4019,0.0000,0.0000,0.0000,40.5126,0.0000,0.0000,0.0000,100.0000
33.6000,0.0000,91.8093,0.0000,0.0000,0.0000,0.0000,0.0000,0.0000,0.0000,0.0000,0.0000,0.0000,0.0000,0.0000,0.0000,0.0000,24.1254,0.0000,0.0000,0.0000,29.3524,0.0000,0.0000,0.0000,100.0000
33.6500,0.0000,96.1907,0.0000,0.0000,0.0000,0.0000,0.0000,0.0000,0.0000,0.0000,0.0000,0.0000,0.0000,0.0000,0.0000,0.0000,51.8746,0.0000,0.0000,0.0000,13.6510,0.0000,0.0000,0.0000,100.0000
33.7000,0.0000,99.3050,0.0000,0.0000,0.0000,0.0000,0.0000,0.0000,0.0000,0.0000,0.0000,0.0000,0.0000,0.0000,0.0000,0.0000,71.5981,0.0000,0.0000,0.0000,2.4908,0.0000,0.0000,0.0000,100.0000
33.7500,0.0000,100.0000,0.0000,0.0000,0.0000,0.0000,0.0000,0.0000,0.0000,0.0000,0.0000,0.0000,0.0000,0.0000,0.0000,0.0000,76.0000,0.0000,0.0000,0.0000,0.0000,0.0000,0.0000,0.0000,100.0000
33.8000,0.0000,100.0000,0.0000,0.0000,0.0000,0.0000,0.0000,0.0000,0.0000,0.0000,0.0000,0.0000,0.0000,0.0000,0.0000,0.0000,76.0000,0.0000,0.0000,0.0000,0.0000,0.0000,0.0000,0.0000,100.0000
33.8500,0.0000,100.0000,0.0000,0.0000,0.0000,0.0000,0.0000,0.0000,0.0000,0.0000,0.0000,0.0000,0.0000,0.0000,0.0000,0.0000,76.0000,0.0000,0.0000,0.0000,0.0000,0.0000,0.0000,0.0000,100.0000
33.9000,0.0000,100.0000,0.0000,0.0000,0.0000,0.0000,0.0000,0.0000,0.0000,0.0000,0.0000,0.0000,0.0000,0.0000,0.0000,0.0000,76.0000,0.0000,0.0000,0.0000,0.0000,0.0000,0.0000,0.0000,100.0000
33.9500,0.0000,100.0000,0.0000,0.0000,0.0000,0.0000,0.0000,0.0000,0.0000,0.0000,0.0000,0.0000,0.0000,0.0000,0.0000,0.0000,76.0000,0.0000,0.0000,0.0000,0.0000,0.0000,0.0000,0.0000,100.0000
34.0000,0.0000,100.0000,0.0000,0.0000,0.0000,0.0000,0.0000,0.0000,0.0000,0.0000,0.0000,0.0000,0.0000,0.0000,0.0000,0.0000,76.0000,0.0000,0.0000,0.0000,0.0000,0.0000,0.0000,0.0000,100.0000
34.0500,0.0000,99.6525,0.0000,0.0000,0.0000,0.0000,0.0000,0.0000,0.0000,0.0000,0.0000,0.0000,0.0000,0.0000,0.0000,0.0000,73.4630,0.0000,0.0000,0.0000,0.0000,0.0000,0.0000,0.0000,100.0000
34.1000,0.0000,98.0954,0.0000,0.0000,0.0000,0.0000,0.0000,0.0000,0.0000,0.0000,0.0000,0.0000,0.0000,0.0000,0.0000,0.0000,62.0958,0.0000,0.0000,0.0000,0.0000,0.0000,0.0000,0.0000,100.0000
34.1500,0.0000,95.9046,0.0000,0.0000,0.0000,0.0000,0.0000,0.0000,0.0000,0.0000,0.0000,0.0000,0.0000,0.0000,0.0000,0.0000,46.1031,0.0000,0.0000,0.0000,0.0000,0.0000,0.0000,0.0000,100.0000
34.2000,0.0000,94.3475,0.0000,0.0000,0.0000,0.0000,0.0000,0.0000,0.0000,0.0000,0.0000,0.0000,0.0000,0.0000,0.0000,0.0000,34.7358,0.0000,0.0000,0.0000,0.0000,0.0000,0.0000,0.0000,100.0000
34.2500,0.0000,94.0000,0.0000,0.0000,0.0000,0.0000,0.0000,0.0000,0.0000,0.0000,0.0000,0.0000,0.0000,0.0000,0.0000,0.0000,32.1989,0.0000,0.0000,0.0000,0.0000,0.0000,0.0000,0.0000,100.0000
34.3000,0.0000,94.0000,0.0000,0.0000,0.0000,0.0000,0.0000,0.0000,0.0000,0.0000,0.0000,0.0000,0.0000,0.0000,0.0000,0.0000,32.1989,0.0000,0.0000,0.0000,0.0000,0.0000,0.0000,0.0000,100.0000
34.3500,0.0000,94.0000,0.0000,0.0000,0.0000,0.0000,0.0000,0.0000,0.0000,0.0000,0.0000,0.0000,0.0000,0.0000,0.0000,0.0000,32.1989,0.0000,0.0000,0.0000,0.0000,0.0000,0.0000,0.0000,100.0000
34.4000,0.0000,94.0000,0.0000,0.0000,0.0000,0.0000,0.0000,0.0000,0.0000,0.0000,0.0000,0.0000,0.0000,0.0000,0.0000,0.0000,32.1989,0.0000,0.0000,0.0000,0.0000,0.0000,0.0000,0.0000,100.0000
34.4500,0.0000,94.0000,0.0000,0.0000,0.0000,0.0000,0.0000,0.0000,0.0000,0.0000,0.0000,0.0000,0.0000,0.0000,0.0000,0.0000,32.1989,0.0000,0.0000,0.0000,0.0000,0.0000,0.0000,0.0000,100.0000
34.5000,0.0000,94.0000,0.0000,0.0000,0.0000,0.0000,0.0000,0.0000,0.0000,0.0000,0.0000,0.0000,0.0000,0.0000,0.0000,0.0000,32.1989,0.0000,0.0000,0.0000,0.0000,0.0000,0.0000,0.0000,100.0000
34.5500,0.0000,93.5849,0.0000,0.0000,0.0000,0.0000,0.0000,0.0000,0.0000,0.0000,0.0000,0.0000,0.0000,0.0000,0.0000,0.0000,32.8939,0.0000,0.0000,0.0000,0.0000,0.0000,0.0000,0.0000,98.0033
34.6000,0.0000,91.7252,0.0000,0.0000,0.0000,0.0000,0.0000,0.0000,0.0000,0.0000,0.0000,0.0000,0.0000,0.0000,0.0000,0.0000,36.0081,0.0000,0.0000,0.0000,0.0000,0.0000,0.0000,0.0000,89.0567
34.6500,0.0000,89.1086,0.0000,0.0000,0.0000,0.0000,0.0000,0.0000,0.0000,0.0000,0.0000,0.0000,0.0000,0.0000,0.0000,0.0000,40.3896,0.0000,0.0000,0.0000,0.0000,0.0000,0.0000,0.0000,76.4697
34.7000,0.0000,87.2489,0.0000,0.0000,0.0000,0.0000,0.0000,0.0000,0.0000,0.0000,0.0000,0.0000,0.0000,0.0000,0.0000,0.0000,43.5038,0.0000,0.0000,0.0000,0.0000,0.0000,0.0000,0.0000,67.5232
34.7500,0.0000,86.8338,0.0000,0.0000,0.0000,0.0000,0.0000,0.0000,0.0000,0.0000,0.0000,0.0000,0.0000,0.0000,0.0000,0.0000,44.1989,0.0000,0.0000,0.0000,0.0000,0.0000,0.0000,0.0000,65.5265
34.8000,0.0000,86.8338,0.0000,0.0000,0.0000,0.0000,0.0000,0.0000,0.0000,0.0000,0.0000,0.0000,0.0000,0.0000,0.0000,0.0000,44.1989,0.0000,0.0000,0.0000,0.0000,0.0000,0.0000,0.0000,65.5265
34.8500,0.0000,86.8338,0.0000,0.0000,0.0000,0.0000,0.0000,0.0000,0.0000,0.0000,0.0000,0.0000,0.0000,0.0000,0.0000,0.0000,44.1989,0.0000,0.0000,0.0000,0.0000,0.0000,0.0000,0.0000,65.5265
34.9000,0.0000,86.8338,0.0000,0.0000,0.0000,0.0000,0.0000,0.0000,0.0000,0.0000,0.0000,0.0000,0.0000,0.0000,0.0000,0.0000,44.1989,0.0000,0.0000,0.0000,0.0000,0.0000,0.0000,0.0000,65.5265
34.9500,0.0000,86.8338,0.0000,0.0000,0.0000,0.0000,0.0000,0.0000,0.0000,0.0000,0.0000,0.0000,0.0000,0.0000,0.0000,0.0000,44.1989,0.0000,0.0000,0.0000,0.0000,0.0000,0.0000,0.0000,65.5265
35.0000,0.0000,86.8338,0.0000,0.0000,0.0000,0.0000,0.0000,0.0000,0.0000,0.0000,0.0000,0.0000,0.0000,0.0000,0.0000,0.0000,44.1989,0.0000,0.0000,0.0000,0.0000,0.0000,0.0000,0.0000,65.5265
35.0500,0.0000,81.8044,0.0000,0.0000,5.7920,0.0000,0.0000,0.0000,0.0000,0.0000,0.0000,0.0000,1.7962,0.0000,0.0000,0.0000,43.5038,0.0000,0.0000,0.0000,0.0000,0.0000,0.0000,0.0000,61.7312
35.1000,0.0000,59.2693,0.0000,0.0000,31.7440,0.0000,0.0000,0.0000,0.0000,0.0000,0.0000,0.0000,9.8442,0.0000,0.0000,0.0000,40.3896,0.0000,0.0000,0.0000,0.0000,0.0000,0.0000,0.0000,44.7257
35.1500,0.0000,27.5645,0.0000,0.0000,68.2560,0.0000,0.0000,0.0000,0.0000,0.0000,0.0000,0.0000,21.1669,0.0000,0.0000,0.0000,36.0081,0.0000,0.0000,0.0000,0.0000,0.0000,0.0000,0.0000,20.8007
35.2000,0.0000,5.0294,0.0000,0.0000,94.2080,0.0000,0.0000,0.0000,0.0000,0.0000,0.0000,0.0000,29.2149,0.0000,0.0000,0.0000,32.8939,0.0000,0.0000,0.0000,0.0000,0.0000,0.0000,0.0000,3.7953
35.2500,0.0000,0.0000,0.0000,0.0000,100.0000,0.0000,0.0000,0.0000,0.0000,0.0000,0.0000,0.0000,31.0111,0.0000,0.0000,0.0000,32.1989,0.0000,0.0000,0.0000,0.0000,0.0000,0.0000,0.0000,0.0000
35.3000,0.0000,0.0000,0.0000,0.0000,100.0000,0.0000,0.0000,0.0000,0.0000,0.0000,0.0000,0.0000,31.0111,0.0000,0.0000,0.0000,32.1989,0.0000,0.0000,0.0000,0.0000,0.0000,0.0000,0.0000,0.0000
35.3500,0.0000,0.0000,0.0000,0.0000,100.0000,0.0000,0.0000,0.0000,0.0000,0.0000,0.0000,0.0000,31.0111,0.0000,0.0000,0.0000,32.1989,0.0000,0.0000,0.0000,0.0000,0.0000,0.0000,0.0000,0.0000
35.4000,0.0000,0.0000,0.0000,0.0000,100.0000,0.0000,0.0000,0.0000,0.0000,0.0000,0.0000,0.0000,31.0111,0.0000,0.0000,0.0000,32.1989,0.0000,0.0000,0.0000,0.0000,0.0000,0.0000,0.0000,0.0000
35.4500,0.0000,0.0000,0.0000,0.0000,100.0000,0.0000,0.0000,0.0000,0.0000,0.0000,0.0000,0.0000,31.0111,0.0000,0.0000,0.0000,32.1989,0.0000,0.0000,0.0000,0.0000,0.0000,0.0000,0.0000,0.0000
35.5000,0.0000,0.0000,0.0000,0.0000,100.0000,0.0000,0.0000,0.0000,0.0000,0.0000,0.0000,0.0000,31.0111,0.0000,0.0000,0.0000,32.1989,0.0000,0.0000,0.0000,0.0000,0.0000,0.0000,0.0000,0.0000
35.5500,0.0000,0.0000,0.0000,0.0000,97.8792,0.0000,0.0000,0.0000,0.0000,0.0000,0.0000,0.0000,30.2495,0.0000,0.0000,0.0000,30.3339,0.0000,0.0000,5.7920,0.0000,0.0000,0.0000,0.0000,0.0000
35.6000,0.0000,0.0000,0.0000,0.0000,88.3769,0.0000,0.0000,0.0000,0.0000,0.0000,0.0000,0.0000,26.8373,0.0000,0.0000,0.0000,21.9776,0.0000,0.0000,31.7440,0.0000,0.0000,0.0000,0.0000,0.0000
35.6500,0.0000,0.0000,0.0000,0.0000,75.0079,0.0000,0.0000,0.0000,0.0000,0.0000,0.0000,0.0000,22.0365,0.0000,0.0000,0.0000,10.2212,0.0000,0.0000,68.2560,0.0000,0.0000,0.0000,0.0000,0.0000
35.7000,0.0000,0.0000,0.0000,0.0000,65.5055,0.0000,0.0000,0.0000,0.0000,0.0000,0.0000,0.0000,18.6243,0.0000,0.0000,0.0000,1.8650,0.0000,0.0000,94.2080,0.0000,0.0000,0.0000,0.0000,0.0000
35.7500,0.0000,0.0000,0.0000,0.0000,63.3848,0.0000,0.0000,0.0000,0.0000,0.0000,0.0000,0.0000,17.8627,0.0000,0.0000,0.0000,0.0000,0.0000,0.0000,100.0000,0.0000,0.0000,0.0000,0.0000,0.0000
35.8000,0.0000,0.0000,0.0000,0.0000,63.3848,0.0000,0.0000,0.0000,0.0000,0.0000,0.0000,0.0000,17.8627,0.0000,0.0000,0.0000,0.0000,0.0000,0.0000,100.0000,0.0000,0.0000,0.0000,0.0000,0.0000
35.8500,0.0000,0.0000,0.0000,0.0000,63.3848,0.0000,0.0000,0.0000,0.0000,0.0000,0.0000,0.0000,17.8627,0.0000,0.0000,0.0000,0.0000,0.0000,0.0000,100.0000,0.0000,0.0000,0.0000,0.0000,0.0000
35.9000,0.0000,0.0000,0.0000,0.0000,63.3848,0.0000,0.0000,0.0000,0.0000,0.0000,0.0000,0.0000,17.8627,0.0000,0.0000,0.0000,0.0000,0.0000,0.0000,100.0000,0.0000,0.0000,0.0000,0.0000,0.0000
35.9500,0.0000,0.0000,0.0000,0.0000,63.3848,0.0000,0.0000,0.0000,0.0000,0.0000,0.0000,0.0000,17.8627,0.0000,0.0000,0.0000,0.0000,0.0000,0.0000,100.0000,0.0000,0.0000,0.0000,0.0000,0.0000
36.0000,0.0000,0.0000,0.0000,0.0000,63.3848,0.0000,0.0000,0.0000,0.0000,0.0000,0.0000,0.0000,17.8627,0.0000,0.0000,0.0000,0.0000,0.0000,0.0000,100.0000,0.0000,0.0000,0.0000,0.0000,0.0000
36.0500,0.0000,0.0000,0.0000,0.0000,65.5055,0.0000,0.0000,0.0000,0.0000,0.0000,0.0000,0.0000,17.6890,0.0000,0.0000,0.0000,0.0000,0.0000,0.0000,99.8262,0.0000,0.0000,0.0000,0.0000,0.0000
36.1000,0.0000,0.0000,0.0000,0.0000,75.0079,0.0000,0.0000,0.0000,0.0000,0.0000,0.0000,0.0000,16.9104,0.0000,0.0000,0.0000,0.0000,0.0000,0.0000,99.0477,0.0000,0.0000,0.0000,0.0000,0.0000
36.1500,0.0000,0.0000,0.0000,0.0000,88.3769,0.0000,0.0000,0.0000,0.0000,0.0000,0.0000,0.0000,15.8150,0.0000,0.0000,0.0000,0.0000,0.0000,0.0000,97.9523,0.0000,0.0000,0.0000,0.0000,0.0000
36.2000,0.0000,0.0000,0.0000,0.0000,97.8792,0.0000,0.0000,0.0000,0.0000,0.0000,0.0000,0.0000,15.0365,0.0000,0.0000,0.0000,0.0000,0.0000,0.0000,97.1738,0.0000,0.0000,0.0000,0.0000,0.0000
36.2500,0.0000,0.0000,0.0000,0.0000,100.0000,0.0000,0.0000,0.0000,0.0000,0.0000,0.0000,0.0000,14.8627,0.0000,0.0000,0.0000,0.0000,0.0000,0.0000,97.0000,0.0000,0.0000,0.0000,0.0000,0.0000
36.3000,0.0000,0.0000,0.0000,0.0000,100.0000,0.0000,0.0000,0.0000,0.0000,0.0000,0.0000,0.0000,14.8627,0.0000,0.0000,0.0000,0.0000,0.0000,0.0000,97.0000,0.0000,0.0000,0.0000,0.0000,0.0000
36.3500,0.0000,0.0000,0.0000,0.0000,100.0000,0.0000,0.0000,0.0000,0.0000,0.0000,0.0000,0.0000,14.8627,0.0000,0.0000,0.0000,0.0000,0.0000,0.0000,97.0000,0.0000,0.0000,0.0000,0.0000,0.0000
36.4000,0.0000,0.0000,0.0000,0.0000,100.0000,0.0000,0.0000,0.0000,0.0000,0.0000,0.0000,0.0000,14.8627,0.0000,0.0000,0.0000,0.0000,0.0000,0.0000,97.0000,0.0000,0.0000,0.0000,0.0000,0.0000
36.4500,0.0000,0.0000,0.0000,0.0000,100.0000,0.0000,0.0000,0.0000,0.0000,0.0000,0.0000,0.0000,14.8627,0.0000,0.0000,0.0000,0.0000,0.0000,0.0000,97.0000,0.0000,0.0000,0.0000,0.0000,0.0000
36.5000,0.0000,0.0000,0.0000,0.0000,100.0000,0.0000,0.0000,0.0000,0.0000,0.0000,0.0000,0.0000,14.8627,0.0000,0.0000,0.0000,0.0000,0.0000,0.0000,97.0000,0.0000,0.0000,0.0000,0.0000,0.0000
36.5500,0.0000,0.0000,0.0000,0.0000,99.3050,0.0000,0.0000,0.0000,0.0000,0.0000,0.0000,0.0000,15.0365,0.0000,0.0000,0.0000,0.0000,0.0000,0.0000,94.5113,0.0000,0.0000,0.0000,0.0000,0.0000
36.6000,0.0000,0.0000,0.0000,0.0000,96.1907,0.0000,0.0000,0.0000,0.0000,0.0000,0.0000,0.0000,15.8150,0.0000,0.0000,0.0000,0.0000,0.0000,0.0000,83.3601,0.0000,0.0000,0.0000,0.0000,0.0000
36.6500,0.0000,0.0000,0.0000,0.0000,91.8093,0.0000,0.0000,0.0000,0.0000,0.0000,0.0000,0.0000,16.9104,0.0000,0.0000,0.0000,0.0000,0.0000,0.0000,67.6714,0.0000,0.0000,0.0000,0.0000,0.0000
36.7000,0.0000,0.0000,0.0000,0.0000,88.6950,0.0000,0.0000,0.0000,0.0000,0.0000,0.0000,0.0000,17.6890,0.0000,0.0000,0.0000,0.0000,0.0000,0.0000,56.5202,0.0000,0.0000,0.0000,0.0000,0.0000
36.7500,0.0000,0.0000,0.0000,0.0000,88.0000,0.0000,0.0000,0.0000,0.0000,0.0000,0.0000,0.0000,17.8627,0.0000,0.0000,0.0000,0.0000,0.0000,0.0000,54.0315,0.0000,0.0000,0.0000,0.0000,0.0000
36.8000,0.0000,0.0000,0.0000,0.0000,88.0000,0.0000,0.0000,0.0000,0.0000,0.0000,0.0000,0.0000,17.8627,0.0000,0.0000,0.0000,0.0000,0.0000,0.0000,54.0315,0.0000,0.0000,0.0000,0.0000,0.0000
36.8500,0.0000,0.0000,0.0000,0.0000,88.0000,0.0000,0.0000,0.0000,0.0000,0.0000,0.0000,0.0000,17.8627,0.0000,0.0000,0.0000,0.0000,0.0000,0.0000,54.0315,0.0000,0.0000,0.0000,0.0000,0.0000
36.9000,0.0000,0.0000,0.0000,0.0000,88.0000,0.0000,0.0000,0.0000,0.0000,0.0000,0.0000,0.0000,17.8627,0.0000,0.0000,0.0000,0.0000,0.0000,0.0000,54.0315,0.0000,0.0000,0.0000,0.0000,0.0000
36.9500,0.0000,0.0000,0.0000,0.0000,88.0000,0.0000,0.0000,0.0000,0.0000,0.0000,0.0000,0.0000,17.8627,0.0000,0.0000,0.0000,0.0000,0.0000,0.0000,54.0315,0.0000,0.0000,0.0000,0.0000,0.0000
37.0000,0.0000,0.0000,0.0000,0.0000,88.0000,0.0000,0.0000,0.0000,0.0000,0.0000,0.0000,0.0000,17.8627,0.0000,0.0000,0.0000,0.0000,0.0000,0.0000,54.0315,0.0000,0.0000,0.0000,0.0000,0.0000
37.0500,0.0000,0.0000,0.0000,0.0000,88.6950,0.0000,5.7920,0.0000,0.0000,0.0000,0.0000,0.0000,16.8281,0.0000,0.0000,0.0000,0.0000,0.0000,0.0000,54.7265,0.0000,0.0000,0.0000,0.0000,0.0000
37.1000,0.0000,0.0000,0.0000,0.0000,91.8093,0.0000,31.7440,0.0000,0.0000,0.0000,0.0000,0.0000,12.1924,0.0000,0.0000,0.0000,0.0000,0.0000,0.0000,57.8407,0.0000,0.0000,0.0000,0.0000,0.0000
37.1500,0.0000,0.0000,0.0000,0.0000,96.1907,0.0000,68.2560,0.0000,0.0000,0.0000,0.0000,0.0000,5.6703,0.0000,0.0000,0.0000,0.0000,0.0000,0.0000,62.2222,0.0000,0.0000,0.0000,0.0000,0.0000
37.2000,0.0000,0.0000,0.0000,0.0000,99.3050,0.0000,94.2080,0.0000,0.0000,0.0000,0.0000,0.0000,1.0346,0.0000,0.0000,0.0000,0.0000,0.0000,0.0000,65.3364,0.0000,0.0000,0.0000,0.0000,0.0000
37.2500,0.0000,0.0000,0.0000,0.0000,100.0000,0.0000,100.0000,0.0000,0.0000,0.0000,0.0000,0.0000,0.0000,0.0000,0.0000,0.0000,0.0000,0.0000,0.0000,66.0315,0.0000,0.0000,0.0000,0.0000,0.0000
37.3000,0.0000,0.0000,0.0000,0.0000,100.0000,0.0000,100.0000,0.0000,0.0000,0.0000,0.0000,0.0000,0.0000,0.0000,0.0000,0.0000,0.0000,0.0000,0.0000,66.0315,0.0000,0.0000,0.0000,0.0000,0.0000
37.3500,0.0000,0.0000,0.0000,0.0000,100.0000,0.0000,100.0000,0.0000,0.0000,0.0000,0.0000,0.0000,0.0000,0.0000,0.0000,0.0000,0.0000,0.0000,0.0000,66.0315,0.0000,0.0000,0.0000,0.0000,0.0000
37.4000,0.0000,0.0000,0.0000,0.0000,100.0000,0.0000,100.0000,0.0000,0.0000,0.0000,0.0000,0.0000,0.0000,0.0000,0.0000,0.0000,0.0000,0.0000,0.0000,66.0315,0.0000,0.0000,0.0000,0.0000,0.0000
37.4500,0.0000,0.0000,0.0000,0.0000,100.0000,0.0000,100.0000,0.0000,0.0000,0.0000,0.0000,0.0000,0.0000,0.0000,0.0000,0.0000,0.0000,0.0000,0.0000,66.0315,0.0000,0.0000,0.0000,0.0000,0.0000
37.5000,0.0000,0.0000,0.0000,0.0000,100.0000,0.0000,100.0000,0.0000,0.0000,0.0000,0.0000,0.0000,0.0000,0.0000,0.0000,0.0000,0.0000,0.0000,0.0000,66.0315,0.0000,0.0000,0.0000,0.0000,0.0000
37.5500,0.0000,0.0000,0.0000,0.0000,99.3050,0.0000,98.6099,0.0000,0.0000,0.0000,0.0000,0.0000,0.0000,0.0000,0.0000,0.0000,0.0000,0.0000,0.0000,62.2069,0.0000,0.0000,0.0000,5.7920,0.0000
37.6000,0.0000,0.0000,0.0000,0.0000,96.1907,0.0000,92.3814,0.0000,0.0000,0.0000,0.0000,0.0000,0.0000,0.0000,0.0000,0.0000,0.0000,0.0000,0.0000,45.0704,0.0000,0.0000,0.0000,31.7440,0.0000
37.6500,0.0000,0.0000,0.0000,0.0000,91.8093,0.0000,83.6186,0.0000,0.0000,0.0000,0.0000,0.0000,0.0000,0.0000,0.0000,0.0000,0.0000,0.0000,0.0000,20.9610,0.0000,0.0000,0.0000,68.2560,0.0000
37.7000,0.0000,0.0000,0.0000,0.0000,88.6950,0.0000,77.3901,0.0000,0.0000,0.0000,0.0000,0.0000,0.0000,0.0000,0.0000,0.0000,0.0000,0.0000,0.0000,3.8245,0.0000,0.0000,0.0000,94.2080,0.0000
37.7500,0.0000,0.0000,0.0000,0.0000,88.0000,0.0000,76.0000,0.0000,0.0000,0.0000,0.0000,0.0000,0.0000,0.0000,0.0000,0.0000,0.0000,0.0000,0.0000,0.0000,0.0000,0.0000,0.0000,100.0000,0.0000
37.8000,0.0000,0.0000,0.0000,0.0000,88.0000,0.0000,76.0000,0.0000,0.0000,0.0000,0.0000,0.0000,0.0000,0.0000,0.0000,0.0000,0.0000,0.0000,0.0000,0.0000,0.0000,0.0000,0.0000,100.0000,0.0000
37.8500,0.0000,0.0000,0.0000,0.0000,88.0000,0.0000,76.0000,0.0000,0.0000,0.0000,0.0000,0.0000,0.0000,0.0000,0.0000,0.0000,0.0000,0.0000,0.0000,0.0000,0.0000,0.0000,0.0000,100.0000,0.0000
37.9000,0.0000,0.0000,0.0000,0.0000,88.0000,0.0000,76.0000,0.0000,0.0000,0.0000,0.0000,0.0000,0.0000,0.0000,0.0000,0.0000,0.0000,0.0000,0.0000,0.0000,0.0000,0.0000,0.0000,100.0000,0.0000
37.9500,0.0000,0.0000,0.0000,0.0000,88.0000,0.0000,76.0000,0.0000,0.0000,0.0000,0.0000,0.0000,0.0000,0.0000,0.0000,0.0000,0.0000,0.0000,0.0000,0.0000,0.0000,0.0000,0.0000,100.0000,0.0000
38.0000,0.0000,0.0000,0.0000,0.0000,88.0000,0.0000,76.0000,0.0000,0.0000,0.0000,0.0000,0.0000,0.0000,0.0000,0.0000,0.0000,0.0000,0.0000,0.0000,0.0000,0.0000,0.0000,0.0000,100.0000,0.0000
38.0500,0.0000,0.0000,0.0000,0.0000,82.9030,0.0000,75.0387,0.0000,0.0000,0.0000,0.0000,0.0000,0.0000,0.0000,0.0000,0.0000,0.0000,0.0000,0.0000,0.0000,0.0000,5.7920,0.0000,96.1373,0.0000
38.1000,0.0000,0.0000,0.0000,0.0000,60.0653,0.0000,70.7315,0.0000,0.0000,0.0000,0.0000,0.0000,0.0000,0.0000,0.0000,0.0000,0.0000,0.0000,0.0000,0.0000,0.0000,31.7440,0.0000,78.8298,0.0000
38.1500,0.0000,0.0000,0.0000,0.0000,27.9347,0.0000,64.6716,0.0000,0.0000,0.0000,0.0000,0.0000,0.0000,0.0000,0.0000,0.0000,0.0000,0.0000,0.0000,0.0000,0.0000,68.2560,0.0000,54.4797,0.0000
38.2000,0.0000,0.0000,0.0000,0.0000,5.0970,0.0000,60.3643,0.0000,0.0000,0.0000,0.0000,0.0000,0.0000,0.0000,0.0000,0.0000,0.0000,0.0000,0.0000,0.0000,0.0000,94.2080,0.0000,37.1722,0.0000
38.2500,0.0000,0.0000,0.0000,0.0000,0.0000,0.0000,59.4030,0.0000,0.0000,0.0000,0.0000,0.0000,0.0000,0.0000,0.0000,0.0000,0.0000,0.0000,0.0000,0.0000,0.0000,100.0000,0.0000,33.3095,0.0000
38.3000,0.0000,0.0000,0.0000,0.0000,0.0000,0.0000,59.4030,0.0000,0.0000,0.0000,0.0000,0.0000,0.0000,0.0000,0.0000,0.0000,0.0000,0.0000,0.0000,0.0000,0.0000,100.0000,0.0000,33.3095,0.0000
38.3500,0.0000,0.0000,0.0000,0.0000,0.0000,0.0000,59.4030,0.0000,0.0000,0.0000,0.0000,0.0000,0.0000,0.0000,0.0000,0.0000,0.0000,0.0000,0.0000,0.0000,0.0000,100.0000,0.0000,33.3095,0.0000
38.4000,0.0000,0.0000,0.0000,0.0000,0.0000,0.0000,59.4030,0.0000,0.0000,0.0000,0.0000,0.0000,0.0000,0.0000,0.0000,0.0000,0.0000,0.0000,0.0000,0.0000,0.0000,100.0000,0.0000,33.3095,0.0000
38.4500,0.0000,0.0000,0.0000,0.0000,0.0000,0.0000,59.4030,0.0000,0.0000,0.0000,0.0000,0.0000,0.0000,0.0000,0.0000,0.0000,0.0000,0.0000,0.0000,0.0000,0.0000,100.0000,0.0000,33.3095,0.0000
38.5000,0.0000,0.0000,0.0000,0.0000,0.0000,0.0000,59.4030,0.0000,0.0000,0.0000,0.0000,0.0000,0.0000,0.0000,0.0000,0.0000,0.0000,0.0000,0.0000,0.0000,0.0000,100.0000,0.0000,33.3095,0.0000
38.5500,0.0000,0.0000,0.0000,0.0000,0.0000,0.0000,58.7080,0.0000,0.0000,0.0000,0.0000,0.0000,0.0000,0.0000,0.0000,0.0000,0.0000,0.0000,0.0000,0.0000,0.0000,99.3050,0.0000,34.0045,0.0000
38.6000,0.0000,0.0000,0.0000,0.0000,0.0000,0.0000,55.5937,0.0000,0.0000,0.0000,0.0000,0.0000,0.0000,0.0000,0.0000,0.0000,0.0000,0.0000,0.0000,0.0000,0.0000,96.1907,0.0000,37.1188,0.0000
38.6500,0.0000,0.0000,0.0000,0.0000,0.0000,0.0000,51.2123,0.0000,0.0000,0.0000,0.0000,0.0000,0.0000,0.0000,0.0000,0.0000,0.0000,0.0000,0.0000,0.0000,0.0000,91.8093,0.0000,41.5002,0.0000
38.7000,0.0000,0.0000,0.0000,0.0000,0.0000,0.0000,48.0981,0.0000,0.0000,0.0000,0.0000,0.0000,0.0000,0.0000,0.0000,0.0000,0.0000,0.0000,0.0000,0.0000,0.0000,88.6950,0.0000,44.6145,0.0000
38.7500,0.0000,0.0000,0.0000,0.0000,0.0000,0.0000,47.4030,0.0000,0.0000,0.0000,0.0000,0.0000,0.0000,0.0000,0.0000,0.0000,0.0000,0.0000,0.0000,0.0000,0.0000,88.0000,0.0000,45.3095,0.0000
38.8000,0.0000,0.0000,0.0000,0.0000,0.0000,0.0000,47.4030,0.0000,0.0000,0.0000,0.0000,0.0000,0.0000,0.0000,0.0000,0.0000,0.0000,0.0000,0.0000,0.0000,0.0000,88.0000,0.0000,45.3095,0.0000
38.8500,0.0000,0.0000,0.0000,0.0000,0.0000,0.0000,47.4030,0.0000,0.0000,0.0000,0.0000,0.0000,0.0000,0.0000,0.0000,0.0000,0.0000,0.0000,0.0000,0.0000,0.0000,88.0000,0.0000,45.3095,0.0000
38.9000,0.0000,0.0000,0.0000,0.0000,0.0000,0.0000,47.4030,0.0000,0.0000,0.0000,0.0000,0.0000,0.0000,0.0000,0.0000,0.0000,0.0000,0.0000,0.0000,0.0000,0.0000,88.0000,0.0000,45.3095,0.0000
38.9500,0.0000,0.0000,0.0000,0.0000,0.0000,0.0000,47.4030,0.0000,0.0000,0.0000,0.0000,0.0000,0.0000,0.0000,0.0000,0.0000,0.0000,0.0000,0.0000,0.0000,0.0000,88.0000,0.0000,45.3095,0.0000
39.0000,0.0000,0.0000,0.0000,0.0000,0.0000,0.0000,47.4030,0.0000,0.0000,0.0000,0.0000,0.0000,0.0000,0.0000,0.0000,0.0000,0.0000,0.0000,0.0000,0.0000,0.0000,88.0000,0.0000,45.3095,0.0000
39.0500,0.0000,0.0000,0.0000,0.0000,0.0000,0.0000,44.6574,0.0000,0.0000,0.0000,5.7920,0.0000,0.0000,0.0000,0.0000,0.0000,0.0000,0.0000,0.0000,0.0000,0.0000,87.3050,0.0000,45.3095,0.0000
39.1000,0.0000,0.0000,0.0000,0.0000,0.0000,0.0000,32.3554,0.0000,0.0000,0.0000,31.7440,0.0000,0.0000,0.0000,0.0000,0.0000,0.0000,0.0000,0.0000,0.0000,0.0000,84.1907,0.0000,45.3095,0.0000
39.1500,0.0000,0.0000,0.0000,0.0000,0.0000,0.0000,15.0476,0.0000,0.0000,0.0000,68.2560,0.0000,0.0000,0.0000,0.0000,0.0000,0.0000,0.0000,0.0000,0.0000,0.0000,79.8093,0.0000,45.3095,0.0000
39.2000,0.0000,0.0000,0.0000,0.0000,0.0000,0.0000,2.7456,0.0000,0.0000,0.0000,94.2080,0.0000,0.0000,0.0000,0.0000,0.0000,0.0000,0.0000,0.0000,0.0000,0.0000,76.6950,0.0000,45.3095,0.0000
39.2500,0.0000,0.0000,0.0000,0.0000,0.0000,0.0000,0.0000,0.0000,0.0000,0.0000,100.0000,0.0000,0.0000,0.0000,0.0000,0.0000,0.0000,0.0000,0.0000,0.0000,0.0000,76.0000,0.0000,45.3095,0.0000
39.3000,0.0000,0.0000,0.0000,0.0000,0.0000,0.0000,0.0000,0.0000,0.0000,0.0000,100.0000,0.0000,0.0000,0.0000,0.0000,0.0000,0.0000,0.0000,0.0000,0.0000,0.0000,76.0000,0.0000,45.3095,0.0000
39.3500,0.0000,0.0000,0.0000,0.0000,0.0000,0.0000,0.0000,0.0000,0.0000,0.0000,100.0000,0.0000,0.0000,0.0000,0.0000,0.0000,0.0000,0.0000,0.0000,0.0000,0.0000,76.0000,0.0000,45.3095,0.0000
39.4000,0.0000,0.0000,0.0000,0.0000,0.0000,0.0000,0.0000,0.0000,0.0000,0.0000,100.0000,0.0000,0.0000,0.0000,0.0000,0.0000,0.0000,0.0000,0.0000,0.0000,0.0000,76.0000,0.0000,45.3095,0.0000
39.4500,0.0000,0.0000,0.0000,0.0000,0.0000,0.0000,0.0000,0.0000,0.0000,0.0000,100.0000,0.0000,0.0000,0.0000,0.0000,0.0000,0.0000,0.0000,0.0000,0.0000,0.0000,76.0000,0.0000,45.3095,0.0000
39.5000,0.0000,0.0000,0.0000,0.0000,0.0000,0.0000,0.0000,0.0000,0.0000,0.0000,100.0000,0.0000,0.0000,0.0000,0.0000,0.0000,0.0000,0.0000,0.0000,0.0000,0.0000,76.0000,0.0000,45.3095,0.0000
39.5500,0.0000,4.4019,0.0000,0.0000,0.0000,0.0000,0.0000,0.0000,0.0000,0.0000,100.0000,0.0000,0.0000,0.0000,0.0000,0.0000,0.0000,0.0000,0.0000,0.0000,0.0000,77.3901,0.0000,42.6852,0.0000
39.6000,0.0000,24.1254,0.0000,0.0000,0.0000,0.0000,0.0000,0.0000,0.0000,0.0000,100.0000,0.0000,0.0000,0.0000,0.0000,0.0000,0.0000,0.0000,0.0000,0.0000,0.0000,83.6186,0.0000,30.9265,0.0000
39.6500,0.0000,51.8746,0.0000,0.0000,0.0000,0.0000,0.0000,0.0000,0.0000,0.0000,100.0000,0.0000,0.0000,0.0000,0.0000,0.0000,0.0000,0.0000,0.0000,0.0000,0.0000,92.3814,0.0000,14.3830,0.0000
39.7000,0.0000,71.5981,0.0000,0.0000,0.0000,0.0000,0.0000,0.0000,0.0000,0.0000,100.0000,0.0000,0.0000,0.0000,0.0000,0.0000,0.0000,0.0000,0.0000,0.0000,0.0000,98.6099,0.0000,2.6243,0.0000
39.7500,0.0000,76.0000,0.0000,0.0000,0.0000,0.0000,0.0000,0.0000,0.0000,0.0000,100.0000,0.0000,0.0000,0.0000,0.0000,0.0000,0.0000,0.0000,0.0000,0.0000,0.0000,100.0000,0.0000,0.0000,0.0000
39.8000,0.0000,76.0000,0.0000,0.0000,0.0000,0.0000,0.0000,0.0000,0.0000,0.0000,100.0000,0.0000,0.0000,0.0000,0.0000,0.0000,0.0000,0.0000,0.0000,0.0000,0.0000,100.0000,0.0000,0.0000,0.0000
39.8500,0.0000,76.0000,0.0000,0.0000,0.0000,0.0000,0.0000,0.0000,0.0000,0.0000,100.0000,0.0000,0.0000,0.0000,0.0000,0.0000,0.0000,0.0000,0.0000,0.0000,0.0000,100.0000,0.0000,0.0000,0.0000
39.9000,0.0000,76.0000,0.0000,0.0000,0.0000,0.0000,0.0000,0.0000,0.0000,0.0000,100.0000,0.0000,0.0000,0.0000,0.0000,0.0000,0.0000,0.0000,0.0000,0.0000,0.0000,100.0000,0.0000,0.0000,0.0000
39.9500,0.0000,76.0000,0.0000,0.0000,0.0000,0.0000,0.0000,0.0000,0.0000,0.0000,100.0000,0.0000,0.0000,0.0000,0.0000,0.0000,0.0000,0.0000,0.0000,0.0000,0.0000,100.0000,0.0000,0.0000,0.0000
40.0000,0.0000,76.0000,0.0000,0.0000,0.0000,0.0000,0.0000,0.0000,0.0000,0.0000,100.0000,0.0000,0.0000,0.0000,0.0000,0.0000,0.0000,0.0000,0.0000,0.0000,0.0000,100.0000,0.0000,0.0000,0.0000
40.0500,0.0000,73.9257,0.0000,0.0000,0.0000,0.0000,0.0000,0.0000,0.0000,0.0000,100.0000,0.0000,0.0000,0.0000,0.0000,0.0000,0.0000,0.0000,0.0000,0.0000,0.0000,97.3032,0.0000,0.0000,0.0000
40.1000,0.0000,64.6315,0.0000,0.0000,0.0000,0.0000,0.0000,0.0000,0.0000,0.0000,100.0000,0.0000,0.0000,0.0000,0.0000,0.0000,0.0000,0.0000,0.0000,0.0000,0.0000,85.2196,0.0000,0.0000,0.0000
40.1500,0.0000,51.5555,0.0000,0.0000,0.0000,0.0000,0.0000,0.0000,0.0000,0.0000,100.0000,0.0000,0.0000,0.0000,0.0000,0.0000,0.0000,0.0000,0.0000,0.0000,0.0000,68.2192,0.0000,0.0000,0.0000
40.2000,0.0000,42.2614,0.0000,0.0000,0.0000,0.0000,0.0000,0.0000,0.0000,0.0000,100.0000,0.0000,0.0000,0.0000,0.0000,0.0000,0.0000,0.0000,0.0000,0.0000,0.0000,56.1356,0.0000,0.0000,0.0000
40.2500,0.0000,40.1871,0.0000,0.0000,0.0000,0.0000,0.0000,0.0000,0.0000,0.0000,100.0000,0.0000,0.0000,0.0000,0.0000,0.0000,0.0000,0.0000,0.0000,0.0000,0.0000,53.4388,0.0000,0.0000,0.0000
40.3000,0.0000,40.1871,0.0000,0.0000,0.0000,0.0000,0.0000,0.0000,0.0000,0.0000,100.0000,0.0000,0.0000,0.0000,0.0000,0.0000,0.0000,0.0000,0.0000,0.0000,0.0000,53.4388,0.0000,0.0000,0.0000
40.3500,0.0000,40.1871,0.0000,0.0000,0.0000,0.0000,0.0000,0.0000,0.0000,0.0000,100.0000,0.0000,0.0000,0.0000,0.0000,0.0000,0.0000,0.0000,0.0000,0.0000,0.0000,53.4388,0.0000,0.0000,0.0000
40.4000,0.0000,40.1871,0.0000,0.0000,0.0000,0.0000,0.0000,0.0000,0.0000,0.0000,100.0000,0.0000,0.0000,0.0000,0.0000,0.0000,0.0000,0.0000,0.0000,0.0000,0.0000,53.4388,0.0000,0.0000,0.0000
40.4500,0.0000,40.1871,0.0000,0.0000,0.0000,0.0000,0.0000,0.0000,0.0000,0.0000,100.0000,0.0000,0.0000,0.0000,0.0000,0.0000,0.0000,0.0000,0.0000,0.0000,0.0000,53.4388,0.0000,0.0000,0.0000
40.5000,0.0000,40.1871,0.0000,0.0000,0.0000,0.0000,0.0000,0.0000,0.0000,0.0000,100.0000,0.0000,0.0000,0.0000,0.0000,0.0000,0.0000,0.0000,0.0000,0.0000,0.0000,53.4388,0.0000,0.0000,0.0000
40.5500,0.0000,40.1871,0.0000,0.0000,0.0000,0.0000,0.0000,0.0000,0.0000,0.0000,99.6525,0.0000,0.0000,0.0000,0.0000,0.0000,0.0000,5.7920,0.0000,0.0000,0.0000,50.3436,0.0000,0.0000,0.0000
40.6000,0.0000,40.1871,0.0000,0.0000,0.0000,0.0000,0.0000,0.0000,0.0000,0.0000,98.0954,0.0000,0.0000,0.0000,0.0000,0.0000,0.0000,31.7440,0.0000,0.0000,0.0000,36.4752,0.0000,0.0000,0.0000
40.6500,0.0000,40.1871,0.0000,0.0000,0.0000,0.0000,0.0000,0.0000,0.0000,0.0000,95.9046,0.0000,0.0000,0.0000,0.0000,0.0000,0.0000,68.2560,0.0000,0.0000,0.0000,16.9636,0.0000,0.0000,0.0000
40.7000,0.0000,40.1871,0.0000,0.0000,0.0000,0.0000,0.0000,0.0000,0.0000,0.0000,94.3475,0.0000,0.0000,0.0000,0.0000,0.0000,0.0000,94.2080,0.0000,0.0000,0.0000,3.0952,0.0000,0.0000,0.0000
40.7500,0.0000,40.1871,0.0000,0.0000,0.0000,0.0000,0.0000,0.0000,0.0000,0.0000,94.0000,0.0000,0.0000,0.0000,0.0000,0.0000,0.0000,100.0000,0.0000,0.0000,0.0000,0.0000,0.0000,0.0000,0.0000
40.8000,0.0000,40.1871,0.0000,0.0000,0.0000,0.0000,0.0000,0.0000,0.0000,0.0000,94.0000,0.0000,0.0000,0.0000,0.0000,0.0000,0.0000,100.0000,0.0000,0.0000,0.0000,0.0000,0.0000,0.0000,0.0000
40.8500,0.0000,40.1871,0.0000,0.0000,0.0000,0.0000,0.0000,0.0000,0.0000,0.0000,94.0000,0.0000,0.0000,0.0000,0.0000,0.0000,0.0000,100.0000,0.0000,0.0000,0.0000,0.0000,0.0000,0.0000,0.0000
40.9000,0.0000,40.1871,0.0000,0.0000,0.0000,0.0000,0.0000,0.0000,0.0000,0.0000,94.0000,0.0000,0.0000,0.0000,0.0000,0.0000,0.0000,100.0000,0.0000,0.0000,0.0000,0.0000,0.0000,0.0000,0.0000
40.9500,0.0000,40.1871,0.0000,0.0000,0.0000,0.0000,0.0000,0.0000,0.0000,0.0000,94.0000,0.0000,0.0000,0.0000,0.0000,0.0000,0.0000,100.0000,0.0000,0.0000,0.0000,0.0000,0.0000,0.0000,0.0000
41.0000,0.0000,40.1871,0.0000,0.0000,0.0000,0.0000,0.0000,0.0000,0.0000,0.0000,94.0000,0.0000,0.0000,0.0000,0.0000,0.0000,0.0000,100.0000,0.0000,0.0000,0.0000,0.0000,0.0000,0.0000,0.0000
41.0500,0.0000,40.1871,0.0000,0.0000,0.0000,0.0000,0.0000,0.0000,0.0000,0.0000,88.5555,0.0000,0.0000,0.0000,0.0000,0.0000,0.0000,100.0000,0.0000,0.0000,0.0000,5.7920,0.0000,0.0000,0.0000
41.1000,0.0000,40.1871,0.0000,0.0000,0.0000,0.0000,0.0000,0.0000,0.0000,0.0000,64.1606,0.0000,0.0000,0.0000,0.0000,0.0000,0.0000,100.0000,0.0000,0.0000,0.0000,31.7440,0.0000,0.0000,0.0000
41.1500,0.0000,40.1871,0.0000,0.0000,0.0000,0.0000,0.0000,0.0000,0.0000,0.0000,29.8394,0.0000,0.0000,0.0000,0.0000,0.0000,0.0000,100.0000,0.0000,0.0000,0.0000,68.2560,0.0000,0.0000,0.0000
41.2000,0.0000,40.1871,0.0000,0.0000,0.0000,0.0000,0.0000,0.0000,0.0000,0.0000,5.4445,0.0000,0.0000,0.0000,0.0000,0.0000,0.0000,100.0000,0.0000,0.0000,0.0000,94.2080,0.0000,0.0000,0.0000
41.2500,0.0000,40.1871,0.0000,0.0000,0.0000,0.0000,0.0000,0.0000,0.0000,0.0000,0.0000,0.0000,0.0000,0.0000,0.0000,0.0000,0.0000,100.0000,0.0000,0.0000,0.0000,100.0000,0.0000,0.0000,0.0000
41.3000,0.0000,40.1871,0.0000,0.0000,0.0000,0.0000,0.0000,0.0000,0.0000,0.0000,0.0000,0.0000,0.0000,0.0000,0.0000,0.0000,0.0000,100.0000,0.0000,0.0000,0.0000,100.0000,0.0000,0.0000,0.0000
41.3500,0.0000,40.1871,0.0000,0.0000,0.0000,0.0000,0.0000,0.0000,0.0000,0.0000,0.0000,0.0000,0.0000,0.0000,0.0000,0.0000,0.0000,100.0000,0.0000,0.0000,0.0000,100.0000,0.0000,0.0000,0.0000
41.4000,0.0000,40.1871,0.0000,0.0000,0.0000,0.0000,0.0000,0.0000,0.0000,0.0000,0.0000,0.0000,0.0000,0.0000,0.0000,0.0000,0.0000,100.0000,0.0000,0.0000,0.0000,100.0000,0.0000,0.0000,0.0000
41.4500,0.0000,40.1871,0.0000,0.0000,0.0000,0.0000,0.0000,0.0000,0.0000,0.0000,0.0000,0.0000,0.0000,0.0000,0.0000,0.0000,0.0000,100.0000,0.0000,0.0000,0.0000,100.0000,0.0000,0.0000,0.0000
41.5000,0.0000,40.1871,0.0000,0.0000,0.0000,0.0000,0.0000,0.0000,0.0000,0.0000,0.0000,0.0000,0.0000,0.0000,0.0000,0.0000,0.0000,100.0000,0.0000,0.0000,0.0000,100.0000,0.0000,0.0000,0.0000
41.5500,0.0000,37.8595,5.0970,0.0000,0.0000,0.0000,0.0000,0.0000,0.0000,0.0000,0.0000,0.0000,0.0000,0.0000,0.0000,0.0000,0.0000,96.9636,0.0000,0.0000,0.0000,100.0000,0.0000,0.0000,0.0000
41.6000,0.0000,27.4301,27.9347,0.0000,0.0000,0.0000,0.0000,0.0000,0.0000,0.0000,0.0000,0.0000,0.0000,0.0000,0.0000,0.0000,0.0000,83.3585,0.0000,0.0000,0.0000,100.0000,0.0000,0.0000,0.0000
41.6500,0.0000,12.7570,60.0653,0.0000,0.0000,0.0000,0.0000,0.0000,0.0000,0.0000,0.0000,0.0000,0.0000,0.0000,0.0000,0.0000,0.0000,64.2174,0.0000,0.0000,0.0000,100.0000,0.0000,0.0000,0.0000
41.7000,0.0000,2.3276,82.9030,0.0000,0.0000,0.0000,0.0000,0.0000,0.0000,0.0000,0.0000,0.0000,0.0000,0.0000,0.0000,0.0000,0.0000,50.6124,0.0000,0.0000,0.0000,100.0000,0.0000,0.0000,0.0000
41.7500,0.0000,0.0000,88.0000,0.0000,0.0000,0.0000,0.0000,0.0000,0.0000,0.0000,0.0000,0.0000,0.0000,0.0000,0.0000,0.0000,0.0000,47.5760,0.0000,0.0000,0.0000,100.0000,0.0000,0.0000,0.0000
41.8000,0.0000,0.0000,88.0000,0.0000,0.0000,0.0000,0.0000,0.0000,0.0000,0.0000,0.0000,0.0000,0.0000,0.0000,0.0000,0.0000,0.0000,47.5760,0.0000,0.0000,0.0000,100.0000,0.0000,0.0000,0.0000
41.8500,0.0000,0.0000,88.0000,0.0000,0.0000,0.0000,0.0000,0.0000,0.0000,0.0000,0.0000,0.0000,0.0000,0.0000,0.0000,0.0000,0.0000,47.5760,0.0000,0.0000,0.0000,100.0000,0.0000,0.0000,0.0000
41.9000,0.0000,0.0000,88.0000,0.0000,0.0000,0.0000,0.0000,0.0000,0.0000,0.0000,0.0000,0.0000,0.0000,0.0000,0.0000,0.0000,0.0000,47.5760,0.0000,0.0000,0.0000,100.0000,0.0000,0.0000,0.0000
41.9500,0.0000,0.0000,88.0000,0.0000,0.0000,0.0000,0.0000,0.0000,0.0000,0.0000,0.0000,0.0000,0.0000,0.0000,0.0000,0.0000,0.0000,47.5760,0.0000,0.0000,0.0000,100.0000,0.0000,0.0000,0.0000
42.0000,0.0000,0.0000,88.0000,0.0000,0.0000,0.0000,0.0000,0.0000,0.0000,0.0000,0.0000,0.0000,0.0000,0.0000,0.0000,0.0000,0.0000,47.5760,0.0000,0.0000,0.0000,100.0000,0.0000,0.0000,0.0000
42.0500,0.0000,0.0000,88.6950,0.0000,0.0000,0.0000,0.0000,0.0000,0.0000,0.0000,0.0000,0.0000,0.0000,0.0000,0.0000,0.0000,0.0000,49.6611,0.0000,0.0000,0.0000,100.0000,0.0000,0.0000,0.0000
42.1000,0.0000,0.0000,91.8093,0.0000,0.0000,0.0000,0.0000,0.0000,0.0000,0.0000,0.0000,0.0000,0.0000,0.0000,0.0000,0.0000,0.0000,59.0038,0.0000,0.0000,0.0000,100.0000,0.0000,0.0000,0.0000
42.1500,0.0000,0.0000,96.1907,0.0000,0.0000,0.0000,0.0000,0.0000,0.0000,0.0000,0.0000,0.0000,0.0000,0.0000,0.0000,0.0000,0.0000,72.1481,0.0000,0.0000,0.0000,100.0000,0.0000,0.0000,0.0000
42.2000,0.0000,0.0000,99.3050,0.0000,0.0000,0.0000,0.0000,0.0000,0.0000,0.0000,0.0000,0.0000,0.0000,0.0000,0.0000,0.0000,0.0000,81.4908,0.0000,0.0000,0.0000,100.0000,0.0000,0.0000,0.0000
42.2500,0.0000,0.0000,100.0000,0.0000,0.0000,0.0000,0.0000,0.0000,0.0000,0.0000,0.0000,0.0000,0.0000,0.0000,0.0000,0.0000,0.0000,83.5760,0.0000,0.0000,0.0000,100.0000,0.0000,0.0000,0.0000
42.3000,0.0000,0.0000,100.0000,0.0000,0.0000,0.0000,0.0000,0.0000,0.0000,0.0000,0.0000,0.0000,0.0000,0.0000,0.0000,0.0000,0.0000,83.5760,0.0000,0.0000,0.0000,100.0000,0.0000,0.0000,0.0000
42.3500,0.0000,0.0000,100.0000,0.0000,0.0000,0.0000,0.0000,0.0000,0.0000,0.0000,0.0000,0.0000,0.0000,0.0000,0.0000,0.0000,0.0000,83.5760,0.0000,0.0000,0.0000,100.0000,0.0000,0.0000,0.0000
42.4000,0.0000,0.0000,100.0000,0.0000,0.0000,0.0000,0.0000,0.0000,0.0000,0.0000,0.0000,0.0000,0.0000,0.0000,0.0000,0.0000,0.0000,83.5760,0.0000,0.0000,0.0000,100.0000,0.0000,0.0000,0.0000
42.4500,0.0000,0.0000,100.0000,0.0000,0.0000,0.0000,0.0000,0.0000,0.0000,0.0000,0.0000,0.0000,0.0000,0.0000,0.0000,0.0000,0.0000,83.5760,0.0000,0.0000,0.0000,100.0000,0.0000,0.0000,0.0000
42.5000,0.0000,0.0000,100.0000,0.0000,0.0000,0.0000,0.0000,0.0000,0.0000,0.0000,0.0000,0.0000,0.0000,0.0000,0.0000,0.0000,0.0000,83.5760,0.0000,0.0000,0.0000,100.0000,0.0000,0.0000,0.0000
42.5500,0.0000,0.0000,96.4237,0.0000,0.0000,3.7069,0.0000,0.0000,0.0000,0.0000,0.0000,0.0000,0.0000,0.0000,0.0000,0.0000,0.0000,78.7352,0.0000,0.0000,0.0000,100.0000,0.0000,0.0000,0.0000
42.6000,0.0000,0.0000,80.3994,0.0000,0.0000,20.3162,0.0000,0.0000,0.0000,0.0000,0.0000,0.0000,0.0000,0.0000,0.0000,0.0000,0.0000,57.0456,0.0000,0.0000,0.0000,100.0000,0.0000,0.0000,0.0000
42.6500,0.0000,0.0000,57.8548,0.0000,0.0000,43.6838,0.0000,0.0000,0.0000,0.0000,0.0000,0.0000,0.0000,0.0000,0.0000,0.0000,0.0000,26.5304,0.0000,0.0000,0.0000,100.0000,0.0000,0.0000,0.0000
42.7000,0.0000,0.0000,41.8305,0.0000,0.0000,60.2931,0.0000,0.0000,0.0000,0.0000,0.0000,0.0000,0.0000,0.0000,0.0000,0.0000,0.0000,4.8407,0.0000,0.0000,0.0000,100.0000,0.0000,0.0000,0.0000
42.7500,0.0000,0.0000,38.2542,0.0000,0.0000,64.0000,0.0000,0.0000,0.0000,0.0000,0.0000,0.0000,0.0000,0.0000,0.0000,0.0000,0.0000,0.0000,0.0000,0.0000,0.0000,100.0000,0.0000,0.0000,0.0000
42.8000,0.0000,0.0000,38.2542,0.0000,0.0000,64.0000,0.0000,0.0000,0.0000,0.0000,0.0000,0.0000,0.0000,0.0000,0.0000,0.0000,0.0000,0.0000,0.0000,0.0000,0.0000,100.0000,0.0000,0.0000,0.0000
42.8500,0.0000,0.0000,38.2542,0.0000,0.0000,64.0000,0.0000,0.0000,0.0000,0.0000,0.0000,0.0000,0.0000,0.0000,0.0000,0.0000,0.0000,0.0000,0.0000,0.0000,0.0000,100.0000,0.0000,0.0000,0.0000
42.9000,0.0000,0.0000,38.2542,0.0000,0.0000,64.0000,0.0000,0.0000,0.0000,0.0000,0.0000,0.0000,0.0000,0.0000,0.0000,0.0000,0.0000,0.0000,0.0000,0.0000,0.0000,100.0000,0.0000,0.0000,0.0000
42.9500,0.0000,0.0000,38.2542,0.0000,0.0000,64.0000,0.0000,0.0000,0.0000,0.0000,0.0000,0.0000,0.0000,0.0000,0.0000,0.0000,0.0000,0.0000,0.0000,0.0000,0.0000,100.0000,0.0000,0.0000,0.0000
43.0000,0.0000,0.0000,38.2542,0.0000,0.0000,64.0000,0.0000,0.0000,0.0000,0.0000,0.0000,0.0000,0.0000,0.0000,0.0000,0.0000,0.0000,0.0000,0.0000,0.0000,0.0000,100.0000,0.0000,0.0000,0.0000
43.0500,0.0000,0.0000,36.8642,0.0000,0.0000,65.3901,0.0000,0.0000,0.0000,0.0000,0.0000,0.0000,0.0000,0.0000,0.0000,0.0000,0.0000,0.0000,4.5160,0.0000,0.0000,94.2080,0.0000,0.0000,0.0000
43.1000,0.0000,0.0000,30.6357,0.0000,0.0000,71.6186,0.0000,0.0000,0.0000,0.0000,0.0000,0.0000,0.0000,0.0000,0.0000,0.0000,0.0000,0.0000,24.7507,0.0000,0.0000,68.2560,0.0000,0.0000,0.0000
43.1500,0.0000,0.0000,21.8728,0.0000,0.0000,80.3814,0.0000,0.0000,0.0000,0.0000,0.0000,0.0000,0.0000,0.0000,0.0000,0.0000,0.0000,0.0000,53.2191,0.0000,0.0000,31.7440,0.0000,0.0000,0.0000
43.2000,0.0000,0.0000,15.6443,0.0000,0.0000,86.6099,0.0000,0.0000,0.0000,0.0000,0.0000,0.0000,0.0000,0.0000,0.0000,0.0000,0.0000,0.0000,73.4538,0.0000,0.0000,5.7920,0.0000,0.0000,0.0000
43.2500,0.0000,0.0000,14.2542,0.0000,0.0000,88.0000,0.0000,0.0000,0.0000,0.0000,0.0000,0.0000,0.0000,0.0000,0.0000,0.0000,0.0000,0.0000,77.9698,0.0000,0.0000,0.0000,0.0000,0.0000,0.0000
43.3000,0.0000,0.0000,14.2542,0.0000,0.0000,88.0000,0.0000,0.0000,0.0000,0.0000,0.0000,0.0000,0.0000,0.0000,0.0000,0.0000,0.0000,0.0000,77.9698,0.0000,0.0000,0.0000,0.0000,0.0000,0.0000
43.3500,0.0000,0.0000,14.2542,0.0000,0.0000,88.0000,0.0000,0.0000,0.0000,0.0000,0.0000,0.0000,0.0000,0.0000,0.0000,0.0000,0.0000,0.0000,77.9698,0.0000,0.0000,0.0000,0.0000,0.0000,0.0000
43.4000,0.0000,0.0000,14.2542,0.0000,0.0000,88.0000,0.0000,0.0000,0.0000,0.0000,0.0000,0.0000,0.0000,0.0000,0.0000,0.0000,0.0000,0.0000,77.9698,0.0000,0.0000,0.0000,0.0000,0.0000,0.0000
43.4500,0.0000,0.0000,14.2542,0.0000,0.0000,88.0000,0.0000,0.0000,0.0000,0.0000,0.0000,0.0000,0.0000,0.0000,0.0000,0.0000,0.0000,0.0000,77.9698,0.0000,0.0000,0.0000,0.0000,0.0000,0.0000
43.5000,0.0000,0.0000,14.2542,0.0000,0.0000,88.0000,0.0000,0.0000,0.0000,0.0000,0.0000,0.0000,0.0000,0.0000,0.0000,0.0000,0.0000,0.0000,77.9698,0.0000,0.0000,0.0000,0.0000,0.0000,0.0000
43.5500,0.0000,0.0000,13.4286,0.0000,0.0000,88.0000,0.0000,0.0000,0.0000,0.0000,0.0000,0.0000,0.0000,0.0000,0.0000,0.0000,0.0000,0.0000,78.5508,0.0000,0.0000,5.7920,0.0000,0.0000,0.0000
43.6000,0.0000,0.0000,9.7294,0.0000,0.0000,88.0000,0.0000,0.0000,0.0000,0.0000,0.0000,0.0000,0.0000,0.0000,0.0000,0.0000,0.0000,0.0000,81.1538,0.0000,0.0000,31.7440,0.0000,0.0000,0.0000
43.6500,0.0000,0.0000,4.5249,0.0000,0.0000,88.0000,0.0000,0.0000,0.0000,0.0000,0.0000,0.0000,0.0000,0.0000,0.0000,0.0000,0.0000,0.0000,84.8160,0.0000,0.0000,68.2560,0.0000,0.0000,0.0000
43.7000,0.0000,0.0000,0.8256,0.0000,0.0000,88.0000,0.0000,0.0000,0.0000,0.0000,0.0000,0.0000,0.0000,0.0000,0.0000,0.0000,0.0000,0.0000,87.4191,0.0000,0.0000,94.2080,0.0000,0.0000,0.0000
43.7500,0.0000,0.0000,0.0000,0.0000,0.0000,88.0000,0.0000,0.0000,0.0000,0.0000,0.0000,0.0000,0.0000,0.0000,0.0000,0.0000,0.0000,0.0000,88.0000,0.0000,0.0000,100.0000,0.0000,0.0000,0.0000
43.8000,0.0000,0.0000,0.0000,0.0000,0.0000,88.0000,0.0000,0.0000,0.0000,0.0000,0.0000,0.0000,0.0000,0.0000,0.0000,0.0000,0.0000,0.0000,88.0000,0.0000,0.0000,100.0000,0.0000,0.0000,0.0000
43.8500,0.0000,0.0000,0.0000,0.0000,0.0000,88.0000,0.0000,0.0000,0.0000,0.0000,0.0000,0.0000,0.0000,0.0000,0.0000,0.0000,0.0000,0.0000,88.0000,0.0000,0.0000,100.0000,0.0000,0.0000,0.0000
43.9000,0.0000,0.0000,0.0000,0.0000,0.0000,88.0000,0.0000,0.0000,0.0000,0.0000,0.0000,0.0000,0.0000,0.0000,0.0000,0.0000,0.0000,0.0000,88.0000,0.0000,0.0000,100.0000,0.0000,0.0000,0.0000
43.9500,0.0000,0.0000,0.0000,0.0000,0.0000,88.0000,0.0000,0.0000,0.0000,0.0000,0.0000,0.0000,0.0000,0.0000,0.0000,0.0000,0.0000,0.0000,88.0000,0.0000,0.0000,100.0000,0.0000,0.0000,0.0000
44.0000,0.0000,0.0000,0.0000,0.0000,0.0000,88.0000,0.0000,0.0000,0.0000,0.0000,0.0000,0.0000,0.0000,0.0000,0.0000,0.0000,0.0000,0.0000,88.0000,0.0000,0.0000,100.0000,0.0000,0.0000,0.0000
44.0500,0.0000,0.0000,0.0000,0.0000,0.0000,87.3050,0.0000,0.0000,0.0000,0.0000,0.0000,0.0000,0.0000,0.0000,0.0000,0.0000,0.0000,0.0000,86.6099,0.0000,0.0000,100.0000,0.0000,0.0000,0.0000
44.1000,0.0000,0.0000,0.0000,0.0000,0.0000,84.1907,0.0000,0.0000,0.0000,0.0000,0.0000,0.0000,0.0000,0.0000,0.0000,0.0000,0.0000,0.0000,80.3814,0.0000,0.0000,100.0000,0.0000,0.0000,0.0000
44.1500,0.0000,0.0000,0.0000,0.0000,0.0000,79.8093,0.0000,0.0000,0.0000,0.0000,0.0000,0.0000,0.0000,0.0000,0.0000,0.0000,0.0000,0.0000,71.6186,0.0000,0.0000,100.0000,0.0000,0.0000,0.0000
44.2000,0.0000,0.0000,0.0000,0.0000,0.0000,76.6950,0.0000,0.0000,0.0000,0.0000,0.0000,0.0000,0.0000,0.0000,0.0000,0.0000,0.0000,0.0000,65.3901,0.0000,0.0000,100.0000,0.0000,0.0000,0.0000
44.2500,0.0000,0.0000,0.0000,0.0000,0.0000,76.0000,0.0000,0.0000,0.0000,0.0000,0.0000,0.0000,0.0000,0.0000,0.0000,0.0000,0.0000,0.0000,64.0000,0.0000,0.0000,100.0000,0.0000,0.0000,0.0000
44.3000,0.0000,0.0000,0.0000,0.0000,0.0000,76.0000,0.0000,0.0000,0.0000,0.0000,0.0000,0.0000,0.0000,0.0000,0.0000,0.0000,0.0000,0.0000,64.0000,0.0000,0.0000,100.0000,0.0000,0.0000,0.0000
44.3500,0.0000,0.0000,0.0000,0.0000,0.0000,76.0000,0.0000,0.0000,0.0000,0.0000,0.0000,0.0000,0.0000,0.0000,0.0000,0.0000,0.0000,0.0000,64.0000,0.0000,0.0000,100.0000,0.0000,0.0000,0.0000
44.4000,0.0000,0.0000,0.0000,0.0000,0.0000,76.0000,0.0000,0.0000,0.0000,0.0000,0.0000,0.0000,0.0000,0.0000,0.0000,0.0000,0.0000,0.0000,64.0000,0.0000,0.0000,100.0000,0.0000,0.0000,0.0000
44.4500,0.0000,0.0000,0.0000,0.0000,0.0000,76.0000,0.0000,0.0000,0.0000,0.0000,0.0000,0.0000,0.0000,0.0000,0.0000,0.0000,0.0000,0.0000,64.0000,0.0000,0.0000,100.0000,0.0000,0.0000,0.0000
44.5000,0.0000,0.0000,0.0000,0.0000,0.0000,76.0000,0.0000,0.0000,0.0000,0.0000,0.0000,0.0000,0.0000,0.0000,0.0000,0.0000,0.0000,0.0000,64.0000,0.0000,0.0000,100.0000,0.0000,0.0000,0.0000
44.5500,0.0000,0.0000,0.0000,0.0000,0.0000,71.5981,0.0000,0.0000,5.0970,0.0000,0.0000,0.0000,0.0000,0.0000,0.0000,0.0000,0.0000,0.0000,64.6950,0.0000,0.0000,100.0000,0.0000,0.0000,0.0000
44.6000,0.0000,0.0000,0.0000,0.0000,0.0000,51.8746,0.0000,0.0000,27.9347,0.0000,0.0000,0.0000,0.0000,0.0000,0.0000,0.0000,0.0000,0.0000,67.8093,0.0000,0.0000,100.0000,0.0000,0.0000,0.0000
44.6500,0.0000,0.0000,0.0000,0.0000,0.0000,24.1254,0.0000,0.0000,60.0653,0.0000,0.0000,0.0000,0.0000,0.0000,0.0000,0.0000,0.0000,0.0000,72.1907,0.0000,0.0000,100.0000,0.0000,0.0000,0.0000
44.7000,0.0000,0.0000,0.0000,0.0000,0.0000,4.4019,0.0000,0.0000,82.9030,0.0000,0.0000,0.0000,0.0000,0.0000,0.0000,0.0000,0.0000,0.0000,75.3050,0.0000,0.0000,100.0000,0.0000,0.0000,0.0000
44.7500,0.0000,0.0000,0.0000,0.0000,0.0000,0.0000,0.0000,0.0000,88.0000,0.0000,0.0000,0.0000,0.0000,0.0000,0.0000,0.0000,0.0000,0.0000,76.0000,0.0000,0.0000,100.0000,0.0000,0.0000,0.0000
44.8000,0.0000,0.0000,0.0000,0.0000,0.0000,0.0000,0.0000,0.0000,88.0000,0.0000,0.0000,0.0000,0.0000,0.0000,0.0000,0.0000,0.0000,0.0000,76.0000,0.0000,0.0000,100.0000,0.0000,0.0000,0.0000
44.8500,0.0000,0.0000,0.0000,0.0000,0.0000,0.0000,0.0000,0.0000,88.0000,0.0000,0.0000,0.0000,0.0000,0.0000,0.0000,0.0000,0.0000,0.0000,76.0000,0.0000,0.0000,100.0000,0.0000,0.0000,0.0000
44.9000,0.0000,0.0000,0.0000,0.0000,0.0000,0.0000,0.0000,0.0000,88.0000,0.0000,0.0000,0.0000,0.0000,0.0000,0.0000,0.0000,0.0000,0.0000,76.0000,0.0000,0.0000,100.0000,0.0000,0.0000,0.0000
44.9500,0.0000,0.0000,0.0000,0.0000,0.0000,0.0000,0.0000,0.0000,88.0000,0.0000,0.0000,0.0000,0.0000,0.0000,0.0000,0.0000,0.0000,0.0000,76.0000,0.0000,0.0000,100.0000,0.0000,0.0000,0.0000
45.0000,0.0000,0.0000,0.0000,0.0000,0.0000,0.0000,0.0000,0.0000,88.0000,0.0000,0.0000,0.0000,0.0000,0.0000,0.0000,0.0000,0.0000,0.0000,76.0000,0.0000,0.0000,100.0000,0.0000,0.0000,0.0000
45.0500,0.0000,0.0000,0.0000,4.4019,0.0000,0.0000,0.0000,0.0000,88.6950,0.0000,0.0000,0.0000,0.0000,0.0000,0.0000,0.0000,0.0000,0.0000,71.5981,0.0000,0.0000,100.0000,0.0000,0.0000,0.0000
45.1000,0.0000,0.0000,0.0000,24.1254,0.0000,0.0000,0.0000,0.0000,91.8093,0.0000,0.0000,0.0000,0.0000,0.0000,0.0000,0.0000,0.0000,0.0000,51.8746,0.0000,0.0000,100.0000,0.0000,0.0000,0.0000
45.1500,0.0000,0.0000,0.0000,51.8746,0.0000,0.0000,0.0000,0.0000,96.1907,0.0000,0.0000,0.0000,0.0000,0.0000,0.0000,0.0000,0.0000,0.0000,24.1254,0.0000,0.0000,100.0000,0.0000,0.0000,0.0000
45.2000,0.0000,0.0000,0.0000,71.5981,0.0000,0.0000,0.0000,0.0000,99.3050,0.0000,0.0000,0.0000,0.0000,0.0000,0.0000,0.0000,0.0000,0.0000,4.4019,0.0000,0.0000,100.0000,0.0000,0.0000,0.0000
45.2500,0.0000,0.0000,0.0000,76.0000,0.0000,0.0000,0.0000,0.0000,100.0000,0.0000,0.0000,0.0000,0.0000,0.0000,0.0000,0.0000,0.0000,0.0000,0.0000,0.0000,0.0000,100.0000,0.0000,0.0000,0.0000
45.3000,0.0000,0.0000,0.0000,76.0000,0.0000,0.0000,0.0000,0.0000,100.0000,0.0000,0.0000,0.0000,0.0000,0.0000,0.0000,0.0000,0.0000,0.0000,0.0000,0.0000,0.0000,100.0000,0.0000,0.0000,0.0000
45.3500,0.0000,0.0000,0.0000,76.0000,0.0000,0.0000,0.0000,0.0000,100.0000,0.0000,0.0000,0.0000,0.0000,0.0000,0.0000,0.0000,0.0000,0.0000,0.0000,0.0000,0.0000,100.0000,0.0000,0.0000,0.0000
45.4000,0.0000,0.0000,0.0000,76.0000,0.0000,0.0000,0.0000,0.0000,100.0000,0.0000,0.0000,0.0000,0.0000,0.0000,0.0000,0.0000,0.0000,0.0000,0.0000,0.0000,0.0000,100.0000,0.0000,0.0000,0.0000
45.4500,0.0000,0.0000,0.0000,76.0000,0.0000,0.0000,0.0000,0.0000,100.0000,0.0000,0.0000,0.0000,0.0000,0.0000,0.0000,0.0000,0.0000,0.0000,0.0000,0.0000,0.0000,100.0000,0.0000,0.0000,0.0000
45.5000,0.0000,0.0000,0.0000,76.0000,0.0000,0.0000,0.0000,0.0000,100.0000,0.0000,0.0000,0.0000,0.0000,0.0000,0.0000,0.0000,0.0000,0.0000,0.0000,0.0000,0.0000,100.0000,0.0000,0.0000,0.0000
45.5500,0.0000,0.0000,0.0000,76.6950,0.0000,0.0000,0.0000,0.0000,99.3050,0.0000,0.0000,0.0000,0.0000,0.0000,0.0000,0.0000,0.0000,0.0000,0.0000,0.0000,0.0000,94.2080,5.7920,0.0000,0.0000
45.6000,0.0000,0.0000,0.0000,79.8093,0.0000,0.0000,0.0000,0.0000,96.1907,0.0000,0.0000,0.0000,0.0000,0.0000,0.0000,0.0000,0.0000,0.0000,0.0000,0.0000,0.0000,68.2560,31.7440,0.0000,0.0000
45.6500,0.0000,0.0000,0.0000,84.1907,0.0000,0.0000,0.0000,0.0000,91.8093,0.0000,0.0000,0.0000,0.0000,0.0000,0.0000,0.0000,0.0000,0.0000,0.0000,0.0000,0.0000,31.7440,68.2560,0.0000,0.0000
45.7000,0.0000,0.0000,0.0000,87.3050,0.0000,0.0000,0.0000,0.0000,88.6950,0.0000,0.0000,0.0000,0.0000,0.0000,0.0000,0.0000,0.0000,0.0000,0.0000,0.0000,0.0000,5.7920,94.2080,0.0000,0.0000
45.7500,0.0000,0.0000,0.0000,88.0000,0.0000,0.0000,0.0000,0.0000,88.0000,0.0000,0.0000,0.0000,0.0000,0.0000,0.0000,0.0000,0.0000,0.0000,0.0000,0.0000,0.0000,0.0000,100.0000,0.0000,0.0000
45.8000,0.0000,0.0000,0.0000,88.0000,0.0000,0.0000,0.0000,0.0000,88.0000,0.0000,0.0000,0.0000,0.0000,0.0000,0.0000,0.0000,0.0000,0.0000,0.0000,0.0000,0.0000,0.0000,100.0000,0.0000,0.0000
45.8500,0.0000,0.0000,0.0000,88.0000,0.0000,0.0000,0.0000,0.0000,88.0000,0.0000,0.0000,0.0000,0.0000,0.0000,0.0000,0.0000,0.0000,0.0000,0.0000,0.0000,0.0000,0.0000,100.0000,0.0000,0.0000
45.9000,0.0000,0.0000,0.0000,88.0000,0.0000,0.0000,0.0000,0.0000,88.0000,0.0000,0.0000,0.0000,0.0000,0.0000,0.0000,0.0000,0.0000,0.0000,0.0000,0.0000,0.0000,0.0000,100.0000,0.0000,0.0000
45.9500,0.0000,0.0000,0.0000,88.0000,0.0000,0.0000,0.0000,0.0000,88.0000,0.0000,0.0000,0.0000,0.0000,0.0000,0.0000,0.0000,0.0000,0.0000,0.0000,0.0000,0.0000,0.0000,100.0000,0.0000,0.0000
46.0000,0.0000,0.0000,0.0000,88.0000,0.0000,0.0000,0.0000,0.0000,88.0000,0.0000,0.0000,0.0000,0.0000,0.0000,0.0000,0.0000,0.0000,0.0000,0.0000,0.0000,0.0000,0.0000,100.0000,0.0000,0.0000
46.0500,0.0000,0.0000,0.0000,88.3475,0.0000,0.0000,0.0000,0.0000,87.3050,0.0000,0.0000,0.0000,0.0000,0.0000,0.0000,0.0000,0.0000,0.0000,0.0000,0.0000,0.0000,0.0000,100.0000,0.0000,0.0000
46.1000,0.0000,0.0000,0.0000,89.9046,0.0000,0.0000,0.0000,0.0000,84.1907,0.0000,0.0000,0.0000,0.0000,0.0000,0.0000,0.0000,0.0000,0.0000,0.0000,0.0000,0.0000,0.0000,100.0000,0.0000,0.0000
46.1500,0.0000,0.0000,0.0000,92.0954,0.0000,0.0000,0.0000,0.0000,79.8093,0.0000,0.0000,0.0000,0.0000,0.0000,0.0000,0.0000,0.0000,0.0000,0.0000,0.0000,0.0000,0.0000,100.0000,0.0000,0.0000
46.2000,0.0000,0.0000,0.0000,93.6525,0.0000,0.0000,0.0000,0.0000,76.6950,0.0000,0.0000,0.0000,0.0000,0.0000,0.0000,0.0000,0.0000,0.0000,0.0000,0.0000,0.0000,0.0000,100.0000,0.0000,0.0000
46.2500,0.0000,0.0000,0.0000,94.0000,0.0000,0.0000,0.0000,0.0000,76.0000,0.0000,0.0000,0.0000,0.0000,0.0000,0.0000,0.0000,0.0000,0.0000,0.0000,0.0000,0.0000,0.0000,100.0000,0.0000,0.0000
46.3000,0.0000,0.0000,0.0000,94.0000,0.0000,0.0000,0.0000,0.0000,76.0000,0.0000,0.0000,0.0000,0.0000,0.0000,0.0000,0.0000,0.0000,0.0000,0.0000,0.0000,0.0000,0.0000,100.0000,0.0000,0.0000
46.3500,0.0000,0.0000,0.0000,94.0000,0.0000,0.0000,0.0000,0.0000,76.0000,0.0000,0.0000,0.0000,0.0000,0.0000,0.0000,0.0000,0.0000,0.0000,0.0000,0.0000,0.0000,0.0000,100.0000,0.0000,0.0000
46.4000,0.0000,0.0000,0.0000,94.0000,0.0000,0.0000,0.0000,0.0000,76.0000,0.0000,0.0000,0.0000,0.0000,0.0000,0.0000,0.0000,0.0000,0.0000,0.0000,0.0000,0.0000,0.0000,100.0000,0.0000,0.0000
46.4500,0.0000,0.0000,0.0000,94.0000,0.0000,0.0000,0.0000,0.0000,76.0000,0.0000,0.0000,0.0000,0.0000,0.0000,0.0000,0.0000,0.0000,0.0000,0.0000,0.0000,0.0000,0.0000,100.0000,0.0000,0.0000
46.5000,0.0000,0.0000,0.0000,94.0000,0.0000,0.0000,0.0000,0.0000,76.0000,0.0000,0.0000,0.0000,0.0000,0.0000,0.0000,0.0000,0.0000,0.0000,0.0000,0.0000,0.0000,0.0000,100.0000,0.0000,0.0000
46.5500,0.0000,0.0000,0.0000,92.3261,0.0000,5.4445,0.0000,0.0000,71.5981,0.0000,0.0000,0.0000,0.0000,0.0000,0.0000,0.0000,0.0000,0.0000,0.0000,0.0000,0.0000,0.0000,100.0000,0.0000,0.0000
46.6000,0.0000,0.0000,0.0000,84.8260,0.0000,29.8394,0.0000,0.0000,51.8746,0.0000,0.0000,0.0000,0.0000,0.0000,0.0000,0.0000,0.0000,0.0000,0.0000,0.0000,0.0000,0.0000,100.0000,0.0000,0.0000
46.6500,0.0000,0.0000,0.0000,74.2741,0.0000,64.1606,0.0000,0.0000,24.1254,0.0000,0.0000,0.0000,0.0000,0.0000,0.0000,0.0000,0.0000,0.0000,0.0000,0.0000,0.0000,0.0000,100.0000,0.0000,0.0000
46.7000,0.0000,0.0000,0.0000,66.7739,0.0000,88.5555,0.0000,0.0000,4.4019,0.0000,0.0000,0.0000,0.0000,0.0000,0.0000,0.0000,0.0000,0.0000,0.0000,0.0000,0.0000,0.0000,100.0000,0.0000,0.0000
46.7500,0.0000,0.0000,0.0000,65.1000,0.0000,94.0000,0.0000,0.0000,0.0000,0.0000,0.0000,0.0000,0.0000,0.0000,0.0000,0.0000,0.0000,0.0000,0.0000,0.0000,0.0000,0.0000,100.0000,0.0000,0.0000
46.8000,0.0000,0.0000,0.0000,65.1000,0.0000,94.0000,0.0000,0.0000,0.0000,0.0000,0.0000,0.0000,0.0000,0.0000,0.0000,0.0000,0.0000,0.0000,0.0000,0.0000,0.0000,0.0000,100.0000,0.0000,0.0000
46.8500,0.0000,0.0000,0.0000,65.1000,0.0000,94.0000,0.0000,0.0000,0.0000,0.0000,0.0000,0.0000,0.0000,0.0000,0.0000,0.0000,0.0000,0.0000,0.0000,0.0000,0.0000,0.0000,100.0000,0.0000,0.0000
46.9000,0.0000,0.0000,0.0000,65.1000,0.0000,94.0000,0.0000,0.0000,0.0000,0.0000,0.0000,0.0000,0.0000,0.0000,0.0000,0.0000,0.0000,0.0000,0.0000,0.0000,0.0000,0.0000,100.0000,0.0000,0.0000
46.9500,0.0000,0.0000,0.0000,65.1000,0.0000,94.0000,0.0000,0.0000,0.0000,0.0000,0.0000,0.0000,0.0000,0.0000,0.0000,0.0000,0.0000,0.0000,0.0000,0.0000,0.0000,0.0000,100.0000,0.0000,0.0000
47.0000,0.0000,0.0000,0.0000,65.1000,0.0000,94.0000,0.0000,0.0000,0.0000,0.0000,0.0000,0.0000,0.0000,0.0000,0.0000,0.0000,0.0000,0.0000,0.0000,0.0000,0.0000,0.0000,100.0000,0.0000,0.0000
47.0500,0.0000,0.0000,0.0000,61.3295,0.0000,90.7697,5.7920,0.0000,0.0000,0.0000,0.0000,0.0000,0.0000,0.0000,0.0000,0.0000,0.0000,0.0000,0.0000,0.0000,0.0000,0.0000,100.0000,0.0000,0.0000
47.1000,0.0000,0.0000,0.0000,44.4347,0.0000,76.2956,31.7440,0.0000,0.0000,0.0000,0.0000,0.0000,0.0000,0.0000,0.0000,0.0000,0.0000,0.0000,0.0000,0.0000,0.0000,0.0000,100.0000,0.0000,0.0000
47.1500,0.0000,0.0000,0.0000,20.6654,0.0000,55.9320,68.2560,0.0000,0.0000,0.0000,0.0000,0.0000,0.0000,0.0000,0.0000,0.0000,0.0000,0.0000,0.0000,0.0000,0.0000,0.0000,100.0000,0.0000,0.0000
47.2000,0.0000,0.0000,0.0000,3.7706,0.0000,41.4579,94.2080,0.0000,0.0000,0.0000,0.0000,0.0000,0.0000,0.0000,0.0000,0.0000,0.0000,0.0000,0.0000,0.0000,0.0000,0.0000,100.0000,0.0000,0.0000
47.2500,0.0000,0.0000,0.0000,0.0000,0.0000,38.2276,100.0000,0.0000,0.0000,0.0000,0.0000,0.0000,0.0000,0.0000,0.0000,0.0000,0.0000,0.0000,0.0000,0.0000,0.0000,0.0000,100.0000,0.0000,0.0000
47.3000,0.0000,0.0000,0.0000,0.0000,0.0000,38.2276,100.0000,0.0000,0.0000,0.0000,0.0000,0.0000,0.0000,0.0000,0.0000,0.0000,0.0000,0.0000,0.0000,0.0000,0.0000,0.0000,100.0000,0.0000,0.0000
47.3500,0.0000,0.0000,0.0000,0.0000,0.0000,38.2276,100.0000,0.0000,0.0000,0.0000,0.0000,0.0000,0.0000,0.0000,0.0000,0.0000,0.0000,0.0000,0.0000,0.0000,0.0000,0.0000,100.0000,0.0000,0.0000
47.4000,0.0000,0.0000,0.0000,0.0000,0.0000,38.2276,100.0000,0.0000,0.0000,0.0000,0.0000,0.0000,0.0000,0.0000,0.0000,0.0000,0.0000,0.0000,0.0000,0.0000,0.0000,0.0000,100.0000,0.0000,0.0000
47.4500,0.0000,0.0000,0.0000,0.0000,0.0000,38.2276,100.0000,0.0000,0.0000,0.0000,0.0000,0.0000,0.0000,0.0000,0.0000,0.0000,0.0000,0.0000,0.0000,0.0000,0.0000,0.0000,100.0000,0.0000,0.0000
47.5000,0.0000,0.0000,0.0000,0.0000,0.0000,38.2276,100.0000,0.0000,0.0000,0.0000,0.0000,0.0000,0.0000,0.0000,0.0000,0.0000,0.0000,0.0000,0.0000,0.0000,0.0000,0.0000,100.0000,0.0000,0.0000
47.5500,0.0000,0.0000,0.0000,0.0000,0.0000,40.7315,99.3050,0.0000,0.0000,0.0000,0.0000,0.0000,0.0000,0.0000,0.0000,0.0000,0.0000,0.0000,0.0000,0.0000,0.0000,0.0000,99.6525,0.0000,0.0000
47.6000,0.0000,0.0000,0.0000,0.0000,0.0000,51.9507,96.1907,0.0000,0.0000,0.0000,0.0000,0.0000,0.0000,0.0000,0.0000,0.0000,0.0000,0.0000,0.0000,0.0000,0.0000,0.0000,98.0954,0.0000,0.0000
47.6500,0.0000,0.0000,0.0000,0.0000,0.0000,67.7350,91.8093,0.0000,0.0000,0.0000,0.0000,0.0000,0.0000,0.0000,0.0000,0.0000,0.0000,0.0000,0.0000,0.0000,0.0000,0.0000,95.9046,0.0000,0.0000
47.7000,0.0000,0.0000,0.0000,0.0000,0.0000,78.9542,88.6950,0.0000,0.0000,0.0000,0.0000,0.0000,0.0000,0.0000,0.0000,0.0000,0.0000,0.0000,0.0000,0.0000,0.0000,0.0000,94.3475,0.0000,0.0000
47.7500,0.0000,0.0000,0.0000,0.0000,0.0000,81.4581,88.0000,0.0000,0.0000,0.0000,0.0000,0.0000,0.0000,0.0000,0.0000,0.0000,0.0000,0.0000,0.0000,0.0000,0.0000,0.0000,94.0000,0.0000,0.0000
47.8000,0.0000,0.0000,0.0000,0.0000,0.0000,81.4581,88.0000,0.0000,0.0000,0.0000,0.0000,0.0000,0.0000,0.0000,0.0000,0.0000,0.0000,0.0000,0.0000,0.0000,0.0000,0.0000,94.0000,0.0000,0.0000
47.8500,0.0000,0.0000,0.0000,0.0000,0.0000,81.4581,88.0000,0.0000,0.0000,0.0000,0.0000,0.0000,0.0000,0.0000,0.0000,0.0000,0.0000,0.0000,0.0000,0.0000,0.0000,0.0000,94.0000,0.0000,0.0000
47.9000,0.0000,0.0000,0.0000,0.0000,0.0000,81.4581,88.0000,0.0000,0.0000,0.0000,0.0000,0.0000,0.0000,0.0000,0.0000,0.0000,0.0000,0.0000,0.0000,0.0000,0.0000,0.0000,94.0000,0.0000,0.0000
47.9500,0.0000,0.0000,0.0000,0.0000,0.0000,81.4581,88.0000,0.0000,0.0000,0.0000,0.0000,0.0000,0.0000,0.0000,0.0000,0.0000,0.0000,0.0000,0.0000,0.0000,0.0000,0.0000,94.0000,0.0000,0.0000
48.0000,0.0000,0.0000,0.0000,0.0000,0.0000,81.4581,88.0000,0.0000,0.0000,0.0000,0.0000,0.0000,0.0000,0.0000,0.0000,0.0000,0.0000,0.0000,0.0000,0.0000,0.0000,0.0000,94.0000,0.0000,0.0000
48.0500,0.0000,0.0000,0.0000,0.0000,0.0000,81.4581,88.0000,0.0000,0.0000,0.0000,0.0000,0.0000,0.0000,0.0000,0.0000,0.0000,0.0000,0.0000,0.0000,0.0000,0.0000,0.0000,94.3475,0.0000,0.0000
48.1000,0.0000,0.0000,0.0000,0.0000,0.0000,81.4581,88.0000,0.0000,0.0000,0.0000,0.0000,0.0000,0.0000,0.0000,0.0000,0.0000,0.0000,0.0000,0.0000,0.0000,0.0000,0.0000,95.9046,0.0000,0.0000
48.1500,0.0000,0.0000,0.0000,0.0000,0.0000,81.4581,88.0000,0.0000,0.0000,0.0000,0.0000,0.0000,0.0000,0.0000,0.0000,0.0000,0.0000,0.0000,0.0000,0.0000,0.0000,0.0000,98.0954,0.0000,0.0000
48.2000,0.0000,0.0000,0.0000,0.0000,0.0000,81.4581,88.0000,0.0000,0.0000,0.0000,0.0000,0.0000,0.0000,0.0000,0.0000,0.0000,0.0000,0.0000,0.0000,0.0000,0.0000,0.0000,99.6525,0.0000,0.0000
48.2500,0.0000,0.0000,0.0000,0.0000,0.0000,81.4581,88.0000,0.0000,0.0000,0.0000,0.0000,0.0000,0.0000,0.0000,0.0000,0.0000,0.0000,0.0000,0.0000,0.0000,0.0000,0.0000,100.0000,0.0000,0.0000
48.3000,0.0000,0.0000,0.0000,0.0000,0.0000,81.4581,88.0000,0.0000,0.0000,0.0000,0.0000,0.0000,0.0000,0.0000,0.0000,0.0000,0.0000,0.0000,0.0000,0.0000,0.0000,0.0000,100.0000,0.0000,0.0000
48.3500,0.0000,0.0000,0.0000,0.0000,0.0000,81.4581,88.0000,0.0000,0.0000,0.0000,0.0000,0.0000,0.0000,0.0000,0.0000,0.0000,0.0000,0.0000,0.0000,0.0000,0.0000,0.0000,100.0000,0.0000,0.0000
48.4000,0.0000,0.0000,0.0000,0.0000,0.0000,81.4581,88.0000,0.0000,0.0000,0.0000,0.0000,0.0000,0.0000,0.0000,0.0000,0.0000,0.0000,0.0000,0.0000,0.0000,0.0000,0.0000,100.0000,0.0000,0.0000
48.4500,0.0000,0.0000,0.0000,0.0000,0.0000,81.4581,88.0000,0.0000,0.0000,0.0000,0.0000,0.0000,0.0000,0.0000,0.0000,0.0000,0.0000,0.0000,0.0000,0.0000,0.0000,0.0000,100.0000,0.0000,0.0000
48.5000,0.0000,0.0000,0.0000,0.0000,0.0000,81.4581,88.0000,0.0000,0.0000,0.0000,0.0000,0.0000,0.0000,0.0000,0.0000,0.0000,0.0000,0.0000,0.0000,0.0000,0.0000,0.0000,100.0000,0.0000,0.0000
48.5500,0.0000,0.0000,0.0000,0.0000,0.0000,76.7400,88.0000,0.0000,0.0000,0.0000,0.0000,0.0000,0.0000,0.0000,0.0000,0.0000,0.0000,0.0000,0.0000,0.0000,0.0000,5.4445,98.6353,0.0000,0.0000
48.6000,0.0000,0.0000,0.0000,0.0000,0.0000,55.6000,88.0000,0.0000,0.0000,0.0000,0.0000,0.0000,0.0000,0.0000,0.0000,0.0000,0.0000,0.0000,0.0000,0.0000,0.0000,29.8394,92.5205,0.0000,0.0000
48.6500,0.0000,0.0000,0.0000,0.0000,0.0000,25.8581,88.0000,0.0000,0.0000,0.0000,0.0000,0.0000,0.0000,0.0000,0.0000,0.0000,0.0000,0.0000,0.0000,0.0000,0.0000,64.1606,83.9176,0.0000,0.0000
48.7000,0.0000,0.0000,0.0000,0.0000,0.0000,4.7181,88.0000,0.0000,0.0000,0.0000,0.0000,0.0000,0.0000,0.0000,0.0000,0.0000,0.0000,0.0000,0.0000,0.0000,0.0000,88.5555,77.8028,0.0000,0.0000
48.7500,0.0000,0.0000,0.0000,0.0000,0.0000,0.0000,88.0000,0.0000,0.0000,0.0000,0.0000,0.0000,0.0000,0.0000,0.0000,0.0000,0.0000,0.0000,0.0000,0.0000,0.0000,94.0000,76.4381,0.0000,0.0000
48.8000,0.0000,0.0000,0.0000,0.0000,0.0000,0.0000,88.0000,0.0000,0.0000,0.0000,0.0000,0.0000,0.0000,0.0000,0.0000,0.0000,0.0000,0.0000,0.0000,0.0000,0.0000,94.0000,76.4381,0.0000,0.0000
48.8500,0.0000,0.0000,0.0000,0.0000,0.0000,0.0000,88.0000,0.0000,0.0000,0.0000,0.0000,0.0000,0.0000,0.0000,0.0000,0.0000,0.0000,0.0000,0.0000,0.0000,0.0000,94.0000,76.4381,0.0000,0.0000
48.9000,0.0000,0.0000,0.0000,0.0000,0.0000,0.0000,88.0000,0.0000,0.0000,0.0000,0.0000,0.0000,0.0000,0.0000,0.0000,0.0000,0.0000,0.0000,0.0000,0.0000,0.0000,94.0000,76.4381,0.0000,0.0000
48.9500,0.0000,0.0000,0.0000,0.0000,0.0000,0.0000,88.0000,0.0000,0.0000,0.0000,0.0000,0.0000,0.0000,0.0000,0.0000,0.0000,0.0000,0.0000,0.0000,0.0000,0.0000,94.0000,76.4381,0.0000,0.0000
49.0000,0.0000,0.0000,0.0000,0.0000,0.0000,0.0000,88.0000,0.0000,0.0000,0.0000,0.0000,0.0000,0.0000,0.0000,0.0000,0.0000,0.0000,0.0000,0.0000,0.0000,0.0000,94.0000,76.4381,0.0000,0.0000
49.0500,0.0000,0.0000,0.0000,0.0000,0.0000,0.0000,82.9030,0.0000,0.0000,0.0000,0.0000,0.0000,0.0000,0.0000,0.0000,5.0970,0.0000,0.0000,0.0000,0.0000,0.0000,92.4573,77.8028,0.0000,0.0000
49.1000,0.0000,0.0000,0.0000,0.0000,0.0000,0.0000,60.0653,0.0000,0.0000,0.0000,0.0000,0.0000,0.0000,0.0000,0.0000,27.9347,0.0000,0.0000,0.0000,0.0000,0.0000,85.5448,83.9176,0.0000,0.0000
49.1500,0.0000,0.0000,0.0000,0.0000,0.0000,0.0000,27.9347,0.0000,0.0000,0.0000,0.0000,0.0000,0.0000,0.0000,0.0000,60.0653,0.0000,0.0000,0.0000,0.0000,0.0000,75.8195,92.5205,0.0000,0.0000
49.2000,0.0000,0.0000,0.0000,0.0000,0.0000,0.0000,5.0970,0.0000,0.0000,0.0000,0.0000,0.0000,0.0000,0.0000,0.0000,82.9030,0.0000,0.0000,0.0000,0.0000,0.0000,68.9070,98.6353,0.0000,0.0000
49.2500,0.0000,0.0000,0.0000,0.0000,0.0000,0.0000,0.0000,0.0000,0.0000,0.0000,0.0000,0.0000,0.0000,0.0000,0.0000,88.0000,0.0000,0.0000,0.0000,0.0000,0.0000,67.3643,100.0000,0.0000,0.0000
49.3000,0.0000,0.0000,0.0000,0.0000,0.0000,0.0000,0.0000,0.0000,0.0000,0.0000,0.0000,0.0000,0.0000,0.0000,0.0000,88.0000,0.0000,0.0000,0.0000,0.0000,0.0000,67.3643,100.0000,0.0000,0.0000
49.3500,0.0000,0.0000,0.0000,0.0000,0.0000,0.0000,0.0000,0.0000,0.0000,0.0000,0.0000,0.0000,0.0000,0.0000,0.0000,88.0000,0.0000,0.0000,0.0000,0.0000,0.0000,67.3643,100.0000,0.0000,0.0000
49.4000,0.0000,0.0000,0.0000,0.0000,0.0000,0.0000,0.0000,0.0000,0.0000,0.0000,0.0000,0.0000,0.0000,0.0000,0.0000,88.0000,0.0000,0.0000,0.0000,0.0000,0.0000,67.3643,100.0000,0.0000,0.0000
49.4500,0.0000,0.0000,0.0000,0.0000,0.0000,0.0000,0.0000,0.0000,0.0000,0.0000,0.0000,0.0000,0.0000,0.0000,0.0000,88.0000,0.0000,0.0000,0.0000,0.0000,0.0000,67.3643,100.0000,0.0000,0.0000
49.5000,0.0000,0.0000,0.0000,0.0000,0.0000,0.0000,0.0000,0.0000,0.0000,0.0000,0.0000,0.0000,0.0000,0.0000,0.0000,88.0000,0.0000,0.0000,0.0000,0.0000,0.0000,67.3643,100.0000,0.0000,0.0000
49.5500,0.0000,0.0000,0.0000,0.0000,0.0000,0.0000,0.0000,0.0000,0.0000,0.0000,0.0000,0.0000,0.0000,0.0000,0.0000,85.2568,0.0000,0.0000,0.0000,0.0000,0.0000,66.6693,100.0000,0.0000,0.0000
49.6000,0.0000,0.0000,0.0000,0.0000,0.0000,0.0000,0.0000,0.0000,0.0000,0.0000,0.0000,0.0000,0.0000,0.0000,0.0000,72.9657,0.0000,0.0000,0.0000,0.0000,0.0000,63.5550,100.0000,0.0000,0.0000
49.6500,0.0000,0.0000,0.0000,0.0000,0.0000,0.0000,0.0000,0.0000,0.0000,0.0000,0.0000,0.0000,0.0000,0.0000,0.0000,55.6732,0.0000,0.0000,0.0000,0.0000,0.0000,59.1736,100.0000,0.0000,0.0000
49.7000,0.0000,0.0000,0.0000,0.0000,0.0000,0.0000,0.0000,0.0000,0.0000,0.0000,0.0000,0.0000,0.0000,0.0000,0.0000,43.3821,0.0000,0.0000,0.0000,0.0000,0.0000,56.0594,100.0000,0.0000,0.0000
49.7500,0.0000,0.0000,0.0000,0.0000,0.0000,0.0000,0.0000,0.0000,0.0000,0.0000,0.0000,0.0000,0.0000,0.0000,0.0000,40.6389,0.0000,0.0000,0.0000,0.0000,0.0000,55.3643,100.0000,0.0000,0.0000
49.8000,0.0000,0.0000,0.0000,0.0000,0.0000,0.0000,0.0000,0.0000,0.0000,0.0000,0.0000,0.0000,0.0000,0.0000,0.0000,40.6389,0.0000,0.0000,0.0000,0.0000,0.0000,55.3643,100.0000,0.0000,0.0000
49.8500,0.0000,0.0000,0.0000,0.0000,0.0000,0.0000,0.0000,0.0000,0.0000,0.0000,0.0000,0.0000,0.0000,0.0000,0.0000,40.6389,0.0000,0.0000,0.0000,0.0000,0.0000,55.3643,100.0000,0.0000,0.0000
49.9000,0.0000,0.0000,0.0000,0.0000,0.0000,0.0000,0.0000,0.0000,0.0000,0.0000,0.0000,0.0000,0.0000,0.0000,0.0000,40.6389,0.0000,0.0000,0.0000,0.0000,0.0000,55.3643,100.0000,0.0000,0.0000
49.9500,0.0000,0.0000,0.0000,0.0000,0.0000,0.0000,0.0000,0.0000,0.0000,0.0000,0.0000,0.0000,0.0000,0.0000,0.0000,40.6389,0.0000,0.0000,0.0000,0.0000,0.0000,55.3643,100.0000,0.0000,0.0000
50.0000,0.0000,0.0000,0.0000,0.0000,0.0000,0.0000,0.0000,0.0000,0.0000,0.0000,0.0000,0.0000,0.0000,0.0000,0.0000,40.6389,0.0000,0.0000,0.0000,0.0000,0.0000,55.3643,100.0000,0.0000,0.0000
50.0500,0.0000,0.0000,0.0000,0.0000,0.0000,0.0000,0.0000,0.0000,0.0000,0.0000,0.0000,0.0000,0.0000,0.0000,0.0000,39.9439,0.0000,0.0000,0.0000,0.0000,0.0000,53.9742,100.0000,0.0000,0.0000
50.1000,0.0000,0.0000,0.0000,0.0000,0.0000,0.0000,0.0000,0.0000,0.0000,0.0000,0.0000,0.0000,0.0000,0.0000,0.0000,36.8296,0.0000,0.0000,0.0000,0.0000,0.0000,47.7458,100.0000,0.0000,0.0000
50.1500,0.0000,0.0000,0.0000,0.0000,0.0000,0.0000,0.0000,0.0000,0.0000,0.0000,0.0000,0.0000,0.0000,0.0000,0.0000,32.4482,0.0000,0.0000,0.0000,0.0000,0.0000,38.9829,100.0000,0.0000,0.0000
50.2000,0.0000,0.0000,0.0000,0.0000,0.0000,0.0000,0.0000,0.0000,0.0000,0.0000,0.0000,0.0000,0.0000,0.0000,0.0000,29.3339,0.0000,0.0000,0.0000,0.0000,0.0000,32.7544,100.0000,0.0000,0.0000
50.2500,0.0000,0.0000,0.0000,0.0000,0.0000,0.0000,0.0000,0.0000,0.0000,0.0000,0.0000,0.0000,0.0000,0.0000,0.0000,28.6389,0.0000,0.0000,0.0000,0.0000,0.0000,31.3643,100.0000,0.0000,0.0000
50.3000,0.0000,0.0000,0.0000,0.0000,0.0000,0.0000,0.0000,0.0000,0.0000,0.0000,0.0000,0.0000,0.0000,0.0000,0.0000,28.6389,0.0000,0.0000,0.0000,0.0000,0.0000,31.3643,100.0000,0.0000,0.0000
50.3500,0.0000,0.0000,0.0000,0.0000,0.0000,0.0000,0.0000,0.0000,0.0000,0.0000,0.0000,0.0000,0.0000,0.0000,0.0000,28.6389,0.0000,0.0000,0.0000,0.0000,0.0000,31.3643,100.0000,0.0000,0.0000
50.4000,0.0000,0.0000,0.0000,0.0000,0.0000,0.0000,0.0000,0.0000,0.0000,0.0000,0.0000,0.0000,0.0000,0.0000,0.0000,28.6389,0.0000,0.0000,0.0000,0.0000,0.0000,31.3643,100.0000,0.0000,0.0000
50.4500,0.0000,0.0000,0.0000,0.0000,0.0000,0.0000,0.0000,0.0000,0.0000,0.0000,0.0000,0.0000,0.0000,0.0000,0.0000,28.6389,0.0000,0.0000,0.0000,0.0000,0.0000,31.3643,100.0000,0.0000,0.0000
50.5000,0.0000,0.0000,0.0000,0.0000,0.0000,0.0000,0.0000,0.0000,0.0000,0.0000,0.0000,0.0000,0.0000,0.0000,0.0000,28.6389,0.0000,0.0000,0.0000,0.0000,0.0000,31.3643,100.0000,0.0000,0.0000
50.5500,0.0000,0.0000,0.0000,0.0000,0.0000,0.0000,0.0000,0.0000,0.0000,0.0000,0.0000,0.0000,0.0000,0.0000,0.0000,29.6815,0.0000,0.0000,0.0000,5.7920,5.7920,29.5477,94.2080,0.0000,0.0000
50.6000,0.0000,0.0000,0.0000,0.0000,0.0000,0.0000,0.0000,0.0000,0.0000,0.0000,0.0000,0.0000,0.0000,0.0000,0.0000,34.3528,0.0000,0.0000,0.0000,31.7440,31.7440,21.4080,68.2560,0.0000,0.0000
50.6500,0.0000,0.0000,0.0000,0.0000,0.0000,0.0000,0.0000,0.0000,0.0000,0.0000,0.0000,0.0000,0.0000,0.0000,0.0000,40.9250,0.0000,0.0000,0.0000,68.2560,68.2560,9.9563,31.7440,0.0000,0.0000
50.7000,0.0000,0.0000,0.0000,0.0000,0.0000,0.0000,0.0000,0.0000,0.0000,0.0000,0.0000,0.0000,0.0000,0.0000,0.0000,45.5963,0.0000,0.0000,0.0000,94.2080,94.2080,1.8166,5.7920,0.0000,0.0000
50.7500,0.0000,0.0000,0.0000,0.0000,0.0000,0.0000,0.0000,0.0000,0.0000,0.0000,0.0000,0.0000,0.0000,0.0000,0.0000,46.6389,0.0000,0.0000,0.0000,100.0000,100.0000,0.0000,0.0000,0.0000,0.0000
50.8000,0.0000,0.0000,0.0000,0.0000,0.0000,0.0000,0.0000,0.0000,0.0000,0.0000,0.0000,0.0000,0.0000,0.0000,0.0000,46.6389,0.0000,0.0000,0.0000,100.0000,100.0000,0.0000,0.0000,0.0000,0.0000
50.8500,0.0000,0.0000,0.0000,0.0000,0.0000,0.0000,0.0000,0.0000,0.0000,0.0000,0.0000,0.0000,0.0000,0.0000,0.0000,46.6389,0.0000,0.0000,0.0000,100.0000,100.0000,0.0000,0.0000,0.0000,0.0000
50.9000,0.0000,0.0000,0.0000,0.0000,0.0000,0.0000,0.0000,0.0000,0.0000,0.0000,0.0000,0.0000,0.0000,0.0000,0.0000,46.6389,0.0000,0.0000,0.0000,100.0000,100.0000,0.0000,0.0000,0.0000,0.0000
50.9500,0.0000,0.0000,0.0000,0.0000,0.0000,0.0000,0.0000,0.0000,0.0000,0.0000,0.0000,0.0000,0.0000,0.0000,0.0000,46.6389,0.0000,0.0000,0.0000,100.0000,100.0000,0.0000,0.0000,0.0000,0.0000
51.0000,0.0000,0.0000,0.0000,0.0000,0.0000,0.0000,0.0000,0.0000,0.0000,0.0000,0.0000,0.0000,0.0000,0.0000,0.0000,46.6389,0.0000,0.0000,0.0000,100.0000,100.0000,0.0000,0.0000,0.0000,0.0000
51.0500,0.0000,0.0000,0.0000,0.0000,0.0000,0.0000,0.0000,0.0000,0.0000,0.0000,0.0000,0.0000,0.0000,0.0000,0.0000,43.9376,0.0000,0.0000,0.0000,100.0000,100.0000,0.0000,5.4445,0.0000,0.0000
51.1000,0.0000,0.0000,0.0000,0.0000,0.0000,0.0000,0.0000,0.0000,0.0000,0.0000,0.0000,0.0000,0.0000,0.0000,0.0000,31.8338,0.0000,0.0000,0.0000,100.0000,100.0000,0.0000,29.8394,0.0000,0.0000
51.1500,0.0000,0.0000,0.0000,0.0000,0.0000,0.0000,0.0000,0.0000,0.0000,0.0000,0.0000,0.0000,0.0000,0.0000,0.0000,14.8051,0.0000,0.0000,0.0000,100.0000,100.0000,0.0000,64.1606,0.0000,0.0000
51.2000,0.0000,0.0000,0.0000,0.0000,0.0000,0.0000,0.0000,0.0000,0.0000,0.0000,0.0000,0.0000,0.0000,0.0000,0.0000,2.7013,0.0000,0.0000,0.0000,100.0000,100.0000,0.0000,88.5555,0.0000,0.0000
51.2500,0.0000,0.0000,0.0000,0.0000,0.0000,0.0000,0.0000,0.0000,0.0000,0.0000,0.0000,0.0000,0.0000,0.0000,0.0000,0.0000,0.0000,0.0000,0.0000,100.0000,100.0000,0.0000,94.0000,0.0000,0.0000
51.3000,0.0000,0.0000,0.0000,0.0000,0.0000,0.0000,0.0000,0.0000,0.0000,0.0000,0.0000,0.0000,0.0000,0.0000,0.0000,0.0000,0.0000,0.0000,0.0000,100.0000,100.0000,0.0000,94.0000,0.0000,0.0000
51.3500,0.0000,0.0000,0.0000,0.0000,0.0000,0.0000,0.0000,0.0000,0.0000,0.0000,0.0000,0.0000,0.0000,0.0000,0.0000,0.0000,0.0000,0.0000,0.0000,100.0000,100.0000,0.0000,94.0000,0.0000,0.0000
51.4000,0.0000,0.0000,0.0000,0.0000,0.0000,0.0000,0.0000,0.0000,0.0000,0.0000,0.0000,0.0000,0.0000,0.0000,0.0000,0.0000,0.0000,0.0000,0.0000,100.0000,100.0000,0.0000,94.0000,0.0000,0.0000
51.4500,0.0000,0.0000,0.0000,0.0000,0.0000,0.0000,0.0000,0.0000,0.0000,0.0000,0.0000,0.0000,0.0000,0.0000,0.0000,0.0000,0.0000,0.0000,0.0000,100.0000,100.0000,0.0000,94.0000,0.0000,0.0000
51.5000,0.0000,0.0000,0.0000,0.0000,0.0000,0.0000,0.0000,0.0000,0.0000,0.0000,0.0000,0.0000,0.0000,0.0000,0.0000,0.0000,0.0000,0.0000,0.0000,100.0000,100.0000,0.0000,94.0000,0.0000,0.0000
51.5500,0.0000,0.0000,0.0000,0.0000,0.0000,0.0000,0.0000,0.0000,0.0000,0.0000,0.0000,0.0000,0.0000,0.0000,0.0000,0.0000,0.0000,0.0000,0.0000,99.6525,100.0000,0.0000,94.3475,0.0000,0.0000
51.6000,0.0000,0.0000,0.0000,0.0000,0.0000,0.0000,0.0000,0.0000,0.0000,0.0000,0.0000,0.0000,0.0000,0.0000,0.0000,0.0000,0.0000,0.0000,0.0000,98.0954,100.0000,0.0000,95.9046,0.0000,0.0000
51.6500,0.0000,0.0000,0.0000,0.0000,0.0000,0.0000,0.0000,0.0000,0.0000,0.0000,0.0000,0.0000,0.0000,0.0000,0.0000,0.0000,0.0000,0.0000,0.0000,95.9046,100.0000,0.0000,98.0954,0.0000,0.0000
51.7000,0.0000,0.0000,0.0000,0.0000,0.0000,0.0000,0.0000,0.0000,0.0000,0.0000,0.0000,0.0000,0.0000,0.0000,0.0000,0.0000,0.0000,0.0000,0.0000,94.3475,100.0000,0.0000,99.6525,0.0000,0.0000
51.7500,0.0000,0.0000,0.0000,0.0000,0.0000,0.0000,0.0000,0.0000,0.0000,0.0000,0.0000,0.0000,0.0000,0.0000,0.0000,0.0000,0.0000,0.0000,0.0000,94.0000,100.0000,0.0000,100.0000,0.0000,0.0000
51.8000,0.0000,0.0000,0.0000,0.0000,0.0000,0.0000,0.0000,0.0000,0.0000,0.0000,0.0000,0.0000,0.0000,0.0000,0.0000,0.0000,0.0000,0.0000,0.0000,94.0000,100.0000,0.0000,100.0000,0.0000,0.0000
51.8500,0.0000,0.0000,0.0000,0.0000,0.0000,0.0000,0.0000,0.0000,0.0000,0.0000,0.0000,0.0000,0.0000,0.0000,0.0000,0.0000,0.0000,0.0000,0.0000,94.0000,100.0000,0.0000,100.0000,0.0000,0.0000
51.9000,0.0000,0.0000,0.0000,0.0000,0.0000,0.0000,0.0000,0.0000,0.0000,0.0000,0.0000,0.0000,0.0000,0.0000,0.0000,0.0000,0.0000,0.0000,0.0000,94.0000,100.0000,0.0000,100.0000,0.0000,0.0000
51.9500,0.0000,0.0000,0.0000,0.0000,0.0000,0.0000,0.0000,0.0000,0.0000,0.0000,0.0000,0.0000,0.0000,0.0000,0.0000,0.0000,0.0000,0.0000,0.0000,94.0000,100.0000,0.0000,100.0000,0.0000,0.0000
52.0000,0.0000,0.0000,0.0000,0.0000,0.0000,0.0000,0.0000,0.0000,0.0000,0.0000,0.0000,0.0000,0.0000,0.0000,0.0000,0.0000,0.0000,0.0000,0.0000,94.0000,100.0000,0.0000,100.0000,0.0000,0.0000
52.0500,0.0000,0.0000,0.0000,0.0000,0.0000,0.0000,0.0000,0.0000,0.0000,0.0000,0.0000,0.0000,0.0000,0.0000,0.0000,0.0000,0.0000,0.0000,0.0000,94.3475,99.6525,0.0000,99.6525,0.0000,0.0000
52.1000,0.0000,0.0000,0.0000,0.0000,0.0000,0.0000,0.0000,0.0000,0.0000,0.0000,0.0000,0.0000,0.0000,0.0000,0.0000,0.0000,0.0000,0.0000,0.0000,95.9046,98.0954,0.0000,98.0954,0.0000,0.0000
52.1500,0.0000,0.0000,0.0000,0.0000,0.0000,0.0000,0.0000,0.0000,0.0000,0.0000,0.0000,0.0000,0.0000,0.0000,0.0000,0.0000,0.0000,0.0000,0.0000,98.0954,95.9046,0.0000,95.9046,0.0000,0.0000
52.2000,0.0000,0.0000,0.0000,0.0000,0.0000,0.0000,0.0000,0.0000,0.0000,0.0000,0.0000,0.0000,0.0000,0.0000,0.0000,0.0000,0.0000,0.0000,0.0000,99.6525,94.3475,0.0000,94.3475,0.0000,0.0000
52.2500,0.0000,0.0000,0.0000,0.0000,0.0000,0.0000,0.0000,0.0000,0.0000,0.0000,0.0000,0.0000,0.0000,0.0000,0.0000,0.0000,0.0000,0.0000,0.0000,100.0000,94.0000,0.0000,94.0000,0.0000,0.0000
52.3000,0.0000,0.0000,0.0000,0.0000,0.0000,0.0000,0.0000,0.0000,0.0000,0.0000,0.0000,0.0000,0.0000,0.0000,0.0000,0.0000,0.0000,0.0000,0.0000,100.0000,94.0000,0.0000,94.0000,0.0000,0.0000
52.3500,0.0000,0.0000,0.0000,0.0000,0.0000,0.0000,0.0000,0.0000,0.0000,0.0000,0.0000,0.0000,0.0000,0.0000,0.0000,0.0000,0.0000,0.0000,0.0000,100.0000,94.0000,0.0000,94.0000,0.0000,0.0000
52.4000,0.0000,0.0000,0.0000,0.0000,0.0000,0.0000,0.0000,0.0000,0.0000,0.0000,0.0000,0.0000,0.0000,0.0000,0.0000,0.0000,0.0000,0.0000,0.0000,100.0000,94.0000,0.0000,94.0000,0.0000,0.0000
52.4500,0.0000,0.0000,0.0000,0.0000,0.0000,0.0000,0.0000,0.0000,0.0000,0.0000,0.0000,0.0000,0.0000,0.0000,0.0000,0.0000,0.0000,0.0000,0.0000,100.0000,94.0000,0.0000,94.0000,0.0000,0.0000
52.5000,0.0000,0.0000,0.0000,0.0000,0.0000,0.0000,0.0000,0.0000,0.0000,0.0000,0.0000,0.0000,0.0000,0.0000,0.0000,0.0000,0.0000,0.0000,0.0000,100.0000,94.0000,0.0000,94.0000,0.0000,0.0000
52.5500,0.0000,0.0000,0.0000,0.0000,0.0000,0.0000,0.0000,0.0000,0.0000,0.0000,0.0000,0.0000,0.0000,0.0000,0.0000,0.0000,0.0000,0.0000,0.0000,99.6525,93.3050,0.0000,94.3475,0.0000,0.0000
52.6000,0.0000,0.0000,0.0000,0.0000,0.0000,0.0000,0.0000,0.0000,0.0000,0.0000,0.0000,0.0000,0.0000,0.0000,0.0000,0.0000,0.0000,0.0000,0.0000,98.0954,90.1907,0.0000,95.9046,0.0000,0.0000
52.6500,0.0000,0.0000,0.0000,0.0000,0.0000,0.0000,0.0000,0.0000,0.0000,0.0000,0.0000,0.0000,0.0000,0.0000,0.0000,0.0000,0.0000,0.0000,0.0000,95.9046,85.8093,0.0000,98.0954,0.0000,0.0000
52.7000,0.0000,0.0000,0.0000,0.0000,0.0000,0.0000,0.0000,0.0000,0.0000,0.0000,0.0000,0.0000,0.0000,0.0000,0.0000,0.0000,0.0000,0.0000,0.0000,94.3475,82.6950,0.0000,99.6525,0.0000,0.0000
52.7500,0.0000,0.0000,0.0000,0.0000,0.0000,0.0000,0.0000,0.0000,0.0000,0.0000,0.0000,0.0000,0.0000,0.0000,0.0000,0.0000,0.0000,0.0000,0.0000,94.0000,82.0000,0.0000,100.0000,0.0000,0.0000
52.8000,0.0000,0.0000,0.0000,0.0000,0.0000,0.0000,0.0000,0.0000,0.0000,0.0000,0.0000,0.0000,0.0000,0.0000,0.0000,0.0000,0.0000,0.0000,0.0000,94.0000,82.0000,0.0000,100.0000,0.0000,0.0000
52.8500,0.0000,0.0000,0.0000,0.0000,0.0000,0.0000,0.0000,0.0000,0.0000,0.0000,0.0000,0.0000,0.0000,0.0000,0.0000,0.0000,0.0000,0.0000,0.0000,94.0000,82.0000,0.0000,100.0000,0.0000,0.0000
52.9000,0.0000,0.0000,0.0000,0.0000,0.0000,0.0000,0.0000,0.0000,0.0000,0.0000,0.0000,0.0000,0.0000,0.0000,0.0000,0.0000,0.0000,0.0000,0.0000,94.0000,82.0000,0.0000,100.0000,0.0000,0.0000
52.9500,0.0000,0.0000,0.0000,0.0000,0.0000,0.0000,0.0000,0.0000,0.0000,0.0000,0.0000,0.0000,0.0000,0.0000,0.0000,0.0000,0.0000,0.0000,0.0000,94.0000,82.0000,0.0000,100.0000,0.0000,0.0000
53.0000,0.0000,0.0000,0.0000,0.0000,0.0000,0.0000,0.0000,0.0000,0.0000,0.0000,0.0000,0.0000,0.0000,0.0000,0.0000,0.0000,0.0000,0.0000,0.0000,94.0000,82.0000,0.0000,100.0000,0.0000,0.0000
53.0500,0.0000,0.0000,0.0000,0.0000,0.0000,0.0000,0.0000,0.0000,0.0000,0.0000,0.0000,0.0000,0.0000,0.0000,0.0000,0.0000,0.0000,0.0000,0.0000,94.3475,83.0426,0.0000,94.2080,0.0000,3.4436
53.1000,0.0000,0.0000,0.0000,0.0000,0.0000,0.0000,0.0000,0.0000,0.0000,0.0000,0.0000,0.0000,0.0000,0.0000,0.0000,0.0000,0.0000,0.0000,0.0000,95.9046,87.7139,0.0000,68.2560,0.0000,18.8732
53.1500,0.0000,0.0000,0.0000,0.0000,0.0000,0.0000,0.0000,0.0000,0.0000,0.0000,0.0000,0.0000,0.0000,0.0000,0.0000,0.0000,0.0000,0.0000,0.0000,98.0954,94.2861,0.0000,31.7440,0.0000,40.5812
53.2000,0.0000,0.0000,0.0000,0.0000,0.0000,0.0000,0.0000,0.0000,0.0000,0.0000,0.0000,0.0000,0.0000,0.0000,0.0000,0.0000,0.0000,0.0000,0.0000,99.6525,98.9574,0.0000,5.7920,0.0000,56.0109
53.2500,0.0000,0.0000,0.0000,0.0000,0.0000,0.0000,0.0000,0.0000,0.0000,0.0000,0.0000,0.0000,0.0000,0.0000,0.0000,0.0000,0.0000,0.0000,0.0000,100.0000,100.0000,0.0000,0.0000,0.0000,59.4545
53.3000,0.0000,0.0000,0.0000,0.0000,0.0000,0.0000,0.0000,0.0000,0.0000,0.0000,0.0000,0.0000,0.0000,0.0000,0.0000,0.0000,0.0000,0.0000,0.0000,100.0000,100.0000,0.0000,0.0000,0.0000,59.4545
53.3500,0.0000,0.0000,0.0000,0.0000,0.0000,0.0000,0.0000,0.0000,0.0000,0.0000,0.0000,0.0000,0.0000,0.0000,0.0000,0.0000,0.0000,0.0000,0.0000,100.0000,100.0000,0.0000,0.0000,0.0000,59.4545
53.4000,0.0000,0.0000,0.0000,0.0000,0.0000,0.0000,0.0000,0.0000,0.0000,0.0000,0.0000,0.0000,0.0000,0.0000,0.0000,0.0000,0.0000,0.0000,0.0000,100.0000,100.0000,0.0000,0.0000,0.0000,59.4545
53.4500,0.0000,0.0000,0.0000,0.0000,0.0000,0.0000,0.0000,0.0000,0.0000,0.0000,0.0000,0.0000,0.0000,0.0000,0.0000,0.0000,0.0000,0.0000,0.0000,100.0000,100.0000,0.0000,0.0000,0.0000,59.4545
53.5000,0.0000,0.0000,0.0000,0.0000,0.0000,0.0000,0.0000,0.0000,0.0000,0.0000,0.0000,0.0000,0.0000,0.0000,0.0000,0.0000,0.0000,0.0000,0.0000,100.0000,100.0000,0.0000,0.0000,0.0000,59.4545
53.5500,0.0000,0.0000,0.0000,0.0000,0.0000,0.0000,0.0000,0.0000,0.0000,2.0309,0.0000,0.0000,0.0000,0.0000,0.0000,0.0000,0.0000,0.0000,0.0000,100.0000,94.2080,0.0000,0.0000,0.0000,60.1495
53.6000,0.0000,0.0000,0.0000,0.0000,0.0000,0.0000,0.0000,0.0000,0.0000,11.1307,0.0000,0.0000,0.0000,0.0000,0.0000,0.0000,0.0000,0.0000,0.0000,100.0000,68.2560,0.0000,0.0000,0.0000,63.2638
53.6500,0.0000,0.0000,0.0000,0.0000,0.0000,0.0000,0.0000,0.0000,0.0000,23.9332,0.0000,0.0000,0.0000,0.0000,0.0000,0.0000,0.0000,0.0000,0.0000,100.0000,31.7440,0.0000,0.0000,0.0000,67.6452
53.7000,0.0000,0.0000,0.0000,0.0000,0.0000,0.0000,0.0000,0.0000,0.0000,33.0330,0.0000,0.0000,0.0000,0.0000,0.0000,0.0000,0.0000,0.0000,0.0000,100.0000,5.7920,0.0000,0.0000,0.0000,70.7594
53.7500,0.0000,0.0000,0.0000,0.0000,0.0000,0.0000,0.0000,0.0000,0.0000,35.0639,0.0000,0.0000,0.0000,0.0000,0.0000,0.0000,0.0000,0.0000,0.0000,100.0000,0.0000,0.0000,0.0000,0.0000,71.4545
53.8000,0.0000,0.0000,0.0000,0.0000,0.0000,0.0000,0.0000,0.0000,0.0000,35.0639,0.0000,0.0000,0.0000,0.0000,0.0000,0.0000,0.0000,0.0000,0.0000,100.0000,0.0000,0.0000,0.0000,0.0000,71.4545
53.8500,0.0000,0.0000,0.0000,0.0000,0.0000,0.0000,0.0000,0.0000,0.0000,35.0639,0.0000,0.0000,0.0000,0.0000,0.0000,0.0000,0.0000,0.0000,0.0000,100.0000,0.0000,0.0000,0.0000,0.0000,71.4545
53.9000,0.0000,0.0000,0.0000,0.0000,0.0000,0.0000,0.0000,0.0000,0.0000,35.0639,0.0000,0.0000,0.0000,0.0000,0.0000,0.0000,0.0000,0.0000,0.0000,100.0000,0.0000,0.0000,0.0000,0.0000,71.4545
53.9500,0.0000,0.0000,0.0000,0.0000,0.0000,0.0000,0.0000,0.0000,0.0000,35.0639,0.0000,0.0000,0.0000,0.0000,0.0000,0.0000,0.0000,0.0000,0.0000,100.0000,0.0000,0.0000,0.0000,0.0000,71.4545
54.0000,0.0000,0.0000,0.0000,0.0000,0.0000,0.0000,0.0000,0.0000,0.0000,35.0639,0.0000,0.0000,0.0000,0.0000,0.0000,0.0000,0.0000,0.0000,0.0000,100.0000,0.0000,0.0000,0.0000,0.0000,71.4545
54.0500,0.0000,0.0000,0.0000,0.0000,0.0000,0.0000,0.0000,0.0000,0.0000,37.1490,0.0000,0.0000,0.0000,0.0000,0.0000,0.0000,0.0000,0.0000,0.0000,97.9149,0.0000,0.0000,0.0000,0.0000,73.1078
54.1000,0.0000,0.0000,0.0000,0.0000,0.0000,0.0000,0.0000,0.0000,0.0000,46.4917,0.0000,0.0000,0.0000,0.0000,0.0000,0.0000,0.0000,0.0000,0.0000,88.5722,0.0000,0.0000,0.0000,0.0000,80.5160
54.1500,0.0000,0.0000,0.0000,0.0000,0.0000,0.0000,0.0000,0.0000,0.0000,59.6361,0.0000,0.0000,0.0000,0.0000,0.0000,0.0000,0.0000,0.0000,0.0000,75.4278,0.0000,0.0000,0.0000,0.0000,90.9385
54.2000,0.0000,0.0000,0.0000,0.0000,0.0000,0.0000,0.0000,0.0000,0.0000,68.9788,0.0000,0.0000,0.0000,0.0000,0.0000,0.0000,0.0000,0.0000,0.0000,66.0851,0.0000,0.0000,0.0000,0.0000,98.3466
54.2500,0.0000,0.0000,0.0000,0.0000,0.0000,0.0000,0.0000,0.0000,0.0000,71.0639,0.0000,0.0000,0.0000,0.0000,0.0000,0.0000,0.0000,0.0000,0.0000,64.0000,0.0000,0.0000,0.0000,0.0000,100.0000
54.3000,0.0000,0.0000,0.0000,0.0000,0.0000,0.0000,0.0000,0.0000,0.0000,71.0639,0.0000,0.0000,0.0000,0.0000,0.0000,0.0000,0.0000,0.0000,0.0000,64.0000,0.0000,0.0000,0.0000,0.0000,100.0000
54.3500,0.0000,0.0000,0.0000,0.0000,0.0000,0.0000,0.0000,0.0000,0.0000,71.0639,0.0000,0.0000,0.0000,0.0000,0.0000,0.0000,0.0000,0.0000,0.0000,64.0000,0.0000,0.0000,0.0000,0.0000,100.0000
54.4000,0.0000,0.0000,0.0000,0.0000,0.0000,0.0000,0.0000,0.0000,0.0000,71.0639,0.0000,0.0000,0.0000,0.0000,0.0000,0.0000,0.0000,0.0000,0.0000,64.0000,0.0000,0.0000,0.0000,0.0000,100.0000
54.4500,0.0000,0.0000,0.0000,0.0000,0.0000,0.0000,0.0000,0.0000,0.0000,71.0639,0.0000,0.0000,0.0000,0.0000,0.0000,0.0000,0.0000,0.0000,0.0000,64.0000,0.0000,0.0000,0.0000,0.0000,100.0000
54.5000,0.0000,0.0000,0.0000,0.0000,0.0000,0.0000,0.0000,0.0000,0.0000,71.0639,0.0000,0.0000,0.0000,0.0000,0.0000,0.0000,0.0000,0.0000,0.0000,64.0000,0.0000,0.0000,0.0000,0.0000,100.0000
54.5500,0.0000,0.0000,0.0000,0.0000,0.0000,0.0000,0.0000,0.0000,0.0000,70.3689,0.0000,0.0000,0.0000,0.0000,0.0000,0.0000,0.0000,0.0000,0.0000,65.3901,0.0000,0.0000,0.0000,0.0000,99.1045
54.6000,0.0000,0.0000,0.0000,0.0000,0.0000,0.0000,0.0000,0.0000,0.0000,67.2546,0.0000,0.0000,0.0000,0.0000,0.0000,0.0000,0.0000,0.0000,0.0000,71.6186,0.0000,0.0000,0.0000,0.0000,95.0921
54.6500,0.0000,0.0000,0.0000,0.0000,0.0000,0.0000,0.0000,0.0000,0.0000,62.8732,0.0000,0.0000,0.0000,0.0000,0.0000,0.0000,0.0000,0.0000,0.0000,80.3814,0.0000,0.0000,0.0000,0.0000,89.4470
54.7000,0.0000,0.0000,0.0000,0.0000,0.0000,0.0000,0.0000,0.0000,0.0000,59.7589,0.0000,0.0000,0.0000,0.0000,0.0000,0.0000,0.0000,0.0000,0.0000,86.6099,0.0000,0.0000,0.0000,0.0000,85.4346
54.7500,0.0000,0.0000,0.0000,0.0000,0.0000,0.0000,0.0000,0.0000,0.0000,59.0639,0.0000,0.0000,0.0000,0.0000,0.0000,0.0000,0.0000,0.0000,0.0000,88.0000,0.0000,0.0000,0.0000,0.0000,84.5391
54.8000,0.0000,0.0000,0.0000,0.0000,0.0000,0.0000,0.0000,0.0000,0.0000,59.0639,0.0000,0.0000,0.0000,0.0000,0.0000,0.0000,0.0000,0.0000,0.0000,88.0000,0.0000,0.0000,0.0000,0.0000,84.5391
54.8500,0.0000,0.0000,0.0000,0.0000,0.0000,0.0000,0.0000,0.0000,0.0000,59.0639,0.0000,0.0000,0.0000,0.0000,0.0000,0.0000,0.0000,0.0000,0.0000,88.0000,0.0000,0.0000,0.0000,0.0000,84.5391
54.9000,0.0000,0.0000,0.0000,0.0000,0.0000,0.0000,0.0000,0.0000,0.0000,59.0639,0.0000,0.0000,0.0000,0.0000,0.0000,0.0000,0.0000,0.0000,0.0000,88.0000,0.0000,0.0000,0.0000,0.0000,84.5391
54.9500,0.0000,0.0000,0.0000,0.0000,0.0000,0.0000,0.0000,0.0000,0.0000,59.0639,0.0000,0.0000,0.0000,0.0000,0.0000,0.0000,0.0000,0.0000,0.0000,88.0000,0.0000,0.0000,0.0000,0.0000,84.5391
55.0000,0.0000,0.0000,0.0000,0.0000,0.0000,0.0000,0.0000,0.0000,0.0000,59.0639,0.0000,0.0000,0.0000,0.0000,0.0000,0.0000,0.0000,0.0000,0.0000,88.0000,0.0000,0.0000,0.0000,0.0000,84.5391
55.0500,0.0000,0.0000,0.0000,0.0000,0.0000,0.0000,0.0000,0.0000,4.7494,57.6738,0.0000,0.0000,0.0000,0.0000,0.0000,0.0000,0.0000,0.0000,0.0000,88.6950,0.0000,0.0000,0.0000,0.0000,79.6426
55.1000,0.0000,0.0000,0.0000,0.0000,0.0000,0.0000,0.0000,0.0000,26.0301,51.4453,0.0000,0.0000,0.0000,0.0000,0.0000,0.0000,0.0000,0.0000,0.0000,91.8093,0.0000,0.0000,0.0000,0.0000,57.7030
55.1500,0.0000,0.0000,0.0000,0.0000,0.0000,0.0000,0.0000,0.0000,55.9699,42.6825,0.0000,0.0000,0.0000,0.0000,0.0000,0.0000,0.0000,0.0000,0.0000,96.1907,0.0000,0.0000,0.0000,0.0000,26.8361
55.2000,0.0000,0.0000,0.0000,0.0000,0.0000,0.0000,0.0000,0.0000,77.2506,36.4540,0.0000,0.0000,0.0000,0.0000,0.0000,0.0000,0.0000,0.0000,0.0000,99.3050,0.0000,0.0000,0.0000,0.0000,4.8965
55.2500,0.0000,0.0000,0.0000,0.0000,0.0000,0.0000,0.0000,0.0000,82.0000,35.0639,0.0000,0.0000,0.0000,0.0000,0.0000,0.0000,0.0000,0.0000,0.0000,100.0000,0.0000,0.0000,0.0000,0.0000,0.0000
55.3000,0.0000,0.0000,0.0000,0.0000,0.0000,0.0000,0.0000,0.0000,82.0000,35.0639,0.0000,0.0000,0.0000,0.0000,0.0000,0.0000,0.0000,0.0000,0.0000,100.0000,0.0000,0.0000,0.0000,0.0000,0.0000
55.3500,0.0000,0.0000,0.0000,0.0000,0.0000,0.0000,0.0000,0.0000,82.0000,35.0639,0.0000,0.0000,0.0000,0.0000,0.0000,0.0000,0.0000,0.0000,0.0000,100.0000,0.0000,0.0000,0.0000,0.0000,0.0000
55.4000,0.0000,0.0000,0.0000,0.0000,0.0000,0.0000,0.0000,0.0000,82.0000,35.0639,0.0000,0.0000,0.0000,0.0000,0.0000,0.0000,0.0000,0.0000,0.0000,100.0000,0.0000,0.0000,0.0000,0.0000,0.0000
55.4500,0.0000,0.0000,0.0000,0.0000,0.0000,0.0000,0.0000,0.0000,82.0000,35.0639,0.0000,0.0000,0.0000,0.0000,0.0000,0.0000,0.0000,0.0000,0.0000,100.0000,0.0000,0.0000,0.0000,0.0000,0.0000
55.5000,0.0000,0.0000,0.0000,0.0000,0.0000,0.0000,0.0000,0.0000,82.0000,35.0639,0.0000,0.0000,0.0000,0.0000,0.0000,0.0000,0.0000,0.0000,0.0000,100.0000,0.0000,0.0000,0.0000,0.0000,0.0000
55.5500,0.0000,0.0000,0.0000,0.0000,1.6104,0.0000,0.0000,0.0000,77.9225,33.0330,0.0000,0.0000,0.0000,0.0000,0.0000,0.0000,0.0000,0.0000,0.0000,98.9574,0.0000,0.0000,0.0000,0.0000,0.0000
55.6000,0.0000,0.0000,0.0000,0.0000,8.8259,0.0000,0.0000,0.0000,59.6525,23.9332,0.0000,0.0000,0.0000,0.0000,0.0000,0.0000,0.0000,0.0000,0.0000,94.2861,0.0000,0.0000,0.0000,0.0000,0.0000
55.6500,0.0000,0.0000,0.0000,0.0000,18.9775,0.0000,0.0000,0.0000,33.9483,11.1307,0.0000,0.0000,0.0000,0.0000,0.0000,0.0000,0.0000,0.0000,0.0000,87.7139,0.0000,0.0000,0.0000,0.0000,0.0000
55.7000,0.0000,0.0000,0.0000,0.0000,26.1931,0.0000,0.0000,0.0000,15.6783,2.0309,0.0000,0.0000,0.0000,0.0000,0.0000,0.0000,0.0000,0.0000,0.0000,83.0426,0.0000,0.0000,0.0000,0.0000,0.0000
55.7500,0.0000,0.0000,0.0000,0.0000,27.8034,0.0000,0.0000,0.0000,11.6008,0.0000,0.0000,0.0000,0.0000,0.0000,0.0000,0.0000,0.0000,0.0000,0.0000,82.0000,0.0000,0.0000,0.0000,0.0000,0.0000
55.8000,0.0000,0.0000,0.0000,0.0000,27.8034,0.0000,0.0000,0.0000,11.6008,0.0000,0.0000,0.0000,0.0000,0.0000,0.0000,0.0000,0.0000,0.0000,0.0000,82.0000,0.0000,0.0000,0.0000,0.0000,0.0000
55.8500,0.0000,0.0000,0.0000,0.0000,27.8034,0.0000,0.0000,0.0000,11.6008,0.0000,0.0000,0.0000,0.0000,0.0000,0.0000,0.0000,0.0000,0.0000,0.0000,82.0000,0.0000,0.0000,0.0000,0.0000,0.0000
55.9000,0.0000,0.0000,0.0000,0.0000,27.8034,0.0000,0.0000,0.0000,11.6008,0.0000,0.0000,0.0000,0.0000,0.0000,0.0000,0.0000,0.0000,0.0000,0.0000,82.0000,0.0000,0.0000,0.0000,0.0000,0.0000
55.9500,0.0000,0.0000,0.0000,0.0000,27.8034,0.0000,0.0000,0.0000,11.6008,0.0000,0.0000,0.0000,0.0000,0.0000,0.0000,0.0000,0.0000,0.0000,0.0000,82.0000,0.0000,0.0000,0.0000,0.0000,0.0000
56.0000,0.0000,0.0000,0.0000,0.0000,27.8034,0.0000,0.0000,0.0000,11.6008,0.0000,0.0000,0.0000,0.0000,0.0000,0.0000,0.0000,0.0000,0.0000,0.0000,82.0000,0.0000,0.0000,0.0000,0.0000,0.0000
56.0500,0.0000,0.0000,0.0000,0.0000,27.8034,0.0000,0.0000,0.0000,11.6008,0.0000,0.0000,0.0000,0.0000,0.0000,0.0000,0.0000,0.0000,0.0000,0.0000,82.0000,0.0000,0.0000,0.0000,0.0000,0.0000
56.1000,0.0000,0.0000,0.0000,0.0000,27.8034,0.0000,0.0000,0.0000,11.6008,0.0000,0.0000,0.0000,0.0000,0.0000,0.0000,0.0000,0.0000,0.0000,0.0000,82.0000,0.0000,0.0000,0.0000,0.0000,0.0000
56.1500,0.0000,0.0000,0.0000,0.0000,27.8034,0.0000,0.0000,0.0000,11.6008,0.0000,0.0000,0.0000,0.0000,0.0000,0.0000,0.0000,0.0000,0.0000,0.0000,82.0000,0.0000,0.0000,0.0000,0.0000,0.0000
56.2000,0.0000,0.0000,0.0000,0.0000,27.8034,0.0000,0.0000,0.0000,11.6008,0.0000,0.0000,0.0000,0.0000,0.0000,0.0000,0.0000,0.0000,0.0000,0.0000,82.0000,0.0000,0.0000,0.0000,0.0000,0.0000
56.2500,0.0000,0.0000,0.0000,0.0000,27.8034,0.0000,0.0000,0.0000,11.6008,0.0000,0.0000,0.0000,0.0000,0.0000,0.0000,0.0000,0.0000,0.0000,0.0000,82.0000,0.0000,0.0000,0.0000,0.0000,0.0000
56.3000,0.0000,0.0000,0.0000,0.0000,27.8034,0.0000,0.0000,0.0000,11.6008,0.0000,0.0000,0.0000,0.0000,0.0000,0.0000,0.0000,0.0000,0.0000,0.0000,82.0000,0.0000,0.0000,0.0000,0.0000,0.0000
56.3500,0.0000,0.0000,0.0000,0.0000,27.8034,0.0000,0.0000,0.0000,11.6008,0.0000,0.0000,0.0000,0.0000,0.0000,0.0000,0.0000,0.0000,0.0000,0.0000,82.0000,0.0000,0.0000,0.0000,0.0000,0.0000
56.4000,0.0000,0.0000,0.0000,0.0000,27.8034,0.0000,0.0000,0.0000,11.6008,0.0000,0.0000,0.0000,0.0000,0.0000,0.0000,0.0000,0.0000,0.0000,0.0000,82.0000,0.0000,0.0000,0.0000,0.0000,0.0000
56.4500,0.0000,0.0000,0.0000,0.0000,27.8034,0.0000,0.0000,0.0000,11.6008,0.0000,0.0000,0.0000,0.0000,0.0000,0.0000,0.0000,0.0000,0.0000,0.0000,82.0000,0.0000,0.0000,0.0000,0.0000,0.0000
56.5000,0.0000,0.0000,0.0000,0.0000,27.8034,0.0000,0.0000,0.0000,11.6008,0.0000,0.0000,0.0000,0.0000,0.0000,0.0000,0.0000,0.0000,0.0000,0.0000,82.0000,0.0000,0.0000,0.0000,0.0000,0.0000
56.5500,0.0000,0.0000,0.0000,0.0000,28.4985,0.0000,0.0000,0.0000,12.2958,0.0000,0.0000,0.0000,0.0000,0.0000,0.0000,0.0000,0.0000,0.0000,0.0000,82.0000,0.0000,0.0000,0.0000,0.0000,0.0000
56.6000,0.0000,0.0000,0.0000,0.0000,31.6127,0.0000,0.0000,0.0000,15.4100,0.0000,0.0000,0.0000,0.0000,0.0000,0.0000,0.0000,0.0000,0.0000,0.0000,82.0000,0.0000,0.0000,0.0000,0.0000,0.0000
56.6500,0.0000,0.0000,0.0000,0.0000,35.9942,0.0000,0.0000,0.0000,19.7915,0.0000,0.0000,0.0000,0.0000,0.0000,0.0000,0.0000,0.0000,0.0000,0.0000,82.0000,0.0000,0.0000,0.0000,0.0000,0.0000
56.7000,0.0000,0.0000,0.0000,0.0000,39.1084,0.0000,0.0000,0.0000,22.9057,0.0000,0.0000,0.0000,0.0000,0.0000,0.0000,0.0000,0.0000,0.0000,0.0000,82.0000,0.0000,0.0000,0.0000,0.0000,0.0000
56.7500,0.0000,0.0000,0.0000,0.0000,39.8034,0.0000,0.0000,0.0000,23.6008,0.0000,0.0000,0.0000,0.0000,0.0000,0.0000,0.0000,0.0000,0.0000,0.0000,82.0000,0.0000,0.0000,0.0000,0.0000,0.0000
56.8000,0.0000,0.0000,0.0000,0.0000,39.8034,0.0000,0.0000,0.0000,23.6008,0.0000,0.0000,0.0000,0.0000,0.0000,0.0000,0.0000,0.0000,0.0000,0.0000,82.0000,0.0000,0.0000,0.0000,0.0000,0.0000
56.8500,0.0000,0.0000,0.0000,0.0000,39.8034,0.0000,0.0000,0.0000,23.6008,0.0000,0.0000,0.0000,0.0000,0.0000,0.0000,0.0000,0.0000,0.0000,0.0000,82.0000,0.0000,0.0000,0.0000,0.0000,0.0000
56.9000,0.0000,0.0000,0.0000,0.0000,39.8034,0.0000,0.0000,0.0000,23.6008,0.0000,0.0000,0.0000,0.0000,0.0000,0.0000,0.0000,0.0000,0.0000,0.0000,82.0000,0.0000,0.0000,0.0000,0.0000,0.0000
56.9500,0.0000,0.0000,0.0000,0.0000,39.8034,0.0000,0.0000,0.0000,23.6008,0.0000,0.0000,0.0000,0.0000,0.0000,0.0000,0.0000,0.0000,0.0000,0.0000,82.0000,0.0000,0.0000,0.0000,0.0000,0.0000
57.0000,0.0000,0.0000,0.0000,0.0000,39.8034,0.0000,0.0000,0.0000,23.6008,0.0000,0.0000,0.0000,0.0000,0.0000,0.0000,0.0000,0.0000,0.0000,0.0000,82.0000,0.0000,0.0000,0.0000,0.0000,0.0000
57.0500,0.0000,0.0000,0.0000,0.0000,39.1979,0.0000,0.0000,0.0000,22.2338,0.0000,0.0000,0.0000,0.0000,0.0000,0.0000,0.0000,0.0000,0.6730,0.0000,83.0426,0.0000,0.0000,0.0000,0.0000,0.0000
57.1000,0.0000,0.0000,0.0000,0.0000,36.4847,0.0000,0.0000,0.0000,16.1089,0.0000,0.0000,0.0000,0.0000,0.0000,0.0000,0.0000,0.0000,3.6887,0.0000,87.7139,0.0000,0.0000,0.0000,0.0000,0.0000
57.1500,0.0000,0.0000,0.0000,0.0000,32.6674,0.0000,0.0000,0.0000,7.4918,0.0000,0.0000,0.0000,0.0000,0.0000,0.0000,0.0000,0.0000,7.9314,0.0000,94.2861,0.0000,0.0000,0.0000,0.0000,0.0000
57.2000,0.0000,0.0000,0.0000,0.0000,29.9542,0.0000,0.0000,0.0000,1.3670,0.0000,0.0000,0.0000,0.0000,0.0000,0.0000,0.0000,0.0000,10.9470,0.0000,98.9574,0.0000,0.0000,0.0000,0.0000,0.0000
57.2500,0.0000,0.0000,0.0000,0.0000,29.3487,0.0000,0.0000,0.0000,0.0000,0.0000,0.0000,0.0000,0.0000,0.0000,0.0000,0.0000,0.0000,11.6201,0.0000,100.0000,0.0000,0.0000,0.0000,0.0000,0.0000
57.3000,0.0000,0.0000,0.0000,0.0000,29.3487,0.0000,0.0000,0.0000,0.0000,0.0000,0.0000,0.0000,0.0000,0.0000,0.0000,0.0000,0.0000,11.6201,0.0000,100.0000,0.0000,0.0000,0.0000,0.0000,0.0000
57.3500,0.0000,0.0000,0.0000,0.0000,29.3487,0.0000,0.0000,0.0000,0.0000,0.0000,0.0000,0.0000,0.0000,0.0000,0.0000,0.0000,0.0000,11.6201,0.0000,100.0000,0.0000,0.0000,0.0000,0.0000,0.0000
57.4000,0.0000,0.0000,0.0000,0.0000,29.3487,0.0000,0.0000,0.0000,0.0000,0.0000,0.0000,0.0000,0.0000,0.0000,0.0000,0.0000,0.0000,11.6201,0.0000,100.0000,0.0000,0.0000,0.0000,0.0000,0.0000
57.4500,0.0000,0.0000,0.0000,0.0000,29.3487,0.0000,0.0000,0.0000,0.0000,0.0000,0.0000,0.0000,0.0000,0.0000,0.0000,0.0000,0.0000,11.6201,0.0000,100.0000,0.0000,0.0000,0.0000,0.0000,0.0000
57.5000,0.0000,0.0000,0.0000,0.0000,29.3487,0.0000,0.0000,0.0000,0.0000,0.0000,0.0000,0.0000,0.0000,0.0000,0.0000,0.0000,0.0000,11.6201,0.0000,100.0000,0.0000,0.0000,0.0000,0.0000,0.0000
57.5500,0.0000,0.0000,0.0000,0.0000,27.6488,0.0000,0.0000,0.0000,0.0000,0.0000,0.0000,0.0000,0.0000,0.0000,0.0000,0.0000,0.0000,11.6201,0.0000,100.0000,0.0000,0.0000,5.4445,0.0000,0.0000
57.6000,0.0000,0.0000,0.0000,0.0000,20.0322,0.0000,0.0000,0.0000,0.0000,0.0000,0.0000,0.0000,0.0000,0.0000,0.0000,0.0000,0.0000,11.6201,0.0000,100.0000,0.0000,0.0000,29.8394,0.0000,0.0000
57.6500,0.0000,0.0000,0.0000,0.0000,9.3164,0.0000,0.0000,0.0000,0.0000,0.0000,0.0000,0.0000,0.0000,0.0000,0.0000,0.0000,0.0000,11.6201,0.0000,100.0000,0.0000,0.0000,64.1606,0.0000,0.0000
57.7000,0.0000,0.0000,0.0000,0.0000,1.6999,0.0000,0.0000,0.0000,0.0000,0.0000,0.0000,0.0000,0.0000,0.0000,0.0000,0.0000,0.0000,11.6201,0.0000,100.0000,0.0000,0.0000,88.5555,0.0000,0.0000
57.7500,0.0000,0.0000,0.0000,0.0000,0.0000,0.0000,0.0000,0.0000,0.0000,0.0000,0.0000,0.0000,0.0000,0.0000,0.0000,0.0000,0.0000,11.6201,0.0000,100.0000,0.0000,0.0000,94.0000,0.0000,0.0000
57.8000,0.0000,0.0000,0.0000,0.0000,0.0000,0.0000,0.0000,0.0000,0.0000,0.0000,0.0000,0.0000,0.0000,0.0000,0.0000,0.0000,0.0000,11.6201,0.0000,100.0000,0.0000,0.0000,94.0000,0.0000,0.0000
57.8500,0.0000,0.0000,0.0000,0.0000,0.0000,0.0000,0.0000,0.0000,0.0000,0.0000,0.0000,0.0000,0.0000,0.0000,0.0000,0.0000,0.0000,11.6201,0.0000,100.0000,0.0000,0.0000,94.0000,0.0000,0.0000
57.9000,0.0000,0.0000,0.0000,0.0000,0.0000,0.0000,0.0000,0.0000,0.0000,0.0000,0.0000,0.0000,0.0000,0.0000,0.0000,0.0000,0.0000,11.6201,0.0000,100.0000,0.0000,0.0000,94.0000,0.0000,0.0000
57.9500,0.0000,0.0000,0.0000,0.0000,0.0000,0.0000,0.0000,0.0000,0.0000,0.0000,0.0000,0.0000,0.0000,0.0000,0.0000,0.0000,0.0000,11.6201,0.0000,100.0000,0.0000,0.0000,94.0000,0.0000,0.0000
58.0000,0.0000,0.0000,0.0000,0.0000,0.0000,0.0000,0.0000,0.0000,0.0000,0.0000,0.0000,0.0000,0.0000,0.0000,0.0000,0.0000,0.0000,11.6201,0.0000,100.0000,0.0000,0.0000,94.0000,0.0000,0.0000
58.0500,0.0000,0.0000,0.0000,0.0000,0.0000,0.0000,0.0000,0.0000,0.0000,0.0000,0.0000,0.0000,0.0000,0.0000,0.0000,0.0000,0.0000,16.0440,0.0000,99.6525,0.0000,0.0000,93.3050,0.0000,0.0000
58.1000,0.0000,0.0000,0.0000,0.0000,0.0000,0.0000,0.0000,0.0000,0.0000,0.0000,0.0000,0.0000,0.0000,0.0000,0.0000,0.0000,0.0000,35.8661,0.0000,98.0954,0.0000,0.0000,90.1907,0.0000,0.0000
58.1500,0.0000,0.0000,0.0000,0.0000,0.0000,0.0000,0.0000,0.0000,0.0000,0.0000,0.0000,0.0000,0.0000,0.0000,0.0000,0.0000,0.0000,63.7540,0.0000,95.9046,0.0000,0.0000,85.8093,0.0000,0.0000
58.2000,0.0000,0.0000,0.0000,0.0000,0.0000,0.0000,0.0000,0.0000,0.0000,0.0000,0.0000,0.0000,0.0000,0.0000,0.0000,0.0000,0.0000,83.5761,0.0000,94.3475,0.0000,0.0000,82.6950,0.0000,0.0000
58.2500,0.0000,0.0000,0.0000,0.0000,0.0000,0.0000,0.0000,0.0000,0.0000,0.0000,0.0000,0.0000,0.0000,0.0000,0.0000,0.0000,0.0000,88.0000,0.0000,94.0000,0.0000,0.0000,82.0000,0.0000,0.0000
58.3000,0.0000,0.0000,0.0000,0.0000,0.0000,0.0000,0.0000,0.0000,0.0000,0.0000,0.0000,0.0000,0.0000,0.0000,0.0000,0.0000,0.0000,88.0000,0.0000,94.0000,0.0000,0.0000,82.0000,0.0000,0.0000
58.3500,0.0000,0.0000,0.0000,0.0000,0.0000,0.0000,0.0000,0.0000,0.0000,0.0000,0.0000,0.0000,0.0000,0.0000,0.0000,0.0000,0.0000,88.0000,0.0000,94.0000,0.0000,0.0000,82.0000,0.0000,0.0000
58.4000,0.0000,0.0000,0.0000,0.0000,0.0000,0.0000,0.0000,0.0000,0.0000,0.0000,0.0000,0.0000,0.0000,0.0000,0.0000,0.0000,0.0000,88.0000,0.0000,94.0000,0.0000,0.0000,82.0000,0.0000,0.0000
58.4500,0.0000,0.0000,0.0000,0.0000,0.0000,0.0000,0.0000,0.0000,0.0000,0.0000,0.0000,0.0000,0.0000,0.0000,0.0000,0.0000,0.0000,88.0000,0.0000,94.0000,0.0000,0.0000,82.0000,0.0000,0.0000
58.5000,0.0000,0.0000,0.0000,0.0000,0.0000,0.0000,0.0000,0.0000,0.0000,0.0000,0.0000,0.0000,0.0000,0.0000,0.0000,0.0000,0.0000,88.0000,0.0000,94.0000,0.0000,0.0000,82.0000,0.0000,0.0000
58.5500,0.0000,0.0000,0.0000,0.0000,0.0000,0.0000,0.0000,0.0000,0.0000,0.0000,0.0000,0.0000,0.0000,0.0000,0.0000,0.0000,0.0000,88.6950,0.0000,94.0000,0.0000,0.0000,82.0000,0.0000,0.0000
58.6000,0.0000,0.0000,0.0000,0.0000,0.0000,0.0000,0.0000,0.0000,0.0000,0.0000,0.0000,0.0000,0.0000,0.0000,0.0000,0.0000,0.0000,91.8093,0.0000,94.0000,0.0000,0.0000,82.0000,0.0000,0.0000
58.6500,0.0000,0.0000,0.0000,0.0000,0.0000,0.0000,0.0000,0.0000,0.0000,0.0000,0.0000,0.0000,0.0000,0.0000,0.0000,0.0000,0.0000,96.1907,0.0000,94.0000,0.0000,0.0000,82.0000,0.0000,0.0000
58.7000,0.0000,0.0000,0.0000,0.0000,0.0000,0.0000,0.0000,0.0000,0.0000,0.0000,0.0000,0.0000,0.0000,0.0000,0.0000,0.0000,0.0000,99.3050,0.0000,94.0000,0.0000,0.0000,82.0000,0.0000,0.0000
58.7500,0.0000,0.0000,0.0000,0.0000,0.0000,0.0000,0.0000,0.0000,0.0000,0.0000,0.0000,0.0000,0.0000,0.0000,0.0000,0.0000,0.0000,100.0000,0.0000,94.0000,0.0000,0.0000,82.0000,0.0000,0.0000
58.8000,0.0000,0.0000,0.0000,0.0000,0.0000,0.0000,0.0000,0.0000,0.0000,0.0000,0.0000,0.0000,0.0000,0.0000,0.0000,0.0000,0.0000,100.0000,0.0000,94.0000,0.0000,0.0000,82.0000,0.0000,0.0000
58.8500,0.0000,0.0000,0.0000,0.0000,0.0000,0.0000,0.0000,0.0000,0.0000,0.0000,0.0000,0.0000,0.0000,0.0000,0.0000,0.0000,0.0000,100.0000,0.0000,94.0000,0.0000,0.0000,82.0000,0.0000,0.0000
58.9000,0.0000,0.0000,0.0000,0.0000,0.0000,0.0000,0.0000,0.0000,0.0000,0.0000,0.0000,0.0000,0.0000,0.0000,0.0000,0.0000,0.0000,100.0000,0.0000,94.0000,0.0000,0.0000,82.0000,0.0000,0.0000
58.9500,0.0000,0.0000,0.0000,0.0000,0.0000,0.0000,0.0000,0.0000,0.0000,0.0000,0.0000,0.0000,0.0000,0.0000,0.0000,0.0000,0.0000,100.0000,0.0000,94.0000,0.0000,0.0000,82.0000,0.0000,0.0000
59.0000,0.0000,0.0000,0.0000,0.0000,0.0000,0.0000,0.0000,0.0000,0.0000,0.0000,0.0000,0.0000,0.0000,0.0000,0.0000,0.0000,0.0000,100.0000,0.0000,94.0000,0.0000,0.0000,82.0000,0.0000,0.0000
59.0500,0.0000,0.0000,0.0000,0.0000,0.0000,0.0000,0.0000,0.0000,0.0000,0.0000,0.0000,0.0000,0.0000,0.0000,0.0000,0.0000,0.0000,94.2080,0.0000,94.3475,0.0000,0.0000,83.0426,0.0000,5.7920
59.1000,0.0000,0.0000,0.0000,0.0000,0.0000,0.0000,0.0000,0.0000,0.0000,0.0000,0.0000,0.0000,0.0000,0.0000,0.0000,0.0000,0.0000,68.2560,0.0000,95.9046,0.0000,0.0000,87.7139,0.0000,31.7440
59.1500,0.0000,0.0000,0.0000,0.0000,0.0000,0.0000,0.0000,0.0000,0.0000,0.0000,0.0000,0.0000,0.0000,0.0000,0.0000,0.0000,0.0000,31.7440,0.0000,98.0954,0.0000,0.0000,94.2861,0.0000,68.2560
59.2000,0.0000,0.0000,0.0000,0.0000,0.0000,0.0000,0.0000,0.0000,0.0000,0.0000,0.0000,0.0000,0.0000,0.0000,0.0000,0.0000,0.0000,5.7920,0.0000,99.6525,0.0000,0.0000,98.9574,0.0000,94.2080
59.2500,0.0000,0.0000,0.0000,0.0000,0.0000,0.0000,0.0000,0.0000,0.0000,0.0000,0.0000,0.0000,0.0000,0.0000,0.0000,0.0000,0.0000,0.0000,0.0000,100.0000,0.0000,0.0000,100.0000,0.0000,100.0000
59.3000,0.0000,0.0000,0.0000,0.0000,0.0000,0.0000,0.0000,0.0000,0.0000,0.0000,0.0000,0.0000,0.0000,0.0000,0.0000,0.0000,0.0000,0.0000,0.0000,100.0000,0.0000,0.0000,100.0000,0.0000,100.0000
59.3500,0.0000,0.0000,0.0000,0.0000,0.0000,0.0000,0.0000,0.0000,0.0000,0.0000,0.0000,0.0000,0.0000,0.0000,0.0000,0.0000,0.0000,0.0000,0.0000,100.0000,0.0000,0.0000,100.0000,0.0000,100.0000
59.4000,0.0000,0.0000,0.0000,0.0000,0.0000,0.0000,0.0000,0.0000,0.0000,0.0000,0.0000,0.0000,0.0000,0.0000,0.0000,0.0000,0.0000,0.0000,0.0000,100.0000,0.0000,0.0000,100.0000,0.0000,100.0000
59.4500,0.0000,0.0000,0.0000,0.0000,0.0000,0.0000,0.0000,0.0000,0.0000,0.0000,0.0000,0.0000,0.0000,0.0000,0.0000,0.0000,0.0000,0.0000,0.0000,100.0000,0.0000,0.0000,100.0000,0.0000,100.0000
59.5000,0.0000,0.0000,0.0000,0.0000,0.0000,0.0000,0.0000,0.0000,0.0000,0.0000,0.0000,0.0000,0.0000,0.0000,0.0000,0.0000,0.0000,0.0000,0.0000,100.0000,0.0000,0.0000,100.0000,0.0000,100.0000
59.5500,0.0000,0.0000,0.0000,0.0000,0.0000,0.0000,0.0000,0.0000,0.0000,0.0000,0.0000,0.0000,0.0000,0.0000,0.0000,0.0000,0.0000,0.0000,0.0000,100.0000,0.0000,0.0000,99.6525,0.0000,100.0000
59.6000,0.0000,0.0000,0.0000,0.0000,0.0000,0.0000,0.0000,0.0000,0.0000,0.0000,0.0000,0.0000,0.0000,0.0000,0.0000,0.0000,0.0000,0.0000,0.0000,100.0000,0.0000,0.0000,98.0954,0.0000,100.0000
59.6500,0.0000,0.0000,0.0000,0.0000,0.0000,0.0000,0.0000,0.0000,0.0000,0.0000,0.0000,0.0000,0.0000,0.0000,0.0000,0.0000,0.0000,0.0000,0.0000,100.0000,0.0000,0.0000,95.9046,0.0000,100.0000
59.7000,0.0000,0.0000,0.0000,0.0000,0.0000,0.0000,0.0000,0.0000,0.0000,0.0000,0.0000,0.0000,0.0000,0.0000,0.0000,0.0000,0.0000,0.0000,0.0000,100.0000,0.0000,0.0000,94.3475,0.0000,100.0000
59.7500,0.0000,0.0000,0.0000,0.0000,0.0000,0.0000,0.0000,0.0000,0.0000,0.0000,0.0000,0.0000,0.0000,0.0000,0.0000,0.0000,0.0000,0.0000,0.0000,100.0000,0.0000,0.0000,94.0000,0.0000,100.0000
59.8000,0.0000,0.0000,0.0000,0.0000,0.0000,0.0000,0.0000,0.0000,0.0000,0.0000,0.0000,0.0000,0.0000,0.0000,0.0000,0.0000,0.0000,0.0000,0.0000,100.0000,0.0000,0.0000,94.0000,0.0000,100.0000
59.8500,0.0000,0.0000,0.0000,0.0000,0.0000,0.0000,0.0000,0.0000,0.0000,0.0000,0.0000,0.0000,0.0000,0.0000,0.0000,0.0000,0.0000,0.0000,0.0000,100.0000,0.0000,0.0000,94.0000,0.0000,100.0000
59.9000,0.0000,0.0000,0.0000,0.0000,0.0000,0.0000,0.0000,0.0000,0.0000,0.0000,0.0000,0.0000,0.0000,0.0000,0.0000,0.0000,0.0000,0.0000,0.0000,100.0000,0.0000,0.0000,94.0000,0.0000,100.0000
59.9500,0.0000,0.0000,0.0000,0.0000,0.0000,0.0000,0.0000,0.0000,0.0000,0.0000,0.0000,0.0000,0.0000,0.0000,0.0000,0.0000,0.0000,0.0000,0.0000,100.0000,0.0000,0.0000,94.0000,0.0000,100.0000
60.0000,0.0000,0.0000,0.0000,0.0000,0.0000,0.0000,0.0000,0.0000,0.0000,0.0000,0.0000,0.0000,0.0000,0.0000,0.0000,0.0000,0.0000,0.0000,0.0000,100.0000,0.0000,0.0000,94.0000,0.0000,100.0000
60.0500,0.0000,0.0000,0.0000,0.0000,0.0000,0.0000,1.3901,0.0000,0.0000,0.0000,0.0000,0.0000,0.0000,0.0000,0.0000,0.0000,0.0000,0.0000,0.0000,98.6099,0.0000,0.0000,88.5555,0.0000,97.4339
60.1000,0.0000,0.0000,0.0000,0.0000,0.0000,0.0000,7.6186,0.0000,0.0000,0.0000,0.0000,0.0000,0.0000,0.0000,0.0000,0.0000,0.0000,0.0000,0.0000,92.3814,0.0000,0.0000,64.1606,0.0000,85.9362
60.1500,0.0000,0.0000,0.0000,0.0000,0.0000,0.0000,16.3814,0.0000,0.0000,0.0000,0.0000,0.0000,0.0000,0.0000,0.0000,0.0000,0.0000,0.0000,0.0000,83.6186,0.0000,0.0000,29.8394,0.0000,69.7601
60.2000,0.0000,0.0000,0.0000,0.0000,0.0000,0.0000,22.6099,0.0000,0.0000,0.0000,0.0000,0.0000,0.0000,0.0000,0.0000,0.0000,0.0000,0.0000,0.0000,77.3901,0.0000,0.0000,5.4445,0.0000,58.2624
60.2500,0.0000,0.0000,0.0000,0.0000,0.0000,0.0000,24.0000,0.0000,0.0000,0.0000,0.0000,0.0000,0.0000,0.0000,0.0000,0.0000,0.0000,0.0000,0.0000,76.0000,0.0000,0.0000,0.0000,0.0000,55.6963
60.3000,0.0000,0.0000,0.0000,0.0000,0.0000,0.0000,24.0000,0.0000,0.0000,0.0000,0.0000,0.0000,0.0000,0.0000,0.0000,0.0000,0.0000,0.0000,0.0000,76.0000,0.0000,0.0000,0.0000,0.0000,55.6963
60.3500,0.0000,0.0000,0.0000,0.0000,0.0000,0.0000,24.0000,0.0000,0.0000,0.0000,0.0000,0.0000,0.0000,0.0000,0.0000,0.0000,0.0000,0.0000,0.0000,76.0000,0.0000,0.0000,0.0000,0.0000,55.6963
60.4000,0.0000,0.0000,0.0000,0.0000,0.0000,0.0000,24.0000,0.0000,0.0000,0.0000,0.0000,0.0000,0.0000,0.0000,0.0000,0.0000,0.0000,0.0000,0.0000,76.0000,0.0000,0.0000,0.0000,0.0000,55.6963
60.4500,0.0000,0.0000,0.0000,0.0000,0.0000,0.0000,24.0000,0.0000,0.0000,0.0000,0.0000,0.0000,0.0000,0.0000,0.0000,0.0000,0.0000,0.0000,0.0000,76.0000,0.0000,0.0000,0.0000,0.0000,55.6963
60.5000,0.0000,0.0000,0.0000,0.0000,0.0000,0.0000,24.0000,0.0000,0.0000,0.0000,0.0000,0.0000,0.0000,0.0000,0.0000,0.0000,0.0000,0.0000,0.0000,76.0000,0.0000,0.0000,0.0000,0.0000,55.6963
60.5500,0.0000,0.0000,0.0000,0.0000,0.0000,0.0000,24.0898,0.0000,0.0000,0.0000,0.0000,0.0000,0.0000,0.0000,0.0000,0.0000,0.0000,0.0000,0.0000,77.0426,0.0000,0.0000,0.0000,0.0000,53.6112
60.6000,0.0000,0.0000,0.0000,0.0000,0.0000,0.0000,24.4921,0.0000,0.0000,0.0000,0.0000,0.0000,0.0000,0.0000,0.0000,0.0000,0.0000,0.0000,0.0000,81.7139,0.0000,0.0000,0.0000,0.0000,44.2685
60.6500,0.0000,0.0000,0.0000,0.0000,0.0000,0.0000,25.0580,0.0000,0.0000,0.0000,0.0000,0.0000,0.0000,0.0000,0.0000,0.0000,0.0000,0.0000,0.0000,88.2861,0.0000,0.0000,0.0000,0.0000,31.1242
60.7000,0.0000,0.0000,0.0000,0.0000,0.0000,0.0000,25.4603,0.0000,0.0000,0.0000,0.0000,0.0000,0.0000,0.0000,0.0000,0.0000,0.0000,0.0000,0.0000,92.9574,0.0000,0.0000,0.0000,0.0000,21.7814
60.7500,0.0000,0.0000,0.0000,0.0000,0.0000,0.0000,25.5501,0.0000,0.0000,0.0000,0.0000,0.0000,0.0000,0.0000,0.0000,0.0000,0.0000,0.0000,0.0000,94.0000,0.0000,0.0000,0.0000,0.0000,19.6963
60.8000,0.0000,0.0000,0.0000,0.0000,0.0000,0.0000,25.5501,0.0000,0.0000,0.0000,0.0000,0.0000,0.0000,0.0000,0.0000,0.0000,0.0000,0.0000,0.0000,94.0000,0.0000,0.0000,0.0000,0.0000,19.6963
60.8500,0.0000,0.0000,0.0000,0.0000,0.0000,0.0000,25.5501,0.0000,0.0000,0.0000,0.0000,0.0000,0.0000,0.0000,0.0000,0.0000,0.0000,0.0000,0.0000,94.0000,0.0000,0.0000,0.0000,0.0000,19.6963
60.9000,0.0000,0.0000,0.0000,0.0000,0.0000,0.0000,25.5501,0.0000,0.0000,0.0000,0.0000,0.0000,0.0000,0.0000,0.0000,0.0000,0.0000,0.0000,0.0000,94.0000,0.0000,0.0000,0.0000,0.0000,19.6963
60.9500,0.0000,0.0000,0.0000,0.0000,0.0000,0.0000,25.5501,0.0000,0.0000,0.0000,0.0000,0.0000,0.0000,0.0000,0.0000,0.0000,0.0000,0.0000,0.0000,94.0000,0.0000,0.0000,0.0000,0.0000,19.6963
61.0000,0.0000,0.0000,0.0000,0.0000,0.0000,0.0000,25.5501,0.0000,0.0000,0.0000,0.0000,0.0000,0.0000,0.0000,0.0000,0.0000,0.0000,0.0000,0.0000,94.0000,0.0000,0.0000,0.0000,0.0000,19.6963
61.0500,0.0000,0.0000,0.0000,0.0000,0.0000,0.0000,24.8550,0.0000,0.0000,0.0000,0.0000,0.0000,0.0000,0.0000,0.0000,0.0000,0.0000,0.0000,0.0000,94.3475,0.0000,0.0000,0.0000,0.0000,18.9030
61.1000,0.0000,0.0000,0.0000,0.0000,0.0000,0.0000,21.7408,0.0000,0.0000,0.0000,0.0000,0.0000,0.0000,0.0000,0.0000,0.0000,0.0000,0.0000,0.0000,95.9046,0.0000,0.0000,0.0000,0.0000,15.3486
61.1500,0.0000,0.0000,0.0000,0.0000,0.0000,0.0000,17.3594,0.0000,0.0000,0.0000,0.0000,0.0000,0.0000,0.0000,0.0000,0.0000,0.0000,0.0000,0.0000,98.0954,0.0000,0.0000,0.0000,0.0000,10.3478
61.2000,0.0000,0.0000,0.0000,0.0000,0.0000,0.0000,14.2451,0.0000,0.0000,0.0000,0.0000,0.0000,0.0000,0.0000,0.0000,0.0000,0.0000,0.0000,0.0000,99.6525,0.0000,0.0000,0.0000,0.0000,6.7933
61.2500,0.0000,0.0000,0.0000,0.0000,0.0000,0.0000,13.5501,0.0000,0.0000,0.0000,0.0000,0.0000,0.0000,0.0000,0.0000,0.0000,0.0000,0.0000,0.0000,100.0000,0.0000,0.0000,0.0000,0.0000,6.0000
61.3000,0.0000,0.0000,0.0000,0.0000,0.0000,0.0000,13.5501,0.0000,0.0000,0.0000,0.0000,0.0000,0.0000,0.0000,0.0000,0.0000,0.0000,0.0000,0.0000,100.0000,0.0000,0.0000,0.0000,0.0000,6.0000
61.3500,0.0000,0.0000,0.0000,0.0000,0.0000,0.0000,13.5501,0.0000,0.0000,0.0000,0.0000,0.0000,0.0000,0.0000,0.0000,0.0000,0.0000,0.0000,0.0000,100.0000,0.0000,0.0000,0.0000,0.0000,6.0000
61.4000,0.0000,0.0000,0.0000,0.0000,0.0000,0.0000,13.5501,0.0000,0.0000,0.0000,0.0000,0.0000,0.0000,0.0000,0.0000,0.0000,0.0000,0.0000,0.0000,100.0000,0.0000,0.0000,0.0000,0.0000,6.0000
61.4500,0.0000,0.0000,0.0000,0.0000,0.0000,0.0000,13.5501,0.0000,0.0000,0.0000,0.0000,0.0000,0.0000,0.0000,0.0000,0.0000,0.0000,0.0000,0.0000,100.0000,0.0000,0.0000,0.0000,0.0000,6.0000
61.5000,0.0000,0.0000,0.0000,0.0000,0.0000,0.0000,13.5501,0.0000,0.0000,0.0000,0.0000,0.0000,0.0000,0.0000,0.0000,0.0000,0.0000,0.0000,0.0000,100.0000,0.0000,0.0000,0.0000,0.0000,6.0000
61.5500,0.0000,0.0000,0.0000,0.0000,0.0000,0.0000,13.5501,0.0000,0.0000,0.0000,0.0000,0.0000,0.0000,0.0000,0.0000,0.0000,0.0000,0.0000,0.0000,100.0000,0.0000,0.0000,0.0000,0.0000,6.5893
61.6000,0.0000,0.0000,0.0000,0.0000,0.0000,0.0000,13.5501,0.0000,0.0000,0.0000,0.0000,0.0000,0.0000,0.0000,0.0000,0.0000,0.0000,0.0000,0.0000,100.0000,0.0000,0.0000,0.0000,0.0000,9.2299
61.6500,0.0000,0.0000,0.0000,0.0000,0.0000,0.0000,13.5501,0.0000,0.0000,0.0000,0.0000,0.0000,0.0000,0.0000,0.0000,0.0000,0.0000,0.0000,0.0000,100.0000,0.0000,0.0000,0.0000,0.0000,12.9450
61.7000,0.0000,0.0000,0.0000,0.0000,0.0000,0.0000,13.5501,0.0000,0.0000,0.0000,0.0000,0.0000,0.0000,0.0000,0.0000,0.0000,0.0000,0.0000,0.0000,100.0000,0.0000,0.0000,0.0000,0.0000,15.5856
61.7500,0.0000,0.0000,0.0000,0.0000,0.0000,0.0000,13.5501,0.0000,0.0000,0.0000,0.0000,0.0000,0.0000,0.0000,0.0000,0.0000,0.0000,0.0000,0.0000,100.0000,0.0000,0.0000,0.0000,0.0000,16.1749
61.8000,0.0000,0.0000,0.0000,0.0000,0.0000,0.0000,13.5501,0.0000,0.0000,0.0000,0.0000,0.0000,0.0000,0.0000,0.0000,0.0000,0.0000,0.0000,0.0000,100.0000,0.0000,0.0000,0.0000,0.0000,16.1749
61.8500,0.0000,0.0000,0.0000,0.0000,0.0000,0.0000,13.5501,0.0000,0.0000,0.0000,0.0000,0.0000,0.0000,0.0000,0.0000,0.0000,0.0000,0.0000,0.0000,100.0000,0.0000,0.0000,0.0000,0.0000,16.1749
61.9000,0.0000,0.0000,0.0000,0.0000,0.0000,0.0000,13.5501,0.0000,0.0000,0.0000,0.0000,0.0000,0.0000,0.0000,0.0000,0.0000,0.0000,0.0000,0.0000,100.0000,0.0000,0.0000,0.0000,0.0000,16.1749
61.9500,0.0000,0.0000,0.0000,0.0000,0.0000,0.0000,13.5501,0.0000,0.0000,0.0000,0.0000,0.0000,0.0000,0.0000,0.0000,0.0000,0.0000,0.0000,0.0000,100.0000,0.0000,0.0000,0.0000,0.0000,16.1749
62.0000,0.0000,0.0000,0.0000,0.0000,0.0000,0.0000,13.5501,0.0000,0.0000,0.0000,0.0000,0.0000,0.0000,0.0000,0.0000,0.0000,0.0000,0.0000,0.0000,100.0000,0.0000,0.0000,0.0000,0.0000,16.1749
62.0500,0.0000,0.0000,0.0000,0.0000,0.0000,0.0000,14.2451,0.0000,0.0000,0.0000,0.0000,0.0000,0.0000,0.0000,0.0000,0.0000,0.0000,0.0000,0.0000,100.0000,0.0000,0.0000,0.0000,0.0000,16.8699
62.1000,0.0000,0.0000,0.0000,0.0000,0.0000,0.0000,17.3594,0.0000,0.0000,0.0000,0.0000,0.0000,0.0000,0.0000,0.0000,0.0000,0.0000,0.0000,0.0000,100.0000,0.0000,0.0000,0.0000,0.0000,19.9842
62.1500,0.0000,0.0000,0.0000,0.0000,0.0000,0.0000,21.7408,0.0000,0.0000,0.0000,0.0000,0.0000,0.0000,0.0000,0.0000,0.0000,0.0000,0.0000,0.0000,100.0000,0.0000,0.0000,0.0000,0.0000,24.3656
62.2000,0.0000,0.0000,0.0000,0.0000,0.0000,0.0000,24.8550,0.0000,0.0000,0.0000,0.0000,0.0000,0.0000,0.0000,0.0000,0.0000,0.0000,0.0000,0.0000,100.0000,0.0000,0.0000,0.0000,0.0000,27.4799
62.2500,0.0000,0.0000,0.0000,0.0000,0.0000,0.0000,25.5501,0.0000,0.0000,0.0000,0.0000,0.0000,0.0000,0.0000,0.0000,0.0000,0.0000,0.0000,0.0000,100.0000,0.0000,0.0000,0.0000,0.0000,28.1749
62.3000,0.0000,0.0000,0.0000,0.0000,0.0000,0.0000,25.5501,0.0000,0.0000,0.0000,0.0000,0.0000,0.0000,0.0000,0.0000,0.0000,0.0000,0.0000,0.0000,100.0000,0.0000,0.0000,0.0000,0.0000,28.1749
62.3500,0.0000,0.0000,0.0000,0.0000,0.0000,0.0000,25.5501,0.0000,0.0000,0.0000,0.0000,0.0000,0.0000,0.0000,0.0000,0.0000,0.0000,0.0000,0.0000,100.0000,0.0000,0.0000,0.0000,0.0000,28.1749
62.4000,0.0000,0.0000,0.0000,0.0000,0.0000,0.0000,25.5501,0.0000,0.0000,0.0000,0.0000,0.0000,0.0000,0.0000,0.0000,0.0000,0.0000,0.0000,0.0000,100.0000,0.0000,0.0000,0.0000,0.0000,28.1749
62.4500,0.0000,0.0000,0.0000,0.0000,0.0000,0.0000,25.5501,0.0000,0.0000,0.0000,0.0000,0.0000,0.0000,0.0000,0.0000,0.0000,0.0000,0.0000,0.0000,100.0000,0.0000,0.0000,0.0000,0.0000,28.1749
62.5000,0.0000,0.0000,0.0000,0.0000,0.0000,0.0000,25.5501,0.0000,0.0000,0.0000,0.0000,0.0000,0.0000,0.0000,0.0000,0.0000,0.0000,0.0000,0.0000,100.0000,0.0000,0.0000,0.0000,0.0000,28.1749
62.5500,0.0000,0.0000,0.0000,0.0000,2.0851,0.0000,24.0702,0.0000,0.0000,0.0000,0.0000,0.0000,0.0000,0.0000,0.0000,0.0000,0.0000,0.0000,0.0000,100.0000,0.0000,0.0000,0.0000,0.0000,29.3936
62.6000,0.0000,0.0000,0.0000,0.0000,11.4278,0.0000,17.4395,0.0000,0.0000,0.0000,0.0000,0.0000,0.0000,0.0000,0.0000,0.0000,0.0000,0.0000,0.0000,100.0000,0.0000,0.0000,0.0000,0.0000,34.8540
62.6500,0.0000,0.0000,0.0000,0.0000,24.5722,0.0000,8.1106,0.0000,0.0000,0.0000,0.0000,0.0000,0.0000,0.0000,0.0000,0.0000,0.0000,0.0000,0.0000,100.0000,0.0000,0.0000,0.0000,0.0000,42.5362
62.7000,0.0000,0.0000,0.0000,0.0000,33.9149,0.0000,1.4799,0.0000,0.0000,0.0000,0.0000,0.0000,0.0000,0.0000,0.0000,0.0000,0.0000,0.0000,0.0000,100.0000,0.0000,0.0000,0.0000,0.0000,47.9966
62.7500,0.0000,0.0000,0.0000,0.0000,36.0000,0.0000,0.0000,0.0000,0.0000,0.0000,0.0000,0.0000,0.0000,0.0000,0.0000,0.0000,0.0000,0.0000,0.0000,100.0000,0.0000,0.0000,0.0000,0.0000,49.2153
62.8000,0.0000,0.0000,0.0000,0.0000,36.0000,0.0000,0.0000,0.0000,0.0000,0.0000,0.0000,0.0000,0.0000,0.0000,0.0000,0.0000,0.0000,0.0000,0.0000,100.0000,0.0000,0.0000,0.0000,0.0000,49.2153
62.8500,0.0000,0.0000,0.0000,0.0000,36.0000,0.0000,0.0000,0.0000,0.0000,0.0000,0.0000,0.0000,0.0000,0.0000,0.0000,0.0000,0.0000,0.0000,0.0000,100.0000,0.0000,0.0000,0.0000,0.0000,49.2153
62.9000,0.0000,0.0000,0.0000,0.0000,36.0000,0.0000,0.0000,0.0000,0.0000,0.0000,0.0000,0.0000,0.0000,0.0000,0.0000,0.0000,0.0000,0.0000,0.0000,100.0000,0.0000,0.0000,0.0000,0.0000,49.2153
62.9500,0.0000,0.0000,0.0000,0.0000,36.0000,0.0000,0.0000,0.0000,0.0000,0.0000,0.0000,0.0000,0.0000,0.0000,0.0000,0.0000,0.0000,0.0000,0.0000,100.0000,0.0000,0.0000,0.0000,0.0000,49.2153
63.0000,0.0000,0.0000,0.0000,0.0000,36.0000,0.0000,0.0000,0.0000,0.0000,0.0000,0.0000,0.0000,0.0000,0.0000,0.0000,0.0000,0.0000,0.0000,0.0000,100.0000,0.0000,0.0000,0.0000,0.0000,49.2153
63.0500,0.0000,0.0000,5.0970,0.0000,39.7069,0.0000,0.0000,0.0000,0.0000,0.0000,0.0000,0.0000,0.0000,0.0000,0.0000,0.0000,0.0000,0.0000,0.0000,99.6525,0.0000,0.0000,0.0000,0.0000,46.3647
63.1000,0.0000,0.0000,27.9347,0.0000,56.3162,0.0000,0.0000,0.0000,0.0000,0.0000,0.0000,0.0000,0.0000,0.0000,0.0000,0.0000,0.0000,0.0000,0.0000,98.0954,0.0000,0.0000,0.0000,0.0000,33.5924
63.1500,0.0000,0.0000,60.0653,0.0000,79.6838,0.0000,0.0000,0.0000,0.0000,0.0000,0.0000,0.0000,0.0000,0.0000,0.0000,0.0000,0.0000,0.0000,0.0000,95.9046,0.0000,0.0000,0.0000,0.0000,15.6229
63.2000,0.0000,0.0000,82.9030,0.0000,96.2931,0.0000,0.0000,0.0000,0.0000,0.0000,0.0000,0.0000,0.0000,0.0000,0.0000,0.0000,0.0000,0.0000,0.0000,94.3475,0.0000,0.0000,0.0000,0.0000,2.8505
63.2500,0.0000,0.0000,88.0000,0.0000,100.0000,0.0000,0.0000,0.0000,0.0000,0.0000,0.0000,0.0000,0.0000,0.0000,0.0000,0.0000,0.0000,0.0000,0.0000,94.0000,0.0000,0.0000,0.0000,0.0000,0.0000
63.3000,0.0000,0.0000,88.0000,0.0000,100.0000,0.0000,0.0000,0.0000,0.0000,0.0000,0.0000,0.0000,0.0000,0.0000,0.0000,0.0000,0.0000,0.0000,0.0000,94.0000,0.0000,0.0000,0.0000,0.0000,0.0000
63.3500,0.0000,0.0000,88.0000,0.0000,100.0000,0.0000,0.0000,0.0000,0.0000,0.0000,0.0000,0.0000,0.0000,0.0000,0.0000,0.0000,0.0000,0.0000,0.0000,94.0000,0.0000,0.0000,0.0000,0.0000,0.0000
63.4000,0.0000,0.0000,88.0000,0.0000,100.0000,0.0000,0.0000,0.0000,0.0000,0.0000,0.0000,0.0000,0.0000,0.0000,0.0000,0.0000,0.0000,0.0000,0.0000,94.0000,0.0000,0.0000,0.0000,0.0000,0.0000
63.4500,0.0000,0.0000,88.0000,0.0000,100.0000,0.0000,0.0000,0.0000,0.0000,0.0000,0.0000,0.0000,0.0000,0.0000,0.0000,0.0000,0.0000,0.0000,0.0000,94.0000,0.0000,0.0000,0.0000,0.0000,0.0000
63.5000,0.0000,0.0000,88.0000,0.0000,100.0000,0.0000,0.0000,0.0000,0.0000,0.0000,0.0000,0.0000,0.0000,0.0000,0.0000,0.0000,0.0000,0.0000,0.0000,94.0000,0.0000,0.0000,0.0000,0.0000,0.0000
63.5500,0.0000,0.0000,88.6950,0.0000,99.3050,0.0000,0.0000,0.0000,0.0000,0.0000,0.0000,0.0000,0.0000,0.0000,0.0000,0.0000,0.0000,0.0000,0.0000,94.0000,0.0000,0.0000,0.0000,0.0000,0.0000
63.6000,0.0000,0.0000,91.8093,0.0000,96.1907,0.0000,0.0000,0.0000,0.0000,0.0000,0.0000,0.0000,0.0000,0.0000,0.0000,0.0000,0.0000,0.0000,0.0000,94.0000,0.0000,0.0000,0.0000,0.0000,0.0000
63.6500,0.0000,0.0000,96.1907,0.0000,91.8093,0.0000,0.0000,0.0000,0.0000,0.0000,0.0000,0.0000,0.0000,0.0000,0.0000,0.0000,0.0000,0.0000,0.0000,94.0000,0.0000,0.0000,0.0000,0.0000,0.0000
63.7000,0.0000,0.0000,99.3050,0.0000,88.6950,0.0000,0.0000,0.0000,0.0000,0.0000,0.0000,0.0000,0.0000,0.0000,0.0000,0.0000,0.0000,0.0000,0.0000,94.0000,0.0000,0.0000,0.0000,0.0000,0.0000
63.7500,0.0000,0.0000,100.0000,0.0000,88.0000,0.0000,0.0000,0.0000,0.0000,0.0000,0.0000,0.0000,0.0000,0.0000,0.0000,0.0000,0.0000,0.0000,0.0000,94.0000,0.0000,0.0000,0.0000,0.0000,0.0000
63.8000,0.0000,0.0000,100.0000,0.0000,88.0000,0.0000,0.0000,0.0000,0.0000,0.0000,0.0000,0.0000,0.0000,0.0000,0.0000,0.0000,0.0000,0.0000,0.0000,94.0000,0.0000,0.0000,0.0000,0.0000,0.0000
63.8500,0.0000,0.0000,100.0000,0.0000,88.0000,0.0000,0.0000,0.0000,0.0000,0.0000,0.0000,0.0000,0.0000,0.0000,0.0000,0.0000,0.0000,0.0000,0.0000,94.0000,0.0000,0.0000,0.0000,0.0000,0.0000
63.9000,0.0000,0.0000,100.0000,0.0000,88.0000,0.0000,0.0000,0.0000,0.0000,0.0000,0.0000,0.0000,0.0000,0.0000,0.0000,0.0000,0.0000,0.0000,0.0000,94.0000,0.0000,0.0000,0.0000,0.0000,0.0000
63.9500,0.0000,0.0000,100.0000,0.0000,88.0000,0.0000,0.0000,0.0000,0.0000,0.0000,0.0000,0.0000,0.0000,0.0000,0.0000,0.0000,0.0000,0.0000,0.0000,94.0000,0.0000,0.0000,0.0000,0.0000,0.0000
64.0000,0.0000,0.0000,100.0000,0.0000,88.0000,0.0000,0.0000,0.0000,0.0000,0.0000,0.0000,0.0000,0.0000,0.0000,0.0000,0.0000,0.0000,0.0000,0.0000,94.0000,0.0000,0.0000,0.0000,0.0000,0.0000
64.0500,0.0000,0.0000,99.3050,0.0000,87.3262,5.7920,0.0000,0.0000,0.0000,0.0000,0.0000,0.0000,0.0000,0.0000,0.0000,0.0000,0.0000,0.0000,0.0000,88.5555,0.0000,0.0000,0.0000,0.0000,0.0000
64.1000,0.0000,0.0000,96.1907,0.0000,84.3072,31.7440,0.0000,0.0000,0.0000,0.0000,0.0000,0.0000,0.0000,0.0000,0.0000,0.0000,0.0000,0.0000,0.0000,64.1606,0.0000,0.0000,0.0000,0.0000,0.0000
64.1500,0.0000,0.0000,91.8093,0.0000,80.0597,68.2560,0.0000,0.0000,0.0000,0.0000,0.0000,0.0000,0.0000,0.0000,0.0000,0.0000,0.0000,0.0000,0.0000,29.8394,0.0000,0.0000,0.0000,0.0000,0.0000
64.2000,0.0000,0.0000,88.6950,0.0000,77.0406,94.2080,0.0000,0.0000,0.0000,0.0000,0.0000,0.0000,0.0000,0.0000,0.0000,0.0000,0.0000,0.0000,0.0000,5.4445,0.0000,0.0000,0.0000,0.0000,0.0000
64.2500,0.0000,0.0000,88.0000,0.0000,76.3669,100.0000,0.0000,0.0000,0.0000,0.0000,0.0000,0.0000,0.0000,0.0000,0.0000,0.0000,0.0000,0.0000,0.0000,0.0000,0.0000,0.0000,0.0000,0.0000,0.0000
64.3000,0.0000,0.0000,88.0000,0.0000,76.3669,100.0000,0.0000,0.0000,0.0000,0.0000,0.0000,0.0000,0.0000,0.0000,0.0000,0.0000,0.0000,0.0000,0.0000,0.0000,0.0000,0.0000,0.0000,0.0000,0.0000
64.3500,0.0000,0.0000,88.0000,0.0000,76.3669,100.0000,0.0000,0.0000,0.0000,0.0000,0.0000,0.0000,0.0000,0.0000,0.0000,0.0000,0.0000,0.0000,0.0000,0.0000,0.0000,0.0000,0.0000,0.0000,0.0000
64.4000,0.0000,0.0000,88.0000,0.0000,76.3669,100.0000,0.0000,0.0000,0.0000,0.0000,0.0000,0.0000,0.0000,0.0000,0.0000,0.0000,0.0000,0.0000,0.0000,0.0000,0.0000,0.0000,0.0000,0.0000,0.0000
64.4500,0.0000,0.0000,88.0000,0.0000,76.3669,100.0000,0.0000,0.0000,0.0000,0.0000,0.0000,0.0000,0.0000,0.0000,0.0000,0.0000,0.0000,0.0000,0.0000,0.0000,0.0000,0.0000,0.0000,0.0000,0.0000
64.5000,0.0000,0.0000,88.0000,0.0000,76.3669,100.0000,0.0000,0.0000,0.0000,0.0000,0.0000,0.0000,0.0000,0.0000,0.0000,0.0000,0.0000,0.0000,0.0000,0.0000,0.0000,0.0000,0.0000,0.0000,0.0000
64.5500,0.0000,0.0000,87.6525,0.0000,71.9437,100.0000,0.0000,0.0000,0.0000,0.0000,0.0000,0.0000,0.0000,0.0000,0.0000,0.0000,4.7494,0.0000,0.0000,0.0000,0.0000,0.0000,0.0000,0.0000,0.0000
64.6000,0.0000,0.0000,86.0954,0.0000,52.1250,100.0000,0.0000,0.0000,0.0000,0.0000,0.0000,0.0000,0.0000,0.0000,0.0000,0.0000,26.0301,0.0000,0.0000,0.0000,0.0000,0.0000,0.0000,0.0000,0.0000
64.6500,0.0000,0.0000,83.9046,0.0000,24.2419,100.0000,0.0000,0.0000,0.0000,0.0000,0.0000,0.0000,0.0000,0.0000,0.0000,0.0000,55.9699,0.0000,0.0000,0.0000,0.0000,0.0000,0.0000,0.0000,0.0000
64.7000,0.0000,0.0000,82.3475,0.0000,4.4232,100.0000,0.0000,0.0000,0.0000,0.0000,0.0000,0.0000,0.0000,0.0000,0.0000,0.0000,77.2506,0.0000,0.0000,0.0000,0.0000,0.0000,0.0000,0.0000,0.0000
64.7500,0.0000,0.0000,82.0000,0.0000,0.0000,100.0000,0.0000,0.0000,0.0000,0.0000,0.0000,0.0000,0.0000,0.0000,0.0000,0.0000,82.0000,0.0000,0.0000,0.0000,0.0000,0.0000,0.0000,0.0000,0.0000
64.8000,0.0000,0.0000,82.0000,0.0000,0.0000,100.0000,0.0000,0.0000,0.0000,0.0000,0.0000,0.0000,0.0000,0.0000,0.0000,0.0000,82.0000,0.0000,0.0000,0.0000,0.0000,0.0000,0.0000,0.0000,0.0000
64.8500,0.0000,0.0000,82.0000,0.0000,0.0000,100.0000,0.0000,0.0000,0.0000,0.0000,0.0000,0.0000,0.0000,0.0000,0.0000,0.0000,82.0000,0.0000,0.0000,0.0000,0.0000,0.0000,0.0000,0.0000,0.0000
64.9000,0.0000,0.0000,82.0000,0.0000,0.0000,100.0000,0.0000,0.0000,0.0000,0.0000,0.0000,0.0000,0.0000,0.0000,0.0000,0.0000,82.0000,0.0000,0.0000,0.0000,0.0000,0.0000,0.0000,0.0000,0.0000
64.9500,0.0000,0.0000,82.0000,0.0000,0.0000,100.0000,0.0000,0.0000,0.0000,0.0000,0.0000,0.0000,0.0000,0.0000,0.0000,0.0000,82.0000,0.0000,0.0000,0.0000,0.0000,0.0000,0.0000,0.0000,0.0000
65.0000,0.0000,0.0000,82.0000,0.0000,0.0000,100.0000,0.0000,0.0000,0.0000,0.0000,0.0000,0.0000,0.0000,0.0000,0.0000,0.0000,82.0000,0.0000,0.0000,0.0000,0.0000,0.0000,0.0000,0.0000,0.0000
65.0500,0.0000,0.0000,82.0000,0.0000,0.0000,99.3050,0.0000,0.0000,0.0000,0.0000,0.0000,0.0000,0.0000,0.0000,0.0000,0.0000,82.0000,0.0000,0.0000,0.0000,0.0000,0.0000,0.0000,0.0000,0.0000
65.1000,0.0000,0.0000,82.0000,0.0000,0.0000,96.1907,0.0000,0.0000,0.0000,0.0000,0.0000,0.0000,0.0000,0.0000,0.0000,0.0000,82.0000,0.0000,0.0000,0.0000,0.0000,0.0000,0.0000,0.0000,0.0000
65.1500,0.0000,0.0000,82.0000,0.0000,0.0000,91.8093,0.0000,0.0000,0.0000,0.0000,0.0000,0.0000,0.0000,0.0000,0.0000,0.0000,82.0000,0.0000,0.0000,0.0000,0.0000,0.0000,0.0000,0.0000,0.0000
65.2000,0.0000,0.0000,82.0000,0.0000,0.0000,88.6950,0.0000,0.0000,0.0000,0.0000,0.0000,0.0000,0.0000,0.0000,0.0000,0.0000,82.0000,0.0000,0.0000,0.0000,0.0000,0.0000,0.0000,0.0000,0.0000
65.2500,0.0000,0.0000,82.0000,0.0000,0.0000,88.0000,0.0000,0.0000,0.0000,0.0000,0.0000,0.0000,0.0000,0.0000,0.0000,0.0000,82.0000,0.0000,0.0000,0.0000,0.0000,0.0000,0.0000,0.0000,0.0000
65.3000,0.0000,0.0000,82.0000,0.0000,0.0000,88.0000,0.0000,0.0000,0.0000,0.0000,0.0000,0.0000,0.0000,0.0000,0.0000,0.0000,82.0000,0.0000,0.0000,0.0000,0.0000,0.0000,0.0000,0.0000,0.0000
65.3500,0.0000,0.0000,82.0000,0.0000,0.0000,88.0000,0.0000,0.0000,0.0000,0.0000,0.0000,0.0000,0.0000,0.0000,0.0000,0.0000,82.0000,0.0000,0.0000,0.0000,0.0000,0.0000,0.0000,0.0000,0.0000
65.4000,0.0000,0.0000,82.0000,0.0000,0.0000,88.0000,0.0000,0.0000,0.0000,0.0000,0.0000,0.0000,0.0000,0.0000,0.0000,0.0000,82.0000,0.0000,0.0000,0.0000,0.0000,0.0000,0.0000,0.0000,0.0000
65.4500,0.0000,0.0000,82.0000,0.0000,0.0000,88.0000,0.0000,0.0000,0.0000,0.0000,0.0000,0.0000,0.0000,0.0000,0.0000,0.0000,82.0000,0.0000,0.0000,0.0000,0.0000,0.0000,0.0000,0.0000,0.0000
65.5000,0.0000,0.0000,82.0000,0.0000,0.0000,88.0000,0.0000,0.0000,0.0000,0.0000,0.0000,0.0000,0.0000,0.0000,0.0000,0.0000,82.0000,0.0000,0.0000,0.0000,0.0000,0.0000,0.0000,0.0000,0.0000
65.5500,0.0000,0.0000,77.2506,0.0000,0.0000,88.6950,4.4019,0.0000,0.0000,0.0000,0.0000,0.0000,0.0000,0.0000,0.0000,0.0000,81.6525,0.0000,0.0000,0.0000,0.0000,0.0000,0.0000,0.0000,0.0000
65.6000,0.0000,0.0000,55.9699,0.0000,0.0000,91.8093,24.1254,0.0000,0.0000,0.0000,0.0000,0.0000,0.0000,0.0000,0.0000,0.0000,80.0954,0.0000,0.0000,0.0000,0.0000,0.0000,0.0000,0.0000,0.0000
65.6500,0.0000,0.0000,26.0301,0.0000,0.0000,96.1907,51.8746,0.0000,0.0000,0.0000,0.0000,0.0000,0.0000,0.0000,0.0000,0.0000,77.9046,0.0000,0.0000,0.0000,0.0000,0.0000,0.0000,0.0000,0.0000
65.7000,0.0000,0.0000,4.7494,0.0000,0.0000,99.3050,71.5981,0.0000,0.0000,0.0000,0.0000,0.0000,0.0000,0.0000,0.0000,0.0000,76.3475,0.0000,0.0000,0.0000,0.0000,0.0000,0.0000,0.0000,0.0000
65.7500,0.0000,0.0000,0.0000,0.0000,0.0000,100.0000,76.0000,0.0000,0.0000,0.0000,0.0000,0.0000,0.0000,0.0000,0.0000,0.0000,76.0000,0.0000,0.0000,0.0000,0.0000,0.0000,0.0000,0.0000,0.0000
65.8000,0.0000,0.0000,0.0000,0.0000,0.0000,100.0000,76.0000,0.0000,0.0000,0.0000,0.0000,0.0000,0.0000,0.0000,0.0000,0.0000,76.0000,0.0000,0.0000,0.0000,0.0000,0.0000,0.0000,0.0000,0.0000
65.8500,0.0000,0.0000,0.0000,0.0000,0.0000,100.0000,76.0000,0.0000,0.0000,0.0000,0.0000,0.0000,0.0000,0.0000,0.0000,0.0000,76.0000,0.0000,0.0000,0.0000,0.0000,0.0000,0.0000,0.0000,0.0000
65.9000,0.0000,0.0000,0.0000,0.0000,0.0000,100.0000,76.0000,0.0000,0.0000,0.0000,0.0000,0.0000,0.0000,0.0000,0.0000,0.0000,76.0000,0.0000,0.0000,0.0000,0.0000,0.0000,0.0000,0.0000,0.0000
65.9500,0.0000,0.0000,0.0000,0.0000,0.0000,100.0000,76.0000,0.0000,0.0000,0.0000,0.0000,0.0000,0.0000,0.0000,0.0000,0.0000,76.0000,0.0000,0.0000,0.0000,0.0000,0.0000,0.0000,0.0000,0.0000
66.0000,0.0000,0.0000,0.0000,0.0000,0.0000,100.0000,76.0000,0.0000,0.0000,0.0000,0.0000,0.0000,0.0000,0.0000,0.0000,0.0000,76.0000,0.0000,0.0000,0.0000,0.0000,0.0000,0.0000,0.0000,0.0000
66.0500,0.0000,0.0000,5.7920,0.0000,0.0000,94.2080,77.3901,0.0000,0.0000,0.0000,0.0000,0.0000,0.0000,0.0000,0.0000,0.0000,75.3050,0.0000,0.0000,0.0000,0.0000,0.0000,0.0000,0.0000,0.0000
66.1000,0.0000,0.0000,31.7440,0.0000,0.0000,68.2560,83.6186,0.0000,0.0000,0.0000,0.0000,0.0000,0.0000,0.0000,0.0000,0.0000,72.1907,0.0000,0.0000,0.0000,0.0000,0.0000,0.0000,0.0000,0.0000
66.1500,0.0000,0.0000,68.2560,0.0000,0.0000,31.7440,92.3814,0.0000,0.0000,0.0000,0.0000,0.0000,0.0000,0.0000,0.0000,0.0000,67.8093,0.0000,0.0000,0.0000,0.0000,0.0000,0.0000,0.0000,0.0000
66.2000,0.0000,0.0000,94.2080,0.0000,0.0000,5.7920,98.6099,0.0000,0.0000,0.0000,0.0000,0.0000,0.0000,0.0000,0.0000,0.0000,64.6950,0.0000,0.0000,0.0000,0.0000,0.0000,0.0000,0.0000,0.0000
66.2500,0.0000,0.0000,100.0000,0.0000,0.0000,0.0000,100.0000,0.0000,0.0000,0.0000,0.0000,0.0000,0.0000,0.0000,0.0000,0.0000,64.0000,0.0000,0.0000,0.0000,0.0000,0.0000,0.0000,0.0000,0.0000
66.3000,0.0000,0.0000,100.0000,0.0000,0.0000,0.0000,100.0000,0.0000,0.0000,0.0000,0.0000,0.0000,0.0000,0.0000,0.0000,0.0000,64.0000,0.0000,0.0000,0.0000,0.0000,0.0000,0.0000,0.0000,0.0000
66.3500,0.0000,0.0000,100.0000,0.0000,0.0000,0.0000,100.0000,0.0000,0.0000,0.0000,0.0000,0.0000,0.0000,0.0000,0.0000,0.0000,64.0000,0.0000,0.0000,0.0000,0.0000,0.0000,0.0000,0.0000,0.0000
66.4000,0.0000,0.0000,100.0000,0.0000,0.0000,0.0000,100.0000,0.0000,0.0000,0.0000,0.0000,0.0000,0.0000,0.0000,0.0000,0.0000,64.0000,0.0000,0.0000,0.0000,0.0000,0.0000,0.0000,0.0000,0.0000
66.4500,0.0000,0.0000,100.0000,0.0000,0.0000,0.0000,100.0000,0.0000,0.0000,0.0000,0.0000,0.0000,0.0000,0.0000,0.0000,0.0000,64.0000,0.0000,0.0000,0.0000,0.0000,0.0000,0.0000,0.0000,0.0000
66.5000,0.0000,0.0000,100.0000,0.0000,0.0000,0.0000,100.0000,0.0000,0.0000,0.0000,0.0000,0.0000,0.0000,0.0000,0.0000,0.0000,64.0000,0.0000,0.0000,0.0000,0.0000,0.0000,0.0000,0.0000,0.0000
66.5500,0.0000,0.0000,100.0000,0.0000,0.0000,0.0000,100.0000,0.0000,0.0000,0.0000,0.0000,0.0000,0.0000,0.0000,0.0000,0.0000,60.2931,0.0000,0.0000,0.0000,0.0000,0.0000,5.7920,0.0000,0.0000
66.6000,0.0000,0.0000,100.0000,0.0000,0.0000,0.0000,100.0000,0.0000,0.0000,0.0000,0.0000,0.0000,0.0000,0.0000,0.0000,0.0000,43.6838,0.0000,0.0000,0.0000,0.0000,0.0000,31.7440,0.0000,0.0000
66.6500,0.0000,0.0000,100.0000,0.0000,0.0000,0.0000,100.0000,0.0000,0.0000,0.0000,0.0000,0.0000,0.0000,0.0000,0.0000,0.0000,20.3162,0.0000,0.0000,0.0000,0.0000,0.0000,68.2560,0.0000,0.0000
66.7000,0.0000,0.0000,100.0000,0.0000,0.0000,0.0000,100.0000,0.0000,0.0000,0.0000,0.0000,0.0000,0.0000,0.0000,0.0000,0.0000,3.7069,0.0000,0.0000,0.0000,0.0000,0.0000,94.2080,0.0000,0.0000
66.7500,0.0000,0.0000,100.0000,0.0000,0.0000,0.0000,100.0000,0.0000,0.0000,0.0000,0.0000,0.0000,0.0000,0.0000,0.0000,0.0000,0.0000,0.0000,0.0000,0.0000,0.0000,0.0000,100.0000,0.0000,0.0000
66.8000,0.0000,0.0000,100.0000,0.0000,0.0000,0.0000,100.0000,0.0000,0.0000,0.0000,0.0000,0.0000,0.0000,0.0000,0.0000,0.0000,0.0000,0.0000,0.0000,0.0000,0.0000,0.0000,100.0000,0.0000,0.0000
66.8500,0.0000,0.0000,100.0000,0.0000,0.0000,0.0000,100.0000,0.0000,0.0000,0.0000,0.0000,0.0000,0.0000,0.0000,0.0000,0.0000,0.0000,0.0000,0.0000,0.0000,0.0000,0.0000,100.0000,0.0000,0.0000
66.9000,0.0000,0.0000,100.0000,0.0000,0.0000,0.0000,100.0000,0.0000,0.0000,0.0000,0.0000,0.0000,0.0000,0.0000,0.0000,0.0000,0.0000,0.0000,0.0000,0.0000,0.0000,0.0000,100.0000,0.0000,0.0000
66.9500,0.0000,0.0000,100.0000,0.0000,0.0000,0.0000,100.0000,0.0000,0.0000,0.0000,0.0000,0.0000,0.0000,0.0000,0.0000,0.0000,0.0000,0.0000,0.0000,0.0000,0.0000,0.0000,100.0000,0.0000,0.0000
67.0000,0.0000,0.0000,100.0000,0.0000,0.0000,0.0000,100.0000,0.0000,0.0000,0.0000,0.0000,0.0000,0.0000,0.0000,0.0000,0.0000,0.0000,0.0000,0.0000,0.0000,0.0000,0.0000,100.0000,0.0000,0.0000
67.0500,0.0000,0.0000,98.6099,0.0000,0.0000,0.0000,97.9149,0.0000,0.0000,0.0000,0.0000,0.0000,0.0000,0.0000,0.0000,0.0000,0.0000,0.0000,0.0000,0.0000,0.0000,0.0000,100.0000,0.0000,0.0000
67.1000,0.0000,0.0000,92.3814,0.0000,0.0000,0.0000,88.5722,0.0000,0.0000,0.0000,0.0000,0.0000,0.0000,0.0000,0.0000,0.0000,0.0000,0.0000,0.0000,0.0000,0.0000,0.0000,100.0000,0.0000,0.0000
67.1500,0.0000,0.0000,83.6186,0.0000,0.0000,0.0000,75.4278,0.0000,0.0000,0.0000,0.0000,0.0000,0.0000,0.0000,0.0000,0.0000,0.0000,0.0000,0.0000,0.0000,0.0000,0.0000,100.0000,0.0000,0.0000
67.2000,0.0000,0.0000,77.3901,0.0000,0.0000,0.0000,66.0851,0.0000,0.0000,0.0000,0.0000,0.0000,0.0000,0.0000,0.0000,0.0000,0.0000,0.0000,0.0000,0.0000,0.0000,0.0000,100.0000,0.0000,0.0000
67.2500,0.0000,0.0000,76.0000,0.0000,0.0000,0.0000,64.0000,0.0000,0.0000,0.0000,0.0000,0.0000,0.0000,0.0000,0.0000,0.0000,0.0000,0.0000,0.0000,0.0000,0.0000,0.0000,100.0000,0.0000,0.0000
67.3000,0.0000,0.0000,76.0000,0.0000,0.0000,0.0000,64.0000,0.0000,0.0000,0.0000,0.0000,0.0000,0.0000,0.0000,0.0000,0.0000,0.0000,0.0000,0.0000,0.0000,0.0000,0.0000,100.0000,0.0000,0.0000
67.3500,0.0000,0.0000,76.0000,0.0000,0.0000,0.0000,64.0000,0.0000,0.0000,0.0000,0.0000,0.0000,0.0000,0.0000,0.0000,0.0000,0.0000,0.0000,0.0000,0.0000,0.0000,0.0000,100.0000,0.0000,0.0000
67.4000,0.0000,0.0000,76.0000,0.0000,0.0000,0.0000,64.0000,0.0000,0.0000,0.0000,0.0000,0.0000,0.0000,0.0000,0.0000,0.0000,0.0000,0.0000,0.0000,0.0000,0.0000,0.0000,100.0000,0.0000,0.0000
67.4500,0.0000,0.0000,76.0000,0.0000,0.0000,0.0000,64.0000,0.0000,0.0000,0.0000,0.0000,0.0000,0.0000,0.0000,0.0000,0.0000,0.0000,0.0000,0.0000,0.0000,0.0000,0.0000,100.0000,0.0000,0.0000
67.5000,0.0000,0.0000,76.0000,0.0000,0.0000,0.0000,64.0000,0.0000,0.0000,0.0000,0.0000,0.0000,0.0000,0.0000,0.0000,0.0000,0.0000,0.0000,0.0000,0.0000,0.0000,0.0000,100.0000,0.0000,0.0000
67.5500,0.0000,0.0000,76.6950,0.0000,0.0000,0.0000,60.2931,5.4445,0.0000,0.0000,0.0000,0.0000,0.0000,0.0000,0.0000,0.0000,0.0000,0.0000,0.0000,0.0000,0.0000,0.0000,100.0000,0.0000,0.0000
67.6000,0.0000,0.0000,79.8093,0.0000,0.0000,0.0000,43.6838,29.8394,0.0000,0.0000,0.0000,0.0000,0.0000,0.0000,0.0000,0.0000,0.0000,0.0000,0.0000,0.0000,0.0000,0.0000,100.0000,0.0000,0.0000
67.6500,0.0000,0.0000,84.1907,0.0000,0.0000,0.0000,20.3162,64.1606,0.0000,0.0000,0.0000,0.0000,0.0000,0.0000,0.0000,0.0000,0.0000,0.0000,0.0000,0.0000,0.0000,0.0000,100.0000,0.0000,0.0000
67.7000,0.0000,0.0000,87.3050,0.0000,0.0000,0.0000,3.7069,88.5555,0.0000,0.0000,0.0000,0.0000,0.0000,0.0000,0.0000,0.0000,0.0000,0.0000,0.0000,0.0000,0.0000,0.0000,100.0000,0.0000,0.0000
67.7500,0.0000,0.0000,88.0000,0.0000,0.0000,0.0000,0.0000,94.0000,0.0000,0.0000,0.0000,0.0000,0.0000,0.0000,0.0000,0.0000,0.0000,0.0000,0.0000,0.0000,0.0000,0.0000,100.0000,0.0000,0.0000
67.8000,0.0000,0.0000,88.0000,0.0000,0.0000,0.0000,0.0000,94.0000,0.0000,0.0000,0.0000,0.0000,0.0000,0.0000,0.0000,0.0000,0.0000,0.0000,0.0000,0.0000,0.0000,0.0000,100.0000,0.0000,0.0000
67.8500,0.0000,0.0000,88.0000,0.0000,0.0000,0.0000,0.0000,94.0000,0.0000,0.0000,0.0000,0.0000,0.0000,0.0000,0.0000,0.0000,0.0000,0.0000,0.0000,0.0000,0.0000,0.0000,100.0000,0.0000,0.0000
67.9000,0.0000,0.0000,88.0000,0.0000,0.0000,0.0000,0.0000,94.0000,0.0000,0.0000,0.0000,0.0000,0.0000,0.0000,0.0000,0.0000,0.0000,0.0000,0.0000,0.0000,0.0000,0.0000,100.0000,0.0000,0.0000
67.9500,0.0000,0.0000,88.0000,0.0000,0.0000,0.0000,0.0000,94.0000,0.0000,0.0000,0.0000,0.0000,0.0000,0.0000,0.0000,0.0000,0.0000,0.0000,0.0000,0.0000,0.0000,0.0000,100.0000,0.0000,0.0000
68.0000,0.0000,0.0000,88.0000,0.0000,0.0000,0.0000,0.0000,94.0000,0.0000,0.0000,0.0000,0.0000,0.0000,0.0000,0.0000,0.0000,0.0000,0.0000,0.0000,0.0000,0.0000,0.0000,100.0000,0.0000,0.0000
68.0500,0.0000,0.0000,82.9030,0.0000,0.0000,0.0000,0.0000,92.9574,0.0000,0.0000,0.0000,0.0000,0.0000,5.4445,0.0000,0.0000,0.0000,0.0000,0.0000,0.0000,0.0000,0.0000,100.0000,0.0000,0.0000
68.1000,0.0000,0.0000,60.0653,0.0000,0.0000,0.0000,0.0000,88.2861,0.0000,0.0000,0.0000,0.0000,0.0000,29.8394,0.0000,0.0000,0.0000,0.0000,0.0000,0.0000,0.0000,0.0000,100.0000,0.0000,0.0000
68.1500,0.0000,0.0000,27.9347,0.0000,0.0000,0.0000,0.0000,81.7139,0.0000,0.0000,0.0000,0.0000,0.0000,64.1606,0.0000,0.0000,0.0000,0.0000,0.0000,0.0000,0.0000,0.0000,100.0000,0.0000,0.0000
68.2000,0.0000,0.0000,5.0970,0.0000,0.0000,0.0000,0.0000,77.0426,0.0000,0.0000,0.0000,0.0000,0.0000,88.5555,0.0000,0.0000,0.0000,0.0000,0.0000,0.0000,0.0000,0.0000,100.0000,0.0000,0.0000
68.2500,0.0000,0.0000,0.0000,0.0000,0.0000,0.0000,0.0000,76.0000,0.0000,0.0000,0.0000,0.0000,0.0000,94.0000,0.0000,0.0000,0.0000,0.0000,0.0000,0.0000,0.0000,0.0000,100.0000,0.0000,0.0000
68.3000,0.0000,0.0000,0.0000,0.0000,0.0000,0.0000,0.0000,76.0000,0.0000,0.0000,0.0000,0.0000,0.0000,94.0000,0.0000,0.0000,0.0000,0.0000,0.0000,0.0000,0.0000,0.0000,100.0000,0.0000,0.0000
68.3500,0.0000,0.0000,0.0000,0.0000,0.0000,0.0000,0.0000,76.0000,0.0000,0.0000,0.0000,0.0000,0.0000,94.0000,0.0000,0.0000,0.0000,0.0000,0.0000,0.0000,0.0000,0.0000,100.0000,0.0000,0.0000
68.4000,0.0000,0.0000,0.0000,0.0000,0.0000,0.0000,0.0000,76.0000,0.0000,0.0000,0.0000,0.0000,0.0000,94.0000,0.0000,0.0000,0.0000,0.0000,0.0000,0.0000,0.0000,0.0000,100.0000,0.0000,0.0000
68.4500,0.0000,0.0000,0.0000,0.0000,0.0000,0.0000,0.0000,76.0000,0.0000,0.0000,0.0000,0.0000,0.0000,94.0000,0.0000,0.0000,0.0000,0.0000,0.0000,0.0000,0.0000,0.0000,100.0000,0.0000,0.0000
68.5000,0.0000,0.0000,0.0000,0.0000,0.0000,0.0000,0.0000,76.0000,0.0000,0.0000,0.0000,0.0000,0.0000,94.0000,0.0000,0.0000,0.0000,0.0000,0.0000,0.0000,0.0000,0.0000,100.0000,0.0000,0.0000
68.5500,0.0000,0.0000,0.0000,0.0000,5.0970,0.0000,0.0000,77.0426,0.0000,0.0000,0.0000,0.0000,0.0000,93.8750,0.0000,0.0000,0.0000,0.0000,0.0000,0.0000,0.0000,0.0000,94.2080,0.0000,0.0000
68.6000,0.0000,0.0000,0.0000,0.0000,27.9347,0.0000,0.0000,81.7139,0.0000,0.0000,0.0000,0.0000,0.0000,93.3151,0.0000,0.0000,0.0000,0.0000,0.0000,0.0000,0.0000,0.0000,68.2560,0.0000,0.0000
68.6500,0.0000,0.0000,0.0000,0.0000,60.0653,0.0000,0.0000,88.2861,0.0000,0.0000,0.0000,0.0000,0.0000,92.5274,0.0000,0.0000,0.0000,0.0000,0.0000,0.0000,0.0000,0.0000,31.7440,0.0000,0.0000
68.7000,0.0000,0.0000,0.0000,0.0000,82.9030,0.0000,0.0000,92.9574,0.0000,0.0000,0.0000,0.0000,0.0000,91.9675,0.0000,0.0000,0.0000,0.0000,0.0000,0.0000,0.0000,0.0000,5.7920,0.0000,0.0000
68.7500,0.0000,0.0000,0.0000,0.0000,88.0000,0.0000,0.0000,94.0000,0.0000,0.0000,0.0000,0.0000,0.0000,91.8425,0.0000,0.0000,0.0000,0.0000,0.0000,0.0000,0.0000,0.0000,0.0000,0.0000,0.0000
68.8000,0.0000,0.0000,0.0000,0.0000,88.0000,0.0000,0.0000,94.0000,0.0000,0.0000,0.0000,0.0000,0.0000,91.8425,0.0000,0.0000,0.0000,0.0000,0.0000,0.0000,0.0000,0.0000,0.0000,0.0000,0.0000
68.8500,0.0000,0.0000,0.0000,0.0000,88.0000,0.0000,0.0000,94.0000,0.0000,0.0000,0.0000,0.0000,0.0000,91.8425,0.0000,0.0000,0.0000,0.0000,0.0000,0.0000,0.0000,0.0000,0.0000,0.0000,0.0000
68.9000,0.0000,0.0000,0.0000,0.0000,88.0000,0.0000,0.0000,94.0000,0.0000,0.0000,0.0000,0.0000,0.0000,91.8425,0.0000,0.0000,0.0000,0.0000,0.0000,0.0000,0.0000,0.0000,0.0000,0.0000,0.0000
68.9500,0.0000,0.0000,0.0000,0.0000,88.0000,0.0000,0.0000,94.0000,0.0000,0.0000,0.0000,0.0000,0.0000,91.8425,0.0000,0.0000,0.0000,0.0000,0.0000,0.0000,0.0000,0.0000,0.0000,0.0000,0.0000
69.0000,0.0000,0.0000,0.0000,0.0000,88.0000,0.0000,0.0000,94.0000,0.0000,0.0000,0.0000,0.0000,0.0000,91.8425,0.0000,0.0000,0.0000,0.0000,0.0000,0.0000,0.0000,0.0000,0.0000,0.0000,0.0000
69.0500,0.0000,0.0000,0.0000,0.0000,88.3475,0.0000,0.0000,93.3050,0.0000,0.0000,0.0000,0.0000,0.0000,90.1161,0.0000,0.0000,0.0000,0.0000,0.0000,0.0000,0.0000,0.0000,0.0000,0.0000,0.0000
69.1000,0.0000,0.0000,0.0000,0.0000,89.9046,0.0000,0.0000,90.1907,0.0000,0.0000,0.0000,0.0000,0.0000,82.3809,0.0000,0.0000,0.0000,0.0000,0.0000,0.0000,0.0000,0.0000,0.0000,0.0000,0.0000
69.1500,0.0000,0.0000,0.0000,0.0000,92.0954,0.0000,0.0000,85.8093,0.0000,0.0000,0.0000,0.0000,0.0000,71.4981,0.0000,0.0000,0.0000,0.0000,0.0000,0.0000,0.0000,0.0000,0.0000,0.0000,0.0000
69.2000,0.0000,0.0000,0.0000,0.0000,93.6525,0.0000,0.0000,82.6950,0.0000,0.0000,0.0000,0.0000,0.0000,63.7628,0.0000,0.0000,0.0000,0.0000,0.0000,0.0000,0.0000,0.0000,0.0000,0.0000,0.0000
69.2500,0.0000,0.0000,0.0000,0.0000,94.0000,0.0000,0.0000,82.0000,0.0000,0.0000,0.0000,0.0000,0.0000,62.0364,0.0000,0.0000,0.0000,0.0000,0.0000,0.0000,0.0000,0.0000,0.0000,0.0000,0.0000
69.3000,0.0000,0.0000,0.0000,0.0000,94.0000,0.0000,0.0000,82.0000,0.0000,0.0000,0.0000,0.0000,0.0000,62.0364,0.0000,0.0000,0.0000,0.0000,0.0000,0.0000,0.0000,0.0000,0.0000,0.0000,0.0000
69.3500,0.0000,0.0000,0.0000,0.0000,94.0000,0.0000,0.0000,82.0000,0.0000,0.0000,0.0000,0.0000,0.0000,62.0364,0.0000,0.0000,0.0000,0.0000,0.0000,0.0000,0.0000,0.0000,0.0000,0.0000,0.0000
69.4000,0.0000,0.0000,0.0000,0.0000,94.0000,0.0000,0.0000,82.0000,0.0000,0.0000,0.0000,0.0000,0.0000,62.0364,0.0000,0.0000,0.0000,0.0000,0.0000,0.0000,0.0000,0.0000,0.0000,0.0000,0.0000
69.4500,0.0000,0.0000,0.0000,0.0000,94.0000,0.0000,0.0000,82.0000,0.0000,0.0000,0.0000,0.0000,0.0000,62.0364,0.0000,0.0000,0.0000,0.0000,0.0000,0.0000,0.0000,0.0000,0.0000,0.0000,0.0000
69.5000,0.0000,0.0000,0.0000,0.0000,94.0000,0.0000,0.0000,82.0000,0.0000,0.0000,0.0000,0.0000,0.0000,62.0364,0.0000,0.0000,0.0000,0.0000,0.0000,0.0000,0.0000,0.0000,0.0000,0.0000,0.0000
69.5500,0.0000,0.0000,5.0970,0.0000,93.6525,0.0000,0.0000,77.2506,0.0000,0.0000,0.0000,0.0000,0.0000,60.0733,0.0000,0.0000,0.0000,0.0000,0.0000,0.0000,0.0000,0.0000,0.0000,0.0000,0.0000
69.6000,0.0000,0.0000,27.9347,0.0000,92.0954,0.0000,0.0000,55.9699,0.0000,0.0000,0.0000,0.0000,0.0000,51.2771,0.0000,0.0000,0.0000,0.0000,0.0000,0.0000,0.0000,0.0000,0.0000,0.0000,0.0000
69.6500,0.0000,0.0000,60.0653,0.0000,89.9046,0.0000,0.0000,26.0301,0.0000,0.0000,0.0000,0.0000,0.0000,38.9018,0.0000,0.0000,0.0000,0.0000,0.0000,0.0000,0.0000,0.0000,0.0000,0.0000,0.0000
69.7000,0.0000,0.0000,82.9030,0.0000,88.3475,0.0000,0.0000,4.7494,0.0000,0.0000,0.0000,0.0000,0.0000,30.1057,0.0000,0.0000,0.0000,0.0000,0.0000,0.0000,0.0000,0.0000,0.0000,0.0000,0.0000
69.7500,0.0000,0.0000,88.0000,0.0000,88.0000,0.0000,0.0000,0.0000,0.0000,0.0000,0.0000,0.0000,0.0000,28.1426,0.0000,0.0000,0.0000,0.0000,0.0000,0.0000,0.0000,0.0000,0.0000,0.0000,0.0000
69.8000,0.0000,0.0000,88.0000,0.0000,88.0000,0.0000,0.0000,0.0000,0.0000,0.0000,0.0000,0.0000,0.0000,28.1426,0.0000,0.0000,0.0000,0.0000,0.0000,0.0000,0.0000,0.0000,0.0000,0.0000,0.0000
69.8500,0.0000,0.0000,88.0000,0.0000,88.0000,0.0000,0.0000,0.0000,0.0000,0.0000,0.0000,0.0000,0.0000,28.1426,0.0000,0.0000,0.0000,0.0000,0.0000,0.0000,0.0000,0.0000,0.0000,0.0000,0.0000
69.9000,0.0000,0.0000,88.0000,0.0000,88.0000,0.0000,0.0000,0.0000,0.0000,0.0000,0.0000,0.0000,0.0000,28.1426,0.0000,0.0000,0.0000,0.0000,0.0000,0.0000,0.0000,0.0000,0.0000,0.0000,0.0000
69.9500,0.0000,0.0000,88.0000,0.0000,88.0000,0.0000,0.0000,0.0000,0.0000,0.0000,0.0000,0.0000,0.0000,28.1426,0.0000,0.0000,0.0000,0.0000,0.0000,0.0000,0.0000,0.0000,0.0000,0.0000,0.0000
70.0000,0.0000,0.0000,88.0000,0.0000,88.0000,0.0000,0.0000,0.0000,0.0000,0.0000,0.0000,0.0000,0.0000,28.1426,0.0000,0.0000,0.0000,0.0000,0.0000,0.0000,0.0000,0.0000,0.0000,0.0000,0.0000
70.0500,0.0000,0.0000,88.6950,0.0000,88.0000,0.0000,0.0000,0.0000,0.0000,0.0000,0.0000,0.0000,0.0000,26.5126,0.0000,0.0000,0.0000,0.0000,5.7920,0.0000,0.0000,0.0000,0.0000,0.0000,0.0000
70.1000,0.0000,0.0000,91.8093,0.0000,88.0000,0.0000,0.0000,0.0000,0.0000,0.0000,0.0000,0.0000,0.0000,19.2090,0.0000,0.0000,0.0000,0.0000,31.7440,0.0000,0.0000,0.0000,0.0000,0.0000,0.0000
70.1500,0.0000,0.0000,96.1907,0.0000,88.0000,0.0000,0.0000,0.0000,0.0000,0.0000,0.0000,0.0000,0.0000,8.9336,0.0000,0.0000,0.0000,0.0000,68.2560,0.0000,0.0000,0.0000,0.0000,0.0000,0.0000
70.2000,0.0000,0.0000,99.3050,0.0000,88.0000,0.0000,0.0000,0.0000,0.0000,0.0000,0.0000,0.0000,0.0000,1.6300,0.0000,0.0000,0.0000,0.0000,94.2080,0.0000,0.0000,0.0000,0.0000,0.0000,0.0000
70.2500,0.0000,0.0000,100.0000,0.0000,88.0000,0.0000,0.0000,0.0000,0.0000,0.0000,0.0000,0.0000,0.0000,0.0000,0.0000,0.0000,0.0000,0.0000,100.0000,0.0000,0.0000,0.0000,0.0000,0.0000,0.0000
70.3000,0.0000,0.0000,100.0000,0.0000,88.0000,0.0000,0.0000,0.0000,0.0000,0.0000,0.0000,0.0000,0.0000,0.0000,0.0000,0.0000,0.0000,0.0000,100.0000,0.0000,0.0000,0.0000,0.0000,0.0000,0.0000
70.3500,0.0000,0.0000,100.0000,0.0000,88.0000,0.0000,0.0000,0.0000,0.0000,0.0000,0.0000,0.0000,0.0000,0.0000,0.0000,0.0000,0.0000,0.0000,100.0000,0.0000,0.0000,0.0000,0.0000,0.0000,0.0000
70.4000,0.0000,0.0000,100.0000,0.0000,88.0000,0.0000,0.0000,0.0000,0.0000,0.0000,0.0000,0.0000,0.0000,0.0000,0.0000,0.0000,0.0000,0.0000,100.0000,0.0000,0.0000,0.0000,0.0000,0.0000,0.0000
70.4500,0.0000,0.0000,100.0000,0.0000,88.0000,0.0000,0.0000,0.0000,0.0000,0.0000,0.0000,0.0000,0.0000,0.0000,0.0000,0.0000,0.0000,0.0000,100.0000,0.0000,0.0000,0.0000,0.0000,0.0000,0.0000
70.5000,0.0000,0.0000,100.0000,0.0000,88.0000,0.0000,0.0000,0.0000,0.0000,0.0000,0.0000,0.0000,0.0000,0.0000,0.0000,0.0000,0.0000,0.0000,100.0000,0.0000,0.0000,0.0000,0.0000,0.0000,0.0000
70.5500,0.0000,0.0000,100.0000,0.0000,88.6950,0.0000,0.0000,0.0000,0.0000,0.0000,0.0000,0.0000,0.0000,0.0000,0.0000,0.0000,0.0000,0.0000,100.0000,0.0000,0.0000,0.0000,0.0000,0.0000,0.0000
70.6000,0.0000,0.0000,100.0000,0.0000,91.8093,0.0000,0.0000,0.0000,0.0000,0.0000,0.0000,0.0000,0.0000,0.0000,0.0000,0.0000,0.0000,0.0000,100.0000,0.0000,0.0000,0.0000,0.0000,0.0000,0.0000
70.6500,0.0000,0.0000,100.0000,0.0000,96.1907,0.0000,0.0000,0.0000,0.0000,0.0000,0.0000,0.0000,0.0000,0.0000,0.0000,0.0000,0.0000,0.0000,100.0000,0.0000,0.0000,0.0000,0.0000,0.0000,0.0000
70.7000,0.0000,0.0000,100.0000,0.0000,99.3050,0.0000,0.0000,0.0000,0.0000,0.0000,0.0000,0.0000,0.0000,0.0000,0.0000,0.0000,0.0000,0.0000,100.0000,0.0000,0.0000,0.0000,0.0000,0.0000,0.0000
70.7500,0.0000,0.0000,100.0000,0.0000,100.0000,0.0000,0.0000,0.0000,0.0000,0.0000,0.0000,0.0000,0.0000,0.0000,0.0000,0.0000,0.0000,0.0000,100.0000,0.0000,0.0000,0.0000,0.0000,0.0000,0.0000
70.8000,0.0000,0.0000,100.0000,0.0000,100.0000,0.0000,0.0000,0.0000,0.0000,0.0000,0.0000,0.0000,0.0000,0.0000,0.0000,0.0000,0.0000,0.0000,100.0000,0.0000,0.0000,0.0000,0.0000,0.0000,0.0000
70.8500,0.0000,0.0000,100.0000,0.0000,100.0000,0.0000,0.0000,0.0000,0.0000,0.0000,0.0000,0.0000,0.0000,0.0000,0.0000,0.0000,0.0000,0.0000,100.0000,0.0000,0.0000,0.0000,0.0000,0.0000,0.0000
70.9000,0.0000,0.0000,100.0000,0.0000,100.0000,0.0000,0.0000,0.0000,0.0000,0.0000,0.0000,0.0000,0.0000,0.0000,0.0000,0.0000,0.0000,0.0000,100.0000,0.0000,0.0000,0.0000,0.0000,0.0000,0.0000
70.9500,0.0000,0.0000,100.0000,0.0000,100.0000,0.0000,0.0000,0.0000,0.0000,0.0000,0.0000,0.0000,0.0000,0.0000,0.0000,0.0000,0.0000,0.0000,100.0000,0.0000,0.0000,0.0000,0.0000,0.0000,0.0000
71.0000,0.0000,0.0000,100.0000,0.0000,100.0000,0.0000,0.0000,0.0000,0.0000,0.0000,0.0000,0.0000,0.0000,0.0000,0.0000,0.0000,0.0000,0.0000,100.0000,0.0000,0.0000,0.0000,0.0000,0.0000,0.0000
71.0500,0.0000,0.0000,97.0259,0.0000,94.2080,5.7920,0.0000,0.0000,0.0000,0.0000,0.0000,0.0000,0.0000,0.0000,0.0000,0.0000,0.0000,0.0000,99.3050,0.0000,0.0000,0.0000,0.0000,0.0000,0.0000
71.1000,0.0000,0.0000,83.7000,0.0000,68.2560,31.7440,0.0000,0.0000,0.0000,0.0000,0.0000,0.0000,0.0000,0.0000,0.0000,0.0000,0.0000,0.0000,96.1907,0.0000,0.0000,0.0000,0.0000,0.0000,0.0000
71.1500,0.0000,0.0000,64.9518,0.0000,31.7440,68.2560,0.0000,0.0000,0.0000,0.0000,0.0000,0.0000,0.0000,0.0000,0.0000,0.0000,0.0000,0.0000,91.8093,0.0000,0.0000,0.0000,0.0000,0.0000,0.0000
71.2000,0.0000,0.0000,51.6259,0.0000,5.7920,94.2080,0.0000,0.0000,0.0000,0.0000,0.0000,0.0000,0.0000,0.0000,0.0000,0.0000,0.0000,0.0000,88.6950,0.0000,0.0000,0.0000,0.0000,0.0000,0.0000
71.2500,0.0000,0.0000,48.6518,0.0000,0.0000,100.0000,0.0000,0.0000,0.0000,0.0000,0.0000,0.0000,0.0000,0.0000,0.0000,0.0000,0.0000,0.0000,88.0000,0.0000,0.0000,0.0000,0.0000,0.0000,0.0000
71.3000,0.0000,0.0000,48.6518,0.0000,0.0000,100.0000,0.0000,0.0000,0.0000,0.0000,0.0000,0.0000,0.0000,0.0000,0.0000,0.0000,0.0000,0.0000,88.0000,0.0000,0.0000,0.0000,0.0000,0.0000,0.0000
71.3500,0.0000,0.0000,48.6518,0.0000,0.0000,100.0000,0.0000,0.0000,0.0000,0.0000,0.0000,0.0000,0.0000,0.0000,0.0000,0.0000,0.0000,0.0000,88.0000,0.0000,0.0000,0.0000,0.0000,0.0000,0.0000
71.4000,0.0000,0.0000,48.6518,0.0000,0.0000,100.0000,0.0000,0.0000,0.0000,0.0000,0.0000,0.0000,0.0000,0.0000,0.0000,0.0000,0.0000,0.0000,88.0000,0.0000,0.0000,0.0000,0.0000,0.0000,0.0000
71.4500,0.0000,0.0000,48.6518,0.0000,0.0000,100.0000,0.0000,0.0000,0.0000,0.0000,0.0000,0.0000,0.0000,0.0000,0.0000,0.0000,0.0000,0.0000,88.0000,0.0000,0.0000,0.0000,0.0000,0.0000,0.0000
71.5000,0.0000,0.0000,48.6518,0.0000,0.0000,100.0000,0.0000,0.0000,0.0000,0.0000,0.0000,0.0000,0.0000,0.0000,0.0000,0.0000,0.0000,0.0000,88.0000,0.0000,0.0000,0.0000,0.0000,0.0000,0.0000
71.5500,0.0000,0.0000,45.8339,0.0000,0.0000,100.0000,0.0000,0.0000,0.0000,0.0000,0.0000,0.0000,0.0000,0.0000,0.0000,5.0970,0.0000,0.0000,88.3475,0.0000,0.0000,0.0000,0.0000,0.0000,0.0000
71.6000,0.0000,0.0000,33.2078,0.0000,0.0000,100.0000,0.0000,0.0000,0.0000,0.0000,0.0000,0.0000,0.0000,0.0000,0.0000,27.9347,0.0000,0.0000,89.9046,0.0000,0.0000,0.0000,0.0000,0.0000,0.0000
71.6500,0.0000,0.0000,15.4440,0.0000,0.0000,100.0000,0.0000,0.0000,0.0000,0.0000,0.0000,0.0000,0.0000,0.0000,0.0000,60.0653,0.0000,0.0000,92.0954,0.0000,0.0000,0.0000,0.0000,0.0000,0.0000
71.7000,0.0000,0.0000,2.8179,0.0000,0.0000,100.0000,0.0000,0.0000,0.0000,0.0000,0.0000,0.0000,0.0000,0.0000,0.0000,82.9030,0.0000,0.0000,93.6525,0.0000,0.0000,0.0000,0.0000,0.0000,0.0000
71.7500,0.0000,0.0000,0.0000,0.0000,0.0000,100.0000,0.0000,0.0000,0.0000,0.0000,0.0000,0.0000,0.0000,0.0000,0.0000,88.0000,0.0000,0.0000,94.0000,0.0000,0.0000,0.0000,0.0000,0.0000,0.0000
71.8000,0.0000,0.0000,0.0000,0.0000,0.0000,100.0000,0.0000,0.0000,0.0000,0.0000,0.0000,0.0000,0.0000,0.0000,0.0000,88.0000,0.0000,0.0000,94.0000,0.0000,0.0000,0.0000,0.0000,0.0000,0.0000
71.8500,0.0000,0.0000,0.0000,0.0000,0.0000,100.0000,0.0000,0.0000,0.0000,0.0000,0.0000,0.0000,0.0000,0.0000,0.0000,88.0000,0.0000,0.0000,94.0000,0.0000,0.0000,0.0000,0.0000,0.0000,0.0000
71.9000,0.0000,0.0000,0.0000,0.0000,0.0000,100.0000,0.0000,0.0000,0.0000,0.0000,0.0000,0.0000,0.0000,0.0000,0.0000,88.0000,0.0000,0.0000,94.0000,0.0000,0.0000,0.0000,0.0000,0.0000,0.0000
71.9500,0.0000,0.0000,0.0000,0.0000,0.0000,100.0000,0.0000,0.0000,0.0000,0.0000,0.0000,0.0000,0.0000,0.0000,0.0000,88.0000,0.0000,0.0000,94.0000,0.0000,0.0000,0.0000,0.0000,0.0000,0.0000
72.0000,0.0000,0.0000,0.0000,0.0000,0.0000,100.0000,0.0000,0.0000,0.0000,0.0000,0.0000,0.0000,0.0000,0.0000,0.0000,88.0000,0.0000,0.0000,94.0000,0.0000,0.0000,0.0000,0.0000,0.0000,0.0000
72.0500,0.0000,0.0000,0.0000,0.0000,0.0000,96.1156,0.0000,0.0000,0.0000,0.0000,0.0000,0.0000,0.0000,0.0000,0.0000,84.1912,0.0000,0.0000,88.5555,0.0000,0.0000,0.0000,0.0000,0.0000,5.7920
72.1000,0.0000,0.0000,0.0000,0.0000,0.0000,78.7109,0.0000,0.0000,0.0000,0.0000,0.0000,0.0000,0.0000,0.0000,0.0000,67.1251,0.0000,0.0000,64.1606,0.0000,0.0000,0.0000,0.0000,0.0000,31.7440
72.1500,0.0000,0.0000,0.0000,0.0000,0.0000,54.2241,0.0000,0.0000,0.0000,0.0000,0.0000,0.0000,0.0000,0.0000,0.0000,43.1148,0.0000,0.0000,29.8394,0.0000,0.0000,0.0000,0.0000,0.0000,68.2560
72.2000,0.0000,0.0000,0.0000,0.0000,0.0000,36.8193,0.0000,0.0000,0.0000,0.0000,0.0000,0.0000,0.0000,0.0000,0.0000,26.0488,0.0000,0.0000,5.4445,0.0000,0.0000,0.0000,0.0000,0.0000,94.2080
72.2500,0.0000,0.0000,0.0000,0.0000,0.0000,32.9349,0.0000,0.0000,0.0000,0.0000,0.0000,0.0000,0.0000,0.0000,0.0000,22.2400,0.0000,0.0000,0.0000,0.0000,0.0000,0.0000,0.0000,0.0000,100.0000
72.3000,0.0000,0.0000,0.0000,0.0000,0.0000,32.9349,0.0000,0.0000,0.0000,0.0000,0.0000,0.0000,0.0000,0.0000,0.0000,22.2400,0.0000,0.0000,0.0000,0.0000,0.0000,0.0000,0.0000,0.0000,100.0000
72.3500,0.0000,0.0000,0.0000,0.0000,0.0000,32.9349,0.0000,0.0000,0.0000,0.0000,0.0000,0.0000,0.0000,0.0000,0.0000,22.2400,0.0000,0.0000,0.0000,0.0000,0.0000,0.0000,0.0000,0.0000,100.0000
72.4000,0.0000,0.0000,0.0000,0.0000,0.0000,32.9349,0.0000,0.0000,0.0000,0.0000,0.0000,0.0000,0.0000,0.0000,0.0000,22.2400,0.0000,0.0000,0.0000,0.0000,0.0000,0.0000,0.0000,0.0000,100.0000
72.4500,0.0000,0.0000,0.0000,0.0000,0.0000,32.9349,0.0000,0.0000,0.0000,0.0000,0.0000,0.0000,0.0000,0.0000,0.0000,22.2400,0.0000,0.0000,0.0000,0.0000,0.0000,0.0000,0.0000,0.0000,100.0000
72.5000,0.0000,0.0000,0.0000,0.0000,0.0000,32.9349,0.0000,0.0000,0.0000,0.0000,0.0000,0.0000,0.0000,0.0000,0.0000,22.2400,0.0000,0.0000,0.0000,0.0000,0.0000,0.0000,0.0000,0.0000,100.0000
72.5500,0.0000,0.0000,0.0000,0.0000,0.0000,32.5874,0.0000,0.0000,0.0000,0.0000,0.0000,0.0000,0.0000,0.0000,0.0000,22.5875,0.0000,0.0000,0.0000,0.0000,0.0000,0.0000,0.0000,0.0000,100.0000
72.6000,0.0000,0.0000,0.0000,0.0000,0.0000,31.0303,0.0000,0.0000,0.0000,0.0000,0.0000,0.0000,0.0000,0.0000,0.0000,24.1446,0.0000,0.0000,0.0000,0.0000,0.0000,0.0000,0.0000,0.0000,100.0000
72.6500,0.0000,0.0000,0.0000,0.0000,0.0000,28.8396,0.0000,0.0000,0.0000,0.0000,0.0000,0.0000,0.0000,0.0000,0.0000,26.3353,0.0000,0.0000,0.0000,0.0000,0.0000,0.0000,0.0000,0.0000,100.0000
72.7000,0.0000,0.0000,0.0000,0.0000,0.0000,27.2824,0.0000,0.0000,0.0000,0.0000,0.0000,0.0000,0.0000,0.0000,0.0000,27.8924,0.0000,0.0000,0.0000,0.0000,0.0000,0.0000,0.0000,0.0000,100.0000
72.7500,0.0000,0.0000,0.0000,0.0000,0.0000,26.9349,0.0000,0.0000,0.0000,0.0000,0.0000,0.0000,0.0000,0.0000,0.0000,28.2400,0.0000,0.0000,0.0000,0.0000,0.0000,0.0000,0.0000,0.0000,100.0000
72.8000,0.0000,0.0000,0.0000,0.0000,0.0000,26.9349,0.0000,0.0000,0.0000,0.0000,0.0000,0.0000,0.0000,0.0000,0.0000,28.2400,0.0000,0.0000,0.0000,0.0000,0.0000,0.0000,0.0000,0.0000,100.0000
72.8500,0.0000,0.0000,0.0000,0.0000,0.0000,26.9349,0.0000,0.0000,0.0000,0.0000,0.0000,0.0000,0.0000,0.0000,0.0000,28.2400,0.0000,0.0000,0.0000,0.0000,0.0000,0.0000,0.0000,0.0000,100.0000
72.9000,0.0000,0.0000,0.0000,0.0000,0.0000,26.9349,0.0000,0.0000,0.0000,0.0000,0.0000,0.0000,0.0000,0.0000,0.0000,28.2400,0.0000,0.0000,0.0000,0.0000,0.0000,0.0000,0.0000,0.0000,100.0000
72.9500,0.0000,0.0000,0.0000,0.0000,0.0000,26.9349,0.0000,0.0000,0.0000,0.0000,0.0000,0.0000,0.0000,0.0000,0.0000,28.2400,0.0000,0.0000,0.0000,0.0000,0.0000,0.0000,0.0000,0.0000,100.0000
73.0000,0.0000,0.0000,0.0000,0.0000,0.0000,26.9349,0.0000,0.0000,0.0000,0.0000,0.0000,0.0000,0.0000,0.0000,0.0000,28.2400,0.0000,0.0000,0.0000,0.0000,0.0000,0.0000,0.0000,0.0000,100.0000
73.0500,0.0000,0.0000,0.0000,0.0000,0.0000,30.4718,0.0000,0.0000,0.0000,0.0000,0.0000,0.0000,0.0000,0.0000,0.0000,27.7436,0.0000,0.0000,0.0000,0.0000,0.0000,0.0000,0.0000,0.0000,99.0510
73.1000,0.0000,0.0000,0.0000,0.0000,0.0000,46.3194,0.0000,0.0000,0.0000,0.0000,0.0000,0.0000,0.0000,0.0000,0.0000,25.5195,0.0000,0.0000,0.0000,0.0000,0.0000,0.0000,0.0000,0.0000,94.7988
73.1500,0.0000,0.0000,0.0000,0.0000,0.0000,68.6155,0.0000,0.0000,0.0000,0.0000,0.0000,0.0000,0.0000,0.0000,0.0000,22.3904,0.0000,0.0000,0.0000,0.0000,0.0000,0.0000,0.0000,0.0000,88.8164
73.2000,0.0000,0.0000,0.0000,0.0000,0.0000,84.4631,0.0000,0.0000,0.0000,0.0000,0.0000,0.0000,0.0000,0.0000,0.0000,20.1662,0.0000,0.0000,0.0000,0.0000,0.0000,0.0000,0.0000,0.0000,84.5642
73.2500,0.0000,0.0000,0.0000,0.0000,0.0000,88.0000,0.0000,0.0000,0.0000,0.0000,0.0000,0.0000,0.0000,0.0000,0.0000,19.6699,0.0000,0.0000,0.0000,0.0000,0.0000,0.0000,0.0000,0.0000,83.6152
73.3000,0.0000,0.0000,0.0000,0.0000,0.0000,88.0000,0.0000,0.0000,0.0000,0.0000,0.0000,0.0000,0.0000,0.0000,0.0000,19.6699,0.0000,0.0000,0.0000,0.0000,0.0000,0.0000,0.0000,0.0000,83.6152
73.3500,0.0000,0.0000,0.0000,0.0000,0.0000,88.0000,0.0000,0.0000,0.0000,0.0000,0.0000,0.0000,0.0000,0.0000,0.0000,19.6699,0.0000,0.0000,0.0000,0.0000,0.0000,0.0000,0.0000,0.0000,83.6152
73.4000,0.0000,0.0000,0.0000,0.0000,0.0000,88.0000,0.0000,0.0000,0.0000,0.0000,0.0000,0.0000,0.0000,0.0000,0.0000,19.6699,0.0000,0.0000,0.0000,0.0000,0.0000,0.0000,0.0000,0.0000,83.6152
73.4500,0.0000,0.0000,0.0000,0.0000,0.0000,88.0000,0.0000,0.0000,0.0000,0.0000,0.0000,0.0000,0.0000,0.0000,0.0000,19.6699,0.0000,0.0000,0.0000,0.0000,0.0000,0.0000,0.0000,0.0000,83.6152
73.5000,0.0000,0.0000,0.0000,0.0000,0.0000,88.0000,0.0000,0.0000,0.0000,0.0000,0.0000,0.0000,0.0000,0.0000,0.0000,19.6699,0.0000,0.0000,0.0000,0.0000,0.0000,0.0000,0.0000,0.0000,83.6152
73.5500,0.0000,0.0000,0.0000,0.0000,0.0000,88.0000,0.0000,0.0000,5.0970,0.0000,0.0000,0.0000,0.0000,0.0000,0.0000,18.5306,0.0000,0.0000,0.0000,0.0000,0.0000,0.0000,0.0000,0.0000,83.6152
73.6000,0.0000,0.0000,0.0000,0.0000,0.0000,88.0000,0.0000,0.0000,27.9347,0.0000,0.0000,0.0000,0.0000,0.0000,0.0000,13.4259,0.0000,0.0000,0.0000,0.0000,0.0000,0.0000,0.0000,0.0000,83.6152
73.6500,0.0000,0.0000,0.0000,0.0000,0.0000,88.0000,0.0000,0.0000,60.0653,0.0000,0.0000,0.0000,0.0000,0.0000,0.0000,6.2440,0.0000,0.0000,0.0000,0.0000,0.0000,0.0000,0.0000,0.0000,83.6152
73.7000,0.0000,0.0000,0.0000,0.0000,0.0000,88.0000,0.0000,0.0000,82.9030,0.0000,0.0000,0.0000,0.0000,0.0000,0.0000,1.1393,0.0000,0.0000,0.0000,0.0000,0.0000,0.0000,0.0000,0.0000,83.6152
73.7500,0.0000,0.0000,0.0000,0.0000,0.0000,88.0000,0.0000,0.0000,88.0000,0.0000,0.0000,0.0000,0.0000,0.0000,0.0000,0.0000,0.0000,0.0000,0.0000,0.0000,0.0000,0.0000,0.0000,0.0000,83.6152
73.8000,0.0000,0.0000,0.0000,0.0000,0.0000,88.0000,0.0000,0.0000,88.0000,0.0000,0.0000,0.0000,0.0000,0.0000,0.0000,0.0000,0.0000,0.0000,0.0000,0.0000,0.0000,0.0000,0.0000,0.0000,83.6152
73.8500,0.0000,0.0000,0.0000,0.0000,0.0000,88.0000,0.0000,0.0000,88.0000,0.0000,0.0000,0.0000,0.0000,0.0000,0.0000,0.0000,0.0000,0.0000,0.0000,0.0000,0.0000,0.0000,0.0000,0.0000,83.6152
73.9000,0.0000,0.0000,0.0000,0.0000,0.0000,88.0000,0.0000,0.0000,88.0000,0.0000,0.0000,0.0000,0.0000,0.0000,0.0000,0.0000,0.0000,0.0000,0.0000,0.0000,0.0000,0.0000,0.0000,0.0000,83.6152
73.9500,0.0000,0.0000,0.0000,0.0000,0.0000,88.0000,0.0000,0.0000,88.0000,0.0000,0.0000,0.0000,0.0000,0.0000,0.0000,0.0000,0.0000,0.0000,0.0000,0.0000,0.0000,0.0000,0.0000,0.0000,83.6152
74.0000,0.0000,0.0000,0.0000,0.0000,0.0000,88.0000,0.0000,0.0000,88.0000,0.0000,0.0000,0.0000,0.0000,0.0000,0.0000,0.0000,0.0000,0.0000,0.0000,0.0000,0.0000,0.0000,0.0000,0.0000,83.6152
74.0500,0.0000,0.0000,0.0000,0.0000,0.0000,82.9030,0.0000,0.0000,88.0000,5.4445,0.0000,0.0000,0.0000,0.0000,0.0000,0.0000,0.0000,0.0000,5.4445,0.0000,0.0000,0.0000,0.0000,0.0000,78.7722
74.1000,0.0000,0.0000,0.0000,0.0000,0.0000,60.0653,0.0000,0.0000,88.0000,29.8394,0.0000,0.0000,0.0000,0.0000,0.0000,0.0000,0.0000,0.0000,29.8394,0.0000,0.0000,0.0000,0.0000,0.0000,57.0724
74.1500,0.0000,0.0000,0.0000,0.0000,0.0000,27.9347,0.0000,0.0000,88.0000,64.1606,0.0000,0.0000,0.0000,0.0000,0.0000,0.0000,0.0000,0.0000,64.1606,0.0000,0.0000,0.0000,0.0000,0.0000,26.5428
74.2000,0.0000,0.0000,0.0000,0.0000,0.0000,5.0970,0.0000,0.0000,88.0000,88.5555,0.0000,0.0000,0.0000,0.0000,0.0000,0.0000,0.0000,0.0000,88.5555,0.0000,0.0000,0.0000,0.0000,0.0000,4.8430
74.2500,0.0000,0.0000,0.0000,0.0000,0.0000,0.0000,0.0000,0.0000,88.0000,94.0000,0.0000,0.0000,0.0000,0.0000,0.0000,0.0000,0.0000,0.0000,94.0000,0.0000,0.0000,0.0000,0.0000,0.0000,0.0000
74.3000,0.0000,0.0000,0.0000,0.0000,0.0000,0.0000,0.0000,0.0000,88.0000,94.0000,0.0000,0.0000,0.0000,0.0000,0.0000,0.0000,0.0000,0.0000,94.0000,0.0000,0.0000,0.0000,0.0000,0.0000,0.0000
74.3500,0.0000,0.0000,0.0000,0.0000,0.0000,0.0000,0.0000,0.0000,88.0000,94.0000,0.0000,0.0000,0.0000,0.0000,0.0000,0.0000,0.0000,0.0000,94.0000,0.0000,0.0000,0.0000,0.0000,0.0000,0.0000
74.4000,0.0000,0.0000,0.0000,0.0000,0.0000,0.0000,0.0000,0.0000,88.0000,94.0000,0.0000,0.0000,0.0000,0.0000,0.0000,0.0000,0.0000,0.0000,94.0000,0.0000,0.0000,0.0000,0.0000,0.0000,0.0000
74.4500,0.0000,0.0000,0.0000,0.0000,0.0000,0.0000,0.0000,0.0000,88.0000,94.0000,0.0000,0.0000,0.0000,0.0000,0.0000,0.0000,0.0000,0.0000,94.0000,0.0000,0.0000,0.0000,0.0000,0.0000,0.0000
74.5000,0.0000,0.0000,0.0000,0.0000,0.0000,0.0000,0.0000,0.0000,88.0000,94.0000,0.0000,0.0000,0.0000,0.0000,0.0000,0.0000,0.0000,0.0000,94.0000,0.0000,0.0000,0.0000,0.0000,0.0000,0.0000
74.5500,0.0000,0.0000,0.0000,0.0000,0.0000,0.0000,0.0000,0.0000,87.3050,93.3050,0.0000,0.0000,0.0000,0.0000,0.0000,0.0000,0.0000,0.0000,94.3475,0.0000,0.0000,0.0000,0.0000,0.0000,0.0000
74.6000,0.0000,0.0000,0.0000,0.0000,0.0000,0.0000,0.0000,0.0000,84.1907,90.1907,0.0000,0.0000,0.0000,0.0000,0.0000,0.0000,0.0000,0.0000,95.9046,0.0000,0.0000,0.0000,0.0000,0.0000,0.0000
74.6500,0.0000,0.0000,0.0000,0.0000,0.0000,0.0000,0.0000,0.0000,79.8093,85.8093,0.0000,0.0000,0.0000,0.0000,0.0000,0.0000,0.0000,0.0000,98.0954,0.0000,0.0000,0.0000,0.0000,0.0000,0.0000
74.7000,0.0000,0.0000,0.0000,0.0000,0.0000,0.0000,0.0000,0.0000,76.6950,82.6950,0.0000,0.0000,0.0000,0.0000,0.0000,0.0000,0.0000,0.0000,99.6525,0.0000,0.0000,0.0000,0.0000,0.0000,0.0000
74.7500,0.0000,0.0000,0.0000,0.0000,0.0000,0.0000,0.0000,0.0000,76.0000,82.0000,0.0000,0.0000,0.0000,0.0000,0.0000,0.0000,0.0000,0.0000,100.0000,0.0000,0.0000,0.0000,0.0000,0.0000,0.0000
74.8000,0.0000,0.0000,0.0000,0.0000,0.0000,0.0000,0.0000,0.0000,76.0000,82.0000,0.0000,0.0000,0.0000,0.0000,0.0000,0.0000,0.0000,0.0000,100.0000,0.0000,0.0000,0.0000,0.0000,0.0000,0.0000
74.8500,0.0000,0.0000,0.0000,0.0000,0.0000,0.0000,0.0000,0.0000,76.0000,82.0000,0.0000,0.0000,0.0000,0.0000,0.0000,0.0000,0.0000,0.0000,100.0000,0.0000,0.0000,0.0000,0.0000,0.0000,0.0000
74.9000,0.0000,0.0000,0.0000,0.0000,0.0000,0.0000,0.0000,0.0000,76.0000,82.0000,0.0000,0.0000,0.0000,0.0000,0.0000,0.0000,0.0000,0.0000,100.0000,0.0000,0.0000,0.0000,0.0000,0.0000,0.0000
74.9500,0.0000,0.0000,0.0000,0.0000,0.0000,0.0000,0.0000,0.0000,76.0000,82.0000,0.0000,0.0000,0.0000,0.0000,0.0000,0.0000,0.0000,0.0000,100.0000,0.0000,0.0000,0.0000,0.0000,0.0000,0.0000
75.0000,0.0000,0.0000,0.0000,0.0000,0.0000,0.0000,0.0000,0.0000,76.0000,82.0000,0.0000,0.0000,0.0000,0.0000,0.0000,0.0000,0.0000,0.0000,100.0000,0.0000,0.0000,0.0000,0.0000,0.0000,0.0000
75.0500,0.0000,0.0000,0.0000,0.0000,0.0000,0.0000,0.0000,0.0000,75.6525,83.0426,0.0000,0.0000,0.0000,0.0000,0.0000,0.0000,0.0000,0.0000,99.6525,0.0000,0.0000,0.0000,0.0000,0.0000,0.0000
75.1000,0.0000,0.0000,0.0000,0.0000,0.0000,0.0000,0.0000,0.0000,74.0954,87.7139,0.0000,0.0000,0.0000,0.0000,0.0000,0.0000,0.0000,0.0000,98.0954,0.0000,0.0000,0.0000,0.0000,0.0000,0.0000
75.1500,0.0000,0.0000,0.0000,0.0000,0.0000,0.0000,0.0000,0.0000,71.9046,94.2861,0.0000,0.0000,0.0000,0.0000,0.0000,0.0000,0.0000,0.0000,95.9046,0.0000,0.0000,0.0000,0.0000,0.0000,0.0000
75.2000,0.0000,0.0000,0.0000,0.0000,0.0000,0.0000,0.0000,0.0000,70.3475,98.9574,0.0000,0.0000,0.0000,0.0000,0.0000,0.0000,0.0000,0.0000,94.3475,0.0000,0.0000,0.0000,0.0000,0.0000,0.0000
75.2500,0.0000,0.0000,0.0000,0.0000,0.0000,0.0000,0.0000,0.0000,70.0000,100.0000,0.0000,0.0000,0.0000,0.0000,0.0000,0.0000,0.0000,0.0000,94.0000,0.0000,0.0000,0.0000,0.0000,0.0000,0.0000
75.3000,0.0000,0.0000,0.0000,0.0000,0.0000,0.0000,0.0000,0.0000,70.0000,100.0000,0.0000,0.0000,0.0000,0.0000,0.0000,0.0000,0.0000,0.0000,94.0000,0.0000,0.0000,0.0000,0.0000,0.0000,0.0000
75.3500,0.0000,0.0000,0.0000,0.0000,0.0000,0.0000,0.0000,0.0000,70.0000,100.0000,0.0000,0.0000,0.0000,0.0000,0.0000,0.0000,0.0000,0.0000,94.0000,0.0000,0.0000,0.0000,0.0000,0.0000,0.0000
75.4000,0.0000,0.0000,0.0000,0.0000,0.0000,0.0000,0.0000,0.0000,70.0000,100.0000,0.0000,0.0000,0.0000,0.0000,0.0000,0.0000,0.0000,0.0000,94.0000,0.0000,0.0000,0.0000,0.0000,0.0000,0.0000
75.4500,0.0000,0.0000,0.0000,0.0000,0.0000,0.0000,0.0000,0.0000,70.0000,100.0000,0.0000,0.0000,0.0000,0.0000,0.0000,0.0000,0.0000,0.0000,94.0000,0.0000,0.0000,0.0000,0.0000,0.0000,0.0000
75.5000,0.0000,0.0000,0.0000,0.0000,0.0000,0.0000,0.0000,0.0000,70.0000,100.0000,0.0000,0.0000,0.0000,0.0000,0.0000,0.0000,0.0000,0.0000,94.0000,0.0000,0.0000,0.0000,0.0000,0.0000,0.0000
75.5500,0.0000,0.0000,0.0000,0.0000,0.0000,0.0000,4.7494,0.0000,65.9456,99.3050,0.0000,0.0000,0.0000,0.0000,0.0000,0.0000,0.0000,0.0000,90.6517,0.0000,0.0000,0.0000,0.0000,0.0000,0.0000
75.6000,0.0000,0.0000,0.0000,0.0000,0.0000,0.0000,26.0301,0.0000,47.7792,96.1907,0.0000,0.0000,0.0000,0.0000,0.0000,0.0000,0.0000,0.0000,75.6492,0.0000,0.0000,0.0000,0.0000,0.0000,0.0000
75.6500,0.0000,0.0000,0.0000,0.0000,0.0000,0.0000,55.9699,0.0000,22.2208,91.8093,0.0000,0.0000,0.0000,0.0000,0.0000,0.0000,0.0000,0.0000,54.5421,0.0000,0.0000,0.0000,0.0000,0.0000,0.0000
75.7000,0.0000,0.0000,0.0000,0.0000,0.0000,0.0000,77.2506,0.0000,4.0544,88.6950,0.0000,0.0000,0.0000,0.0000,0.0000,0.0000,0.0000,0.0000,39.5396,0.0000,0.0000,0.0000,0.0000,0.0000,0.0000
75.7500,0.0000,0.0000,0.0000,0.0000,0.0000,0.0000,82.0000,0.0000,0.0000,88.0000,0.0000,0.0000,0.0000,0.0000,0.0000,0.0000,0.0000,0.0000,36.1913,0.0000,0.0000,0.0000,0.0000,0.0000,0.0000
75.8000,0.0000,0.0000,0.0000,0.0000,0.0000,0.0000,82.0000,0.0000,0.0000,88.0000,0.0000,0.0000,0.0000,0.0000,0.0000,0.0000,0.0000,0.0000,36.1913,0.0000,0.0000,0.0000,0.0000,0.0000,0.0000
75.8500,0.0000,0.0000,0.0000,0.0000,0.0000,0.0000,82.0000,0.0000,0.0000,88.0000,0.0000,0.0000,0.0000,0.0000,0.0000,0.0000,0.0000,0.0000,36.1913,0.0000,0.0000,0.0000,0.0000,0.0000,0.0000
75.9000,0.0000,0.0000,0.0000,0.0000,0.0000,0.0000,82.0000,0.0000,0.0000,88.0000,0.0000,0.0000,0.0000,0.0000,0.0000,0.0000,0.0000,0.0000,36.1913,0.0000,0.0000,0.0000,0.0000,0.0000,0.0000
75.9500,0.0000,0.0000,0.0000,0.0000,0.0000,0.0000,82.0000,0.0000,0.0000,88.0000,0.0000,0.0000,0.0000,0.0000,0.0000,0.0000,0.0000,0.0000,36.1913,0.0000,0.0000,0.0000,0.0000,0.0000,0.0000
76.0000,0.0000,0.0000,0.0000,0.0000,0.0000,0.0000,82.0000,0.0000,0.0000,88.0000,0.0000,0.0000,0.0000,0.0000,0.0000,0.0000,0.0000,0.0000,36.1913,0.0000,0.0000,0.0000,0.0000,0.0000,0.0000
76.0500,0.0000,0.0000,0.0000,0.0000,0.0000,0.0000,80.3032,0.0000,0.0000,82.9030,0.0000,0.0000,0.0000,0.0000,0.0000,0.0000,0.0000,0.0000,34.0951,0.0000,0.0000,5.7920,5.7920,0.0000,0.0000
76.1000,0.0000,0.0000,0.0000,0.0000,0.0000,0.0000,72.7002,0.0000,0.0000,60.0653,0.0000,0.0000,0.0000,0.0000,0.0000,0.0000,0.0000,0.0000,24.7027,0.0000,0.0000,31.7440,31.7440,0.0000,0.0000
76.1500,0.0000,0.0000,0.0000,0.0000,0.0000,0.0000,62.0036,0.0000,0.0000,27.9347,0.0000,0.0000,0.0000,0.0000,0.0000,0.0000,0.0000,0.0000,11.4886,0.0000,0.0000,68.2560,68.2560,0.0000,0.0000
76.2000,0.0000,0.0000,0.0000,0.0000,0.0000,0.0000,54.4006,0.0000,0.0000,5.0970,0.0000,0.0000,0.0000,0.0000,0.0000,0.0000,0.0000,0.0000,2.0962,0.0000,0.0000,94.2080,94.2080,0.0000,0.0000
76.2500,0.0000,0.0000,0.0000,0.0000,0.0000,0.0000,52.7038,0.0000,0.0000,0.0000,0.0000,0.0000,0.0000,0.0000,0.0000,0.0000,0.0000,0.0000,0.0000,0.0000,0.0000,100.0000,100.0000,0.0000,0.0000
76.3000,0.0000,0.0000,0.0000,0.0000,0.0000,0.0000,52.7038,0.0000,0.0000,0.0000,0.0000,0.0000,0.0000,0.0000,0.0000,0.0000,0.0000,0.0000,0.0000,0.0000,0.0000,100.0000,100.0000,0.0000,0.0000
76.3500,0.0000,0.0000,0.0000,0.0000,0.0000,0.0000,52.7038,0.0000,0.0000,0.0000,0.0000,0.0000,0.0000,0.0000,0.0000,0.0000,0.0000,0.0000,0.0000,0.0000,0.0000,100.0000,100.0000,0.0000,0.0000
76.4000,0.0000,0.0000,0.0000,0.0000,0.0000,0.0000,52.7038,0.0000,0.0000,0.0000,0.0000,0.0000,0.0000,0.0000,0.0000,0.0000,0.0000,0.0000,0.0000,0.0000,0.0000,100.0000,100.0000,0.0000,0.0000
76.4500,0.0000,0.0000,0.0000,0.0000,0.0000,0.0000,52.7038,0.0000,0.0000,0.0000,0.0000,0.0000,0.0000,0.0000,0.0000,0.0000,0.0000,0.0000,0.0000,0.0000,0.0000,100.0000,100.0000,0.0000,0.0000
76.5000,0.0000,0.0000,0.0000,0.0000,0.0000,0.0000,52.7038,0.0000,0.0000,0.0000,0.0000,0.0000,0.0000,0.0000,0.0000,0.0000,0.0000,0.0000,0.0000,0.0000,0.0000,100.0000,100.0000,0.0000,0.0000
76.5500,0.0000,0.0000,0.0000,0.0000,0.0000,0.0000,54.3688,0.0000,0.0000,0.0000,0.0000,0.0000,0.0000,0.0000,0.0000,0.0000,0.0000,0.0000,0.0000,0.0000,0.0000,99.3050,100.0000,0.0000,0.0000
76.6000,0.0000,0.0000,0.0000,0.0000,0.0000,0.0000,61.8295,0.0000,0.0000,0.0000,0.0000,0.0000,0.0000,0.0000,0.0000,0.0000,0.0000,0.0000,0.0000,0.0000,0.0000,96.1907,100.0000,0.0000,0.0000
76.6500,0.0000,0.0000,0.0000,0.0000,0.0000,0.0000,72.3259,0.0000,0.0000,0.0000,0.0000,0.0000,0.0000,0.0000,0.0000,0.0000,0.0000,0.0000,0.0000,0.0000,0.0000,91.8093,100.0000,0.0000,0.0000
76.7000,0.0000,0.0000,0.0000,0.0000,0.0000,0.0000,79.7865,0.0000,0.0000,0.0000,0.0000,0.0000,0.0000,0.0000,0.0000,0.0000,0.0000,0.0000,0.0000,0.0000,0.0000,88.6950,100.0000,0.0000,0.0000
76.7500,0.0000,0.0000,0.0000,0.0000,0.0000,0.0000,81.4515,0.0000,0.0000,0.0000,0.0000,0.0000,0.0000,0.0000,0.0000,0.0000,0.0000,0.0000,0.0000,0.0000,0.0000,88.0000,100.0000,0.0000,0.0000
76.8000,0.0000,0.0000,0.0000,0.0000,0.0000,0.0000,81.4515,0.0000,0.0000,0.0000,0.0000,0.0000,0.0000,0.0000,0.0000,0.0000,0.0000,0.0000,0.0000,0.0000,0.0000,88.0000,100.0000,0.0000,0.0000
76.8500,0.0000,0.0000,0.0000,0.0000,0.0000,0.0000,81.4515,0.0000,0.0000,0.0000,0.0000,0.0000,0.0000,0.0000,0.0000,0.0000,0.0000,0.0000,0.0000,0.0000,0.0000,88.0000,100.0000,0.0000,0.0000
76.9000,0.0000,0.0000,0.0000,0.0000,0.0000,0.0000,81.4515,0.0000,0.0000,0.0000,0.0000,0.0000,0.0000,0.0000,0.0000,0.0000,0.0000,0.0000,0.0000,0.0000,0.0000,88.0000,100.0000,0.0000,0.0000
76.9500,0.0000,0.0000,0.0000,0.0000,0.0000,0.0000,81.4515,0.0000,0.0000,0.0000,0.0000,0.0000,0.0000,0.0000,0.0000,0.0000,0.0000,0.0000,0.0000,0.0000,0.0000,88.0000,100.0000,0.0000,0.0000
77.0000,0.0000,0.0000,0.0000,0.0000,0.0000,0.0000,81.4515,0.0000,0.0000,0.0000,0.0000,0.0000,0.0000,0.0000,0.0000,0.0000,0.0000,0.0000,0.0000,0.0000,0.0000,88.0000,100.0000,0.0000,0.0000
77.0500,0.0000,0.0000,0.0000,0.0000,0.0000,0.0000,81.1040,0.0000,0.0000,0.0000,0.0000,0.0000,0.0000,0.0000,0.0000,0.0000,0.0000,0.0000,0.0000,0.0000,0.0000,88.3475,100.0000,0.0000,0.0000
77.1000,0.0000,0.0000,0.0000,0.0000,0.0000,0.0000,79.5469,0.0000,0.0000,0.0000,0.0000,0.0000,0.0000,0.0000,0.0000,0.0000,0.0000,0.0000,0.0000,0.0000,0.0000,89.9046,100.0000,0.0000,0.0000
77.1500,0.0000,0.0000,0.0000,0.0000,0.0000,0.0000,77.3562,0.0000,0.0000,0.0000,0.0000,0.0000,0.0000,0.0000,0.0000,0.0000,0.0000,0.0000,0.0000,0.0000,0.0000,92.0954,100.0000,0.0000,0.0000
77.2000,0.0000,0.0000,0.0000,0.0000,0.0000,0.0000,75.7991,0.0000,0.0000,0.0000,0.0000,0.0000,0.0000,0.0000,0.0000,0.0000,0.0000,0.0000,0.0000,0.0000,0.0000,93.6525,100.0000,0.0000,0.0000
77.2500,0.0000,0.0000,0.0000,0.0000,0.0000,0.0000,75.4515,0.0000,0.0000,0.0000,0.0000,0.0000,0.0000,0.0000,0.0000,0.0000,0.0000,0.0000,0.0000,0.0000,0.0000,94.0000,100.0000,0.0000,0.0000
77.3000,0.0000,0.0000,0.0000,0.0000,0.0000,0.0000,75.4515,0.0000,0.0000,0.0000,0.0000,0.0000,0.0000,0.0000,0.0000,0.0000,0.0000,0.0000,0.0000,0.0000,0.0000,94.0000,100.0000,0.0000,0.0000
77.3500,0.0000,0.0000,0.0000,0.0000,0.0000,0.0000,75.4515,0.0000,0.0000,0.0000,0.0000,0.0000,0.0000,0.0000,0.0000,0.0000,0.0000,0.0000,0.0000,0.0000,0.0000,94.0000,100.0000,0.0000,0.0000
77.4000,0.0000,0.0000,0.0000,0.0000,0.0000,0.0000,75.4515,0.0000,0.0000,0.0000,0.0000,0.0000,0.0000,0.0000,0.0000,0.0000,0.0000,0.0000,0.0000,0.0000,0.0000,94.0000,100.0000,0.0000,0.0000
77.4500,0.0000,0.0000,0.0000,0.0000,0.0000,0.0000,75.4515,0.0000,0.0000,0.0000,0.0000,0.0000,0.0000,0.0000,0.0000,0.0000,0.0000,0.0000,0.0000,0.0000,0.0000,94.0000,100.0000,0.0000,0.0000
77.5000,0.0000,0.0000,0.0000,0.0000,0.0000,0.0000,75.4515,0.0000,0.0000,0.0000,0.0000,0.0000,0.0000,0.0000,0.0000,0.0000,0.0000,0.0000,0.0000,0.0000,0.0000,94.0000,100.0000,0.0000,0.0000
77.5500,0.0000,0.0000,0.0000,0.0000,5.0970,0.0000,71.0814,0.0000,0.0000,0.0000,0.0000,0.0000,0.0000,0.0000,0.0000,0.0000,0.0000,0.0000,0.0000,0.0000,0.0000,94.3475,99.3050,0.0000,0.0000
77.6000,0.0000,0.0000,0.0000,0.0000,27.9347,0.0000,51.5002,0.0000,0.0000,0.0000,0.0000,0.0000,0.0000,0.0000,0.0000,0.0000,0.0000,0.0000,0.0000,0.0000,0.0000,95.9046,96.1907,0.0000,0.0000
77.6500,0.0000,0.0000,0.0000,0.0000,60.0653,0.0000,23.9513,0.0000,0.0000,0.0000,0.0000,0.0000,0.0000,0.0000,0.0000,0.0000,0.0000,0.0000,0.0000,0.0000,0.0000,98.0954,91.8093,0.0000,0.0000
77.7000,0.0000,0.0000,0.0000,0.0000,82.9030,0.0000,4.3702,0.0000,0.0000,0.0000,0.0000,0.0000,0.0000,0.0000,0.0000,0.0000,0.0000,0.0000,0.0000,0.0000,0.0000,99.6525,88.6950,0.0000,0.0000
77.7500,0.0000,0.0000,0.0000,0.0000,88.0000,0.0000,0.0000,0.0000,0.0000,0.0000,0.0000,0.0000,0.0000,0.0000,0.0000,0.0000,0.0000,0.0000,0.0000,0.0000,0.0000,100.0000,88.0000,0.0000,0.0000
77.8000,0.0000,0.0000,0.0000,0.0000,88.0000,0.0000,0.0000,0.0000,0.0000,0.0000,0.0000,0.0000,0.0000,0.0000,0.0000,0.0000,0.0000,0.0000,0.0000,0.0000,0.0000,100.0000,88.0000,0.0000,0.0000
77.8500,0.0000,0.0000,0.0000,0.0000,88.0000,0.0000,0.0000,0.0000,0.0000,0.0000,0.0000,0.0000,0.0000,0.0000,0.0000,0.0000,0.0000,0.0000,0.0000,0.0000,0.0000,100.0000,88.0000,0.0000,0.0000
77.9000,0.0000,0.0000,0.0000,0.0000,88.0000,0.0000,0.0000,0.0000,0.0000,0.0000,0.0000,0.0000,0.0000,0.0000,0.0000,0.0000,0.0000,0.0000,0.0000,0.0000,0.0000,100.0000,88.0000,0.0000,0.0000
77.9500,0.0000,0.0000,0.0000,0.0000,88.0000,0.0000,0.0000,0.0000,0.0000,0.0000,0.0000,0.0000,0.0000,0.0000,0.0000,0.0000,0.0000,0.0000,0.0000,0.0000,0.0000,100.0000,88.0000,0.0000,0.0000
78.0000,0.0000,0.0000,0.0000,0.0000,88.0000,0.0000,0.0000,0.0000,0.0000,0.0000,0.0000,0.0000,0.0000,0.0000,0.0000,0.0000,0.0000,0.0000,0.0000,0.0000,0.0000,100.0000,88.0000,0.0000,0.0000
78.0500,0.0000,0.0000,0.0000,0.0000,87.3050,0.0000,0.0000,0.0000,0.0000,0.0000,0.0000,0.0000,0.0000,0.0000,0.0000,0.0000,5.0970,0.0000,0.0000,0.0000,0.0000,100.0000,82.9030,0.0000,0.0000
78.1000,0.0000,0.0000,0.0000,0.0000,84.1907,0.0000,0.0000,0.0000,0.0000,0.0000,0.0000,0.0000,0.0000,0.0000,0.0000,0.0000,27.9347,0.0000,0.0000,0.0000,0.0000,100.0000,60.0653,0.0000,0.0000
78.1500,0.0000,0.0000,0.0000,0.0000,79.8093,0.0000,0.0000,0.0000,0.0000,0.0000,0.0000,0.0000,0.0000,0.0000,0.0000,0.0000,60.0653,0.0000,0.0000,0.0000,0.0000,100.0000,27.9347,0.0000,0.0000
78.2000,0.0000,0.0000,0.0000,0.0000,76.6950,0.0000,0.0000,0.0000,0.0000,0.0000,0.0000,0.0000,0.0000,0.0000,0.0000,0.0000,82.9030,0.0000,0.0000,0.0000,0.0000,100.0000,5.0970,0.0000,0.0000
78.2500,0.0000,0.0000,0.0000,0.0000,76.0000,0.0000,0.0000,0.0000,0.0000,0.0000,0.0000,0.0000,0.0000,0.0000,0.0000,0.0000,88.0000,0.0000,0.0000,0.0000,0.0000,100.0000,0.0000,0.0000,0.0000
78.3000,0.0000,0.0000,0.0000,0.0000,76.0000,0.0000,0.0000,0.0000,0.0000,0.0000,0.0000,0.0000,0.0000,0.0000,0.0000,0.0000,88.0000,0.0000,0.0000,0.0000,0.0000,100.0000,0.0000,0.0000,0.0000
78.3500,0.0000,0.0000,0.0000,0.0000,76.0000,0.0000,0.0000,0.0000,0.0000,0.0000,0.0000,0.0000,0.0000,0.0000,0.0000,0.0000,88.0000,0.0000,0.0000,0.0000,0.0000,100.0000,0.0000,0.0000,0.0000
78.4000,0.0000,0.0000,0.0000,0.0000,76.0000,0.0000,0.0000,0.0000,0.0000,0.0000,0.0000,0.0000,0.0000,0.0000,0.0000,0.0000,88.0000,0.0000,0.0000,0.0000,0.0000,100.0000,0.0000,0.0000,0.0000
78.4500,0.0000,0.0000,0.0000,0.0000,76.0000,0.0000,0.0000,0.0000,0.0000,0.0000,0.0000,0.0000,0.0000,0.0000,0.0000,0.0000,88.0000,0.0000,0.0000,0.0000,0.0000,100.0000,0.0000,0.0000,0.0000
78.5000,0.0000,0.0000,0.0000,0.0000,76.0000,0.0000,0.0000,0.0000,0.0000,0.0000,0.0000,0.0000,0.0000,0.0000,0.0000,0.0000,88.0000,0.0000,0.0000,0.0000,0.0000,100.0000,0.0000,0.0000,0.0000
78.5500,0.0000,0.0000,5.0970,0.0000,76.6950,0.0000,0.0000,0.0000,0.0000,0.0000,0.0000,0.0000,0.0000,0.0000,0.0000,0.0000,86.0571,0.0000,0.0000,0.0000,0.0000,94.2080,0.0000,0.0000,0.0000
78.6000,0.0000,0.0000,27.9347,0.0000,79.8093,0.0000,0.0000,0.0000,0.0000,0.0000,0.0000,0.0000,0.0000,0.0000,0.0000,0.0000,77.3516,0.0000,0.0000,0.0000,0.0000,68.2560,0.0000,0.0000,0.0000
78.6500,0.0000,0.0000,60.0653,0.0000,84.1907,0.0000,0.0000,0.0000,0.0000,0.0000,0.0000,0.0000,0.0000,0.0000,0.0000,0.0000,65.1037,0.0000,0.0000,0.0000,0.0000,31.7440,0.0000,0.0000,0.0000
78.7000,0.0000,0.0000,82.9030,0.0000,87.3050,0.0000,0.0000,0.0000,0.0000,0.0000,0.0000,0.0000,0.0000,0.0000,0.0000,0.0000,56.3982,0.0000,0.0000,0.0000,0.0000,5.7920,0.0000,0.0000,0.0000
78.7500,0.0000,0.0000,88.0000,0.0000,88.0000,0.0000,0.0000,0.0000,0.0000,0.0000,0.0000,0.0000,0.0000,0.0000,0.0000,0.0000,54.4552,0.0000,0.0000,0.0000,0.0000,0.0000,0.0000,0.0000,0.0000
78.8000,0.0000,0.0000,88.0000,0.0000,88.0000,0.0000,0.0000,0.0000,0.0000,0.0000,0.0000,0.0000,0.0000,0.0000,0.0000,0.0000,54.4552,0.0000,0.0000,0.0000,0.0000,0.0000,0.0000,0.0000,0.0000
78.8500,0.0000,0.0000,88.0000,0.0000,88.0000,0.0000,0.0000,0.0000,0.0000,0.0000,0.0000,0.0000,0.0000,0.0000,0.0000,0.0000,54.4552,0.0000,0.0000,0.0000,0.0000,0.0000,0.0000,0.0000,0.0000
78.9000,0.0000,0.0000,88.0000,0.0000,88.0000,0.0000,0.0000,0.0000,0.0000,0.0000,0.0000,0.0000,0.0000,0.0000,0.0000,0.0000,54.4552,0.0000,0.0000,0.0000,0.0000,0.0000,0.0000,0.0000,0.0000
78.9500,0.0000,0.0000,88.0000,0.0000,88.0000,0.0000,0.0000,0.0000,0.0000,0.0000,0.0000,0.0000,0.0000,0.0000,0.0000,0.0000,54.4552,0.0000,0.0000,0.0000,0.0000,0.0000,0.0000,0.0000,0.0000
79.0000,0.0000,0.0000,88.0000,0.0000,88.0000,0.0000,0.0000,0.0000,0.0000,0.0000,0.0000,0.0000,0.0000,0.0000,0.0000,0.0000,54.4552,0.0000,0.0000,0.0000,0.0000,0.0000,0.0000,0.0000,0.0000
79.0500,0.0000,0.0000,86.7439,0.0000,85.8672,0.0000,0.0000,0.0000,0.0000,0.0000,0.0000,0.0000,0.0000,0.0000,0.0000,0.0000,56.6595,0.0000,0.0000,0.0000,0.0000,0.0000,0.0000,0.0000,0.0000
79.1000,0.0000,0.0000,81.1155,0.0000,76.3110,0.0000,0.0000,0.0000,0.0000,0.0000,0.0000,0.0000,0.0000,0.0000,0.0000,0.0000,66.5363,0.0000,0.0000,0.0000,0.0000,0.0000,0.0000,0.0000,0.0000
79.1500,0.0000,0.0000,73.1970,0.0000,62.8662,0.0000,0.0000,0.0000,0.0000,0.0000,0.0000,0.0000,0.0000,0.0000,0.0000,0.0000,80.4319,0.0000,0.0000,0.0000,0.0000,0.0000,0.0000,0.0000,0.0000
79.2000,0.0000,0.0000,67.5686,0.0000,53.3100,0.0000,0.0000,0.0000,0.0000,0.0000,0.0000,0.0000,0.0000,0.0000,0.0000,0.0000,90.3086,0.0000,0.0000,0.0000,0.0000,0.0000,0.0000,0.0000,0.0000
79.2500,0.0000,0.0000,66.3125,0.0000,51.1772,0.0000,0.0000,0.0000,0.0000,0.0000,0.0000,0.0000,0.0000,0.0000,0.0000,0.0000,92.5129,0.0000,0.0000,0.0000,0.0000,0.0000,0.0000,0.0000,0.0000
79.3000,0.0000,0.0000,66.3125,0.0000,51.1772,0.0000,0.0000,0.0000,0.0000,0.0000,0.0000,0.0000,0.0000,0.0000,0.0000,0.0000,92.5129,0.0000,0.0000,0.0000,0.0000,0.0000,0.0000,0.0000,0.0000
79.3500,0.0000,0.0000,66.3125,0.0000,51.1772,0.0000,0.0000,0.0000,0.0000,0.0000,0.0000,0.0000,0.0000,0.0000,0.0000,0.0000,92.5129,0.0000,0.0000,0.0000,0.0000,0.0000,0.0000,0.0000,0.0000
79.4000,0.0000,0.0000,66.3125,0.0000,51.1772,0.0000,0.0000,0.0000,0.0000,0.0000,0.0000,0.0000,0.0000,0.0000,0.0000,0.0000,92.5129,0.0000,0.0000,0.0000,0.0000,0.0000,0.0000,0.0000,0.0000
79.4500,0.0000,0.0000,66.3125,0.0000,51.1772,0.0000,0.0000,0.0000,0.0000,0.0000,0.0000,0.0000,0.0000,0.0000,0.0000,0.0000,92.5129,0.0000,0.0000,0.0000,0.0000,0.0000,0.0000,0.0000,0.0000
79.5000,0.0000,0.0000,66.3125,0.0000,51.1772,0.0000,0.0000,0.0000,0.0000,0.0000,0.0000,0.0000,0.0000,0.0000,0.0000,0.0000,92.5129,0.0000,0.0000,0.0000,0.0000,0.0000,0.0000,0.0000,0.0000
79.5500,0.0000,0.0000,68.2636,0.0000,48.2130,0.0000,0.0000,0.0000,0.0000,0.0000,0.0000,5.7920,0.0000,0.0000,0.0000,0.0000,91.6441,0.0000,0.0000,0.0000,0.0000,0.0000,0.0000,0.0000,0.0000
79.6000,0.0000,0.0000,77.0062,0.0000,34.9315,0.0000,0.0000,0.0000,0.0000,0.0000,0.0000,31.7440,0.0000,0.0000,0.0000,0.0000,87.7513,0.0000,0.0000,0.0000,0.0000,0.0000,0.0000,0.0000,0.0000
79.6500,0.0000,0.0000,89.3062,0.0000,16.2457,0.0000,0.0000,0.0000,0.0000,0.0000,0.0000,68.2560,0.0000,0.0000,0.0000,0.0000,82.2745,0.0000,0.0000,0.0000,0.0000,0.0000,0.0000,0.0000,0.0000
79.7000,0.0000,0.0000,98.0488,0.0000,2.9642,0.0000,0.0000,0.0000,0.0000,0.0000,0.0000,94.2080,0.0000,0.0000,0.0000,0.0000,78.3817,0.0000,0.0000,0.0000,0.0000,0.0000,0.0000,0.0000,0.0000
79.7500,0.0000,0.0000,100.0000,0.0000,0.0000,0.0000,0.0000,0.0000,0.0000,0.0000,0.0000,100.0000,0.0000,0.0000,0.0000,0.0000,77.5129,0.0000,0.0000,0.0000,0.0000,0.0000,0.0000,0.0000,0.0000
79.8000,0.0000,0.0000,100.0000,0.0000,0.0000,0.0000,0.0000,0.0000,0.0000,0.0000,0.0000,100.0000,0.0000,0.0000,0.0000,0.0000,77.5129,0.0000,0.0000,0.0000,0.0000,0.0000,0.0000,0.0000,0.0000
79.8500,0.0000,0.0000,100.0000,0.0000,0.0000,0.0000,0.0000,0.0000,0.0000,0.0000,0.0000,100.0000,0.0000,0.0000,0.0000,0.0000,77.5129,0.0000,0.0000,0.0000,0.0000,0.0000,0.0000,0.0000,0.0000
79.9000,0.0000,0.0000,100.0000,0.0000,0.0000,0.0000,0.0000,0.0000,0.0000,0.0000,0.0000,100.0000,0.0000,0.0000,0.0000,0.0000,77.5129,0.0000,0.0000,0.0000,0.0000,0.0000,0.0000,0.0000,0.0000
79.9500,0.0000,0.0000,100.0000,0.0000,0.0000,0.0000,0.0000,0.0000,0.0000,0.0000,0.0000,100.0000,0.0000,0.0000,0.0000,0.0000,77.5129,0.0000,0.0000,0.0000,0.0000,0.0000,0.0000,0.0000,0.0000
80.0000,0.0000,0.0000,100.0000,0.0000,0.0000,0.0000,0.0000,0.0000,0.0000,0.0000,0.0000,100.0000,0.0000,0.0000,0.0000,0.0000,77.5129,0.0000,0.0000,0.0000,0.0000,0.0000,0.0000,0.0000,0.0000
80.0500,0.0000,0.0000,99.3050,0.0000,0.0000,0.0000,0.0000,0.0000,0.0000,0.0000,0.0000,100.0000,0.0000,0.0000,0.0000,0.0000,73.0234,0.0000,0.0000,0.0000,0.0000,0.0000,0.0000,1.0234,0.0000
80.1000,0.0000,0.0000,96.1907,0.0000,0.0000,0.0000,0.0000,0.0000,0.0000,0.0000,0.0000,100.0000,0.0000,0.0000,0.0000,0.0000,52.9072,0.0000,0.0000,0.0000,0.0000,0.0000,0.0000,5.6090,0.0000
80.1500,0.0000,0.0000,91.8093,0.0000,0.0000,0.0000,0.0000,0.0000,0.0000,0.0000,0.0000,100.0000,0.0000,0.0000,0.0000,0.0000,24.6057,0.0000,0.0000,0.0000,0.0000,0.0000,0.0000,12.0604,0.0000
80.2000,0.0000,0.0000,88.6950,0.0000,0.0000,0.0000,0.0000,0.0000,0.0000,0.0000,0.0000,100.0000,0.0000,0.0000,0.0000,0.0000,4.4895,0.0000,0.0000,0.0000,0.0000,0.0000,0.0000,16.6460,0.0000
80.2500,0.0000,0.0000,88.0000,0.0000,0.0000,0.0000,0.0000,0.0000,0.0000,0.0000,0.0000,100.0000,0.0000,0.0000,0.0000,0.0000,0.0000,0.0000,0.0000,0.0000,0.0000,0.0000,0.0000,17.6694,0.0000
80.3000,0.0000,0.0000,88.0000,0.0000,0.0000,0.0000,0.0000,0.0000,0.0000,0.0000,0.0000,100.0000,0.0000,0.0000,0.0000,0.0000,0.0000,0.0000,0.0000,0.0000,0.0000,0.0000,0.0000,17.6694,0.0000
80.3500,0.0000,0.0000,88.0000,0.0000,0.0000,0.0000,0.0000,0.0000,0.0000,0.0000,0.0000,100.0000,0.0000,0.0000,0.0000,0.0000,0.0000,0.0000,0.0000,0.0000,0.0000,0.0000,0.0000,17.6694,0.0000
80.4000,0.0000,0.0000,88.0000,0.0000,0.0000,0.0000,0.0000,0.0000,0.0000,0.0000,0.0000,100.0000,0.0000,0.0000,0.0000,0.0000,0.0000,0.0000,0.0000,0.0000,0.0000,0.0000,0.0000,17.6694,0.0000
80.4500,0.0000,0.0000,88.0000,0.0000,0.0000,0.0000,0.0000,0.0000,0.0000,0.0000,0.0000,100.0000,0.0000,0.0000,0.0000,0.0000,0.0000,0.0000,0.0000,0.0000,0.0000,0.0000,0.0000,17.6694,0.0000
80.5000,0.0000,0.0000,88.0000,0.0000,0.0000,0.0000,0.0000,0.0000,0.0000,0.0000,0.0000,100.0000,0.0000,0.0000,0.0000,0.0000,0.0000,0.0000,0.0000,0.0000,0.0000,0.0000,0.0000,17.6694,0.0000
80.5500,0.0000,0.0000,82.9030,5.7920,0.0000,0.0000,0.0000,0.0000,0.0000,0.0000,0.0000,99.4800,0.0000,0.0000,0.0000,0.0000,0.0000,0.0000,0.0000,0.0000,0.0000,0.0000,0.0000,17.6694,0.0000
80.6000,0.0000,0.0000,60.0653,31.7440,0.0000,0.0000,0.0000,0.0000,0.0000,0.0000,0.0000,97.1502,0.0000,0.0000,0.0000,0.0000,0.0000,0.0000,0.0000,0.0000,0.0000,0.0000,0.0000,17.6694,0.0000
80.6500,0.0000,0.0000,27.9347,68.2560,0.0000,0.0000,0.0000,0.0000,0.0000,0.0000,0.0000,93.8724,0.0000,0.0000,0.0000,0.0000,0.0000,0.0000,0.0000,0.0000,0.0000,0.0000,0.0000,17.6694,0.0000
80.7000,0.0000,0.0000,5.0970,94.2080,0.0000,0.0000,0.0000,0.0000,0.0000,0.0000,0.0000,91.5425,0.0000,0.0000,0.0000,0.0000,0.0000,0.0000,0.0000,0.0000,0.0000,0.0000,0.0000,17.6694,0.0000
80.7500,0.0000,0.0000,0.0000,100.0000,0.0000,0.0000,0.0000,0.0000,0.0000,0.0000,0.0000,91.0226,0.0000,0.0000,0.0000,0.0000,0.0000,0.0000,0.0000,0.0000,0.0000,0.0000,0.0000,17.6694,0.0000
80.8000,0.0000,0.0000,0.0000,100.0000,0.0000,0.0000,0.0000,0.0000,0.0000,0.0000,0.0000,91.0226,0.0000,0.0000,0.0000,0.0000,0.0000,0.0000,0.0000,0.0000,0.0000,0.0000,0.0000,17.6694,0.0000
80.8500,0.0000,0.0000,0.0000,100.0000,0.0000,0.0000,0.0000,0.0000,0.0000,0.0000,0.0000,91.0226,0.0000,0.0000,0.0000,0.0000,0.0000,0.0000,0.0000,0.0000,0.0000,0.0000,0.0000,17.6694,0.0000
80.9000,0.0000,0.0000,0.0000,100.0000,0.0000,0.0000,0.0000,0.0000,0.0000,0.0000,0.0000,91.0226,0.0000,0.0000,0.0000,0.0000,0.0000,0.0000,0.0000,0.0000,0.0000,0.0000,0.0000,17.6694,0.0000
80.9500,0.0000,0.0000,0.0000,100.0000,0.0000,0.0000,0.0000,0.0000,0.0000,0.0000,0.0000,91.0226,0.0000,0.0000,0.0000,0.0000,0.0000,0.0000,0.0000,0.0000,0.0000,0.0000,0.0000,17.6694,0.0000
81.0000,0.0000,0.0000,0.0000,100.0000,0.0000,0.0000,0.0000,0.0000,0.0000,0.0000,0.0000,91.0226,0.0000,0.0000,0.0000,0.0000,0.0000,0.0000,0.0000,0.0000,0.0000,0.0000,0.0000,17.6694,0.0000
81.0500,0.0000,0.0000,0.0000,100.0000,0.0000,0.0000,0.0000,0.0000,0.0000,0.0000,0.0000,88.9375,0.0000,0.0000,0.0000,0.0000,0.0000,0.0000,0.0000,0.0000,0.0000,0.0000,0.0000,17.6694,0.0000
81.1000,0.0000,0.0000,0.0000,100.0000,0.0000,0.0000,0.0000,0.0000,0.0000,0.0000,0.0000,79.5947,0.0000,0.0000,0.0000,0.0000,0.0000,0.0000,0.0000,0.0000,0.0000,0.0000,0.0000,17.6694,0.0000
81.1500,0.0000,0.0000,0.0000,100.0000,0.0000,0.0000,0.0000,0.0000,0.0000,0.0000,0.0000,66.4504,0.0000,0.0000,0.0000,0.0000,0.0000,0.0000,0.0000,0.0000,0.0000,0.0000,0.0000,17.6694,0.0000
81.2000,0.0000,0.0000,0.0000,100.0000,0.0000,0.0000,0.0000,0.0000,0.0000,0.0000,0.0000,57.1077,0.0000,0.0000,0.0000,0.0000,0.0000,0.0000,0.0000,0.0000,0.0000,0.0000,0.0000,17.6694,0.0000
81.2500,0.0000,0.0000,0.0000,100.0000,0.0000,0.0000,0.0000,0.0000,0.0000,0.0000,0.0000,55.0226,0.0000,0.0000,0.0000,0.0000,0.0000,0.0000,0.0000,0.0000,0.0000,0.0000,0.0000,17.6694,0.0000
81.3000,0.0000,0.0000,0.0000,100.0000,0.0000,0.0000,0.0000,0.0000,0.0000,0.0000,0.0000,55.0226,0.0000,0.0000,0.0000,0.0000,0.0000,0.0000,0.0000,0.0000,0.0000,0.0000,0.0000,17.6694,0.0000
81.3500,0.0000,0.0000,0.0000,100.0000,0.0000,0.0000,0.0000,0.0000,0.0000,0.0000,0.0000,55.0226,0.0000,0.0000,0.0000,0.0000,0.0000,0.0000,0.0000,0.0000,0.0000,0.0000,0.0000,17.6694,0.0000
81.4000,0.0000,0.0000,0.0000,100.0000,0.0000,0.0000,0.0000,0.0000,0.0000,0.0000,0.0000,55.0226,0.0000,0.0000,0.0000,0.0000,0.0000,0.0000,0.0000,0.0000,0.0000,0.0000,0.0000,17.6694,0.0000
81.4500,0.0000,0.0000,0.0000,100.0000,0.0000,0.0000,0.0000,0.0000,0.0000,0.0000,0.0000,55.0226,0.0000,0.0000,0.0000,0.0000,0.0000,0.0000,0.0000,0.0000,0.0000,0.0000,0.0000,17.6694,0.0000
81.5000,0.0000,0.0000,0.0000,100.0000,0.0000,0.0000,0.0000,0.0000,0.0000,0.0000,0.0000,55.0226,0.0000,0.0000,0.0000,0.0000,0.0000,0.0000,0.0000,0.0000,0.0000,0.0000,0.0000,17.6694,0.0000
81.5500,0.0000,0.0000,5.4445,99.6525,0.0000,0.0000,0.0000,0.0000,0.0000,0.0000,0.0000,51.8357,0.0000,0.0000,0.0000,0.0000,0.0000,0.0000,0.0000,0.0000,0.0000,0.0000,0.0000,22.4380,0.0000
81.6000,0.0000,0.0000,29.8394,98.0954,0.0000,0.0000,0.0000,0.0000,0.0000,0.0000,0.0000,37.5562,0.0000,0.0000,0.0000,0.0000,0.0000,0.0000,0.0000,0.0000,0.0000,0.0000,0.0000,43.8044,0.0000
81.6500,0.0000,0.0000,64.1606,95.9046,0.0000,0.0000,0.0000,0.0000,0.0000,0.0000,0.0000,17.4664,0.0000,0.0000,0.0000,0.0000,0.0000,0.0000,0.0000,0.0000,0.0000,0.0000,0.0000,73.8650,0.0000
81.7000,0.0000,0.0000,88.5555,94.3475,0.0000,0.0000,0.0000,0.0000,0.0000,0.0000,0.0000,3.1869,0.0000,0.0000,0.0000,0.0000,0.0000,0.0000,0.0000,0.0000,0.0000,0.0000,0.0000,95.2314,0.0000
81.7500,0.0000,0.0000,94.0000,94.0000,0.0000,0.0000,0.0000,0.0000,0.0000,0.0000,0.0000,0.0000,0.0000,0.0000,0.0000,0.0000,0.0000,0.0000,0.0000,0.0000,0.0000,0.0000,0.0000,100.0000,0.0000
81.8000,0.0000,0.0000,94.0000,94.0000,0.0000,0.0000,0.0000,0.0000,0.0000,0.0000,0.0000,0.0000,0.0000,0.0000,0.0000,0.0000,0.0000,0.0000,0.0000,0.0000,0.0000,0.0000,0.0000,100.0000,0.0000
81.8500,0.0000,0.0000,94.0000,94.0000,0.0000,0.0000,0.0000,0.0000,0.0000,0.0000,0.0000,0.0000,0.0000,0.0000,0.0000,0.0000,0.0000,0.0000,0.0000,0.0000,0.0000,0.0000,0.0000,100.0000,0.0000
81.9000,0.0000,0.0000,94.0000,94.0000,0.0000,0.0000,0.0000,0.0000,0.0000,0.0000,0.0000,0.0000,0.0000,0.0000,0.0000,0.0000,0.0000,0.0000,0.0000,0.0000,0.0000,0.0000,0.0000,100.0000,0.0000
81.9500,0.0000,0.0000,94.0000,94.0000,0.0000,0.0000,0.0000,0.0000,0.0000,0.0000,0.0000,0.0000,0.0000,0.0000,0.0000,0.0000,0.0000,0.0000,0.0000,0.0000,0.0000,0.0000,0.0000,100.0000,0.0000
82.0000,0.0000,0.0000,94.0000,94.0000,0.0000,0.0000,0.0000,0.0000,0.0000,0.0000,0.0000,0.0000,0.0000,0.0000,0.0000,0.0000,0.0000,0.0000,0.0000,0.0000,0.0000,0.0000,0.0000,100.0000,0.0000
82.0500,0.0000,0.0000,93.6525,94.3475,0.0000,0.0000,0.0000,0.0000,0.0000,0.0000,0.0000,0.0000,0.0000,0.0000,0.0000,0.0000,0.0000,0.0000,0.0000,0.0000,0.0000,0.0000,0.0000,100.0000,0.0000
82.1000,0.0000,0.0000,92.0954,95.9046,0.0000,0.0000,0.0000,0.0000,0.0000,0.0000,0.0000,0.0000,0.0000,0.0000,0.0000,0.0000,0.0000,0.0000,0.0000,0.0000,0.0000,0.0000,0.0000,100.0000,0.0000
82.1500,0.0000,0.0000,89.9046,98.0954,0.0000,0.0000,0.0000,0.0000,0.0000,0.0000,0.0000,0.0000,0.0000,0.0000,0.0000,0.0000,0.0000,0.0000,0.0000,0.0000,0.0000,0.0000,0.0000,100.0000,0.0000
82.2000,0.0000,0.0000,88.3475,99.6525,0.0000,0.0000,0.0000,0.0000,0.0000,0.0000,0.0000,0.0000,0.0000,0.0000,0.0000,0.0000,0.0000,0.0000,0.0000,0.0000,0.0000,0.0000,0.0000,100.0000,0.0000
82.2500,0.0000,0.0000,88.0000,100.0000,0.0000,0.0000,0.0000,0.0000,0.0000,0.0000,0.0000,0.0000,0.0000,0.0000,0.0000,0.0000,0.0000,0.0000,0.0000,0.0000,0.0000,0.0000,0.0000,100.0000,0.0000
82.3000,0.0000,0.0000,88.0000,100.0000,0.0000,0.0000,0.0000,0.0000,0.0000,0.0000,0.0000,0.0000,0.0000,0.0000,0.0000,0.0000,0.0000,0.0000,0.0000,0.0000,0.0000,0.0000,0.0000,100.0000,0.0000
82.3500,0.0000,0.0000,88.0000,100.0000,0.0000,0.0000,0.0000,0.0000,0.0000,0.0000,0.0000,0.0000,0.0000,0.0000,0.0000,0.0000,0.0000,0.0000,0.0000,0.0000,0.0000,0.0000,0.0000,100.0000,0.0000
82.4000,0.0000,0.0000,88.0000,100.0000,0.0000,0.0000,0.0000,0.0000,0.0000,0.0000,0.0000,0.0000,0.0000,0.0000,0.0000,0.0000,0.0000,0.0000,0.0000,0.0000,0.0000,0.0000,0.0000,100.0000,0.0000
82.4500,0.0000,0.0000,88.0000,100.0000,0.0000,0.0000,0.0000,0.0000,0.0000,0.0000,0.0000,0.0000,0.0000,0.0000,0.0000,0.0000,0.0000,0.0000,0.0000,0.0000,0.0000,0.0000,0.0000,100.0000,0.0000
82.5000,0.0000,0.0000,88.0000,100.0000,0.0000,0.0000,0.0000,0.0000,0.0000,0.0000,0.0000,0.0000,0.0000,0.0000,0.0000,0.0000,0.0000,0.0000,0.0000,0.0000,0.0000,0.0000,0.0000,100.0000,0.0000
82.5500,0.0000,0.0000,88.6950,99.3050,0.0000,0.0000,0.0000,0.0000,0.0000,0.0000,0.0000,0.0000,0.0000,0.0000,0.0000,0.0000,0.0000,0.0000,0.0000,0.0000,0.0000,0.0000,0.0000,98.6099,0.0000
82.6000,0.0000,0.0000,91.8093,96.1907,0.0000,0.0000,0.0000,0.0000,0.0000,0.0000,0.0000,0.0000,0.0000,0.0000,0.0000,0.0000,0.0000,0.0000,0.0000,0.0000,0.0000,0.0000,0.0000,92.3814,0.0000
82.6500,0.0000,0.0000,96.1907,91.8093,0.0000,0.0000,0.0000,0.0000,0.0000,0.0000,0.0000,0.0000,0.0000,0.0000,0.0000,0.0000,0.0000,0.0000,0.0000,0.0000,0.0000,0.0000,0.0000,83.6186,0.0000
82.7000,0.0000,0.0000,99.3050,88.6950,0.0000,0.0000,0.0000,0.0000,0.0000,0.0000,0.0000,0.0000,0.0000,0.0000,0.0000,0.0000,0.0000,0.0000,0.0000,0.0000,0.0000,0.0000,0.0000,77.3901,0.0000
82.7500,0.0000,0.0000,100.0000,88.0000,0.0000,0.0000,0.0000,0.0000,0.0000,0.0000,0.0000,0.0000,0.0000,0.0000,0.0000,0.0000,0.0000,0.0000,0.0000,0.0000,0.0000,0.0000,0.0000,76.0000,0.0000
82.8000,0.0000,0.0000,100.0000,88.0000,0.0000,0.0000,0.0000,0.0000,0.0000,0.0000,0.0000,0.0000,0.0000,0.0000,0.0000,0.0000,0.0000,0.0000,0.0000,0.0000,0.0000,0.0000,0.0000,76.0000,0.0000
82.8500,0.0000,0.0000,100.0000,88.0000,0.0000,0.0000,0.0000,0.0000,0.0000,0.0000,0.0000,0.0000,0.0000,0.0000,0.0000,0.0000,0.0000,0.0000,0.0000,0.0000,0.0000,0.0000,0.0000,76.0000,0.0000
82.9000,0.0000,0.0000,100.0000,88.0000,0.0000,0.0000,0.0000,0.0000,0.0000,0.0000,0.0000,0.0000,0.0000,0.0000,0.0000,0.0000,0.0000,0.0000,0.0000,0.0000,0.0000,0.0000,0.0000,76.0000,0.0000
82.9500,0.0000,0.0000,100.0000,88.0000,0.0000,0.0000,0.0000,0.0000,0.0000,0.0000,0.0000,0.0000,0.0000,0.0000,0.0000,0.0000,0.0000,0.0000,0.0000,0.0000,0.0000,0.0000,0.0000,76.0000,0.0000
83.0000,0.0000,0.0000,100.0000,88.0000,0.0000,0.0000,0.0000,0.0000,0.0000,0.0000,0.0000,0.0000,0.0000,0.0000,0.0000,0.0000,0.0000,0.0000,0.0000,0.0000,0.0000,0.0000,0.0000,76.0000,0.0000
83.0500,0.0000,0.0000,99.3050,87.1197,0.0000,0.0000,0.0000,0.0000,0.0000,0.0000,0.0000,0.0000,0.0000,0.0000,0.0000,0.0000,0.0000,0.0000,0.0000,0.0000,0.0000,0.0000,0.0000,76.6950,0.0000
83.1000,0.0000,0.0000,96.1907,83.1754,0.0000,0.0000,0.0000,0.0000,0.0000,0.0000,0.0000,0.0000,0.0000,0.0000,0.0000,0.0000,0.0000,0.0000,0.0000,0.0000,0.0000,0.0000,0.0000,79.8093,0.0000
83.1500,0.0000,0.0000,91.8093,77.6262,0.0000,0.0000,0.0000,0.0000,0.0000,0.0000,0.0000,0.0000,0.0000,0.0000,0.0000,0.0000,0.0000,0.0000,0.0000,0.0000,0.0000,0.0000,0.0000,84.1907,0.0000
83.2000,0.0000,0.0000,88.6950,73.6819,0.0000,0.0000,0.0000,0.0000,0.0000,0.0000,0.0000,0.0000,0.0000,0.0000,0.0000,0.0000,0.0000,0.0000,0.0000,0.0000,0.0000,0.0000,0.0000,87.3050,0.0000
83.2500,0.0000,0.0000,88.0000,72.8016,0.0000,0.0000,0.0000,0.0000,0.0000,0.0000,0.0000,0.0000,0.0000,0.0000,0.0000,0.0000,0.0000,0.0000,0.0000,0.0000,0.0000,0.0000,0.0000,88.0000,0.0000
83.3000,0.0000,0.0000,88.0000,72.8016,0.0000,0.0000,0.0000,0.0000,0.0000,0.0000,0.0000,0.0000,0.0000,0.0000,0.0000,0.0000,0.0000,0.0000,0.0000,0.0000,0.0000,0.0000,0.0000,88.0000,0.0000
83.3500,0.0000,0.0000,88.0000,72.8016,0.0000,0.0000,0.0000,0.0000,0.0000,0.0000,0.0000,0.0000,0.0000,0.0000,0.0000,0.0000,0.0000,0.0000,0.0000,0.0000,0.0000,0.0000,0.0000,88.0000,0.0000
83.4000,0.0000,0.0000,88.0000,72.8016,0.0000,0.0000,0.0000,0.0000,0.0000,0.0000,0.0000,0.0000,0.0000,0.0000,0.0000,0.0000,0.0000,0.0000,0.0000,0.0000,0.0000,0.0000,0.0000,88.0000,0.0000
83.4500,0.0000,0.0000,88.0000,72.8016,0.0000,0.0000,0.0000,0.0000,0.0000,0.0000,0.0000,0.0000,0.0000,0.0000,0.0000,0.0000,0.0000,0.0000,0.0000,0.0000,0.0000,0.0000,0.0000,88.0000,0.0000
83.5000,0.0000,0.0000,88.0000,72.8016,0.0000,0.0000,0.0000,0.0000,0.0000,0.0000,0.0000,0.0000,0.0000,0.0000,0.0000,0.0000,0.0000,0.0000,0.0000,0.0000,0.0000,0.0000,0.0000,88.0000,0.0000
83.5500,0.0000,0.0000,82.9030,68.5849,5.7920,0.0000,0.0000,0.0000,0.0000,0.0000,0.0000,0.0000,0.0000,0.0000,0.0000,0.0000,0.0000,3.6417,0.0000,0.0000,0.0000,0.0000,0.0000,88.3475,0.0000
83.6000,0.0000,0.0000,60.0653,49.6915,31.7440,0.0000,0.0000,0.0000,0.0000,0.0000,0.0000,0.0000,0.0000,0.0000,0.0000,0.0000,0.0000,19.9591,0.0000,0.0000,0.0000,0.0000,0.0000,89.9046,0.0000
83.6500,0.0000,0.0000,27.9347,23.1101,68.2560,0.0000,0.0000,0.0000,0.0000,0.0000,0.0000,0.0000,0.0000,0.0000,0.0000,0.0000,0.0000,42.9160,0.0000,0.0000,0.0000,0.0000,0.0000,92.0954,0.0000
83.7000,0.0000,0.0000,5.0970,4.2167,94.2080,0.0000,0.0000,0.0000,0.0000,0.0000,0.0000,0.0000,0.0000,0.0000,0.0000,0.0000,0.0000,59.2334,0.0000,0.0000,0.0000,0.0000,0.0000,93.6525,0.0000
83.7500,0.0000,0.0000,0.0000,0.0000,100.0000,0.0000,0.0000,0.0000,0.0000,0.0000,0.0000,0.0000,0.0000,0.0000,0.0000,0.0000,0.0000,62.8751,0.0000,0.0000,0.0000,0.0000,0.0000,94.0000,0.0000
83.8000,0.0000,0.0000,0.0000,0.0000,100.0000,0.0000,0.0000,0.0000,0.0000,0.0000,0.0000,0.0000,0.0000,0.0000,0.0000,0.0000,0.0000,62.8751,0.0000,0.0000,0.0000,0.0000,0.0000,94.0000,0.0000
83.8500,0.0000,0.0000,0.0000,0.0000,100.0000,0.0000,0.0000,0.0000,0.0000,0.0000,0.0000,0.0000,0.0000,0.0000,0.0000,0.0000,0.0000,62.8751,0.0000,0.0000,0.0000,0.0000,0.0000,94.0000,0.0000
83.9000,0.0000,0.0000,0.0000,0.0000,100.0000,0.0000,0.0000,0.0000,0.0000,0.0000,0.0000,0.0000,0.0000,0.0000,0.0000,0.0000,0.0000,62.8751,0.0000,0.0000,0.0000,0.0000,0.0000,94.0000,0.0000
83.9500,0.0000,0.0000,0.0000,0.0000,100.0000,0.0000,0.0000,0.0000,0.0000,0.0000,0.0000,0.0000,0.0000,0.0000,0.0000,0.0000,0.0000,62.8751,0.0000,0.0000,0.0000,0.0000,0.0000,94.0000,0.0000
84.0000,0.0000,0.0000,0.0000,0.0000,100.0000,0.0000,0.0000,0.0000,0.0000,0.0000,0.0000,0.0000,0.0000,0.0000,0.0000,0.0000,0.0000,62.8751,0.0000,0.0000,0.0000,0.0000,0.0000,94.0000,0.0000
84.0500,0.0000,0.0000,0.0000,0.0000,100.0000,0.0000,0.0000,0.0000,0.0000,0.0000,0.0000,0.0000,0.0000,0.0000,0.0000,0.0000,0.0000,64.9602,0.0000,0.0000,0.0000,0.0000,0.0000,93.3050,0.0000
84.1000,0.0000,0.0000,0.0000,0.0000,100.0000,0.0000,0.0000,0.0000,0.0000,0.0000,0.0000,0.0000,0.0000,0.0000,0.0000,0.0000,0.0000,74.3029,0.0000,0.0000,0.0000,0.0000,0.0000,90.1907,0.0000
84.1500,0.0000,0.0000,0.0000,0.0000,100.0000,0.0000,0.0000,0.0000,0.0000,0.0000,0.0000,0.0000,0.0000,0.0000,0.0000,0.0000,0.0000,87.4472,0.0000,0.0000,0.0000,0.0000,0.0000,85.8093,0.0000
84.2000,0.0000,0.0000,0.0000,0.0000,100.0000,0.0000,0.0000,0.0000,0.0000,0.0000,0.0000,0.0000,0.0000,0.0000,0.0000,0.0000,0.0000,96.7900,0.0000,0.0000,0.0000,0.0000,0.0000,82.6950,0.0000
84.2500,0.0000,0.0000,0.0000,0.0000,100.0000,0.0000,0.0000,0.0000,0.0000,0.0000,0.0000,0.0000,0.0000,0.0000,0.0000,0.0000,0.0000,98.8751,0.0000,0.0000,0.0000,0.0000,0.0000,82.0000,0.0000
84.3000,0.0000,0.0000,0.0000,0.0000,100.0000,0.0000,0.0000,0.0000,0.0000,0.0000,0.0000,0.0000,0.0000,0.0000,0.0000,0.0000,0.0000,98.8751,0.0000,0.0000,0.0000,0.0000,0.0000,82.0000,0.0000
84.3500,0.0000,0.0000,0.0000,0.0000,100.0000,0.0000,0.0000,0.0000,0.0000,0.0000,0.0000,0.0000,0.0000,0.0000,0.0000,0.0000,0.0000,98.8751,0.0000,0.0000,0.0000,0.0000,0.0000,82.0000,0.0000
84.4000,0.0000,0.0000,0.0000,0.0000,100.0000,0.0000,0.0000,0.0000,0.0000,0.0000,0.0000,0.0000,0.0000,0.0000,0.0000,0.0000,0.0000,98.8751,0.0000,0.0000,0.0000,0.0000,0.0000,82.0000,0.0000
84.4500,0.0000,0.0000,0.0000,0.0000,100.0000,0.0000,0.0000,0.0000,0.0000,0.0000,0.0000,0.0000,0.0000,0.0000,0.0000,0.0000,0.0000,98.8751,0.0000,0.0000,0.0000,0.0000,0.0000,82.0000,0.0000
84.5000,0.0000,0.0000,0.0000,0.0000,100.0000,0.0000,0.0000,0.0000,0.0000,0.0000,0.0000,0.0000,0.0000,0.0000,0.0000,0.0000,0.0000,98.8751,0.0000,0.0000,0.0000,0.0000,0.0000,82.0000,0.0000
84.5500,0.0000,0.0000,0.0000,0.0000,100.0000,0.0000,0.0000,0.0000,0.0000,0.0000,0.0000,0.0000,0.0000,0.0000,0.0000,0.0000,0.0000,98.9402,0.0000,4.4019,0.0000,0.0000,0.0000,77.2506,0.0000
84.6000,0.0000,0.0000,0.0000,0.0000,100.0000,0.0000,0.0000,0.0000,0.0000,0.0000,0.0000,0.0000,0.0000,0.0000,0.0000,0.0000,0.0000,99.2322,0.0000,24.1254,0.0000,0.0000,0.0000,55.9699,0.0000
84.6500,0.0000,0.0000,0.0000,0.0000,100.0000,0.0000,0.0000,0.0000,0.0000,0.0000,0.0000,0.0000,0.0000,0.0000,0.0000,0.0000,0.0000,99.6429,0.0000,51.8746,0.0000,0.0000,0.0000,26.0301,0.0000
84.7000,0.0000,0.0000,0.0000,0.0000,100.0000,0.0000,0.0000,0.0000,0.0000,0.0000,0.0000,0.0000,0.0000,0.0000,0.0000,0.0000,0.0000,99.9348,0.0000,71.5981,0.0000,0.0000,0.0000,4.7494,0.0000
84.7500,0.0000,0.0000,0.0000,0.0000,100.0000,0.0000,0.0000,0.0000,0.0000,0.0000,0.0000,0.0000,0.0000,0.0000,0.0000,0.0000,0.0000,100.0000,0.0000,76.0000,0.0000,0.0000,0.0000,0.0000,0.0000
84.8000,0.0000,0.0000,0.0000,0.0000,100.0000,0.0000,0.0000,0.0000,0.0000,0.0000,0.0000,0.0000,0.0000,0.0000,0.0000,0.0000,0.0000,100.0000,0.0000,76.0000,0.0000,0.0000,0.0000,0.0000,0.0000
84.8500,0.0000,0.0000,0.0000,0.0000,100.0000,0.0000,0.0000,0.0000,0.0000,0.0000,0.0000,0.0000,0.0000,0.0000,0.0000,0.0000,0.0000,100.0000,0.0000,76.0000,0.0000,0.0000,0.0000,0.0000,0.0000
84.9000,0.0000,0.0000,0.0000,0.0000,100.0000,0.0000,0.0000,0.0000,0.0000,0.0000,0.0000,0.0000,0.0000,0.0000,0.0000,0.0000,0.0000,100.0000,0.0000,76.0000,0.0000,0.0000,0.0000,0.0000,0.0000
84.9500,0.0000,0.0000,0.0000,0.0000,100.0000,0.0000,0.0000,0.0000,0.0000,0.0000,0.0000,0.0000,0.0000,0.0000,0.0000,0.0000,0.0000,100.0000,0.0000,76.0000,0.0000,0.0000,0.0000,0.0000,0.0000
85.0000,0.0000,0.0000,0.0000,0.0000,100.0000,0.0000,0.0000,0.0000,0.0000,0.0000,0.0000,0.0000,0.0000,0.0000,0.0000,0.0000,0.0000,100.0000,0.0000,76.0000,0.0000,0.0000,0.0000,0.0000,0.0000
85.0500,0.0000,0.0000,0.0000,0.0000,100.0000,0.0000,0.0000,0.0000,0.0000,0.0000,0.0000,0.0000,0.0000,0.0000,0.0000,0.0000,0.0000,100.0000,0.0000,73.2024,0.0000,0.0000,0.0000,0.0000,0.0000
85.1000,0.0000,0.0000,0.0000,0.0000,100.0000,0.0000,0.0000,0.0000,0.0000,0.0000,0.0000,0.0000,0.0000,0.0000,0.0000,0.0000,0.0000,100.0000,0.0000,60.6671,0.0000,0.0000,0.0000,0.0000,0.0000
85.1500,0.0000,0.0000,0.0000,0.0000,100.0000,0.0000,0.0000,0.0000,0.0000,0.0000,0.0000,0.0000,0.0000,0.0000,0.0000,0.0000,0.0000,100.0000,0.0000,43.0312,0.0000,0.0000,0.0000,0.0000,0.0000
85.2000,0.0000,0.0000,0.0000,0.0000,100.0000,0.0000,0.0000,0.0000,0.0000,0.0000,0.0000,0.0000,0.0000,0.0000,0.0000,0.0000,0.0000,100.0000,0.0000,30.4959,0.0000,0.0000,0.0000,0.0000,0.0000
85.2500,0.0000,0.0000,0.0000,0.0000,100.0000,0.0000,0.0000,0.0000,0.0000,0.0000,0.0000,0.0000,0.0000,0.0000,0.0000,0.0000,0.0000,100.0000,0.0000,27.6982,0.0000,0.0000,0.0000,0.0000,0.0000
85.3000,0.0000,0.0000,0.0000,0.0000,100.0000,0.0000,0.0000,0.0000,0.0000,0.0000,0.0000,0.0000,0.0000,0.0000,0.0000,0.0000,0.0000,100.0000,0.0000,27.6982,0.0000,0.0000,0.0000,0.0000,0.0000
85.3500,0.0000,0.0000,0.0000,0.0000,100.0000,0.0000,0.0000,0.0000,0.0000,0.0000,0.0000,0.0000,0.0000,0.0000,0.0000,0.0000,0.0000,100.0000,0.0000,27.6982,0.0000,0.0000,0.0000,0.0000,0.0000
85.4000,0.0000,0.0000,0.0000,0.0000,100.0000,0.0000,0.0000,0.0000,0.0000,0.0000,0.0000,0.0000,0.0000,0.0000,0.0000,0.0000,0.0000,100.0000,0.0000,27.6982,0.0000,0.0000,0.0000,0.0000,0.0000
85.4500,0.0000,0.0000,0.0000,0.0000,100.0000,0.0000,0.0000,0.0000,0.0000,0.0000,0.0000,0.0000,0.0000,0.0000,0.0000,0.0000,0.0000,100.0000,0.0000,27.6982,0.0000,0.0000,0.0000,0.0000,0.0000
85.5000,0.0000,0.0000,0.0000,0.0000,100.0000,0.0000,0.0000,0.0000,0.0000,0.0000,0.0000,0.0000,0.0000,0.0000,0.0000,0.0000,0.0000,100.0000,0.0000,27.6982,0.0000,0.0000,0.0000,0.0000,0.0000
85.5500,0.0000,0.0000,0.0000,0.0000,94.2080,0.0000,0.0000,0.0000,0.0000,0.0000,0.0000,0.0000,0.0000,4.4019,0.0000,0.0000,0.0000,94.2080,4.4019,31.8860,0.0000,0.0000,0.0000,0.0000,0.0000
85.6000,0.0000,0.0000,0.0000,0.0000,68.2560,0.0000,0.0000,0.0000,0.0000,0.0000,0.0000,0.0000,0.0000,24.1254,0.0000,0.0000,0.0000,68.2560,24.1254,50.6497,0.0000,0.0000,0.0000,0.0000,0.0000
85.6500,0.0000,0.0000,0.0000,0.0000,31.7440,0.0000,0.0000,0.0000,0.0000,0.0000,0.0000,0.0000,0.0000,51.8746,0.0000,0.0000,0.0000,31.7440,51.8746,77.0485,0.0000,0.0000,0.0000,0.0000,0.0000
85.7000,0.0000,0.0000,0.0000,0.0000,5.7920,0.0000,0.0000,0.0000,0.0000,0.0000,0.0000,0.0000,0.0000,71.5981,0.0000,0.0000,0.0000,5.7920,71.5981,95.8123,0.0000,0.0000,0.0000,0.0000,0.0000
85.7500,0.0000,0.0000,0.0000,0.0000,0.0000,0.0000,0.0000,0.0000,0.0000,0.0000,0.0000,0.0000,0.0000,76.0000,0.0000,0.0000,0.0000,0.0000,76.0000,100.0000,0.0000,0.0000,0.0000,0.0000,0.0000
85.8000,0.0000,0.0000,0.0000,0.0000,0.0000,0.0000,0.0000,0.0000,0.0000,0.0000,0.0000,0.0000,0.0000,76.0000,0.0000,0.0000,0.0000,0.0000,76.0000,100.0000,0.0000,0.0000,0.0000,0.0000,0.0000
85.8500,0.0000,0.0000,0.0000,0.0000,0.0000,0.0000,0.0000,0.0000,0.0000,0.0000,0.0000,0.0000,0.0000,76.0000,0.0000,0.0000,0.0000,0.0000,76.0000,100.0000,0.0000,0.0000,0.0000,0.0000,0.0000
85.9000,0.0000,0.0000,0.0000,0.0000,0.0000,0.0000,0.0000,0.0000,0.0000,0.0000,0.0000,0.0000,0.0000,76.0000,0.0000,0.0000,0.0000,0.0000,76.0000,100.0000,0.0000,0.0000,0.0000,0.0000,0.0000
85.9500,0.0000,0.0000,0.0000,0.0000,0.0000,0.0000,0.0000,0.0000,0.0000,0.0000,0.0000,0.0000,0.0000,76.0000,0.0000,0.0000,0.0000,0.0000,76.0000,100.0000,0.0000,0.0000,0.0000,0.0000,0.0000
86.0000,0.0000,0.0000,0.0000,0.0000,0.0000,0.0000,0.0000,0.0000,0.0000,0.0000,0.0000,0.0000,0.0000,76.0000,0.0000,0.0000,0.0000,0.0000,76.0000,100.0000,0.0000,0.0000,0.0000,0.0000,0.0000
86.0500,0.0000,0.0000,0.0000,0.0000,0.0000,0.0000,0.0000,0.0000,0.0000,0.0000,0.0000,0.0000,0.0000,74.6099,0.0000,0.0000,0.0000,0.0000,77.3901,100.0000,0.0000,0.0000,0.0000,0.0000,0.0000
86.1000,0.0000,0.0000,0.0000,0.0000,0.0000,0.0000,0.0000,0.0000,0.0000,0.0000,0.0000,0.0000,0.0000,68.3814,0.0000,0.0000,0.0000,0.0000,83.6186,100.0000,0.0000,0.0000,0.0000,0.0000,0.0000
86.1500,0.0000,0.0000,0.0000,0.0000,0.0000,0.0000,0.0000,0.0000,0.0000,0.0000,0.0000,0.0000,0.0000,59.6186,0.0000,0.0000,0.0000,0.0000,92.3814,100.0000,0.0000,0.0000,0.0000,0.0000,0.0000
86.2000,0.0000,0.0000,0.0000,0.0000,0.0000,0.0000,0.0000,0.0000,0.0000,0.0000,0.0000,0.0000,0.0000,53.3901,0.0000,0.0000,0.0000,0.0000,98.6099,100.0000,0.0000,0.0000,0.0000,0.0000,0.0000
86.2500,0.0000,0.0000,0.0000,0.0000,0.0000,0.0000,0.0000,0.0000,0.0000,0.0000,0.0000,0.0000,0.0000,52.0000,0.0000,0.0000,0.0000,0.0000,100.0000,100.0000,0.0000,0.0000,0.0000,0.0000,0.0000
86.3000,0.0000,0.0000,0.0000,0.0000,0.0000,0.0000,0.0000,0.0000,0.0000,0.0000,0.0000,0.0000,0.0000,52.0000,0.0000,0.0000,0.0000,0.0000,100.0000,100.0000,0.0000,0.0000,0.0000,0.0000,0.0000
86.3500,0.0000,0.0000,0.0000,0.0000,0.0000,0.0000,0.0000,0.0000,0.0000,0.0000,0.0000,0.0000,0.0000,52.0000,0.0000,0.0000,0.0000,0.0000,100.0000,100.0000,0.0000,0.0000,0.0000,0.0000,0.0000
86.4000,0.0000,0.0000,0.0000,0.0000,0.0000,0.0000,0.0000,0.0000,0.0000,0.0000,0.0000,0.0000,0.0000,52.0000,0.0000,0.0000,0.0000,0.0000,100.0000,100.0000,0.0000,0.0000,0.0000,0.0000,0.0000
86.4500,0.0000,0.0000,0.0000,0.0000,0.0000,0.0000,0.0000,0.0000,0.0000,0.0000,0.0000,0.0000,0.0000,52.0000,0.0000,0.0000,0.0000,0.0000,100.0000,100.0000,0.0000,0.0000,0.0000,0.0000,0.0000
86.5000,0.0000,0.0000,0.0000,0.0000,0.0000,0.0000,0.0000,0.0000,0.0000,0.0000,0.0000,0.0000,0.0000,52.0000,0.0000,0.0000,0.0000,0.0000,100.0000,100.0000,0.0000,0.0000,0.0000,0.0000,0.0000
86.5500,0.0000,0.0000,0.0000,0.0000,0.0000,0.0000,0.0000,0.0000,0.0000,0.0000,0.0000,0.0000,0.0000,52.8114,0.0000,0.0000,0.0000,0.0000,99.3050,100.0000,0.0000,0.0000,0.0000,0.0000,0.0000
86.6000,0.0000,0.0000,0.0000,0.0000,0.0000,0.0000,0.0000,0.0000,0.0000,0.0000,0.0000,0.0000,0.0000,56.4469,0.0000,0.0000,0.0000,0.0000,96.1907,100.0000,0.0000,0.0000,0.0000,0.0000,0.0000
86.6500,0.0000,0.0000,0.0000,0.0000,0.0000,0.0000,0.0000,0.0000,0.0000,0.0000,0.0000,0.0000,0.0000,61.5617,0.0000,0.0000,0.0000,0.0000,91.8093,100.0000,0.0000,0.0000,0.0000,0.0000,0.0000
86.7000,0.0000,0.0000,0.0000,0.0000,0.0000,0.0000,0.0000,0.0000,0.0000,0.0000,0.0000,0.0000,0.0000,65.1973,0.0000,0.0000,0.0000,0.0000,88.6950,100.0000,0.0000,0.0000,0.0000,0.0000,0.0000
86.7500,0.0000,0.0000,0.0000,0.0000,0.0000,0.0000,0.0000,0.0000,0.0000,0.0000,0.0000,0.0000,0.0000,66.0086,0.0000,0.0000,0.0000,0.0000,88.0000,100.0000,0.0000,0.0000,0.0000,0.0000,0.0000
86.8000,0.0000,0.0000,0.0000,0.0000,0.0000,0.0000,0.0000,0.0000,0.0000,0.0000,0.0000,0.0000,0.0000,66.0086,0.0000,0.0000,0.0000,0.0000,88.0000,100.0000,0.0000,0.0000,0.0000,0.0000,0.0000
86.8500,0.0000,0.0000,0.0000,0.0000,0.0000,0.0000,0.0000,0.0000,0.0000,0.0000,0.0000,0.0000,0.0000,66.0086,0.0000,0.0000,0.0000,0.0000,88.0000,100.0000,0.0000,0.0000,0.0000,0.0000,0.0000
86.9000,0.0000,0.0000,0.0000,0.0000,0.0000,0.0000,0.0000,0.0000,0.0000,0.0000,0.0000,0.0000,0.0000,66.0086,0.0000,0.0000,0.0000,0.0000,88.0000,100.0000,0.0000,0.0000,0.0000,0.0000,0.0000
86.9500,0.0000,0.0000,0.0000,0.0000,0.0000,0.0000,0.0000,0.0000,0.0000,0.0000,0.0000,0.0000,0.0000,66.0086,0.0000,0.0000,0.0000,0.0000,88.0000,100.0000,0.0000,0.0000,0.0000,0.0000,0.0000
87.0000,0.0000,0.0000,0.0000,0.0000,0.0000,0.0000,0.0000,0.0000,0.0000,0.0000,0.0000,0.0000,0.0000,66.0086,0.0000,0.0000,0.0000,0.0000,88.0000,100.0000,0.0000,0.0000,0.0000,0.0000,0.0000
87.0500,0.0000,0.0000,0.0000,0.0000,0.0000,0.0000,0.0000,0.0000,0.0000,0.0000,0.0000,0.0000,0.0000,63.8473,0.0000,0.0000,0.0000,0.0000,87.1312,100.0000,0.0000,0.0000,0.0000,0.0000,0.0000
87.1000,0.0000,0.0000,0.0000,0.0000,0.0000,0.0000,0.0000,0.0000,0.0000,0.0000,0.0000,0.0000,0.0000,54.1629,0.0000,0.0000,0.0000,0.0000,83.2384,100.0000,0.0000,0.0000,0.0000,0.0000,0.0000
87.1500,0.0000,0.0000,0.0000,0.0000,0.0000,0.0000,0.0000,0.0000,0.0000,0.0000,0.0000,0.0000,0.0000,40.5380,0.0000,0.0000,0.0000,0.0000,77.7616,100.0000,0.0000,0.0000,0.0000,0.0000,0.0000
87.2000,0.0000,0.0000,0.0000,0.0000,0.0000,0.0000,0.0000,0.0000,0.0000,0.0000,0.0000,0.0000,0.0000,30.8536,0.0000,0.0000,0.0000,0.0000,73.8688,100.0000,0.0000,0.0000,0.0000,0.0000,0.0000
87.2500,0.0000,0.0000,0.0000,0.0000,0.0000,0.0000,0.0000,0.0000,0.0000,0.0000,0.0000,0.0000,0.0000,28.6922,0.0000,0.0000,0.0000,0.0000,73.0000,100.0000,0.0000,0.0000,0.0000,0.0000,0.0000
87.3000,0.0000,0.0000,0.0000,0.0000,0.0000,0.0000,0.0000,0.0000,0.0000,0.0000,0.0000,0.0000,0.0000,28.6922,0.0000,0.0000,0.0000,0.0000,73.0000,100.0000,0.0000,0.0000,0.0000,0.0000,0.0000
87.3500,0.0000,0.0000,0.0000,0.0000,0.0000,0.0000,0.0000,0.0000,0.0000,0.0000,0.0000,0.0000,0.0000,28.6922,0.0000,0.0000,0.0000,0.0000,73.0000,100.0000,0.0000,0.0000,0.0000,0.0000,0.0000
87.4000,0.0000,0.0000,0.0000,0.0000,0.0000,0.0000,0.0000,0.0000,0.0000,0.0000,0.0000,0.0000,0.0000,28.6922,0.0000,0.0000,0.0000,0.0000,73.0000,100.0000,0.0000,0.0000,0.0000,0.0000,0.0000
87.4500,0.0000,0.0000,0.0000,0.0000,0.0000,0.0000,0.0000,0.0000,0.0000,0.0000,0.0000,0.0000,0.0000,28.6922,0.0000,0.0000,0.0000,0.0000,73.0000,100.0000,0.0000,0.0000,0.0000,0.0000,0.0000
87.5000,0.0000,0.0000,0.0000,0.0000,0.0000,0.0000,0.0000,0.0000,0.0000,0.0000,0.0000,0.0000,0.0000,28.6922,0.0000,0.0000,0.0000,0.0000,73.0000,100.0000,0.0000,0.0000,0.0000,0.0000,0.0000
87.5500,0.0000,0.0000,0.0000,0.0000,0.0000,0.0000,0.0000,0.0000,0.0000,0.0000,0.0000,0.0000,0.0000,28.4680,0.0000,0.0000,0.0000,0.0000,68.7718,100.0000,0.0000,1.9459,0.0000,0.0000,0.0000
87.6000,0.0000,0.0000,0.0000,0.0000,0.0000,0.0000,0.0000,0.0000,0.0000,0.0000,0.0000,0.0000,0.0000,27.4634,0.0000,0.0000,0.0000,0.0000,49.8269,100.0000,0.0000,10.6647,0.0000,0.0000,0.0000
87.6500,0.0000,0.0000,0.0000,0.0000,0.0000,0.0000,0.0000,0.0000,0.0000,0.0000,0.0000,0.0000,0.0000,26.0500,0.0000,0.0000,0.0000,0.0000,23.1731,100.0000,0.0000,22.9312,0.0000,0.0000,0.0000
87.7000,0.0000,0.0000,0.0000,0.0000,0.0000,0.0000,0.0000,0.0000,0.0000,0.0000,0.0000,0.0000,0.0000,25.0453,0.0000,0.0000,0.0000,0.0000,4.2282,100.0000,0.0000,31.6501,0.0000,0.0000,0.0000
87.7500,0.0000,0.0000,0.0000,0.0000,0.0000,0.0000,0.0000,0.0000,0.0000,0.0000,0.0000,0.0000,0.0000,24.8211,0.0000,0.0000,0.0000,0.0000,0.0000,100.0000,0.0000,33.5959,0.0000,0.0000,0.0000
87.8000,0.0000,0.0000,0.0000,0.0000,0.0000,0.0000,0.0000,0.0000,0.0000,0.0000,0.0000,0.0000,0.0000,24.8211,0.0000,0.0000,0.0000,0.0000,0.0000,100.0000,0.0000,33.5959,0.0000,0.0000,0.0000
87.8500,0.0000,0.0000,0.0000,0.0000,0.0000,0.0000,0.0000,0.0000,0.0000,0.0000,0.0000,0.0000,0.0000,24.8211,0.0000,0.0000,0.0000,0.0000,0.0000,100.0000,0.0000,33.5959,0.0000,0.0000,0.0000
87.9000,0.0000,0.0000,0.0000,0.0000,0.0000,0.0000,0.0000,0.0000,0.0000,0.0000,0.0000,0.0000,0.0000,24.8211,0.0000,0.0000,0.0000,0.0000,0.0000,100.0000,0.0000,33.5959,0.0000,0.0000,0.0000
87.9500,0.0000,0.0000,0.0000,0.0000,0.0000,0.0000,0.0000,0.0000,0.0000,0.0000,0.0000,0.0000,0.0000,24.8211,0.0000,0.0000,0.0000,0.0000,0.0000,100.0000,0.0000,33.5959,0.0000,0.0000,0.0000
88.0000,0.0000,0.0000,0.0000,0.0000,0.0000,0.0000,0.0000,0.0000,0.0000,0.0000,0.0000,0.0000,0.0000,24.8211,0.0000,0.0000,0.0000,0.0000,0.0000,100.0000,0.0000,33.5959,0.0000,0.0000,0.0000
88.0500,0.0000,0.0000,0.0000,0.0000,0.0000,0.0000,0.0000,0.0000,0.0000,0.0000,0.0000,0.0000,0.0000,23.3835,0.0000,0.0000,0.0000,0.0000,0.0167,100.0000,0.0000,33.5959,0.0000,0.0000,0.0000
88.1000,0.0000,0.0000,0.0000,0.0000,0.0000,0.0000,0.0000,0.0000,0.0000,0.0000,0.0000,0.0000,0.0000,16.9419,0.0000,0.0000,0.0000,0.0000,0.0917,100.0000,0.0000,33.5959,0.0000,0.0000,0.0000
88.1500,0.0000,0.0000,0.0000,0.0000,0.0000,0.0000,0.0000,0.0000,0.0000,0.0000,0.0000,0.0000,0.0000,7.8792,0.0000,0.0000,0.0000,0.0000,0.1972,100.0000,0.0000,33.5959,0.0000,0.0000,0.0000
88.2000,0.0000,0.0000,0.0000,0.0000,0.0000,0.0000,0.0000,0.0000,0.0000,0.0000,0.0000,0.0000,0.0000,1.4376,0.0000,0.0000,0.0000,0.0000,0.2722,100.0000,0.0000,33.5959,0.0000,0.0000,0.0000
88.2500,0.0000,0.0000,0.0000,0.0000,0.0000,0.0000,0.0000,0.0000,0.0000,0.0000,0.0000,0.0000,0.0000,0.0000,0.0000,0.0000,0.0000,0.0000,0.2890,100.0000,0.0000,33.5959,0.0000,0.0000,0.0000
88.3000,0.0000,0.0000,0.0000,0.0000,0.0000,0.0000,0.0000,0.0000,0.0000,0.0000,0.0000,0.0000,0.0000,0.0000,0.0000,0.0000,0.0000,0.0000,0.2890,100.0000,0.0000,33.5959,0.0000,0.0000,0.0000
88.3500,0.0000,0.0000,0.0000,0.0000,0.0000,0.0000,0.0000,0.0000,0.0000,0.0000,0.0000,0.0000,0.0000,0.0000,0.0000,0.0000,0.0000,0.0000,0.2890,100.0000,0.0000,33.5959,0.0000,0.0000,0.0000
88.4000,0.0000,0.0000,0.0000,0.0000,0.0000,0.0000,0.0000,0.0000,0.0000,0.0000,0.0000,0.0000,0.0000,0.0000,0.0000,0.0000,0.0000,0.0000,0.2890,100.0000,0.0000,33.5959,0.0000,0.0000,0.0000
88.4500,0.0000,0.0000,0.0000,0.0000,0.0000,0.0000,0.0000,0.0000,0.0000,0.0000,0.0000,0.0000,0.0000,0.0000,0.0000,0.0000,0.0000,0.0000,0.2890,100.0000,0.0000,33.5959,0.0000,0.0000,0.0000
88.5000,0.0000,0.0000,0.0000,0.0000,0.0000,0.0000,0.0000,0.0000,0.0000,0.0000,0.0000,0.0000,0.0000,0.0000,0.0000,0.0000,0.0000,0.0000,0.2890,100.0000,0.0000,33.5959,0.0000,0.0000,0.0000
88.5500,0.0000,0.0000,0.0000,0.0000,0.0000,0.0000,0.0000,0.0000,0.0000,0.0000,0.0000,0.0000,0.0000,0.0000,0.0000,0.0000,0.0000,0.0000,2.3741,100.0000,0.0000,34.2910,0.0000,0.0000,0.0000
88.6000,0.0000,0.0000,0.0000,0.0000,0.0000,0.0000,0.0000,0.0000,0.0000,0.0000,0.0000,0.0000,0.0000,0.0000,0.0000,0.0000,0.0000,0.0000,11.7168,100.0000,0.0000,37.4052,0.0000,0.0000,0.0000
88.6500,0.0000,0.0000,0.0000,0.0000,0.0000,0.0000,0.0000,0.0000,0.0000,0.0000,0.0000,0.0000,0.0000,0.0000,0.0000,0.0000,0.0000,0.0000,24.8611,100.0000,0.0000,41.7867,0.0000,0.0000,0.0000
88.7000,0.0000,0.0000,0.0000,0.0000,0.0000,0.0000,0.0000,0.0000,0.0000,0.0000,0.0000,0.0000,0.0000,0.0000,0.0000,0.0000,0.0000,0.0000,34.2038,100.0000,0.0000,44.9009,0.0000,0.0000,0.0000
88.7500,0.0000,0.0000,0.0000,0.0000,0.0000,0.0000,0.0000,0.0000,0.0000,0.0000,0.0000,0.0000,0.0000,0.0000,0.0000,0.0000,0.0000,0.0000,36.2890,100.0000,0.0000,45.5959,0.0000,0.0000,0.0000
88.8000,0.0000,0.0000,0.0000,0.0000,0.0000,0.0000,0.0000,0.0000,0.0000,0.0000,0.0000,0.0000,0.0000,0.0000,0.0000,0.0000,0.0000,0.0000,36.2890,100.0000,0.0000,45.5959,0.0000,0.0000,0.0000
88.8500,0.0000,0.0000,0.0000,0.0000,0.0000,0.0000,0.0000,0.0000,0.0000,0.0000,0.0000,0.0000,0.0000,0.0000,0.0000,0.0000,0.0000,0.0000,36.2890,100.0000,0.0000,45.5959,0.0000,0.0000,0.0000
88.9000,0.0000,0.0000,0.0000,0.0000,0.0000,0.0000,0.0000,0.0000,0.0000,0.0000,0.0000,0.0000,0.0000,0.0000,0.0000,0.0000,0.0000,0.0000,36.2890,100.0000,0.0000,45.5959,0.0000,0.0000,0.0000
88.9500,0.0000,0.0000,0.0000,0.0000,0.0000,0.0000,0.0000,0.0000,0.0000,0.0000,0.0000,0.0000,0.0000,0.0000,0.0000,0.0000,0.0000,0.0000,36.2890,100.0000,0.0000,45.5959,0.0000,0.0000,0.0000
89.0000,0.0000,0.0000,0.0000,0.0000,0.0000,0.0000,0.0000,0.0000,0.0000,0.0000,0.0000,0.0000,0.0000,0.0000,0.0000,0.0000,0.0000,0.0000,36.2890,100.0000,0.0000,45.5959,0.0000,0.0000,0.0000
89.0500,0.0000,0.0000,0.0000,0.0000,0.0000,0.0000,0.0000,0.0000,0.0000,0.0000,0.0000,0.0000,0.0000,0.0000,0.0000,0.0000,0.0000,0.0000,38.3741,100.0000,0.0000,44.9009,0.0000,0.0000,0.0000
89.1000,0.0000,0.0000,0.0000,0.0000,0.0000,0.0000,0.0000,0.0000,0.0000,0.0000,0.0000,0.0000,0.0000,0.0000,0.0000,0.0000,0.0000,0.0000,47.7168,100.0000,0.0000,41.7867,0.0000,0.0000,0.0000
89.1500,0.0000,0.0000,0.0000,0.0000,0.0000,0.0000,0.0000,0.0000,0.0000,0.0000,0.0000,0.0000,0.0000,0.0000,0.0000,0.0000,0.0000,0.0000,60.8611,100.0000,0.0000,37.4052,0.0000,0.0000,0.0000
89.2000,0.0000,0.0000,0.0000,0.0000,0.0000,0.0000,0.0000,0.0000,0.0000,0.0000,0.0000,0.0000,0.0000,0.0000,0.0000,0.0000,0.0000,0.0000,70.2038,100.0000,0.0000,34.2910,0.0000,0.0000,0.0000
89.2500,0.0000,0.0000,0.0000,0.0000,0.0000,0.0000,0.0000,0.0000,0.0000,0.0000,0.0000,0.0000,0.0000,0.0000,0.0000,0.0000,0.0000,0.0000,72.2890,100.0000,0.0000,33.5959,0.0000,0.0000,0.0000
89.3000,0.0000,0.0000,0.0000,0.0000,0.0000,0.0000,0.0000,0.0000,0.0000,0.0000,0.0000,0.0000,0.0000,0.0000,0.0000,0.0000,0.0000,0.0000,72.2890,100.0000,0.0000,33.5959,0.0000,0.0000,0.0000
89.3500,0.0000,0.0000,0.0000,0.0000,0.0000,0.0000,0.0000,0.0000,0.0000,0.0000,0.0000,0.0000,0.0000,0.0000,0.0000,0.0000,0.0000,0.0000,72.2890,100.0000,0.0000,33.5959,0.0000,0.0000,0.0000
89.4000,0.0000,0.0000,0.0000,0.0000,0.0000,0.0000,0.0000,0.0000,0.0000,0.0000,0.0000,0.0000,0.0000,0.0000,0.0000,0.0000,0.0000,0.0000,72.2890,100.0000,0.0000,33.5959,0.0000,0.0000,0.0000
89.4500,0.0000,0.0000,0.0000,0.0000,0.0000,0.0000,0.0000,0.0000,0.0000,0.0000,0.0000,0.0000,0.0000,0.0000,0.0000,0.0000,0.0000,0.0000,72.2890,100.0000,0.0000,33.5959,0.0000,0.0000,0.0000
89.5000,0.0000,0.0000,0.0000,0.0000,0.0000,0.0000,0.0000,0.0000,0.0000,0.0000,0.0000,0.0000,0.0000,0.0000,0.0000,0.0000,0.0000,0.0000,72.2890,100.0000,0.0000,33.5959,0.0000,0.0000,0.0000
89.5500,0.0000,0.0000,0.0000,0.0000,0.0000,0.0000,0.0000,0.0000,5.7920,0.0000,0.0000,0.0000,0.0000,0.0000,0.0000,0.0000,0.0000,0.0000,68.8138,94.2080,0.0000,31.6501,5.7920,0.0000,0.0000
89.6000,0.0000,0.0000,0.0000,0.0000,0.0000,0.0000,0.0000,0.0000,31.7440,0.0000,0.0000,0.0000,0.0000,0.0000,0.0000,0.0000,0.0000,0.0000,53.2426,68.2560,0.0000,22.9312,31.7440,0.0000,0.0000
89.6500,0.0000,0.0000,0.0000,0.0000,0.0000,0.0000,0.0000,0.0000,68.2560,0.0000,0.0000,0.0000,0.0000,0.0000,0.0000,0.0000,0.0000,0.0000,31.3354,31.7440,0.0000,10.6647,68.2560,0.0000,0.0000
89.7000,0.0000,0.0000,0.0000,0.0000,0.0000,0.0000,0.0000,0.0000,94.2080,0.0000,0.0000,0.0000,0.0000,0.0000,0.0000,0.0000,0.0000,0.0000,15.7642,5.7920,0.0000,1.9459,94.2080,0.0000,0.0000
89.7500,0.0000,0.0000,0.0000,0.0000,0.0000,0.0000,0.0000,0.0000,100.0000,0.0000,0.0000,0.0000,0.0000,0.0000,0.0000,0.0000,0.0000,0.0000,12.2890,0.0000,0.0000,0.0000,100.0000,0.0000,0.0000
89.8000,0.0000,0.0000,0.0000,0.0000,0.0000,0.0000,0.0000,0.0000,100.0000,0.0000,0.0000,0.0000,0.0000,0.0000,0.0000,0.0000,0.0000,0.0000,12.2890,0.0000,0.0000,0.0000,100.0000,0.0000,0.0000
89.8500,0.0000,0.0000,0.0000,0.0000,0.0000,0.0000,0.0000,0.0000,100.0000,0.0000,0.0000,0.0000,0.0000,0.0000,0.0000,0.0000,0.0000,0.0000,12.2890,0.0000,0.0000,0.0000,100.0000,0.0000,0.0000
89.9000,0.0000,0.0000,0.0000,0.0000,0.0000,0.0000,0.0000,0.0000,100.0000,0.0000,0.0000,0.0000,0.0000,0.0000,0.0000,0.0000,0.0000,0.0000,12.2890,0.0000,0.0000,0.0000,100.0000,0.0000,0.0000
89.9500,0.0000,0.0000,0.0000,0.0000,0.0000,0.0000,0.0000,0.0000,100.0000,0.0000,0.0000,0.0000,0.0000,0.0000,0.0000,0.0000,0.0000,0.0000,12.2890,0.0000,0.0000,0.0000,100.0000,0.0000,0.0000
90.0000,0.0000,0.0000,0.0000,0.0000,0.0000,0.0000,0.0000,0.0000,100.0000,0.0000,0.0000,0.0000,0.0000,0.0000,0.0000,0.0000,0.0000,0.0000,12.2890,0.0000,0.0000,0.0000,100.0000,0.0000,0.0000
90.0500,0.0000,0.0000,0.0000,0.0000,0.0000,0.0000,0.0000,0.0000,98.7021,0.0000,0.0000,0.0000,0.5718,0.0000,0.0000,0.0000,0.0000,0.0000,11.5772,0.0000,0.0000,0.0000,100.0000,0.0000,0.0000
90.1000,0.0000,0.0000,0.0000,0.0000,0.0000,0.0000,0.0000,0.0000,92.8869,0.0000,0.0000,0.0000,3.1341,0.0000,0.0000,0.0000,0.0000,0.0000,8.3880,0.0000,0.0000,0.0000,100.0000,0.0000,0.0000
90.1500,0.0000,0.0000,0.0000,0.0000,0.0000,0.0000,0.0000,0.0000,84.7054,0.0000,0.0000,0.0000,6.7389,0.0000,0.0000,0.0000,0.0000,0.0000,3.9010,0.0000,0.0000,0.0000,100.0000,0.0000,0.0000
90.2000,0.0000,0.0000,0.0000,0.0000,0.0000,0.0000,0.0000,0.0000,78.8902,0.0000,0.0000,0.0000,9.3012,0.0000,0.0000,0.0000,0.0000,0.0000,0.7118,0.0000,0.0000,0.0000,100.0000,0.0000,0.0000
90.2500,0.0000,0.0000,0.0000,0.0000,0.0000,0.0000,0.0000,0.0000,77.5923,0.0000,0.0000,0.0000,9.8730,0.0000,0.0000,0.0000,0.0000,0.0000,0.0000,0.0000,0.0000,0.0000,100.0000,0.0000,0.0000
90.3000,0.0000,0.0000,0.0000,0.0000,0.0000,0.0000,0.0000,0.0000,77.5923,0.0000,0.0000,0.0000,9.8730,0.0000,0.0000,0.0000,0.0000,0.0000,0.0000,0.0000,0.0000,0.0000,100.0000,0.0000,0.0000
90.3500,0.0000,0.0000,0.0000,0.0000,0.0000,0.0000,0.0000,0.0000,77.5923,0.0000,0.0000,0.0000,9.8730,0.0000,0.0000,0.0000,0.0000,0.0000,0.0000,0.0000,0.0000,0.0000,100.0000,0.0000,0.0000
90.4000,0.0000,0.0000,0.0000,0.0000,0.0000,0.0000,0.0000,0.0000,77.5923,0.0000,0.0000,0.0000,9.8730,0.0000,0.0000,0.0000,0.0000,0.0000,0.0000,0.0000,0.0000,0.0000,100.0000,0.0000,0.0000
90.4500,0.0000,0.0000,0.0000,0.0000,0.0000,0.0000,0.0000,0.0000,77.5923,0.0000,0.0000,0.0000,9.8730,0.0000,0.0000,0.0000,0.0000,0.0000,0.0000,0.0000,0.0000,0.0000,100.0000,0.0000,0.0000
90.5000,0.0000,0.0000,0.0000,0.0000,0.0000,0.0000,0.0000,0.0000,77.5923,0.0000,0.0000,0.0000,9.8730,0.0000,0.0000,0.0000,0.0000,0.0000,0.0000,0.0000,0.0000,0.0000,100.0000,0.0000,0.0000
90.5500,0.0000,0.0000,0.0000,0.0000,0.0000,0.0000,0.0000,0.0000,76.8973,0.0000,0.0000,0.0000,9.8730,0.0000,0.0000,0.0000,0.0000,0.0000,0.0000,0.0000,0.0000,0.0000,100.0000,0.0000,0.0000
90.6000,0.0000,0.0000,0.0000,0.0000,0.0000,0.0000,0.0000,0.0000,73.7831,0.0000,0.0000,0.0000,9.8730,0.0000,0.0000,0.0000,0.0000,0.0000,0.0000,0.0000,0.0000,0.0000,100.0000,0.0000,0.0000
90.6500,0.0000,0.0000,0.0000,0.0000,0.0000,0.0000,0.0000,0.0000,69.4016,0.0000,0.0000,0.0000,9.8730,0.0000,0.0000,0.0000,0.0000,0.0000,0.0000,0.0000,0.0000,0.0000,100.0000,0.0000,0.0000
90.7000,0.0000,0.0000,0.0000,0.0000,0.0000,0.0000,0.0000,0.0000,66.2874,0.0000,0.0000,0.0000,9.8730,0.0000,0.0000,0.0000,0.0000,0.0000,0.0000,0.0000,0.0000,0.0000,100.0000,0.0000,0.0000
90.7500,0.0000,0.0000,0.0000,0.0000,0.0000,0.0000,0.0000,0.0000,65.5923,0.0000,0.0000,0.0000,9.8730,0.0000,0.0000,0.0000,0.0000,0.0000,0.0000,0.0000,0.0000,0.0000,100.0000,0.0000,0.0000
90.8000,0.0000,0.0000,0.0000,0.0000,0.0000,0.0000,0.0000,0.0000,65.5923,0.0000,0.0000,0.0000,9.8730,0.0000,0.0000,0.0000,0.0000,0.0000,0.0000,0.0000,0.0000,0.0000,100.0000,0.0000,0.0000
90.8500,0.0000,0.0000,0.0000,0.0000,0.0000,0.0000,0.0000,0.0000,65.5923,0.0000,0.0000,0.0000,9.8730,0.0000,0.0000,0.0000,0.0000,0.0000,0.0000,0.0000,0.0000,0.0000,100.0000,0.0000,0.0000
90.9000,0.0000,0.0000,0.0000,0.0000,0.0000,0.0000,0.0000,0.0000,65.5923,0.0000,0.0000,0.0000,9.8730,0.0000,0.0000,0.0000,0.0000,0.0000,0.0000,0.0000,0.0000,0.0000,100.0000,0.0000,0.0000
90.9500,0.0000,0.0000,0.0000,0.0000,0.0000,0.0000,0.0000,0.0000,65.5923,0.0000,0.0000,0.0000,9.8730,0.0000,0.0000,0.0000,0.0000,0.0000,0.0000,0.0000,0.0000,0.0000,100.0000,0.0000,0.0000
91.0000,0.0000,0.0000,0.0000,0.0000,0.0000,0.0000,0.0000,0.0000,65.5923,0.0000,0.0000,0.0000,9.8730,0.0000,0.0000,0.0000,0.0000,0.0000,0.0000,0.0000,0.0000,0.0000,100.0000,0.0000,0.0000
91.0500,0.0000,0.0000,0.0000,0.0000,0.0000,0.0000,0.0000,0.0000,67.2377,0.0000,0.0000,0.0000,9.8730,0.0000,0.0000,0.0000,0.0000,0.0000,0.0000,0.0000,0.0000,0.0000,100.0000,0.0000,0.0000
91.1000,0.0000,0.0000,0.0000,0.0000,0.0000,0.0000,0.0000,0.0000,74.6101,0.0000,0.0000,0.0000,9.8730,0.0000,0.0000,0.0000,0.0000,0.0000,0.0000,0.0000,0.0000,0.0000,100.0000,0.0000,0.0000
91.1500,0.0000,0.0000,0.0000,0.0000,0.0000,0.0000,0.0000,0.0000,84.9823,0.0000,0.0000,0.0000,9.8730,0.0000,0.0000,0.0000,0.0000,0.0000,0.0000,0.0000,0.0000,0.0000,100.0000,0.0000,0.0000
91.2000,0.0000,0.0000,0.0000,0.0000,0.0000,0.0000,0.0000,0.0000,92.3546,0.0000,0.0000,0.0000,9.8730,0.0000,0.0000,0.0000,0.0000,0.0000,0.0000,0.0000,0.0000,0.0000,100.0000,0.0000,0.0000
91.2500,0.0000,0.0000,0.0000,0.0000,0.0000,0.0000,0.0000,0.0000,94.0000,0.0000,0.0000,0.0000,9.8730,0.0000,0.0000,0.0000,0.0000,0.0000,0.0000,0.0000,0.0000,0.0000,100.0000,0.0000,0.0000
91.3000,0.0000,0.0000,0.0000,0.0000,0.0000,0.0000,0.0000,0.0000,94.0000,0.0000,0.0000,0.0000,9.8730,0.0000,0.0000,0.0000,0.0000,0.0000,0.0000,0.0000,0.0000,0.0000,100.0000,0.0000,0.0000
91.3500,0.0000,0.0000,0.0000,0.0000,0.0000,0.0000,0.0000,0.0000,94.0000,0.0000,0.0000,0.0000,9.8730,0.0000,0.0000,0.0000,0.0000,0.0000,0.0000,0.0000,0.0000,0.0000,100.0000,0.0000,0.0000
91.4000,0.0000,0.0000,0.0000,0.0000,0.0000,0.0000,0.0000,0.0000,94.0000,0.0000,0.0000,0.0000,9.8730,0.0000,0.0000,0.0000,0.0000,0.0000,0.0000,0.0000,0.0000,0.0000,100.0000,0.0000,0.0000
91.4500,0.0000,0.0000,0.0000,0.0000,0.0000,0.0000,0.0000,0.0000,94.0000,0.0000,0.0000,0.0000,9.8730,0.0000,0.0000,0.0000,0.0000,0.0000,0.0000,0.0000,0.0000,0.0000,100.0000,0.0000,0.0000
91.5000,0.0000,0.0000,0.0000,0.0000,0.0000,0.0000,0.0000,0.0000,94.0000,0.0000,0.0000,0.0000,9.8730,0.0000,0.0000,0.0000,0.0000,0.0000,0.0000,0.0000,0.0000,0.0000,100.0000,0.0000,0.0000
91.5500,0.0000,3.7069,0.0000,0.0000,4.4019,0.0000,0.0000,0.0000,88.5555,0.0000,0.0000,0.0000,9.8730,0.0000,0.0000,0.0000,0.0000,0.0000,0.0000,0.0000,0.0000,0.0000,94.2080,0.0000,0.0000
91.6000,0.0000,20.3162,0.0000,0.0000,24.1254,0.0000,0.0000,0.0000,64.1606,0.0000,0.0000,0.0000,9.8730,0.0000,0.0000,0.0000,0.0000,0.0000,0.0000,0.0000,0.0000,0.0000,68.2560,0.0000,0.0000
91.6500,0.0000,43.6838,0.0000,0.0000,51.8746,0.0000,0.0000,0.0000,29.8394,0.0000,0.0000,0.0000,9.8730,0.0000,0.0000,0.0000,0.0000,0.0000,0.0000,0.0000,0.0000,0.0000,31.7440,0.0000,0.0000
91.7000,0.0000,60.2931,0.0000,0.0000,71.5981,0.0000,0.0000,0.0000,5.4445,0.0000,0.0000,0.0000,9.8730,0.0000,0.0000,0.0000,0.0000,0.0000,0.0000,0.0000,0.0000,0.0000,5.7920,0.0000,0.0000
91.7500,0.0000,64.0000,0.0000,0.0000,76.0000,0.0000,0.0000,0.0000,0.0000,0.0000,0.0000,0.0000,9.8730,0.0000,0.0000,0.0000,0.0000,0.0000,0.0000,0.0000,0.0000,0.0000,0.0000,0.0000,0.0000
91.8000,0.0000,64.0000,0.0000,0.0000,76.0000,0.0000,0.0000,0.0000,0.0000,0.0000,0.0000,0.0000,9.8730,0.0000,0.0000,0.0000,0.0000,0.0000,0.0000,0.0000,0.0000,0.0000,0.0000,0.0000,0.0000
91.8500,0.0000,64.0000,0.0000,0.0000,76.0000,0.0000,0.0000,0.0000,0.0000,0.0000,0.0000,0.0000,9.8730,0.0000,0.0000,0.0000,0.0000,0.0000,0.0000,0.0000,0.0000,0.0000,0.0000,0.0000,0.0000
91.9000,0.0000,64.0000,0.0000,0.0000,76.0000,0.0000,0.0000,0.0000,0.0000,0.0000,0.0000,0.0000,9.8730,0.0000,0.0000,0.0000,0.0000,0.0000,0.0000,0.0000,0.0000,0.0000,0.0000,0.0000,0.0000
91.9500,0.0000,64.0000,0.0000,0.0000,76.0000,0.0000,0.0000,0.0000,0.0000,0.0000,0.0000,0.0000,9.8730,0.0000,0.0000,0.0000,0.0000,0.0000,0.0000,0.0000,0.0000,0.0000,0.0000,0.0000,0.0000
92.0000,0.0000,64.0000,0.0000,0.0000,76.0000,0.0000,0.0000,0.0000,0.0000,0.0000,0.0000,0.0000,9.8730,0.0000,0.0000,0.0000,0.0000,0.0000,0.0000,0.0000,0.0000,0.0000,0.0000,0.0000,0.0000
92.0500,0.0000,64.4675,0.0000,0.0000,77.3335,0.0000,5.7920,0.0000,0.0000,0.0000,0.0000,0.0000,9.3012,0.0000,0.0000,0.0000,0.0000,0.0000,0.0000,0.0000,0.0000,0.0000,0.0000,0.0000,0.0000
92.1000,0.0000,66.5621,0.0000,0.0000,83.3082,0.0000,31.7440,0.0000,0.0000,0.0000,0.0000,0.0000,6.7389,0.0000,0.0000,0.0000,0.0000,0.0000,0.0000,0.0000,0.0000,0.0000,0.0000,0.0000,0.0000
92.1500,0.0000,69.5090,0.0000,0.0000,91.7141,0.0000,68.2560,0.0000,0.0000,0.0000,0.0000,0.0000,3.1341,0.0000,0.0000,0.0000,0.0000,0.0000,0.0000,0.0000,0.0000,0.0000,0.0000,0.0000,0.0000
92.2000,0.0000,71.6036,0.0000,0.0000,97.6889,0.0000,94.2080,0.0000,0.0000,0.0000,0.0000,0.0000,0.5718,0.0000,0.0000,0.0000,0.0000,0.0000,0.0000,0.0000,0.0000,0.0000,0.0000,0.0000,0.0000
92.2500,0.0000,72.0710,0.0000,0.0000,99.0223,0.0000,100.0000,0.0000,0.0000,0.0000,0.0000,0.0000,0.0000,0.0000,0.0000,0.0000,0.0000,0.0000,0.0000,0.0000,0.0000,0.0000,0.0000,0.0000,0.0000
92.3000,0.0000,72.0710,0.0000,0.0000,99.0223,0.0000,100.0000,0.0000,0.0000,0.0000,0.0000,0.0000,0.0000,0.0000,0.0000,0.0000,0.0000,0.0000,0.0000,0.0000,0.0000,0.0000,0.0000,0.0000,0.0000
92.3500,0.0000,72.0710,0.0000,0.0000,99.0223,0.0000,100.0000,0.0000,0.0000,0.0000,0.0000,0.0000,0.0000,0.0000,0.0000,0.0000,0.0000,0.0000,0.0000,0.0000,0.0000,0.0000,0.0000,0.0000,0.0000
92.4000,0.0000,72.0710,0.0000,0.0000,99.0223,0.0000,100.0000,0.0000,0.0000,0.0000,0.0000,0.0000,0.0000,0.0000,0.0000,0.0000,0.0000,0.0000,0.0000,0.0000,0.0000,0.0000,0.0000,0.0000,0.0000
92.4500,0.0000,72.0710,0.0000,0.0000,99.0223,0.0000,100.0000,0.0000,0.0000,0.0000,0.0000,0.0000,0.0000,0.0000,0.0000,0.0000,0.0000,0.0000,0.0000,0.0000,0.0000,0.0000,0.0000,0.0000,0.0000
92.5000,0.0000,72.0710,0.0000,0.0000,99.0223,0.0000,100.0000,0.0000,0.0000,0.0000,0.0000,0.0000,0.0000,0.0000,0.0000,0.0000,0.0000,0.0000,0.0000,0.0000,0.0000,0.0000,0.0000,0.0000,0.0000
92.5500,0.0000,73.4611,0.0000,0.0000,98.3839,0.0000,99.3050,0.0000,0.0000,0.0000,0.0000,0.0000,0.0000,0.0000,0.0000,0.0000,0.0000,0.0000,0.0000,0.0000,0.0000,0.0000,0.0000,0.0000,0.0000
92.6000,0.0000,79.6896,0.0000,0.0000,95.5234,0.0000,96.1907,0.0000,0.0000,0.0000,0.0000,0.0000,0.0000,0.0000,0.0000,0.0000,0.0000,0.0000,0.0000,0.0000,0.0000,0.0000,0.0000,0.0000,0.0000
92.6500,0.0000,88.4525,0.0000,0.0000,91.4989,0.0000,91.8093,0.0000,0.0000,0.0000,0.0000,0.0000,0.0000,0.0000,0.0000,0.0000,0.0000,0.0000,0.0000,0.0000,0.0000,0.0000,0.0000,0.0000,0.0000
92.7000,0.0000,94.6810,0.0000,0.0000,88.6384,0.0000,88.6950,0.0000,0.0000,0.0000,0.0000,0.0000,0.0000,0.0000,0.0000,0.0000,0.0000,0.0000,0.0000,0.0000,0.0000,0.0000,0.0000,0.0000,0.0000
92.7500,0.0000,96.0710,0.0000,0.0000,88.0000,0.0000,88.0000,0.0000,0.0000,0.0000,0.0000,0.0000,0.0000,0.0000,0.0000,0.0000,0.0000,0.0000,0.0000,0.0000,0.0000,0.0000,0.0000,0.0000,0.0000
92.8000,0.0000,96.0710,0.0000,0.0000,88.0000,0.0000,88.0000,0.0000,0.0000,0.0000,0.0000,0.0000,0.0000,0.0000,0.0000,0.0000,0.0000,0.0000,0.0000,0.0000,0.0000,0.0000,0.0000,0.0000,0.0000
92.8500,0.0000,96.0710,0.0000,0.0000,88.0000,0.0000,88.0000,0.0000,0.0000,0.0000,0.0000,0.0000,0.0000,0.0000,0.0000,0.0000,0.0000,0.0000,0.0000,0.0000,0.0000,0.0000,0.0000,0.0000,0.0000
92.9000,0.0000,96.0710,0.0000,0.0000,88.0000,0.0000,88.0000,0.0000,0.0000,0.0000,0.0000,0.0000,0.0000,0.0000,0.0000,0.0000,0.0000,0.0000,0.0000,0.0000,0.0000,0.0000,0.0000,0.0000,0.0000
92.9500,0.0000,96.0710,0.0000,0.0000,88.0000,0.0000,88.0000,0.0000,0.0000,0.0000,0.0000,0.0000,0.0000,0.0000,0.0000,0.0000,0.0000,0.0000,0.0000,0.0000,0.0000,0.0000,0.0000,0.0000,0.0000
93.0000,0.0000,96.0710,0.0000,0.0000,88.0000,0.0000,88.0000,0.0000,0.0000,0.0000,0.0000,0.0000,0.0000,0.0000,0.0000,0.0000,0.0000,0.0000,0.0000,0.0000,0.0000,0.0000,0.0000,0.0000,0.0000
93.0500,0.0000,94.6810,0.0000,0.0000,87.2483,0.0000,85.2764,0.0000,0.0000,0.0000,0.0000,0.0000,0.0000,0.0000,0.0000,0.0000,0.0000,0.0000,0.0000,0.0000,0.0000,0.0000,0.0000,0.0000,0.0000
93.1000,0.0000,88.4525,0.0000,0.0000,83.8804,0.0000,73.0729,0.0000,0.0000,0.0000,0.0000,0.0000,0.0000,0.0000,0.0000,0.0000,0.0000,0.0000,0.0000,0.0000,0.0000,0.0000,0.0000,0.0000,0.0000
93.1500,0.0000,79.6896,0.0000,0.0000,79.1420,0.0000,55.9037,0.0000,0.0000,0.0000,0.0000,0.0000,0.0000,0.0000,0.0000,0.0000,0.0000,0.0000,0.0000,0.0000,0.0000,0.0000,0.0000,0.0000,0.0000
93.2000,0.0000,73.4611,0.0000,0.0000,75.7740,0.0000,43.7002,0.0000,0.0000,0.0000,0.0000,0.0000,0.0000,0.0000,0.0000,0.0000,0.0000,0.0000,0.0000,0.0000,0.0000,0.0000,0.0000,0.0000,0.0000
93.2500,0.0000,72.0710,0.0000,0.0000,75.0223,0.0000,40.9766,0.0000,0.0000,0.0000,0.0000,0.0000,0.0000,0.0000,0.0000,0.0000,0.0000,0.0000,0.0000,0.0000,0.0000,0.0000,0.0000,0.0000,0.0000
93.3000,0.0000,72.0710,0.0000,0.0000,75.0223,0.0000,40.9766,0.0000,0.0000,0.0000,0.0000,0.0000,0.0000,0.0000,0.0000,0.0000,0.0000,0.0000,0.0000,0.0000,0.0000,0.0000,0.0000,0.0000,0.0000
93.3500,0.0000,72.0710,0.0000,0.0000,75.0223,0.0000,40.9766,0.0000,0.0000,0.0000,0.0000,0.0000,0.0000,0.0000,0.0000,0.0000,0.0000,0.0000,0.0000,0.0000,0.0000,0.0000,0.0000,0.0000,0.0000
93.4000,0.0000,72.0710,0.0000,0.0000,75.0223,0.0000,40.9766,0.0000,0.0000,0.0000,0.0000,0.0000,0.0000,0.0000,0.0000,0.0000,0.0000,0.0000,0.0000,0.0000,0.0000,0.0000,0.0000,0.0000,0.0000
93.4500,0.0000,72.0710,0.0000,0.0000,75.0223,0.0000,40.9766,0.0000,0.0000,0.0000,0.0000,0.0000,0.0000,0.0000,0.0000,0.0000,0.0000,0.0000,0.0000,0.0000,0.0000,0.0000,0.0000,0.0000,0.0000
93.5000,0.0000,72.0710,0.0000,0.0000,75.0223,0.0000,40.9766,0.0000,0.0000,0.0000,0.0000,0.0000,0.0000,0.0000,0.0000,0.0000,0.0000,0.0000,0.0000,0.0000,0.0000,0.0000,0.0000,0.0000,0.0000
93.5500,0.0000,67.8967,0.0000,0.0000,70.6770,5.7920,43.0617,0.0000,5.0970,0.0000,0.0000,0.0000,0.0000,0.0000,0.0000,0.0000,0.0000,0.0000,0.0000,0.0000,0.0000,0.0000,0.0000,0.0000,0.0000
93.6000,0.0000,49.1928,0.0000,0.0000,51.2072,31.7440,52.4044,0.0000,27.9347,0.0000,0.0000,0.0000,0.0000,0.0000,0.0000,0.0000,0.0000,0.0000,0.0000,0.0000,0.0000,0.0000,0.0000,0.0000,0.0000
93.6500,0.0000,22.8782,0.0000,0.0000,23.8151,68.2560,65.5488,0.0000,60.0653,0.0000,0.0000,0.0000,0.0000,0.0000,0.0000,0.0000,0.0000,0.0000,0.0000,0.0000,0.0000,0.0000,0.0000,0.0000,0.0000
93.7000,0.0000,4.1744,0.0000,0.0000,4.3453,94.2080,74.8915,0.0000,82.9030,0.0000,0.0000,0.0000,0.0000,0.0000,0.0000,0.0000,0.0000,0.0000,0.0000,0.0000,0.0000,0.0000,0.0000,0.0000,0.0000
93.7500,0.0000,0.0000,0.0000,0.0000,0.0000,100.0000,76.9766,0.0000,88.0000,0.0000,0.0000,0.0000,0.0000,0.0000,0.0000,0.0000,0.0000,0.0000,0.0000,0.0000,0.0000,0.0000,0.0000,0.0000,0.0000
93.8000,0.0000,0.0000,0.0000,0.0000,0.0000,100.0000,76.9766,0.0000,88.0000,0.0000,0.0000,0.0000,0.0000,0.0000,0.0000,0.0000,0.0000,0.0000,0.0000,0.0000,0.0000,0.0000,0.0000,0.0000,0.0000
93.8500,0.0000,0.0000,0.0000,0.0000,0.0000,100.0000,76.9766,0.0000,88.0000,0.0000,0.0000,0.0000,0.0000,0.0000,0.0000,0.0000,0.0000,0.0000,0.0000,0.0000,0.0000,0.0000,0.0000,0.0000,0.0000
93.9000,0.0000,0.0000,0.0000,0.0000,0.0000,100.0000,76.9766,0.0000,88.0000,0.0000,0.0000,0.0000,0.0000,0.0000,0.0000,0.0000,0.0000,0.0000,0.0000,0.0000,0.0000,0.0000,0.0000,0.0000,0.0000
93.9500,0.0000,0.0000,0.0000,0.0000,0.0000,100.0000,76.9766,0.0000,88.0000,0.0000,0.0000,0.0000,0.0000,0.0000,0.0000,0.0000,0.0000,0.0000,0.0000,0.0000,0.0000,0.0000,0.0000,0.0000,0.0000
94.0000,0.0000,0.0000,0.0000,0.0000,0.0000,100.0000,76.9766,0.0000,88.0000,0.0000,0.0000,0.0000,0.0000,0.0000,0.0000,0.0000,0.0000,0.0000,0.0000,0.0000,0.0000,0.0000,0.0000,0.0000,0.0000
94.0500,0.0000,0.0000,0.0000,0.0000,0.0000,95.5196,72.5181,0.0000,84.2465,0.0000,0.0000,0.0000,0.0000,0.0000,0.0000,0.0000,0.0000,0.0000,0.0000,0.0000,0.0000,0.0000,5.7920,0.0000,0.0000
94.1000,0.0000,0.0000,0.0000,0.0000,0.0000,75.4443,52.5412,0.0000,67.4284,0.0000,0.0000,0.0000,0.0000,0.0000,0.0000,0.0000,0.0000,0.0000,0.0000,0.0000,0.0000,0.0000,31.7440,0.0000,0.0000
94.1500,0.0000,0.0000,0.0000,0.0000,0.0000,47.2003,24.4355,0.0000,43.7670,0.0000,0.0000,0.0000,0.0000,0.0000,0.0000,0.0000,0.0000,0.0000,0.0000,0.0000,0.0000,0.0000,68.2560,0.0000,0.0000
94.2000,0.0000,0.0000,0.0000,0.0000,0.0000,27.1251,4.4585,0.0000,26.9489,0.0000,0.0000,0.0000,0.0000,0.0000,0.0000,0.0000,0.0000,0.0000,0.0000,0.0000,0.0000,0.0000,94.2080,0.0000,0.0000
94.2500,0.0000,0.0000,0.0000,0.0000,0.0000,22.6446,0.0000,0.0000,23.1954,0.0000,0.0000,0.0000,0.0000,0.0000,0.0000,0.0000,0.0000,0.0000,0.0000,0.0000,0.0000,0.0000,100.0000,0.0000,0.0000
94.3000,0.0000,0.0000,0.0000,0.0000,0.0000,22.6446,0.0000,0.0000,23.1954,0.0000,0.0000,0.0000,0.0000,0.0000,0.0000,0.0000,0.0000,0.0000,0.0000,0.0000,0.0000,0.0000,100.0000,0.0000,0.0000
94.3500,0.0000,0.0000,0.0000,0.0000,0.0000,22.6446,0.0000,0.0000,23.1954,0.0000,0.0000,0.0000,0.0000,0.0000,0.0000,0.0000,0.0000,0.0000,0.0000,0.0000,0.0000,0.0000,100.0000,0.0000,0.0000
94.4000,0.0000,0.0000,0.0000,0.0000,0.0000,22.6446,0.0000,0.0000,23.1954,0.0000,0.0000,0.0000,0.0000,0.0000,0.0000,0.0000,0.0000,0.0000,0.0000,0.0000,0.0000,0.0000,100.0000,0.0000,0.0000
94.4500,0.0000,0.0000,0.0000,0.0000,0.0000,22.6446,0.0000,0.0000,23.1954,0.0000,0.0000,0.0000,0.0000,0.0000,0.0000,0.0000,0.0000,0.0000,0.0000,0.0000,0.0000,0.0000,100.0000,0.0000,0.0000
94.5000,0.0000,0.0000,0.0000,0.0000,0.0000,22.6446,0.0000,0.0000,23.1954,0.0000,0.0000,0.0000,0.0000,0.0000,0.0000,0.0000,0.0000,0.0000,0.0000,0.0000,0.0000,0.0000,100.0000,0.0000,0.0000
94.5500,0.0000,0.0000,0.0000,0.0000,0.0000,22.9922,0.0000,0.0000,23.8380,0.0000,0.0000,0.0000,0.0000,0.0000,0.0000,0.0000,0.0000,0.0000,0.0000,0.0000,0.0000,0.0000,100.0000,0.0000,0.0000
94.6000,0.0000,0.0000,0.0000,0.0000,0.0000,24.5493,0.0000,0.0000,26.7175,0.0000,0.0000,0.0000,0.0000,0.0000,0.0000,0.0000,0.0000,0.0000,0.0000,0.0000,0.0000,0.0000,100.0000,0.0000,0.0000
94.6500,0.0000,0.0000,0.0000,0.0000,0.0000,26.7400,0.0000,0.0000,30.7687,0.0000,0.0000,0.0000,0.0000,0.0000,0.0000,0.0000,0.0000,0.0000,0.0000,0.0000,0.0000,0.0000,100.0000,0.0000,0.0000
94.7000,0.0000,0.0000,0.0000,0.0000,0.0000,28.2971,0.0000,0.0000,33.6483,0.0000,0.0000,0.0000,0.0000,0.0000,0.0000,0.0000,0.0000,0.0000,0.0000,0.0000,0.0000,0.0000,100.0000,0.0000,0.0000
94.7500,0.0000,0.0000,0.0000,0.0000,0.0000,28.6446,0.0000,0.0000,34.2909,0.0000,0.0000,0.0000,0.0000,0.0000,0.0000,0.0000,0.0000,0.0000,0.0000,0.0000,0.0000,0.0000,100.0000,0.0000,0.0000
94.8000,0.0000,0.0000,0.0000,0.0000,0.0000,28.6446,0.0000,0.0000,34.2909,0.0000,0.0000,0.0000,0.0000,0.0000,0.0000,0.0000,0.0000,0.0000,0.0000,0.0000,0.0000,0.0000,100.0000,0.0000,0.0000
94.8500,0.0000,0.0000,0.0000,0.0000,0.0000,28.6446,0.0000,0.0000,34.2909,0.0000,0.0000,0.0000,0.0000,0.0000,0.0000,0.0000,0.0000,0.0000,0.0000,0.0000,0.0000,0.0000,100.0000,0.0000,0.0000
94.9000,0.0000,0.0000,0.0000,0.0000,0.0000,28.6446,0.0000,0.0000,34.2909,0.0000,0.0000,0.0000,0.0000,0.0000,0.0000,0.0000,0.0000,0.0000,0.0000,0.0000,0.0000,0.0000,100.0000,0.0000,0.0000
94.9500,0.0000,0.0000,0.0000,0.0000,0.0000,28.6446,0.0000,0.0000,34.2909,0.0000,0.0000,0.0000,0.0000,0.0000,0.0000,0.0000,0.0000,0.0000,0.0000,0.0000,0.0000,0.0000,100.0000,0.0000,0.0000
95.0000,0.0000,0.0000,0.0000,0.0000,0.0000,28.6446,0.0000,0.0000,34.2909,0.0000,0.0000,0.0000,0.0000,0.0000,0.0000,0.0000,0.0000,0.0000,0.0000,0.0000,0.0000,0.0000,100.0000,0.0000,0.0000
95.0500,0.0000,0.0000,0.0000,0.0000,0.0000,28.6446,0.0000,0.0000,34.1172,0.0000,0.0000,0.0000,0.0000,0.0000,0.0000,0.0000,0.0000,0.0000,0.0000,0.0000,0.0000,0.0000,99.8262,0.0000,0.0000
95.1000,0.0000,0.0000,0.0000,0.0000,0.0000,28.6446,0.0000,0.0000,33.3386,0.0000,0.0000,0.0000,0.0000,0.0000,0.0000,0.0000,0.0000,0.0000,0.0000,0.0000,0.0000,0.0000,99.0477,0.0000,0.0000
95.1500,0.0000,0.0000,0.0000,0.0000,0.0000,28.6446,0.0000,0.0000,32.2432,0.0000,0.0000,0.0000,0.0000,0.0000,0.0000,0.0000,0.0000,0.0000,0.0000,0.0000,0.0000,0.0000,97.9523,0.0000,0.0000
95.2000,0.0000,0.0000,0.0000,0.0000,0.0000,28.6446,0.0000,0.0000,31.4647,0.0000,0.0000,0.0000,0.0000,0.0000,0.0000,0.0000,0.0000,0.0000,0.0000,0.0000,0.0000,0.0000,97.1738,0.0000,0.0000
95.2500,0.0000,0.0000,0.0000,0.0000,0.0000,28.6446,0.0000,0.0000,31.2909,0.0000,0.0000,0.0000,0.0000,0.0000,0.0000,0.0000,0.0000,0.0000,0.0000,0.0000,0.0000,0.0000,97.0000,0.0000,0.0000
95.3000,0.0000,0.0000,0.0000,0.0000,0.0000,28.6446,0.0000,0.0000,31.2909,0.0000,0.0000,0.0000,0.0000,0.0000,0.0000,0.0000,0.0000,0.0000,0.0000,0.0000,0.0000,0.0000,97.0000,0.0000,0.0000
95.3500,0.0000,0.0000,0.0000,0.0000,0.0000,28.6446,0.0000,0.0000,31.2909,0.0000,0.0000,0.0000,0.0000,0.0000,0.0000,0.0000,0.0000,0.0000,0.0000,0.0000,0.0000,0.0000,97.0000,0.0000,0.0000
95.4000,0.0000,0.0000,0.0000,0.0000,0.0000,28.6446,0.0000,0.0000,31.2909,0.0000,0.0000,0.0000,0.0000,0.0000,0.0000,0.0000,0.0000,0.0000,0.0000,0.0000,0.0000,0.0000,97.0000,0.0000,0.0000
95.4500,0.0000,0.0000,0.0000,0.0000,0.0000,28.6446,0.0000,0.0000,31.2909,0.0000,0.0000,0.0000,0.0000,0.0000,0.0000,0.0000,0.0000,0.0000,0.0000,0.0000,0.0000,0.0000,97.0000,0.0000,0.0000
95.5000,0.0000,0.0000,0.0000,0.0000,0.0000,28.6446,0.0000,0.0000,31.2909,0.0000,0.0000,0.0000,0.0000,0.0000,0.0000,0.0000,0.0000,0.0000,0.0000,0.0000,0.0000,0.0000,97.0000,0.0000,0.0000
95.5500,0.0000,0.0000,0.0000,0.0000,0.0000,26.9855,0.0000,0.0000,29.4785,0.0000,0.0000,0.0000,0.0000,0.0000,0.0000,0.0000,0.0000,0.0000,0.0000,0.0000,0.0000,3.7069,92.4291,5.7920,0.0000
95.6000,0.0000,0.0000,0.0000,0.0000,0.0000,19.5517,0.0000,0.0000,21.3579,0.0000,0.0000,0.0000,0.0000,0.0000,0.0000,0.0000,0.0000,0.0000,0.0000,0.0000,0.0000,20.3162,71.9485,31.7440,0.0000
95.6500,0.0000,0.0000,0.0000,0.0000,0.0000,9.0930,0.0000,0.0000,9.9330,0.0000,0.0000,0.0000,0.0000,0.0000,0.0000,0.0000,0.0000,0.0000,0.0000,0.0000,0.0000,43.6838,43.1343,68.2560,0.0000
95.7000,0.0000,0.0000,0.0000,0.0000,0.0000,1.6591,0.0000,0.0000,1.8124,0.0000,0.0000,0.0000,0.0000,0.0000,0.0000,0.0000,0.0000,0.0000,0.0000,0.0000,0.0000,60.2931,22.6537,94.2080,0.0000
95.7500,0.0000,0.0000,0.0000,0.0000,0.0000,0.0000,0.0000,0.0000,0.0000,0.0000,0.0000,0.0000,0.0000,0.0000,0.0000,0.0000,0.0000,0.0000,0.0000,0.0000,0.0000,64.0000,18.0828,100.0000,0.0000
95.8000,0.0000,0.0000,0.0000,0.0000,0.0000,0.0000,0.0000,0.0000,0.0000,0.0000,0.0000,0.0000,0.0000,0.0000,0.0000,0.0000,0.0000,0.0000,0.0000,0.0000,0.0000,64.0000,18.0828,100.0000,0.0000
95.8500,0.0000,0.0000,0.0000,0.0000,0.0000,0.0000,0.0000,0.0000,0.0000,0.0000,0.0000,0.0000,0.0000,0.0000,0.0000,0.0000,0.0000,0.0000,0.0000,0.0000,0.0000,64.0000,18.0828,100.0000,0.0000
95.9000,0.0000,0.0000,0.0000,0.0000,0.0000,0.0000,0.0000,0.0000,0.0000,0.0000,0.0000,0.0000,0.0000,0.0000,0.0000,0.0000,0.0000,0.0000,0.0000,0.0000,0.0000,64.0000,18.0828,100.0000,0.0000
95.9500,0.0000,0.0000,0.0000,0.0000,0.0000,0.0000,0.0000,0.0000,0.0000,0.0000,0.0000,0.0000,0.0000,0.0000,0.0000,0.0000,0.0000,0.0000,0.0000,0.0000,0.0000,64.0000,18.0828,100.0000,0.0000
96.0000,0.0000,0.0000,0.0000,0.0000,0.0000,0.0000,0.0000,0.0000,0.0000,0.0000,0.0000,0.0000,0.0000,0.0000,0.0000,0.0000,0.0000,0.0000,0.0000,0.0000,0.0000,64.0000,18.0828,100.0000,0.0000
96.0500,0.0000,0.0000,3.5001,0.0000,0.0000,0.0000,0.0000,0.0000,0.0000,0.0000,0.0000,0.0000,0.0000,0.0000,0.0000,0.0000,0.0000,0.0000,0.0000,0.0000,0.0000,64.3475,17.0355,100.0000,0.0000
96.1000,0.0000,0.0000,19.1831,0.0000,0.0000,0.0000,0.0000,0.0000,0.0000,0.0000,0.0000,0.0000,0.0000,0.0000,0.0000,0.0000,0.0000,0.0000,0.0000,0.0000,0.0000,65.9046,12.3426,100.0000,0.0000
96.1500,0.0000,0.0000,41.2474,0.0000,0.0000,0.0000,0.0000,0.0000,0.0000,0.0000,0.0000,0.0000,0.0000,0.0000,0.0000,0.0000,0.0000,0.0000,0.0000,0.0000,0.0000,68.0954,5.7402,100.0000,0.0000
96.2000,0.0000,0.0000,56.9304,0.0000,0.0000,0.0000,0.0000,0.0000,0.0000,0.0000,0.0000,0.0000,0.0000,0.0000,0.0000,0.0000,0.0000,0.0000,0.0000,0.0000,0.0000,69.6525,1.0474,100.0000,0.0000
96.2500,0.0000,0.0000,60.4305,0.0000,0.0000,0.0000,0.0000,0.0000,0.0000,0.0000,0.0000,0.0000,0.0000,0.0000,0.0000,0.0000,0.0000,0.0000,0.0000,0.0000,0.0000,70.0000,0.0000,100.0000,0.0000
96.3000,0.0000,0.0000,60.4305,0.0000,0.0000,0.0000,0.0000,0.0000,0.0000,0.0000,0.0000,0.0000,0.0000,0.0000,0.0000,0.0000,0.0000,0.0000,0.0000,0.0000,0.0000,70.0000,0.0000,100.0000,0.0000
96.3500,0.0000,0.0000,60.4305,0.0000,0.0000,0.0000,0.0000,0.0000,0.0000,0.0000,0.0000,0.0000,0.0000,0.0000,0.0000,0.0000,0.0000,0.0000,0.0000,0.0000,0.0000,70.0000,0.0000,100.0000,0.0000
96.4000,0.0000,0.0000,60.4305,0.0000,0.0000,0.0000,0.0000,0.0000,0.0000,0.0000,0.0000,0.0000,0.0000,0.0000,0.0000,0.0000,0.0000,0.0000,0.0000,0.0000,0.0000,70.0000,0.0000,100.0000,0.0000
96.4500,0.0000,0.0000,60.4305,0.0000,0.0000,0.0000,0.0000,0.0000,0.0000,0.0000,0.0000,0.0000,0.0000,0.0000,0.0000,0.0000,0.0000,0.0000,0.0000,0.0000,0.0000,70.0000,0.0000,100.0000,0.0000
96.5000,0.0000,0.0000,60.4305,0.0000,0.0000,0.0000,0.0000,0.0000,0.0000,0.0000,0.0000,0.0000,0.0000,0.0000,0.0000,0.0000,0.0000,0.0000,0.0000,0.0000,0.0000,70.0000,0.0000,100.0000,0.0000
96.5500,0.0000,0.0000,62.5156,0.0000,0.0000,0.0000,0.0000,0.0000,0.0000,0.0000,0.0000,0.0000,0.0000,0.0000,0.0000,0.0000,0.0000,0.0000,0.0000,0.0000,0.0000,70.6950,0.0000,98.6099,0.0000
96.6000,0.0000,0.0000,71.8583,0.0000,0.0000,0.0000,0.0000,0.0000,0.0000,0.0000,0.0000,0.0000,0.0000,0.0000,0.0000,0.0000,0.0000,0.0000,0.0000,0.0000,0.0000,73.8093,0.0000,92.3814,0.0000
96.6500,0.0000,0.0000,85.0027,0.0000,0.0000,0.0000,0.0000,0.0000,0.0000,0.0000,0.0000,0.0000,0.0000,0.0000,0.0000,0.0000,0.0000,0.0000,0.0000,0.0000,0.0000,78.1907,0.0000,83.6186,0.0000
96.7000,0.0000,0.0000,94.3454,0.0000,0.0000,0.0000,0.0000,0.0000,0.0000,0.0000,0.0000,0.0000,0.0000,0.0000,0.0000,0.0000,0.0000,0.0000,0.0000,0.0000,0.0000,81.3050,0.0000,77.3901,0.0000
96.7500,0.0000,0.0000,96.4305,0.0000,0.0000,0.0000,0.0000,0.0000,0.0000,0.0000,0.0000,0.0000,0.0000,0.0000,0.0000,0.0000,0.0000,0.0000,0.0000,0.0000,0.0000,82.0000,0.0000,76.0000,0.0000
96.8000,0.0000,0.0000,96.4305,0.0000,0.0000,0.0000,0.0000,0.0000,0.0000,0.0000,0.0000,0.0000,0.0000,0.0000,0.0000,0.0000,0.0000,0.0000,0.0000,0.0000,0.0000,82.0000,0.0000,76.0000,0.0000
96.8500,0.0000,0.0000,96.4305,0.0000,0.0000,0.0000,0.0000,0.0000,0.0000,0.0000,0.0000,0.0000,0.0000,0.0000,0.0000,0.0000,0.0000,0.0000,0.0000,0.0000,0.0000,82.0000,0.0000,76.0000,0.0000
96.9000,0.0000,0.0000,96.4305,0.0000,0.0000,0.0000,0.0000,0.0000,0.0000,0.0000,0.0000,0.0000,0.0000,0.0000,0.0000,0.0000,0.0000,0.0000,0.0000,0.0000,0.0000,82.0000,0.0000,76.0000,0.0000
96.9500,0.0000,0.0000,96.4305,0.0000,0.0000,0.0000,0.0000,0.0000,0.0000,0.0000,0.0000,0.0000,0.0000,0.0000,0.0000,0.0000,0.0000,0.0000,0.0000,0.0000,0.0000,82.0000,0.0000,76.0000,0.0000
97.0000,0.0000,0.0000,96.4305,0.0000,0.0000,0.0000,0.0000,0.0000,0.0000,0.0000,0.0000,0.0000,0.0000,0.0000,0.0000,0.0000,0.0000,0.0000,0.0000,0.0000,0.0000,82.0000,0.0000,76.0000,0.0000
97.0500,0.0000,0.0000,96.6372,0.0000,0.0000,0.0000,0.0000,0.0000,0.0000,0.0000,0.0000,0.0000,0.0000,0.0000,0.0000,0.0000,0.0000,0.0000,0.0000,0.0000,0.0000,80.6099,0.0000,76.6950,0.0000
97.1000,0.0000,0.0000,97.5636,0.0000,0.0000,0.0000,0.0000,0.0000,0.0000,0.0000,0.0000,0.0000,0.0000,0.0000,0.0000,0.0000,0.0000,0.0000,0.0000,0.0000,0.0000,74.3814,0.0000,79.8093,0.0000
97.1500,0.0000,0.0000,98.8669,0.0000,0.0000,0.0000,0.0000,0.0000,0.0000,0.0000,0.0000,0.0000,0.0000,0.0000,0.0000,0.0000,0.0000,0.0000,0.0000,0.0000,0.0000,65.6186,0.0000,84.1907,0.0000
97.2000,0.0000,0.0000,99.7933,0.0000,0.0000,0.0000,0.0000,0.0000,0.0000,0.0000,0.0000,0.0000,0.0000,0.0000,0.0000,0.0000,0.0000,0.0000,0.0000,0.0000,0.0000,59.3901,0.0000,87.3050,0.0000
97.2500,0.0000,0.0000,100.0000,0.0000,0.0000,0.0000,0.0000,0.0000,0.0000,0.0000,0.0000,0.0000,0.0000,0.0000,0.0000,0.0000,0.0000,0.0000,0.0000,0.0000,0.0000,58.0000,0.0000,88.0000,0.0000
97.3000,0.0000,0.0000,100.0000,0.0000,0.0000,0.0000,0.0000,0.0000,0.0000,0.0000,0.0000,0.0000,0.0000,0.0000,0.0000,0.0000,0.0000,0.0000,0.0000,0.0000,0.0000,58.0000,0.0000,88.0000,0.0000
97.3500,0.0000,0.0000,100.0000,0.0000,0.0000,0.0000,0.0000,0.0000,0.0000,0.0000,0.0000,0.0000,0.0000,0.0000,0.0000,0.0000,0.0000,0.0000,0.0000,0.0000,0.0000,58.0000,0.0000,88.0000,0.0000
97.4000,0.0000,0.0000,100.0000,0.0000,0.0000,0.0000,0.0000,0.0000,0.0000,0.0000,0.0000,0.0000,0.0000,0.0000,0.0000,0.0000,0.0000,0.0000,0.0000,0.0000,0.0000,58.0000,0.0000,88.0000,0.0000
97.4500,0.0000,0.0000,100.0000,0.0000,0.0000,0.0000,0.0000,0.0000,0.0000,0.0000,0.0000,0.0000,0.0000,0.0000,0.0000,0.0000,0.0000,0.0000,0.0000,0.0000,0.0000,58.0000,0.0000,88.0000,0.0000
97.5000,0.0000,0.0000,100.0000,0.0000,0.0000,0.0000,0.0000,0.0000,0.0000,0.0000,0.0000,0.0000,0.0000,0.0000,0.0000,0.0000,0.0000,0.0000,0.0000,0.0000,0.0000,58.0000,0.0000,88.0000,0.0000
97.5500,0.0000,0.0000,95.8650,0.0000,0.0000,0.0000,0.0000,0.0000,0.0000,0.0000,0.0000,0.0000,0.0000,0.0000,0.0000,0.0000,0.0000,0.0000,0.0000,0.0000,0.0000,54.6406,5.3998,88.6950,0.0000
97.6000,0.0000,0.0000,77.3372,0.0000,0.0000,0.0000,0.0000,0.0000,0.0000,0.0000,0.0000,0.0000,0.0000,0.0000,0.0000,0.0000,0.0000,0.0000,0.0000,0.0000,0.0000,39.5885,29.5944,91.8093,0.0000
97.6500,0.0000,0.0000,51.2705,0.0000,0.0000,0.0000,0.0000,0.0000,0.0000,0.0000,0.0000,0.0000,0.0000,0.0000,0.0000,0.0000,0.0000,0.0000,0.0000,0.0000,0.0000,18.4115,63.6339,96.1907,0.0000
97.7000,0.0000,0.0000,32.7427,0.0000,0.0000,0.0000,0.0000,0.0000,0.0000,0.0000,0.0000,0.0000,0.0000,0.0000,0.0000,0.0000,0.0000,0.0000,0.0000,0.0000,0.0000,3.3594,87.8285,99.3050,0.0000
97.7500,0.0000,0.0000,28.6077,0.0000,0.0000,0.0000,0.0000,0.0000,0.0000,0.0000,0.0000,0.0000,0.0000,0.0000,0.0000,0.0000,0.0000,0.0000,0.0000,0.0000,0.0000,0.0000,93.2283,100.0000,0.0000
97.8000,0.0000,0.0000,28.6077,0.0000,0.0000,0.0000,0.0000,0.0000,0.0000,0.0000,0.0000,0.0000,0.0000,0.0000,0.0000,0.0000,0.0000,0.0000,0.0000,0.0000,0.0000,0.0000,93.2283,100.0000,0.0000
97.8500,0.0000,0.0000,28.6077,0.0000,0.0000,0.0000,0.0000,0.0000,0.0000,0.0000,0.0000,0.0000,0.0000,0.0000,0.0000,0.0000,0.0000,0.0000,0.0000,0.0000,0.0000,0.0000,93.2283,100.0000,0.0000
97.9000,0.0000,0.0000,28.6077,0.0000,0.0000,0.0000,0.0000,0.0000,0.0000,0.0000,0.0000,0.0000,0.0000,0.0000,0.0000,0.0000,0.0000,0.0000,0.0000,0.0000,0.0000,0.0000,93.2283,100.0000,0.0000
97.9500,0.0000,0.0000,28.6077,0.0000,0.0000,0.0000,0.0000,0.0000,0.0000,0.0000,0.0000,0.0000,0.0000,0.0000,0.0000,0.0000,0.0000,0.0000,0.0000,0.0000,0.0000,0.0000,93.2283,100.0000,0.0000
98.0000,0.0000,0.0000,28.6077,0.0000,0.0000,0.0000,0.0000,0.0000,0.0000,0.0000,0.0000,0.0000,0.0000,0.0000,0.0000,0.0000,0.0000,0.0000,0.0000,0.0000,0.0000,0.0000,93.2283,100.0000,0.0000
98.0500,0.0000,2.5992,26.9507,0.0000,0.0000,0.0000,0.0000,0.0000,0.0000,0.0000,0.0000,0.0000,0.0000,0.0000,0.0000,0.0000,0.0000,0.0000,0.0000,0.0000,0.0000,0.0000,92.2305,100.0000,0.0000
98.1000,0.0000,14.2454,19.5265,0.0000,0.0000,0.0000,0.0000,0.0000,0.0000,0.0000,0.0000,0.0000,0.0000,0.0000,0.0000,0.0000,0.0000,0.0000,0.0000,0.0000,0.0000,0.0000,87.7594,100.0000,0.0000
98.1500,0.0000,30.6305,9.0812,0.0000,0.0000,0.0000,0.0000,0.0000,0.0000,0.0000,0.0000,0.0000,0.0000,0.0000,0.0000,0.0000,0.0000,0.0000,0.0000,0.0000,0.0000,0.0000,81.4690,100.0000,0.0000
98.2000,0.0000,42.2767,1.6570,0.0000,0.0000,0.0000,0.0000,0.0000,0.0000,0.0000,0.0000,0.0000,0.0000,0.0000,0.0000,0.0000,0.0000,0.0000,0.0000,0.0000,0.0000,0.0000,76.9979,100.0000,0.0000
98.2500,0.0000,44.8759,0.0000,0.0000,0.0000,0.0000,0.0000,0.0000,0.0000,0.0000,0.0000,0.0000,0.0000,0.0000,0.0000,0.0000,0.0000,0.0000,0.0000,0.0000,0.0000,0.0000,76.0000,100.0000,0.0000
98.3000,0.0000,44.8759,0.0000,0.0000,0.0000,0.0000,0.0000,0.0000,0.0000,0.0000,0.0000,0.0000,0.0000,0.0000,0.0000,0.0000,0.0000,0.0000,0.0000,0.0000,0.0000,0.0000,76.0000,100.0000,0.0000
98.3500,0.0000,44.8759,0.0000,0.0000,0.0000,0.0000,0.0000,0.0000,0.0000,0.0000,0.0000,0.0000,0.0000,0.0000,0.0000,0.0000,0.0000,0.0000,0.0000,0.0000,0.0000,0.0000,76.0000,100.0000,0.0000
98.4000,0.0000,44.8759,0.0000,0.0000,0.0000,0.0000,0.0000,0.0000,0.0000,0.0000,0.0000,0.0000,0.0000,0.0000,0.0000,0.0000,0.0000,0.0000,0.0000,0.0000,0.0000,0.0000,76.0000,100.0000,0.0000
98.4500,0.0000,44.8759,0.0000,0.0000,0.0000,0.0000,0.0000,0.0000,0.0000,0.0000,0.0000,0.0000,0.0000,0.0000,0.0000,0.0000,0.0000,0.0000,0.0000,0.0000,0.0000,0.0000,76.0000,100.0000,0.0000
98.5000,0.0000,44.8759,0.0000,0.0000,0.0000,0.0000,0.0000,0.0000,0.0000,0.0000,0.0000,0.0000,0.0000,0.0000,0.0000,0.0000,0.0000,0.0000,0.0000,0.0000,0.0000,0.0000,76.0000,100.0000,0.0000
98.5500,0.0000,45.9140,0.0000,0.0000,0.0000,0.0000,0.0000,0.0000,0.0000,0.0000,0.0000,0.0000,0.0000,0.0000,0.0000,0.0000,0.0000,0.0000,0.0000,0.0000,0.0000,0.0000,77.0426,100.0000,0.0000
98.6000,0.0000,50.5656,0.0000,0.0000,0.0000,0.0000,0.0000,0.0000,0.0000,0.0000,0.0000,0.0000,0.0000,0.0000,0.0000,0.0000,0.0000,0.0000,0.0000,0.0000,0.0000,0.0000,81.7139,100.0000,0.0000
98.6500,0.0000,57.1100,0.0000,0.0000,0.0000,0.0000,0.0000,0.0000,0.0000,0.0000,0.0000,0.0000,0.0000,0.0000,0.0000,0.0000,0.0000,0.0000,0.0000,0.0000,0.0000,0.0000,88.2861,100.0000,0.0000
98.7000,0.0000,61.7616,0.0000,0.0000,0.0000,0.0000,0.0000,0.0000,0.0000,0.0000,0.0000,0.0000,0.0000,0.0000,0.0000,0.0000,0.0000,0.0000,0.0000,0.0000,0.0000,0.0000,92.9574,100.0000,0.0000
98.7500,0.0000,62.7998,0.0000,0.0000,0.0000,0.0000,0.0000,0.0000,0.0000,0.0000,0.0000,0.0000,0.0000,0.0000,0.0000,0.0000,0.0000,0.0000,0.0000,0.0000,0.0000,0.0000,94.0000,100.0000,0.0000
98.8000,0.0000,62.7998,0.0000,0.0000,0.0000,0.0000,0.0000,0.0000,0.0000,0.0000,0.0000,0.0000,0.0000,0.0000,0.0000,0.0000,0.0000,0.0000,0.0000,0.0000,0.0000,0.0000,94.0000,100.0000,0.0000
98.8500,0.0000,62.7998,0.0000,0.0000,0.0000,0.0000,0.0000,0.0000,0.0000,0.0000,0.0000,0.0000,0.0000,0.0000,0.0000,0.0000,0.0000,0.0000,0.0000,0.0000,0.0000,0.0000,94.0000,100.0000,0.0000
98.9000,0.0000,62.7998,0.0000,0.0000,0.0000,0.0000,0.0000,0.0000,0.0000,0.0000,0.0000,0.0000,0.0000,0.0000,0.0000,0.0000,0.0000,0.0000,0.0000,0.0000,0.0000,0.0000,94.0000,100.0000,0.0000
98.9500,0.0000,62.7998,0.0000,0.0000,0.0000,0.0000,0.0000,0.0000,0.0000,0.0000,0.0000,0.0000,0.0000,0.0000,0.0000,0.0000,0.0000,0.0000,0.0000,0.0000,0.0000,0.0000,94.0000,100.0000,0.0000
99.0000,0.0000,62.7998,0.0000,0.0000,0.0000,0.0000,0.0000,0.0000,0.0000,0.0000,0.0000,0.0000,0.0000,0.0000,0.0000,0.0000,0.0000,0.0000,0.0000,0.0000,0.0000,0.0000,94.0000,100.0000,0.0000
99.0500,0.0000,63.1473,4.6560,0.0000,0.0000,0.0000,0.0000,0.0000,0.0000,0.0000,0.0000,0.0000,0.0000,0.0000,0.0000,0.0000,0.0000,0.0000,0.0000,0.0000,0.0000,0.0000,94.3475,94.2080,0.0000
99.1000,0.0000,64.7044,25.5179,0.0000,0.0000,0.0000,0.0000,0.0000,0.0000,0.0000,0.0000,0.0000,0.0000,0.0000,0.0000,0.0000,0.0000,0.0000,0.0000,0.0000,0.0000,0.0000,95.9046,68.2560,0.0000
99.1500,0.0000,66.8951,54.8687,0.0000,0.0000,0.0000,0.0000,0.0000,0.0000,0.0000,0.0000,0.0000,0.0000,0.0000,0.0000,0.0000,0.0000,0.0000,0.0000,0.0000,0.0000,0.0000,98.0954,31.7440,0.0000
99.2000,0.0000,68.4523,75.7306,0.0000,0.0000,0.0000,0.0000,0.0000,0.0000,0.0000,0.0000,0.0000,0.0000,0.0000,0.0000,0.0000,0.0000,0.0000,0.0000,0.0000,0.0000,0.0000,99.6525,5.7920,0.0000
99.2500,0.0000,68.7998,80.3866,0.0000,0.0000,0.0000,0.0000,0.0000,0.0000,0.0000,0.0000,0.0000,0.0000,0.0000,0.0000,0.0000,0.0000,0.0000,0.0000,0.0000,0.0000,0.0000,100.0000,0.0000,0.0000
99.3000,0.0000,68.7998,80.3866,0.0000,0.0000,0.0000,0.0000,0.0000,0.0000,0.0000,0.0000,0.0000,0.0000,0.0000,0.0000,0.0000,0.0000,0.0000,0.0000,0.0000,0.0000,0.0000,100.0000,0.0000,0.0000
99.3500,0.0000,68.7998,80.3866,0.0000,0.0000,0.0000,0.0000,0.0000,0.0000,0.0000,0.0000,0.0000,0.0000,0.0000,0.0000,0.0000,0.0000,0.0000,0.0000,0.0000,0.0000,0.0000,100.0000,0.0000,0.0000
99.4000,0.0000,68.7998,80.3866,0.0000,0.0000,0.0000,0.0000,0.0000,0.0000,0.0000,0.0000,0.0000,0.0000,0.0000,0.0000,0.0000,0.0000,0.0000,0.0000,0.0000,0.0000,0.0000,100.0000,0.0000,0.0000
99.4500,0.0000,68.7998,80.3866,0.0000,0.0000,0.0000,0.0000,0.0000,0.0000,0.0000,0.0000,0.0000,0.0000,0.0000,0.0000,0.0000,0.0000,0.0000,0.0000,0.0000,0.0000,0.0000,100.0000,0.0000,0.0000
99.5000,0.0000,68.7998,80.3866,0.0000,0.0000,0.0000,0.0000,0.0000,0.0000,0.0000,0.0000,0.0000,0.0000,0.0000,0.0000,0.0000,0.0000,0.0000,0.0000,0.0000,0.0000,0.0000,100.0000,0.0000,0.0000
99.5500,0.0000,67.5226,79.1409,0.0000,0.0000,0.0000,0.0000,0.0000,0.0000,0.0000,5.4445,0.0000,0.0000,0.0000,0.0000,0.0000,0.0000,0.0000,0.0000,0.0000,0.0000,0.0000,94.2080,0.0000,0.0000
99.6000,0.0000,61.8001,73.5591,0.0000,0.0000,0.0000,0.0000,0.0000,0.0000,0.0000,29.8394,0.0000,0.0000,0.0000,0.0000,0.0000,0.0000,0.0000,0.0000,0.0000,0.0000,0.0000,68.2560,0.0000,0.0000
99.6500,0.0000,53.7490,65.7061,0.0000,0.0000,0.0000,0.0000,0.0000,0.0000,0.0000,64.1606,0.0000,0.0000,0.0000,0.0000,0.0000,0.0000,0.0000,0.0000,0.0000,0.0000,0.0000,31.7440,0.0000,0.0000
99.7000,0.0000,48.0265,60.1244,0.0000,0.0000,0.0000,0.0000,0.0000,0.0000,0.0000,88.5555,0.0000,0.0000,0.0000,0.0000,0.0000,0.0000,0.0000,0.0000,0.0000,0.0000,0.0000,5.7920,0.0000,0.0000
99.7500,0.0000,46.7493,58.8786,0.0000,0.0000,0.0000,0.0000,0.0000,0.0000,0.0000,94.0000,0.0000,0.0000,0.0000,0.0000,0.0000,0.0000,0.0000,0.0000,0.0000,0.0000,0.0000,0.0000,0.0000,0.0000
99.8000,0.0000,46.7493,58.8786,0.0000,0.0000,0.0000,0.0000,0.0000,0.0000,0.0000,94.0000,0.0000,0.0000,0.0000,0.0000,0.0000,0.0000,0.0000,0.0000,0.0000,0.0000,0.0000,0.0000,0.0000,0.0000
99.8500,0.0000,46.7493,58.8786,0.0000,0.0000,0.0000,0.0000,0.0000,0.0000,0.0000,94.0000,0.0000,0.0000,0.0000,0.0000,0.0000,0.0000,0.0000,0.0000,0.0000,0.0000,0.0000,0.0000,0.0000,0.0000
99.9000,0.0000,46.7493,58.8786,0.0000,0.0000,0.0000,0.0000,0.0000,0.0000,0.0000,94.0000,0.0000,0.0000,0.0000,0.0000,0.0000,0.0000,0.0000,0.0000,0.0000,0.0000,0.0000,0.0000,0.0000,0.0000
99.9500,0.0000,46.7493,58.8786,0.0000,0.0000,0.0000,0.0000,0.0000,0.0000,0.0000,94.0000,0.0000,0.0000,0.0000,0.0000,0.0000,0.0000,0.0000,0.0000,0.0000,0.0000,0.0000,0.0000,0.0000,0.0000
100.0000,0.0000,46.7493,58.8786,0.0000,0.0000,0.0000,0.0000,0.0000,0.0000,0.0000,94.0000,0.0000,0.0000,0.0000,0.0000,0.0000,0.0000,0.0000,0.0000,0.0000,0.0000,0.0000,0.0000,0.0000,0.0000
100.0500,0.0000,44.0416,60.9637,0.0000,0.0000,0.0000,0.0000,0.0000,0.0000,0.0000,91.9149,0.0000,0.0000,0.0000,0.0000,0.0000,0.0000,0.0000,0.0000,0.0000,0.0000,0.0000,0.0000,0.0000,5.7920
100.1000,0.0000,31.9092,70.3065,0.0000,0.0000,0.0000,0.0000,0.0000,0.0000,0.0000,82.5722,0.0000,0.0000,0.0000,0.0000,0.0000,0.0000,0.0000,0.0000,0.0000,0.0000,0.0000,0.0000,0.0000,31.7440
100.1500,0.0000,14.8401,83.4508,0.0000,0.0000,0.0000,0.0000,0.0000,0.0000,0.0000,69.4278,0.0000,0.0000,0.0000,0.0000,0.0000,0.0000,0.0000,0.0000,0.0000,0.0000,0.0000,0.0000,0.0000,68.2560
100.2000,0.0000,2.7077,92.7935,0.0000,0.0000,0.0000,0.0000,0.0000,0.0000,0.0000,60.0851,0.0000,0.0000,0.0000,0.0000,0.0000,0.0000,0.0000,0.0000,0.0000,0.0000,0.0000,0.0000,0.0000,94.2080
100.2500,0.0000,0.0000,94.8786,0.0000,0.0000,0.0000,0.0000,0.0000,0.0000,0.0000,58.0000,0.0000,0.0000,0.0000,0.0000,0.0000,0.0000,0.0000,0.0000,0.0000,0.0000,0.0000,0.0000,0.0000,100.0000
100.3000,0.0000,0.0000,94.8786,0.0000,0.0000,0.0000,0.0000,0.0000,0.0000,0.0000,58.0000,0.0000,0.0000,0.0000,0.0000,0.0000,0.0000,0.0000,0.0000,0.0000,0.0000,0.0000,0.0000,0.0000,100.0000
100.3500,0.0000,0.0000,94.8786,0.0000,0.0000,0.0000,0.0000,0.0000,0.0000,0.0000,58.0000,0.0000,0.0000,0.0000,0.0000,0.0000,0.0000,0.0000,0.0000,0.0000,0.0000,0.0000,0.0000,0.0000,100.0000
100.4000,0.0000,0.0000,94.8786,0.0000,0.0000,0.0000,0.0000,0.0000,0.0000,0.0000,58.0000,0.0000,0.0000,0.0000,0.0000,0.0000,0.0000,0.0000,0.0000,0.0000,0.0000,0.0000,0.0000,0.0000,100.0000
100.4500,0.0000,0.0000,94.8786,0.0000,0.0000,0.0000,0.0000,0.0000,0.0000,0.0000,58.0000,0.0000,0.0000,0.0000,0.0000,0.0000,0.0000,0.0000,0.0000,0.0000,0.0000,0.0000,0.0000,0.0000,100.0000
100.5000,0.0000,0.0000,94.8786,0.0000,0.0000,0.0000,0.0000,0.0000,0.0000,0.0000,58.0000,0.0000,0.0000,0.0000,0.0000,0.0000,0.0000,0.0000,0.0000,0.0000,0.0000,0.0000,0.0000,0.0000,100.0000
100.5500,0.0000,0.0000,93.0258,0.0000,0.0000,0.0000,0.0000,0.0000,0.0000,0.0000,60.4326,0.0000,0.0000,0.0000,0.0000,0.0000,0.0000,0.0000,0.0000,0.0000,0.0000,0.0000,0.0000,0.0000,98.7374
100.6000,0.0000,0.0000,84.7239,0.0000,0.0000,0.0000,0.0000,0.0000,0.0000,0.0000,71.3325,0.0000,0.0000,0.0000,0.0000,0.0000,0.0000,0.0000,0.0000,0.0000,0.0000,0.0000,0.0000,0.0000,93.0803
100.6500,0.0000,0.0000,73.0439,0.0000,0.0000,0.0000,0.0000,0.0000,0.0000,0.0000,86.6675,0.0000,0.0000,0.0000,0.0000,0.0000,0.0000,0.0000,0.0000,0.0000,0.0000,0.0000,0.0000,0.0000,85.1212
100.7000,0.0000,0.0000,64.7419,0.0000,0.0000,0.0000,0.0000,0.0000,0.0000,0.0000,97.5674,0.0000,0.0000,0.0000,0.0000,0.0000,0.0000,0.0000,0.0000,0.0000,0.0000,0.0000,0.0000,0.0000,79.4641
100.7500,0.0000,0.0000,62.8891,0.0000,0.0000,0.0000,0.0000,0.0000,0.0000,0.0000,100.0000,0.0000,0.0000,0.0000,0.0000,0.0000,0.0000,0.0000,0.0000,0.0000,0.0000,0.0000,0.0000,0.0000,78.2015
100.8000,0.0000,0.0000,62.8891,0.0000,0.0000,0.0000,0.0000,0.0000,0.0000,0.0000,100.0000,0.0000,0.0000,0.0000,0.0000,0.0000,0.0000,0.0000,0.0000,0.0000,0.0000,0.0000,0.0000,0.0000,78.2015
100.8500,0.0000,0.0000,62.8891,0.0000,0.0000,0.0000,0.0000,0.0000,0.0000,0.0000,100.0000,0.0000,0.0000,0.0000,0.0000,0.0000,0.0000,0.0000,0.0000,0.0000,0.0000,0.0000,0.0000,0.0000,78.2015
100.9000,0.0000,0.0000,62.8891,0.0000,0.0000,0.0000,0.0000,0.0000,0.0000,0.0000,100.0000,0.0000,0.0000,0.0000,0.0000,0.0000,0.0000,0.0000,0.0000,0.0000,0.0000,0.0000,0.0000,0.0000,78.2015
100.9500,0.0000,0.0000,62.8891,0.0000,0.0000,0.0000,0.0000,0.0000,0.0000,0.0000,100.0000,0.0000,0.0000,0.0000,0.0000,0.0000,0.0000,0.0000,0.0000,0.0000,0.0000,0.0000,0.0000,0.0000,78.2015
101.0000,0.0000,0.0000,62.8891,0.0000,0.0000,0.0000,0.0000,0.0000,0.0000,0.0000,100.0000,0.0000,0.0000,0.0000,0.0000,0.0000,0.0000,0.0000,0.0000,0.0000,0.0000,0.0000,0.0000,0.0000,78.2015
101.0500,0.0000,5.7920,59.2466,0.0000,0.0000,0.0000,0.0000,0.0000,0.0000,0.0000,100.0000,0.0000,0.0000,0.0000,0.0000,0.0000,0.0000,0.0000,0.0000,0.0000,0.0000,0.0000,0.0000,0.0000,78.4215
101.1000,0.0000,31.7440,42.9256,0.0000,0.0000,0.0000,0.0000,0.0000,0.0000,0.0000,100.0000,0.0000,0.0000,0.0000,0.0000,0.0000,0.0000,0.0000,0.0000,0.0000,0.0000,0.0000,0.0000,0.0000,79.4073
101.1500,0.0000,68.2560,19.9635,0.0000,0.0000,0.0000,0.0000,0.0000,0.0000,0.0000,100.0000,0.0000,0.0000,0.0000,0.0000,0.0000,0.0000,0.0000,0.0000,0.0000,0.0000,0.0000,0.0000,0.0000,80.7942
101.2000,0.0000,94.2080,3.6425,0.0000,0.0000,0.0000,0.0000,0.0000,0.0000,0.0000,100.0000,0.0000,0.0000,0.0000,0.0000,0.0000,0.0000,0.0000,0.0000,0.0000,0.0000,0.0000,0.0000,0.0000,81.7800
101.2500,0.0000,100.0000,0.0000,0.0000,0.0000,0.0000,0.0000,0.0000,0.0000,0.0000,100.0000,0.0000,0.0000,0.0000,0.0000,0.0000,0.0000,0.0000,0.0000,0.0000,0.0000,0.0000,0.0000,0.0000,82.0000
101.3000,0.0000,100.0000,0.0000,0.0000,0.0000,0.0000,0.0000,0.0000,0.0000,0.0000,100.0000,0.0000,0.0000,0.0000,0.0000,0.0000,0.0000,0.0000,0.0000,0.0000,0.0000,0.0000,0.0000,0.0000,82.0000
101.3500,0.0000,100.0000,0.0000,0.0000,0.0000,0.0000,0.0000,0.0000,0.0000,0.0000,100.0000,0.0000,0.0000,0.0000,0.0000,0.0000,0.0000,0.0000,0.0000,0.0000,0.0000,0.0000,0.0000,0.0000,82.0000
101.4000,0.0000,100.0000,0.0000,0.0000,0.0000,0.0000,0.0000,0.0000,0.0000,0.0000,100.0000,0.0000,0.0000,0.0000,0.0000,0.0000,0.0000,0.0000,0.0000,0.0000,0.0000,0.0000,0.0000,0.0000,82.0000
101.4500,0.0000,100.0000,0.0000,0.0000,0.0000,0.0000,0.0000,0.0000,0.0000,0.0000,100.0000,0.0000,0.0000,0.0000,0.0000,0.0000,0.0000,0.0000,0.0000,0.0000,0.0000,0.0000,0.0000,0.0000,82.0000
101.5000,0.0000,100.0000,0.0000,0.0000,0.0000,0.0000,0.0000,0.0000,0.0000,0.0000,100.0000,0.0000,0.0000,0.0000,0.0000,0.0000,0.0000,0.0000,0.0000,0.0000,0.0000,0.0000,0.0000,0.0000,82.0000
101.5500,0.0000,99.8262,0.0000,0.0000,0.0000,0.0000,0.0000,0.0000,0.0000,0.0000,94.2080,0.0000,0.0000,0.0000,0.0000,0.0000,0.0000,5.7920,0.0000,0.0000,0.0000,0.0000,0.0000,0.0000,80.7668
101.6000,0.0000,99.0477,0.0000,0.0000,0.0000,0.0000,0.0000,0.0000,0.0000,0.0000,68.2560,0.0000,0.0000,0.0000,0.0000,0.0000,0.0000,31.7440,0.0000,0.0000,0.0000,0.0000,0.0000,0.0000,75.2410
101.6500,0.0000,97.9523,0.0000,0.0000,0.0000,0.0000,0.0000,0.0000,0.0000,0.0000,31.7440,0.0000,0.0000,0.0000,0.0000,0.0000,0.0000,68.2560,0.0000,0.0000,0.0000,0.0000,0.0000,0.0000,67.4667
101.7000,0.0000,97.1738,0.0000,0.0000,0.0000,0.0000,0.0000,0.0000,0.0000,0.0000,5.7920,0.0000,0.0000,0.0000,0.0000,0.0000,0.0000,94.2080,0.0000,0.0000,0.0000,0.0000,0.0000,0.0000,61.9410
101.7500,0.0000,97.0000,0.0000,0.0000,0.0000,0.0000,0.0000,0.0000,0.0000,0.0000,0.0000,0.0000,0.0000,0.0000,0.0000,0.0000,0.0000,100.0000,0.0000,0.0000,0.0000,0.0000,0.0000,0.0000,60.7077
101.8000,0.0000,97.0000,0.0000,0.0000,0.0000,0.0000,0.0000,0.0000,0.0000,0.0000,0.0000,0.0000,0.0000,0.0000,0.0000,0.0000,0.0000,100.0000,0.0000,0.0000,0.0000,0.0000,0.0000,0.0000,60.7077
101.8500,0.0000,97.0000,0.0000,0.0000,0.0000,0.0000,0.0000,0.0000,0.0000,0.0000,0.0000,0.0000,0.0000,0.0000,0.0000,0.0000,0.0000,100.0000,0.0000,0.0000,0.0000,0.0000,0.0000,0.0000,60.7077
101.9000,0.0000,97.0000,0.0000,0.0000,0.0000,0.0000,0.0000,0.0000,0.0000,0.0000,0.0000,0.0000,0.0000,0.0000,0.0000,0.0000,0.0000,100.0000,0.0000,0.0000,0.0000,0.0000,0.0000,0.0000,60.7077
101.9500,0.0000,97.0000,0.0000,0.0000,0.0000,0.0000,0.0000,0.0000,0.0000,0.0000,0.0000,0.0000,0.0000,0.0000,0.0000,0.0000,0.0000,100.0000,0.0000,0.0000,0.0000,0.0000,0.0000,0.0000,60.7077
102.0000,0.0000,97.0000,0.0000,0.0000,0.0000,0.0000,0.0000,0.0000,0.0000,0.0000,0.0000,0.0000,0.0000,0.0000,0.0000,0.0000,0.0000,100.0000,0.0000,0.0000,0.0000,0.0000,0.0000,0.0000,60.7077
102.0500,0.0000,96.4787,0.0000,0.0000,0.0000,0.0000,0.0000,0.0000,0.0000,0.0000,0.0000,0.0000,0.0000,0.0000,0.0000,0.0000,0.0000,100.0000,0.0000,0.0000,0.0000,0.0000,4.4019,0.0000,57.1915
102.1000,0.0000,94.1430,0.0000,0.0000,0.0000,0.0000,0.0000,0.0000,0.0000,0.0000,0.0000,0.0000,0.0000,0.0000,0.0000,0.0000,0.0000,100.0000,0.0000,0.0000,0.0000,0.0000,24.1254,0.0000,41.4367
102.1500,0.0000,90.8570,0.0000,0.0000,0.0000,0.0000,0.0000,0.0000,0.0000,0.0000,0.0000,0.0000,0.0000,0.0000,0.0000,0.0000,0.0000,100.0000,0.0000,0.0000,0.0000,0.0000,51.8746,0.0000,19.2711
102.2000,0.0000,88.5213,0.0000,0.0000,0.0000,0.0000,0.0000,0.0000,0.0000,0.0000,0.0000,0.0000,0.0000,0.0000,0.0000,0.0000,0.0000,100.0000,0.0000,0.0000,0.0000,0.0000,71.5981,0.0000,3.5162
102.2500,0.0000,88.0000,0.0000,0.0000,0.0000,0.0000,0.0000,0.0000,0.0000,0.0000,0.0000,0.0000,0.0000,0.0000,0.0000,0.0000,0.0000,100.0000,0.0000,0.0000,0.0000,0.0000,76.0000,0.0000,0.0000
102.3000,0.0000,88.0000,0.0000,0.0000,0.0000,0.0000,0.0000,0.0000,0.0000,0.0000,0.0000,0.0000,0.0000,0.0000,0.0000,0.0000,0.0000,100.0000,0.0000,0.0000,0.0000,0.0000,76.0000,0.0000,0.0000
102.3500,0.0000,88.0000,0.0000,0.0000,0.0000,0.0000,0.0000,0.0000,0.0000,0.0000,0.0000,0.0000,0.0000,0.0000,0.0000,0.0000,0.0000,100.0000,0.0000,0.0000,0.0000,0.0000,76.0000,0.0000,0.0000
102.4000,0.0000,88.0000,0.0000,0.0000,0.0000,0.0000,0.0000,0.0000,0.0000,0.0000,0.0000,0.0000,0.0000,0.0000,0.0000,0.0000,0.0000,100.0000,0.0000,0.0000,0.0000,0.0000,76.0000,0.0000,0.0000
102.4500,0.0000,88.0000,0.0000,0.0000,0.0000,0.0000,0.0000,0.0000,0.0000,0.0000,0.0000,0.0000,0.0000,0.0000,0.0000,0.0000,0.0000,100.0000,0.0000,0.0000,0.0000,0.0000,76.0000,0.0000,0.0000
102.5000,0.0000,88.0000,0.0000,0.0000,0.0000,0.0000,0.0000,0.0000,0.0000,0.0000,0.0000,0.0000,0.0000,0.0000,0.0000,0.0000,0.0000,100.0000,0.0000,0.0000,0.0000,0.0000,76.0000,0.0000,0.0000
102.5500,0.0000,88.6950,0.0000,0.0000,0.0000,0.0000,0.0000,0.0000,0.0000,0.0000,0.0000,0.0000,0.0000,0.0000,0.0000,0.0000,0.0000,100.0000,0.0000,0.0000,0.0000,0.0000,74.6099,0.0000,0.0000
102.6000,0.0000,91.8093,0.0000,0.0000,0.0000,0.0000,0.0000,0.0000,0.0000,0.0000,0.0000,0.0000,0.0000,0.0000,0.0000,0.0000,0.0000,100.0000,0.0000,0.0000,0.0000,0.0000,68.3814,0.0000,0.0000
102.6500,0.0000,96.1907,0.0000,0.0000,0.0000,0.0000,0.0000,0.0000,0.0000,0.0000,0.0000,0.0000,0.0000,0.0000,0.0000,0.0000,0.0000,100.0000,0.0000,0.0000,0.0000,0.0000,59.6186,0.0000,0.0000
102.7000,0.0000,99.3050,0.0000,0.0000,0.0000,0.0000,0.0000,0.0000,0.0000,0.0000,0.0000,0.0000,0.0000,0.0000,0.0000,0.0000,0.0000,100.0000,0.0000,0.0000,0.0000,0.0000,53.3901,0.0000,0.0000
102.7500,0.0000,100.0000,0.0000,0.0000,0.0000,0.0000,0.0000,0.0000,0.0000,0.0000,0.0000,0.0000,0.0000,0.0000,0.0000,0.0000,0.0000,100.0000,0.0000,0.0000,0.0000,0.0000,52.0000,0.0000,0.0000
102.8000,0.0000,100.0000,0.0000,0.0000,0.0000,0.0000,0.0000,0.0000,0.0000,0.0000,0.0000,0.0000,0.0000,0.0000,0.0000,0.0000,0.0000,100.0000,0.0000,0.0000,0.0000,0.0000,52.0000,0.0000,0.0000
102.8500,0.0000,100.0000,0.0000,0.0000,0.0000,0.0000,0.0000,0.0000,0.0000,0.0000,0.0000,0.0000,0.0000,0.0000,0.0000,0.0000,0.0000,100.0000,0.0000,0.0000,0.0000,0.0000,52.0000,0.0000,0.0000
102.9000,0.0000,100.0000,0.0000,0.0000,0.0000,0.0000,0.0000,0.0000,0.0000,0.0000,0.0000,0.0000,0.0000,0.0000,0.0000,0.0000,0.0000,100.0000,0.0000,0.0000,0.0000,0.0000,52.0000,0.0000,0.0000
102.9500,0.0000,100.0000,0.0000,0.0000,0.0000,0.0000,0.0000,0.0000,0.0000,0.0000,0.0000,0.0000,0.0000,0.0000,0.0000,0.0000,0.0000,100.0000,0.0000,0.0000,0.0000,0.0000,52.0000,0.0000,0.0000
103.0000,0.0000,100.0000,0.0000,0.0000,0.0000,0.0000,0.0000,0.0000,0.0000,0.0000,0.0000,0.0000,0.0000,0.0000,0.0000,0.0000,0.0000,100.0000,0.0000,0.0000,0.0000,0.0000,52.0000,0.0000,0.0000
103.0500,0.0000,94.2080,0.0000,0.0000,0.0000,0.0000,0.0000,0.0000,0.0000,0.0000,0.0000,0.0000,0.0000,5.7920,0.0000,0.0000,0.0000,97.4218,0.0000,0.0000,0.0000,0.0000,53.3901,0.0000,0.0000
103.1000,0.0000,68.2560,0.0000,0.0000,0.0000,0.0000,0.0000,0.0000,0.0000,0.0000,0.0000,0.0000,0.0000,31.7440,0.0000,0.0000,0.0000,85.8699,0.0000,0.0000,0.0000,0.0000,59.6186,0.0000,0.0000
103.1500,0.0000,31.7440,0.0000,0.0000,0.0000,0.0000,0.0000,0.0000,0.0000,0.0000,0.0000,0.0000,0.0000,68.2560,0.0000,0.0000,0.0000,69.6174,0.0000,0.0000,0.0000,0.0000,68.3814,0.0000,0.0000
103.2000,0.0000,5.7920,0.0000,0.0000,0.0000,0.0000,0.0000,0.0000,0.0000,0.0000,0.0000,0.0000,0.0000,94.2080,0.0000,0.0000,0.0000,58.0655,0.0000,0.0000,0.0000,0.0000,74.6099,0.0000,0.0000
103.2500,0.0000,0.0000,0.0000,0.0000,0.0000,0.0000,0.0000,0.0000,0.0000,0.0000,0.0000,0.0000,0.0000,100.0000,0.0000,0.0000,0.0000,55.4873,0.0000,0.0000,0.0000,0.0000,76.0000,0.0000,0.0000
103.3000,0.0000,0.0000,0.0000,0.0000,0.0000,0.0000,0.0000,0.0000,0.0000,0.0000,0.0000,0.0000,0.0000,100.0000,0.0000,0.0000,0.0000,55.4873,0.0000,0.0000,0.0000,0.0000,76.0000,0.0000,0.0000
103.3500,0.0000,0.0000,0.0000,0.0000,0.0000,0.0000,0.0000,0.0000,0.0000,0.0000,0.0000,0.0000,0.0000,100.0000,0.0000,0.0000,0.0000,55.4873,0.0000,0.0000,0.0000,0.0000,76.0000,0.0000,0.0000
103.4000,0.0000,0.0000,0.0000,0.0000,0.0000,0.0000,0.0000,0.0000,0.0000,0.0000,0.0000,0.0000,0.0000,100.0000,0.0000,0.0000,0.0000,55.4873,0.0000,0.0000,0.0000,0.0000,76.0000,0.0000,0.0000
103.4500,0.0000,0.0000,0.0000,0.0000,0.0000,0.0000,0.0000,0.0000,0.0000,0.0000,0.0000,0.0000,0.0000,100.0000,0.0000,0.0000,0.0000,55.4873,0.0000,0.0000,0.0000,0.0000,76.0000,0.0000,0.0000
103.5000,0.0000,0.0000,0.0000,0.0000,0.0000,0.0000,0.0000,0.0000,0.0000,0.0000,0.0000,0.0000,0.0000,100.0000,0.0000,0.0000,0.0000,55.4873,0.0000,0.0000,0.0000,0.0000,76.0000,0.0000,0.0000
103.5500,0.0000,0.0000,0.0000,0.0000,0.0000,0.0000,0.0000,0.0000,0.0000,0.0000,0.0000,0.0000,0.0000,98.6099,0.0000,0.0000,0.0000,52.2735,0.0000,0.0000,0.0000,0.0000,77.3901,0.0000,3.9124
103.6000,0.0000,0.0000,0.0000,0.0000,0.0000,0.0000,0.0000,0.0000,0.0000,0.0000,0.0000,0.0000,0.0000,92.3814,0.0000,0.0000,0.0000,37.8734,0.0000,0.0000,0.0000,0.0000,83.6186,0.0000,21.4424
103.6500,0.0000,0.0000,0.0000,0.0000,0.0000,0.0000,0.0000,0.0000,0.0000,0.0000,0.0000,0.0000,0.0000,83.6186,0.0000,0.0000,0.0000,17.6139,0.0000,0.0000,0.0000,0.0000,92.3814,0.0000,46.1055
103.7000,0.0000,0.0000,0.0000,0.0000,0.0000,0.0000,0.0000,0.0000,0.0000,0.0000,0.0000,0.0000,0.0000,77.3901,0.0000,0.0000,0.0000,3.2138,0.0000,0.0000,0.0000,0.0000,98.6099,0.0000,63.6356
103.7500,0.0000,0.0000,0.0000,0.0000,0.0000,0.0000,0.0000,0.0000,0.0000,0.0000,0.0000,0.0000,0.0000,76.0000,0.0000,0.0000,0.0000,0.0000,0.0000,0.0000,0.0000,0.0000,100.0000,0.0000,67.5479
103.8000,0.0000,0.0000,0.0000,0.0000,0.0000,0.0000,0.0000,0.0000,0.0000,0.0000,0.0000,0.0000,0.0000,76.0000,0.0000,0.0000,0.0000,0.0000,0.0000,0.0000,0.0000,0.0000,100.0000,0.0000,67.5479
103.8500,0.0000,0.0000,0.0000,0.0000,0.0000,0.0000,0.0000,0.0000,0.0000,0.0000,0.0000,0.0000,0.0000,76.0000,0.0000,0.0000,0.0000,0.0000,0.0000,0.0000,0.0000,0.0000,100.0000,0.0000,67.5479
103.9000,0.0000,0.0000,0.0000,0.0000,0.0000,0.0000,0.0000,0.0000,0.0000,0.0000,0.0000,0.0000,0.0000,76.0000,0.0000,0.0000,0.0000,0.0000,0.0000,0.0000,0.0000,0.0000,100.0000,0.0000,67.5479
103.9500,0.0000,0.0000,0.0000,0.0000,0.0000,0.0000,0.0000,0.0000,0.0000,0.0000,0.0000,0.0000,0.0000,76.0000,0.0000,0.0000,0.0000,0.0000,0.0000,0.0000,0.0000,0.0000,100.0000,0.0000,67.5479
104.0000,0.0000,0.0000,0.0000,0.0000,0.0000,0.0000,0.0000,0.0000,0.0000,0.0000,0.0000,0.0000,0.0000,76.0000,0.0000,0.0000,0.0000,0.0000,0.0000,0.0000,0.0000,0.0000,100.0000,0.0000,67.5479
104.0500,0.0000,0.0000,0.0000,0.0000,0.0000,0.0000,0.0000,0.0000,0.0000,0.0000,0.0000,0.0000,0.0000,77.3901,0.0000,5.7920,0.0000,0.0000,0.0000,0.0000,0.0000,0.0000,94.2080,0.0000,68.3850
104.1000,0.0000,0.0000,0.0000,0.0000,0.0000,0.0000,0.0000,0.0000,0.0000,0.0000,0.0000,0.0000,0.0000,83.6186,0.0000,31.7440,0.0000,0.0000,0.0000,0.0000,0.0000,0.0000,68.2560,0.0000,72.1356
104.1500,0.0000,0.0000,0.0000,0.0000,0.0000,0.0000,0.0000,0.0000,0.0000,0.0000,0.0000,0.0000,0.0000,92.3814,0.0000,68.2560,0.0000,0.0000,0.0000,0.0000,0.0000,0.0000,31.7440,0.0000,77.4123
104.2000,0.0000,0.0000,0.0000,0.0000,0.0000,0.0000,0.0000,0.0000,0.0000,0.0000,0.0000,0.0000,0.0000,98.6099,0.0000,94.2080,0.0000,0.0000,0.0000,0.0000,0.0000,0.0000,5.7920,0.0000,81.1629
104.2500,0.0000,0.0000,0.0000,0.0000,0.0000,0.0000,0.0000,0.0000,0.0000,0.0000,0.0000,0.0000,0.0000,100.0000,0.0000,100.0000,0.0000,0.0000,0.0000,0.0000,0.0000,0.0000,0.0000,0.0000,82.0000
104.3000,0.0000,0.0000,0.0000,0.0000,0.0000,0.0000,0.0000,0.0000,0.0000,0.0000,0.0000,0.0000,0.0000,100.0000,0.0000,100.0000,0.0000,0.0000,0.0000,0.0000,0.0000,0.0000,0.0000,0.0000,82.0000
104.3500,0.0000,0.0000,0.0000,0.0000,0.0000,0.0000,0.0000,0.0000,0.0000,0.0000,0.0000,0.0000,0.0000,100.0000,0.0000,100.0000,0.0000,0.0000,0.0000,0.0000,0.0000,0.0000,0.0000,0.0000,82.0000
104.4000,0.0000,0.0000,0.0000,0.0000,0.0000,0.0000,0.0000,0.0000,0.0000,0.0000,0.0000,0.0000,0.0000,100.0000,0.0000,100.0000,0.0000,0.0000,0.0000,0.0000,0.0000,0.0000,0.0000,0.0000,82.0000
104.4500,0.0000,0.0000,0.0000,0.0000,0.0000,0.0000,0.0000,0.0000,0.0000,0.0000,0.0000,0.0000,0.0000,100.0000,0.0000,100.0000,0.0000,0.0000,0.0000,0.0000,0.0000,0.0000,0.0000,0.0000,82.0000
104.5000,0.0000,0.0000,0.0000,0.0000,0.0000,0.0000,0.0000,0.0000,0.0000,0.0000,0.0000,0.0000,0.0000,100.0000,0.0000,100.0000,0.0000,0.0000,0.0000,0.0000,0.0000,0.0000,0.0000,0.0000,82.0000
104.5500,0.0000,0.0000,0.0000,0.0000,0.0000,0.0000,0.0000,0.0000,0.0000,0.0000,0.0000,0.0000,0.0000,100.0000,0.0000,100.0000,0.0000,0.0000,0.0000,0.0000,0.0000,0.0000,0.0000,0.0000,81.6525
104.6000,0.0000,0.0000,0.0000,0.0000,0.0000,0.0000,0.0000,0.0000,0.0000,0.0000,0.0000,0.0000,0.0000,100.0000,0.0000,100.0000,0.0000,0.0000,0.0000,0.0000,0.0000,0.0000,0.0000,0.0000,80.0954
104.6500,0.0000,0.0000,0.0000,0.0000,0.0000,0.0000,0.0000,0.0000,0.0000,0.0000,0.0000,0.0000,0.0000,100.0000,0.0000,100.0000,0.0000,0.0000,0.0000,0.0000,0.0000,0.0000,0.0000,0.0000,77.9046
104.7000,0.0000,0.0000,0.0000,0.0000,0.0000,0.0000,0.0000,0.0000,0.0000,0.0000,0.0000,0.0000,0.0000,100.0000,0.0000,100.0000,0.0000,0.0000,0.0000,0.0000,0.0000,0.0000,0.0000,0.0000,76.3475
104.7500,0.0000,0.0000,0.0000,0.0000,0.0000,0.0000,0.0000,0.0000,0.0000,0.0000,0.0000,0.0000,0.0000,100.0000,0.0000,100.0000,0.0000,0.0000,0.0000,0.0000,0.0000,0.0000,0.0000,0.0000,76.0000
104.8000,0.0000,0.0000,0.0000,0.0000,0.0000,0.0000,0.0000,0.0000,0.0000,0.0000,0.0000,0.0000,0.0000,100.0000,0.0000,100.0000,0.0000,0.0000,0.0000,0.0000,0.0000,0.0000,0.0000,0.0000,76.0000
104.8500,0.0000,0.0000,0.0000,0.0000,0.0000,0.0000,0.0000,0.0000,0.0000,0.0000,0.0000,0.0000,0.0000,100.0000,0.0000,100.0000,0.0000,0.0000,0.0000,0.0000,0.0000,0.0000,0.0000,0.0000,76.0000
104.9000,0.0000,0.0000,0.0000,0.0000,0.0000,0.0000,0.0000,0.0000,0.0000,0.0000,0.0000,0.0000,0.0000,100.0000,0.0000,100.0000,0.0000,0.0000,0.0000,0.0000,0.0000,0.0000,0.0000,0.0000,76.0000
104.9500,0.0000,0.0000,0.0000,0.0000,0.0000,0.0000,0.0000,0.0000,0.0000,0.0000,0.0000,0.0000,0.0000,100.0000,0.0000,100.0000,0.0000,0.0000,0.0000,0.0000,0.0000,0.0000,0.0000,0.0000,76.0000
105.0000,0.0000,0.0000,0.0000,0.0000,0.0000,0.0000,0.0000,0.0000,0.0000,0.0000,0.0000,0.0000,0.0000,100.0000,0.0000,100.0000,0.0000,0.0000,0.0000,0.0000,0.0000,0.0000,0.0000,0.0000,76.0000
105.0500,0.0000,0.0000,0.0000,0.0000,0.0000,0.0000,0.0000,0.0000,0.0000,0.0000,0.0000,0.0000,0.0000,100.0000,0.0000,100.0000,0.0000,0.0000,0.0000,0.0000,0.0000,0.0000,0.0000,0.0000,72.5278
105.1000,0.0000,0.0000,0.0000,0.0000,0.0000,0.0000,0.0000,0.0000,0.0000,0.0000,0.0000,0.0000,0.0000,100.0000,0.0000,100.0000,0.0000,0.0000,0.0000,0.0000,0.0000,0.0000,0.0000,0.0000,56.9702
105.1500,0.0000,0.0000,0.0000,0.0000,0.0000,0.0000,0.0000,0.0000,0.0000,0.0000,0.0000,0.0000,0.0000,100.0000,0.0000,100.0000,0.0000,0.0000,0.0000,0.0000,0.0000,0.0000,0.0000,0.0000,35.0821
105.2000,0.0000,0.0000,0.0000,0.0000,0.0000,0.0000,0.0000,0.0000,0.0000,0.0000,0.0000,0.0000,0.0000,100.0000,0.0000,100.0000,0.0000,0.0000,0.0000,0.0000,0.0000,0.0000,0.0000,0.0000,19.5245
105.2500,0.0000,0.0000,0.0000,0.0000,0.0000,0.0000,0.0000,0.0000,0.0000,0.0000,0.0000,0.0000,0.0000,100.0000,0.0000,100.0000,0.0000,0.0000,0.0000,0.0000,0.0000,0.0000,0.0000,0.0000,16.0523
105.3000,0.0000,0.0000,0.0000,0.0000,0.0000,0.0000,0.0000,0.0000,0.0000,0.0000,0.0000,0.0000,0.0000,100.0000,0.0000,100.0000,0.0000,0.0000,0.0000,0.0000,0.0000,0.0000,0.0000,0.0000,16.0523
105.3500,0.0000,0.0000,0.0000,0.0000,0.0000,0.0000,0.0000,0.0000,0.0000,0.0000,0.0000,0.0000,0.0000,100.0000,0.0000,100.0000,0.0000,0.0000,0.0000,0.0000,0.0000,0.0000,0.0000,0.0000,16.0523
105.4000,0.0000,0.0000,0.0000,0.0000,0.0000,0.0000,0.0000,0.0000,0.0000,0.0000,0.0000,0.0000,0.0000,100.0000,0.0000,100.0000,0.0000,0.0000,0.0000,0.0000,0.0000,0.0000,0.0000,0.0000,16.0523
105.4500,0.0000,0.0000,0.0000,0.0000,0.0000,0.0000,0.0000,0.0000,0.0000,0.0000,0.0000,0.0000,0.0000,100.0000,0.0000,100.0000,0.0000,0.0000,0.0000,0.0000,0.0000,0.0000,0.0000,0.0000,16.0523
105.5000,0.0000,0.0000,0.0000,0.0000,0.0000,0.0000,0.0000,0.0000,0.0000,0.0000,0.0000,0.0000,0.0000,100.0000,0.0000,100.0000,0.0000,0.0000,0.0000,0.0000,0.0000,0.0000,0.0000,0.0000,16.0523
105.5500,0.0000,0.0000,0.0000,0.0000,0.0000,0.0000,0.0000,0.0000,0.0000,0.0000,0.0000,0.0000,0.0000,94.2080,0.0000,100.0000,0.0000,0.0000,0.0000,0.0000,0.0000,0.0000,5.7920,0.0000,19.5245
105.6000,0.0000,0.0000,0.0000,0.0000,0.0000,0.0000,0.0000,0.0000,0.0000,0.0000,0.0000,0.0000,0.0000,68.2560,0.0000,100.0000,0.0000,0.0000,0.0000,0.0000,0.0000,0.0000,31.7440,0.0000,35.0821
105.6500,0.0000,0.0000,0.0000,0.0000,0.0000,0.0000,0.0000,0.0000,0.0000,0.0000,0.0000,0.0000,0.0000,31.7440,0.0000,100.0000,0.0000,0.0000,0.0000,0.0000,0.0000,0.0000,68.2560,0.0000,56.9702
105.7000,0.0000,0.0000,0.0000,0.0000,0.0000,0.0000,0.0000,0.0000,0.0000,0.0000,0.0000,0.0000,0.0000,5.7920,0.0000,100.0000,0.0000,0.0000,0.0000,0.0000,0.0000,0.0000,94.2080,0.0000,72.5278
105.7500,0.0000,0.0000,0.0000,0.0000,0.0000,0.0000,0.0000,0.0000,0.0000,0.0000,0.0000,0.0000,0.0000,0.0000,0.0000,100.0000,0.0000,0.0000,0.0000,0.0000,0.0000,0.0000,100.0000,0.0000,76.0000
105.8000,0.0000,0.0000,0.0000,0.0000,0.0000,0.0000,0.0000,0.0000,0.0000,0.0000,0.0000,0.0000,0.0000,0.0000,0.0000,100.0000,0.0000,0.0000,0.0000,0.0000,0.0000,0.0000,100.0000,0.0000,76.0000
105.8500,0.0000,0.0000,0.0000,0.0000,0.0000,0.0000,0.0000,0.0000,0.0000,0.0000,0.0000,0.0000,0.0000,0.0000,0.0000,100.0000,0.0000,0.0000,0.0000,0.0000,0.0000,0.0000,100.0000,0.0000,76.0000
105.9000,0.0000,0.0000,0.0000,0.0000,0.0000,0.0000,0.0000,0.0000,0.0000,0.0000,0.0000,0.0000,0.0000,0.0000,0.0000,100.0000,0.0000,0.0000,0.0000,0.0000,0.0000,0.0000,100.0000,0.0000,76.0000
105.9500,0.0000,0.0000,0.0000,0.0000,0.0000,0.0000,0.0000,0.0000,0.0000,0.0000,0.0000,0.0000,0.0000,0.0000,0.0000,100.0000,0.0000,0.0000,0.0000,0.0000,0.0000,0.0000,100.0000,0.0000,76.0000
106.0000,0.0000,0.0000,0.0000,0.0000,0.0000,0.0000,0.0000,0.0000,0.0000,0.0000,0.0000,0.0000,0.0000,0.0000,0.0000,100.0000,0.0000,0.0000,0.0000,0.0000,0.0000,0.0000,100.0000,0.0000,76.0000
106.0500,0.0000,0.0000,0.0000,0.0000,0.0000,0.0000,0.0000,0.0000,0.0000,0.0000,0.0000,0.0000,0.0000,0.0000,5.7920,94.2080,0.0000,0.0000,0.0000,3.7069,0.0000,0.0000,100.0000,0.0000,71.5981
106.1000,0.0000,0.0000,0.0000,0.0000,0.0000,0.0000,0.0000,0.0000,0.0000,0.0000,0.0000,0.0000,0.0000,0.0000,31.7440,68.2560,0.0000,0.0000,0.0000,20.3162,0.0000,0.0000,100.0000,0.0000,51.8746
106.1500,0.0000,0.0000,0.0000,0.0000,0.0000,0.0000,0.0000,0.0000,0.0000,0.0000,0.0000,0.0000,0.0000,0.0000,68.2560,31.7440,0.0000,0.0000,0.0000,43.6838,0.0000,0.0000,100.0000,0.0000,24.1254
106.2000,0.0000,0.0000,0.0000,0.0000,0.0000,0.0000,0.0000,0.0000,0.0000,0.0000,0.0000,0.0000,0.0000,0.0000,94.2080,5.7920,0.0000,0.0000,0.0000,60.2931,0.0000,0.0000,100.0000,0.0000,4.4019
106.2500,0.0000,0.0000,0.0000,0.0000,0.0000,0.0000,0.0000,0.0000,0.0000,0.0000,0.0000,0.0000,0.0000,0.0000,100.0000,0.0000,0.0000,0.0000,0.0000,64.0000,0.0000,0.0000,100.0000,0.0000,0.0000
106.3000,0.0000,0.0000,0.0000,0.0000,0.0000,0.0000,0.0000,0.0000,0.0000,0.0000,0.0000,0.0000,0.0000,0.0000,100.0000,0.0000,0.0000,0.0000,0.0000,64.0000,0.0000,0.0000,100.0000,0.0000,0.0000
106.3500,0.0000,0.0000,0.0000,0.0000,0.0000,0.0000,0.0000,0.0000,0.0000,0.0000,0.0000,0.0000,0.0000,0.0000,100.0000,0.0000,0.0000,0.0000,0.0000,64.0000,0.0000,0.0000,100.0000,0.0000,0.0000
106.4000,0.0000,0.0000,0.0000,0.0000,0.0000,0.0000,0.0000,0.0000,0.0000,0.0000,0.0000,0.0000,0.0000,0.0000,100.0000,0.0000,0.0000,0.0000,0.0000,64.0000,0.0000,0.0000,100.0000,0.0000,0.0000
106.4500,0.0000,0.0000,0.0000,0.0000,0.0000,0.0000,0.0000,0.0000,0.0000,0.0000,0.0000,0.0000,0.0000,0.0000,100.0000,0.0000,0.0000,0.0000,0.0000,64.0000,0.0000,0.0000,100.0000,0.0000,0.0000
106.5000,0.0000,0.0000,0.0000,0.0000,0.0000,0.0000,0.0000,0.0000,0.0000,0.0000,0.0000,0.0000,0.0000,0.0000,100.0000,0.0000,0.0000,0.0000,0.0000,64.0000,0.0000,0.0000,100.0000,0.0000,0.0000
106.5500,0.0000,0.0000,0.0000,0.0000,0.0000,0.0000,0.0000,0.0000,0.0000,0.0000,0.0000,0.0000,0.0000,0.0000,100.0000,0.0000,0.0000,0.0000,0.0000,65.3901,0.0000,0.0000,97.2398,0.0000,0.0000
106.6000,0.0000,0.0000,0.0000,0.0000,0.0000,0.0000,0.0000,0.0000,0.0000,0.0000,0.0000,0.0000,0.0000,0.0000,100.0000,0.0000,0.0000,0.0000,0.0000,71.6186,0.0000,0.0000,84.8725,0.0000,0.0000
106.6500,0.0000,0.0000,0.0000,0.0000,0.0000,0.0000,0.0000,0.0000,0.0000,0.0000,0.0000,0.0000,0.0000,0.0000,100.0000,0.0000,0.0000,0.0000,0.0000,80.3814,0.0000,0.0000,67.4729,0.0000,0.0000
106.7000,0.0000,0.0000,0.0000,0.0000,0.0000,0.0000,0.0000,0.0000,0.0000,0.0000,0.0000,0.0000,0.0000,0.0000,100.0000,0.0000,0.0000,0.0000,0.0000,86.6099,0.0000,0.0000,55.1056,0.0000,0.0000
106.7500,0.0000,0.0000,0.0000,0.0000,0.0000,0.0000,0.0000,0.0000,0.0000,0.0000,0.0000,0.0000,0.0000,0.0000,100.0000,0.0000,0.0000,0.0000,0.0000,88.0000,0.0000,0.0000,52.3454,0.0000,0.0000
106.8000,0.0000,0.0000,0.0000,0.0000,0.0000,0.0000,0.0000,0.0000,0.0000,0.0000,0.0000,0.0000,0.0000,0.0000,100.0000,0.0000,0.0000,0.0000,0.0000,88.0000,0.0000,0.0000,52.3454,0.0000,0.0000
106.8500,0.0000,0.0000,0.0000,0.0000,0.0000,0.0000,0.0000,0.0000,0.0000,0.0000,0.0000,0.0000,0.0000,0.0000,100.0000,0.0000,0.0000,0.0000,0.0000,88.0000,0.0000,0.0000,52.3454,0.0000,0.0000
106.9000,0.0000,0.0000,0.0000,0.0000,0.0000,0.0000,0.0000,0.0000,0.0000,0.0000,0.0000,0.0000,0.0000,0.0000,100.0000,0.0000,0.0000,0.0000,0.0000,88.0000,0.0000,0.0000,52.3454,0.0000,0.0000
106.9500,0.0000,0.0000,0.0000,0.0000,0.0000,0.0000,0.0000,0.0000,0.0000,0.0000,0.0000,0.0000,0.0000,0.0000,100.0000,0.0000,0.0000,0.0000,0.0000,88.0000,0.0000,0.0000,52.3454,0.0000,0.0000
107.0000,0.0000,0.0000,0.0000,0.0000,0.0000,0.0000,0.0000,0.0000,0.0000,0.0000,0.0000,0.0000,0.0000,0.0000,100.0000,0.0000,0.0000,0.0000,0.0000,88.0000,0.0000,0.0000,52.3454,0.0000,0.0000
107.0500,0.0000,0.0000,0.0000,0.0000,0.0000,0.0000,0.0000,0.0000,0.0000,0.0000,0.0000,0.0000,0.0000,0.0000,99.1853,0.0000,0.0000,0.0000,0.0000,88.6950,0.0000,0.0000,51.6504,0.0000,0.0000
107.1000,0.0000,0.0000,0.0000,0.0000,0.0000,0.0000,0.0000,0.0000,0.0000,0.0000,0.0000,0.0000,0.0000,0.0000,95.5350,0.0000,0.0000,0.0000,0.0000,91.8093,0.0000,0.0000,48.5362,0.0000,0.0000
107.1500,0.0000,0.0000,0.0000,0.0000,0.0000,0.0000,0.0000,0.0000,0.0000,0.0000,0.0000,0.0000,0.0000,0.0000,90.3994,0.0000,0.0000,0.0000,0.0000,96.1907,0.0000,0.0000,44.1547,0.0000,0.0000
107.2000,0.0000,0.0000,0.0000,0.0000,0.0000,0.0000,0.0000,0.0000,0.0000,0.0000,0.0000,0.0000,0.0000,0.0000,86.7491,0.0000,0.0000,0.0000,0.0000,99.3050,0.0000,0.0000,41.0405,0.0000,0.0000
107.2500,0.0000,0.0000,0.0000,0.0000,0.0000,0.0000,0.0000,0.0000,0.0000,0.0000,0.0000,0.0000,0.0000,0.0000,85.9344,0.0000,0.0000,0.0000,0.0000,100.0000,0.0000,0.0000,40.3454,0.0000,0.0000
107.3000,0.0000,0.0000,0.0000,0.0000,0.0000,0.0000,0.0000,0.0000,0.0000,0.0000,0.0000,0.0000,0.0000,0.0000,85.9344,0.0000,0.0000,0.0000,0.0000,100.0000,0.0000,0.0000,40.3454,0.0000,0.0000
107.3500,0.0000,0.0000,0.0000,0.0000,0.0000,0.0000,0.0000,0.0000,0.0000,0.0000,0.0000,0.0000,0.0000,0.0000,85.9344,0.0000,0.0000,0.0000,0.0000,100.0000,0.0000,0.0000,40.3454,0.0000,0.0000
107.4000,0.0000,0.0000,0.0000,0.0000,0.0000,0.0000,0.0000,0.0000,0.0000,0.0000,0.0000,0.0000,0.0000,0.0000,85.9344,0.0000,0.0000,0.0000,0.0000,100.0000,0.0000,0.0000,40.3454,0.0000,0.0000
107.4500,0.0000,0.0000,0.0000,0.0000,0.0000,0.0000,0.0000,0.0000,0.0000,0.0000,0.0000,0.0000,0.0000,0.0000,85.9344,0.0000,0.0000,0.0000,0.0000,100.0000,0.0000,0.0000,40.3454,0.0000,0.0000
107.5000,0.0000,0.0000,0.0000,0.0000,0.0000,0.0000,0.0000,0.0000,0.0000,0.0000,0.0000,0.0000,0.0000,0.0000,85.9344,0.0000,0.0000,0.0000,0.0000,100.0000,0.0000,0.0000,40.3454,0.0000,0.0000
107.5500,0.0000,0.0000,0.0000,0.0000,0.0000,0.0000,0.0000,0.0000,0.0000,0.0000,0.0000,0.0000,0.0000,0.0000,85.6200,0.0000,0.0000,0.0000,0.0000,97.5878,0.0000,0.0000,38.0086,0.0000,5.7920
107.6000,0.0000,0.0000,0.0000,0.0000,0.0000,0.0000,0.0000,0.0000,0.0000,0.0000,0.0000,0.0000,0.0000,0.0000,84.2111,0.0000,0.0000,0.0000,0.0000,86.7796,0.0000,0.0000,27.5382,0.0000,31.7440
107.6500,0.0000,0.0000,0.0000,0.0000,0.0000,0.0000,0.0000,0.0000,0.0000,0.0000,0.0000,0.0000,0.0000,0.0000,82.2291,0.0000,0.0000,0.0000,0.0000,71.5735,0.0000,0.0000,12.8073,0.0000,68.2560
107.7000,0.0000,0.0000,0.0000,0.0000,0.0000,0.0000,0.0000,0.0000,0.0000,0.0000,0.0000,0.0000,0.0000,0.0000,80.8202,0.0000,0.0000,0.0000,0.0000,60.7654,0.0000,0.0000,2.3368,0.0000,94.2080
107.7500,0.0000,0.0000,0.0000,0.0000,0.0000,0.0000,0.0000,0.0000,0.0000,0.0000,0.0000,0.0000,0.0000,0.0000,80.5058,0.0000,0.0000,0.0000,0.0000,58.3532,0.0000,0.0000,0.0000,0.0000,100.0000
107.8000,0.0000,0.0000,0.0000,0.0000,0.0000,0.0000,0.0000,0.0000,0.0000,0.0000,0.0000,0.0000,0.0000,0.0000,80.5058,0.0000,0.0000,0.0000,0.0000,58.3532,0.0000,0.0000,0.0000,0.0000,100.0000
107.8500,0.0000,0.0000,0.0000,0.0000,0.0000,0.0000,0.0000,0.0000,0.0000,0.0000,0.0000,0.0000,0.0000,0.0000,80.5058,0.0000,0.0000,0.0000,0.0000,58.3532,0.0000,0.0000,0.0000,0.0000,100.0000
107.9000,0.0000,0.0000,0.0000,0.0000,0.0000,0.0000,0.0000,0.0000,0.0000,0.0000,0.0000,0.0000,0.0000,0.0000,80.5058,0.0000,0.0000,0.0000,0.0000,58.3532,0.0000,0.0000,0.0000,0.0000,100.0000
107.9500,0.0000,0.0000,0.0000,0.0000,0.0000,0.0000,0.0000,0.0000,0.0000,0.0000,0.0000,0.0000,0.0000,0.0000,80.5058,0.0000,0.0000,0.0000,0.0000,58.3532,0.0000,0.0000,0.0000,0.0000,100.0000
108.0000,0.0000,0.0000,0.0000,0.0000,0.0000,0.0000,0.0000,0.0000,0.0000,0.0000,0.0000,0.0000,0.0000,0.0000,80.5058,0.0000,0.0000,0.0000,0.0000,58.3532,0.0000,0.0000,0.0000,0.0000,100.0000
108.0500,0.0000,0.0000,0.0000,0.0000,0.0000,0.0000,0.0000,0.0000,0.0000,0.0000,0.0000,0.0000,0.0000,0.0000,81.6349,0.0000,0.0000,0.0000,0.0000,60.7654,0.0000,0.0000,0.0000,0.0000,97.9149
108.1000,0.0000,0.0000,0.0000,0.0000,0.0000,0.0000,0.0000,0.0000,0.0000,0.0000,0.0000,0.0000,0.0000,0.0000,86.6941,0.0000,0.0000,0.0000,0.0000,71.5735,0.0000,0.0000,0.0000,0.0000,88.5722
108.1500,0.0000,0.0000,0.0000,0.0000,0.0000,0.0000,0.0000,0.0000,0.0000,0.0000,0.0000,0.0000,0.0000,0.0000,93.8118,0.0000,0.0000,0.0000,0.0000,86.7796,0.0000,0.0000,0.0000,0.0000,75.4278
108.2000,0.0000,0.0000,0.0000,0.0000,0.0000,0.0000,0.0000,0.0000,0.0000,0.0000,0.0000,0.0000,0.0000,0.0000,98.8709,0.0000,0.0000,0.0000,0.0000,97.5878,0.0000,0.0000,0.0000,0.0000,66.0851
108.2500,0.0000,0.0000,0.0000,0.0000,0.0000,0.0000,0.0000,0.0000,0.0000,0.0000,0.0000,0.0000,0.0000,0.0000,100.0000,0.0000,0.0000,0.0000,0.0000,100.0000,0.0000,0.0000,0.0000,0.0000,64.0000
108.3000,0.0000,0.0000,0.0000,0.0000,0.0000,0.0000,0.0000,0.0000,0.0000,0.0000,0.0000,0.0000,0.0000,0.0000,100.0000,0.0000,0.0000,0.0000,0.0000,100.0000,0.0000,0.0000,0.0000,0.0000,64.0000
108.3500,0.0000,0.0000,0.0000,0.0000,0.0000,0.0000,0.0000,0.0000,0.0000,0.0000,0.0000,0.0000,0.0000,0.0000,100.0000,0.0000,0.0000,0.0000,0.0000,100.0000,0.0000,0.0000,0.0000,0.0000,64.0000
108.4000,0.0000,0.0000,0.0000,0.0000,0.0000,0.0000,0.0000,0.0000,0.0000,0.0000,0.0000,0.0000,0.0000,0.0000,100.0000,0.0000,0.0000,0.0000,0.0000,100.0000,0.0000,0.0000,0.0000,0.0000,64.0000
108.4500,0.0000,0.0000,0.0000,0.0000,0.0000,0.0000,0.0000,0.0000,0.0000,0.0000,0.0000,0.0000,0.0000,0.0000,100.0000,0.0000,0.0000,0.0000,0.0000,100.0000,0.0000,0.0000,0.0000,0.0000,64.0000
108.5000,0.0000,0.0000,0.0000,0.0000,0.0000,0.0000,0.0000,0.0000,0.0000,0.0000,0.0000,0.0000,0.0000,0.0000,100.0000,0.0000,0.0000,0.0000,0.0000,100.0000,0.0000,0.0000,0.0000,0.0000,64.0000
108.5500,0.0000,0.0000,0.0000,0.0000,0.0000,0.0000,0.0000,0.0000,0.0000,0.0000,0.0000,0.0000,0.0000,0.0000,100.0000,0.0000,0.0000,0.0000,0.0000,98.9574,0.0000,0.0000,0.0000,0.0000,64.0000
108.6000,0.0000,0.0000,0.0000,0.0000,0.0000,0.0000,0.0000,0.0000,0.0000,0.0000,0.0000,0.0000,0.0000,0.0000,100.0000,0.0000,0.0000,0.0000,0.0000,94.2861,0.0000,0.0000,0.0000,0.0000,64.0000
108.6500,0.0000,0.0000,0.0000,0.0000,0.0000,0.0000,0.0000,0.0000,0.0000,0.0000,0.0000,0.0000,0.0000,0.0000,100.0000,0.0000,0.0000,0.0000,0.0000,87.7139,0.0000,0.0000,0.0000,0.0000,64.0000
108.7000,0.0000,0.0000,0.0000,0.0000,0.0000,0.0000,0.0000,0.0000,0.0000,0.0000,0.0000,0.0000,0.0000,0.0000,100.0000,0.0000,0.0000,0.0000,0.0000,83.0426,0.0000,0.0000,0.0000,0.0000,64.0000
108.7500,0.0000,0.0000,0.0000,0.0000,0.0000,0.0000,0.0000,0.0000,0.0000,0.0000,0.0000,0.0000,0.0000,0.0000,100.0000,0.0000,0.0000,0.0000,0.0000,82.0000,0.0000,0.0000,0.0000,0.0000,64.0000
108.8000,0.0000,0.0000,0.0000,0.0000,0.0000,0.0000,0.0000,0.0000,0.0000,0.0000,0.0000,0.0000,0.0000,0.0000,100.0000,0.0000,0.0000,0.0000,0.0000,82.0000,0.0000,0.0000,0.0000,0.0000,64.0000
108.8500,0.0000,0.0000,0.0000,0.0000,0.0000,0.0000,0.0000,0.0000,0.0000,0.0000,0.0000,0.0000,0.0000,0.0000,100.0000,0.0000,0.0000,0.0000,0.0000,82.0000,0.0000,0.0000,0.0000,0.0000,64.0000
108.9000,0.0000,0.0000,0.0000,0.0000,0.0000,0.0000,0.0000,0.0000,0.0000,0.0000,0.0000,0.0000,0.0000,0.0000,100.0000,0.0000,0.0000,0.0000,0.0000,82.0000,0.0000,0.0000,0.0000,0.0000,64.0000
108.9500,0.0000,0.0000,0.0000,0.0000,0.0000,0.0000,0.0000,0.0000,0.0000,0.0000,0.0000,0.0000,0.0000,0.0000,100.0000,0.0000,0.0000,0.0000,0.0000,82.0000,0.0000,0.0000,0.0000,0.0000,64.0000
109.0000,0.0000,0.0000,0.0000,0.0000,0.0000,0.0000,0.0000,0.0000,0.0000,0.0000,0.0000,0.0000,0.0000,0.0000,100.0000,0.0000,0.0000,0.0000,0.0000,82.0000,0.0000,0.0000,0.0000,0.0000,64.0000
109.0500,0.0000,0.0000,0.0000,0.0000,0.0000,0.0000,0.0000,0.0000,0.0000,0.0000,0.0000,0.0000,0.0000,0.0000,100.0000,0.0000,0.0000,0.0000,0.0000,81.6525,0.0000,0.0000,0.0000,0.0000,66.0851
109.1000,0.0000,0.0000,0.0000,0.0000,0.0000,0.0000,0.0000,0.0000,0.0000,0.0000,0.0000,0.0000,0.0000,0.0000,100.0000,0.0000,0.0000,0.0000,0.0000,80.0954,0.0000,0.0000,0.0000,0.0000,75.4278
109.1500,0.0000,0.0000,0.0000,0.0000,0.0000,0.0000,0.0000,0.0000,0.0000,0.0000,0.0000,0.0000,0.0000,0.0000,100.0000,0.0000,0.0000,0.0000,0.0000,77.9046,0.0000,0.0000,0.0000,0.0000,88.5722
109.2000,0.0000,0.0000,0.0000,0.0000,0.0000,0.0000,0.0000,0.0000,0.0000,0.0000,0.0000,0.0000,0.0000,0.0000,100.0000,0.0000,0.0000,0.0000,0.0000,76.3475,0.0000,0.0000,0.0000,0.0000,97.9149
109.2500,0.0000,0.0000,0.0000,0.0000,0.0000,0.0000,0.0000,0.0000,0.0000,0.0000,0.0000,0.0000,0.0000,0.0000,100.0000,0.0000,0.0000,0.0000,0.0000,76.0000,0.0000,0.0000,0.0000,0.0000,100.0000
109.3000,0.0000,0.0000,0.0000,0.0000,0.0000,0.0000,0.0000,0.0000,0.0000,0.0000,0.0000,0.0000,0.0000,0.0000,100.0000,0.0000,0.0000,0.0000,0.0000,76.0000,0.0000,0.0000,0.0000,0.0000,100.0000
109.3500,0.0000,0.0000,0.0000,0.0000,0.0000,0.0000,0.0000,0.0000,0.0000,0.0000,0.0000,0.0000,0.0000,0.0000,100.0000,0.0000,0.0000,0.0000,0.0000,76.0000,0.0000,0.0000,0.0000,0.0000,100.0000
109.4000,0.0000,0.0000,0.0000,0.0000,0.0000,0.0000,0.0000,0.0000,0.0000,0.0000,0.0000,0.0000,0.0000,0.0000,100.0000,0.0000,0.0000,0.0000,0.0000,76.0000,0.0000,0.0000,0.0000,0.0000,100.0000
109.4500,0.0000,0.0000,0.0000,0.0000,0.0000,0.0000,0.0000,0.0000,0.0000,0.0000,0.0000,0.0000,0.0000,0.0000,100.0000,0.0000,0.0000,0.0000,0.0000,76.0000,0.0000,0.0000,0.0000,0.0000,100.0000
109.5000,0.0000,0.0000,0.0000,0.0000,0.0000,0.0000,0.0000,0.0000,0.0000,0.0000,0.0000,0.0000,0.0000,0.0000,100.0000,0.0000,0.0000,0.0000,0.0000,76.0000,0.0000,0.0000,0.0000,0.0000,100.0000
109.5500,0.0000,0.0000,0.0000,0.0000,0.0000,0.0000,0.0000,0.0000,0.0000,0.0000,0.0000,0.0000,0.0000,0.0000,100.0000,0.0000,0.0000,1.0512,0.0000,77.3901,0.0000,0.0000,0.0000,0.0000,94.2080
109.6000,0.0000,0.0000,0.0000,0.0000,0.0000,0.0000,0.0000,0.0000,0.0000,0.0000,0.0000,0.0000,0.0000,0.0000,100.0000,0.0000,0.0000,5.7613,0.0000,83.6186,0.0000,0.0000,0.0000,0.0000,68.2560
109.6500,0.0000,0.0000,0.0000,0.0000,0.0000,0.0000,0.0000,0.0000,0.0000,0.0000,0.0000,0.0000,0.0000,0.0000,100.0000,0.0000,0.0000,12.3880,0.0000,92.3814,0.0000,0.0000,0.0000,0.0000,31.7440
109.7000,0.0000,0.0000,0.0000,0.0000,0.0000,0.0000,0.0000,0.0000,0.0000,0.0000,0.0000,0.0000,0.0000,0.0000,100.0000,0.0000,0.0000,17.0981,0.0000,98.6099,0.0000,0.0000,0.0000,0.0000,5.7920
109.7500,0.0000,0.0000,0.0000,0.0000,0.0000,0.0000,0.0000,0.0000,0.0000,0.0000,0.0000,0.0000,0.0000,0.0000,100.0000,0.0000,0.0000,18.1493,0.0000,100.0000,0.0000,0.0000,0.0000,0.0000,0.0000
109.8000,0.0000,0.0000,0.0000,0.0000,0.0000,0.0000,0.0000,0.0000,0.0000,0.0000,0.0000,0.0000,0.0000,0.0000,100.0000,0.0000,0.0000,18.1493,0.0000,100.0000,0.0000,0.0000,0.0000,0.0000,0.0000
109.8500,0.0000,0.0000,0.0000,0.0000,0.0000,0.0000,0.0000,0.0000,0.0000,0.0000,0.0000,0.0000,0.0000,0.0000,100.0000,0.0000,0.0000,18.1493,0.0000,100.0000,0.0000,0.0000,0.0000,0.0000,0.0000
109.9000,0.0000,0.0000,0.0000,0.0000,0.0000,0.0000,0.0000,0.0000,0.0000,0.0000,0.0000,0.0000,0.0000,0.0000,100.0000,0.0000,0.0000,18.1493,0.0000,100.0000,0.0000,0.0000,0.0000,0.0000,0.0000
109.9500,0.0000,0.0000,0.0000,0.0000,0.0000,0.0000,0.0000,0.0000,0.0000,0.0000,0.0000,0.0000,0.0000,0.0000,100.0000,0.0000,0.0000,18.1493,0.0000,100.0000,0.0000,0.0000,0.0000,0.0000,0.0000
110.0000,0.0000,0.0000,0.0000,0.0000,0.0000,0.0000,0.0000,0.0000,0.0000,0.0000,0.0000,0.0000,0.0000,0.0000,100.0000,0.0000,0.0000,18.1493,0.0000,100.0000,0.0000,0.0000,0.0000,0.0000,0.0000
110.0500,0.0000,0.0000,0.0000,0.0000,0.0000,0.0000,0.0000,0.0000,0.0000,0.0000,0.0000,0.0000,0.0000,0.0000,100.0000,0.0000,0.0000,18.8443,0.0000,100.0000,0.0000,0.0000,0.0000,0.0000,0.0000
110.1000,0.0000,0.0000,0.0000,0.0000,0.0000,0.0000,0.0000,0.0000,0.0000,0.0000,0.0000,0.0000,0.0000,0.0000,100.0000,0.0000,0.0000,21.9586,0.0000,100.0000,0.0000,0.0000,0.0000,0.0000,0.0000
110.1500,0.0000,0.0000,0.0000,0.0000,0.0000,0.0000,0.0000,0.0000,0.0000,0.0000,0.0000,0.0000,0.0000,0.0000,100.0000,0.0000,0.0000,26.3400,0.0000,100.0000,0.0000,0.0000,0.0000,0.0000,0.0000
110.2000,0.0000,0.0000,0.0000,0.0000,0.0000,0.0000,0.0000,0.0000,0.0000,0.0000,0.0000,0.0000,0.0000,0.0000,100.0000,0.0000,0.0000,29.4542,0.0000,100.0000,0.0000,0.0000,0.0000,0.0000,0.0000
110.2500,0.0000,0.0000,0.0000,0.0000,0.0000,0.0000,0.0000,0.0000,0.0000,0.0000,0.0000,0.0000,0.0000,0.0000,100.0000,0.0000,0.0000,30.1493,0.0000,100.0000,0.0000,0.0000,0.0000,0.0000,0.0000
110.3000,0.0000,0.0000,0.0000,0.0000,0.0000,0.0000,0.0000,0.0000,0.0000,0.0000,0.0000,0.0000,0.0000,0.0000,100.0000,0.0000,0.0000,30.1493,0.0000,100.0000,0.0000,0.0000,0.0000,0.0000,0.0000
110.3500,0.0000,0.0000,0.0000,0.0000,0.0000,0.0000,0.0000,0.0000,0.0000,0.0000,0.0000,0.0000,0.0000,0.0000,100.0000,0.0000,0.0000,30.1493,0.0000,100.0000,0.0000,0.0000,0.0000,0.0000,0.0000
110.4000,0.0000,0.0000,0.0000,0.0000,0.0000,0.0000,0.0000,0.0000,0.0000,0.0000,0.0000,0.0000,0.0000,0.0000,100.0000,0.0000,0.0000,30.1493,0.0000,100.0000,0.0000,0.0000,0.0000,0.0000,0.0000
110.4500,0.0000,0.0000,0.0000,0.0000,0.0000,0.0000,0.0000,0.0000,0.0000,0.0000,0.0000,0.0000,0.0000,0.0000,100.0000,0.0000,0.0000,30.1493,0.0000,100.0000,0.0000,0.0000,0.0000,0.0000,0.0000
110.5000,0.0000,0.0000,0.0000,0.0000,0.0000,0.0000,0.0000,0.0000,0.0000,0.0000,0.0000,0.0000,0.0000,0.0000,100.0000,0.0000,0.0000,30.1493,0.0000,100.0000,0.0000,0.0000,0.0000,0.0000,0.0000
110.5500,0.0000,0.0000,0.0000,0.0000,0.0000,0.0000,0.0000,0.0000,0.0000,0.0000,0.0000,0.0000,0.0000,0.0000,100.0000,0.0000,0.0000,31.1088,0.0000,94.2080,0.0000,0.0000,0.0000,0.0000,4.4019
110.6000,0.0000,0.0000,0.0000,0.0000,0.0000,0.0000,0.0000,0.0000,0.0000,0.0000,0.0000,0.0000,0.0000,0.0000,100.0000,0.0000,0.0000,35.4082,0.0000,68.2560,0.0000,0.0000,0.0000,0.0000,24.1254
110.6500,0.0000,0.0000,0.0000,0.0000,0.0000,0.0000,0.0000,0.0000,0.0000,0.0000,0.0000,0.0000,0.0000,0.0000,100.0000,0.0000,0.0000,41.4569,0.0000,31.7440,0.0000,0.0000,0.0000,0.0000,51.8746
110.7000,0.0000,0.0000,0.0000,0.0000,0.0000,0.0000,0.0000,0.0000,0.0000,0.0000,0.0000,0.0000,0.0000,0.0000,100.0000,0.0000,0.0000,45.7563,0.0000,5.7920,0.0000,0.0000,0.0000,0.0000,71.5981
110.7500,0.0000,0.0000,0.0000,0.0000,0.0000,0.0000,0.0000,0.0000,0.0000,0.0000,0.0000,0.0000,0.0000,0.0000,100.0000,0.0000,0.0000,46.7158,0.0000,0.0000,0.0000,0.0000,0.0000,0.0000,76.0000
110.8000,0.0000,0.0000,0.0000,0.0000,0.0000,0.0000,0.0000,0.0000,0.0000,0.0000,0.0000,0.0000,0.0000,0.0000,100.0000,0.0000,0.0000,46.7158,0.0000,0.0000,0.0000,0.0000,0.0000,0.0000,76.0000
110.8500,0.0000,0.0000,0.0000,0.0000,0.0000,0.0000,0.0000,0.0000,0.0000,0.0000,0.0000,0.0000,0.0000,0.0000,100.0000,0.0000,0.0000,46.7158,0.0000,0.0000,0.0000,0.0000,0.0000,0.0000,76.0000
110.9000,0.0000,0.0000,0.0000,0.0000,0.0000,0.0000,0.0000,0.0000,0.0000,0.0000,0.0000,0.0000,0.0000,0.0000,100.0000,0.0000,0.0000,46.7158,0.0000,0.0000,0.0000,0.0000,0.0000,0.0000,76.0000
110.9500,0.0000,0.0000,0.0000,0.0000,0.0000,0.0000,0.0000,0.0000,0.0000,0.0000,0.0000,0.0000,0.0000,0.0000,100.0000,0.0000,0.0000,46.7158,0.0000,0.0000,0.0000,0.0000,0.0000,0.0000,76.0000
111.0000,0.0000,0.0000,0.0000,0.0000,0.0000,0.0000,0.0000,0.0000,0.0000,0.0000,0.0000,0.0000,0.0000,0.0000,100.0000,0.0000,0.0000,46.7158,0.0000,0.0000,0.0000,0.0000,0.0000,0.0000,76.0000
111.0500,0.0000,0.0000,0.0000,0.0000,0.0000,0.0000,0.0000,0.0000,0.0000,0.0000,0.0000,0.0000,0.0000,0.0000,100.0000,0.0000,0.0000,46.3683,0.0000,0.0000,0.0000,0.0000,0.0000,0.0000,75.3050
111.1000,0.0000,0.0000,0.0000,0.0000,0.0000,0.0000,0.0000,0.0000,0.0000,0.0000,0.0000,0.0000,0.0000,0.0000,100.0000,0.0000,0.0000,44.8112,0.0000,0.0000,0.0000,0.0000,0.0000,0.0000,72.1907
111.1500,0.0000,0.0000,0.0000,0.0000,0.0000,0.0000,0.0000,0.0000,0.0000,0.0000,0.0000,0.0000,0.0000,0.0000,100.0000,0.0000,0.0000,42.6205,0.0000,0.0000,0.0000,0.0000,0.0000,0.0000,67.8093
111.2000,0.0000,0.0000,0.0000,0.0000,0.0000,0.0000,0.0000,0.0000,0.0000,0.0000,0.0000,0.0000,0.0000,0.0000,100.0000,0.0000,0.0000,41.0633,0.0000,0.0000,0.0000,0.0000,0.0000,0.0000,64.6950
111.2500,0.0000,0.0000,0.0000,0.0000,0.0000,0.0000,0.0000,0.0000,0.0000,0.0000,0.0000,0.0000,0.0000,0.0000,100.0000,0.0000,0.0000,40.7158,0.0000,0.0000,0.0000,0.0000,0.0000,0.0000,64.0000
111.3000,0.0000,0.0000,0.0000,0.0000,0.0000,0.0000,0.0000,0.0000,0.0000,0.0000,0.0000,0.0000,0.0000,0.0000,100.0000,0.0000,0.0000,40.7158,0.0000,0.0000,0.0000,0.0000,0.0000,0.0000,64.0000
111.3500,0.0000,0.0000,0.0000,0.0000,0.0000,0.0000,0.0000,0.0000,0.0000,0.0000,0.0000,0.0000,0.0000,0.0000,100.0000,0.0000,0.0000,40.7158,0.0000,0.0000,0.0000,0.0000,0.0000,0.0000,64.0000
111.4000,0.0000,0.0000,0.0000,0.0000,0.0000,0.0000,0.0000,0.0000,0.0000,0.0000,0.0000,0.0000,0.0000,0.0000,100.0000,0.0000,0.0000,40.7158,0.0000,0.0000,0.0000,0.0000,0.0000,0.0000,64.0000
111.4500,0.0000,0.0000,0.0000,0.0000,0.0000,0.0000,0.0000,0.0000,0.0000,0.0000,0.0000,0.0000,0.0000,0.0000,100.0000,0.0000,0.0000,40.7158,0.0000,0.0000,0.0000,0.0000,0.0000,0.0000,64.0000
111.5000,0.0000,0.0000,0.0000,0.0000,0.0000,0.0000,0.0000,0.0000,0.0000,0.0000,0.0000,0.0000,0.0000,0.0000,100.0000,0.0000,0.0000,40.7158,0.0000,0.0000,0.0000,0.0000,0.0000,0.0000,64.0000
111.5500,0.0000,0.0000,0.0000,0.0000,0.0000,0.0000,0.0000,0.0000,0.0000,0.0000,0.0000,0.0000,0.0000,0.0000,100.0000,0.0000,0.0000,38.3576,0.0000,5.6602,0.0000,0.0000,0.0000,0.0000,63.8574
111.6000,0.0000,0.0000,0.0000,0.0000,0.0000,0.0000,0.0000,0.0000,0.0000,0.0000,0.0000,0.0000,0.0000,0.0000,100.0000,0.0000,0.0000,27.7910,0.0000,31.0214,0.0000,0.0000,0.0000,0.0000,63.2187
111.6500,0.0000,0.0000,0.0000,0.0000,0.0000,0.0000,0.0000,0.0000,0.0000,0.0000,0.0000,0.0000,0.0000,0.0000,100.0000,0.0000,0.0000,12.9248,0.0000,66.7023,0.0000,0.0000,0.0000,0.0000,62.3201
111.7000,0.0000,0.0000,0.0000,0.0000,0.0000,0.0000,0.0000,0.0000,0.0000,0.0000,0.0000,0.0000,0.0000,0.0000,100.0000,0.0000,0.0000,2.3583,0.0000,92.0635,0.0000,0.0000,0.0000,0.0000,61.6813
111.7500,0.0000,0.0000,0.0000,0.0000,0.0000,0.0000,0.0000,0.0000,0.0000,0.0000,0.0000,0.0000,0.0000,0.0000,100.0000,0.0000,0.0000,0.0000,0.0000,97.7237,0.0000,0.0000,0.0000,0.0000,61.5388
111.8000,0.0000,0.0000,0.0000,0.0000,0.0000,0.0000,0.0000,0.0000,0.0000,0.0000,0.0000,0.0000,0.0000,0.0000,100.0000,0.0000,0.0000,0.0000,0.0000,97.7237,0.0000,0.0000,0.0000,0.0000,61.5388
111.8500,0.0000,0.0000,0.0000,0.0000,0.0000,0.0000,0.0000,0.0000,0.0000,0.0000,0.0000,0.0000,0.0000,0.0000,100.0000,0.0000,0.0000,0.0000,0.0000,97.7237,0.0000,0.0000,0.0000,0.0000,61.5388
111.9000,0.0000,0.0000,0.0000,0.0000,0.0000,0.0000,0.0000,0.0000,0.0000,0.0000,0.0000,0.0000,0.0000,0.0000,100.0000,0.0000,0.0000,0.0000,0.0000,97.7237,0.0000,0.0000,0.0000,0.0000,61.5388
111.9500,0.0000,0.0000,0.0000,0.0000,0.0000,0.0000,0.0000,0.0000,0.0000,0.0000,0.0000,0.0000,0.0000,0.0000,100.0000,0.0000,0.0000,0.0000,0.0000,97.7237,0.0000,0.0000,0.0000,0.0000,61.5388
112.0000,0.0000,0.0000,0.0000,0.0000,0.0000,0.0000,0.0000,0.0000,0.0000,0.0000,0.0000,0.0000,0.0000,0.0000,100.0000,0.0000,0.0000,0.0000,0.0000,97.7237,0.0000,0.0000,0.0000,0.0000,61.5388
112.0500,0.0000,5.7920,0.0000,0.0000,0.0000,0.0000,0.0000,0.0000,0.0000,0.0000,0.0000,0.0000,0.0000,0.0000,94.2080,0.0000,0.0000,0.0000,0.0000,97.8555,0.0000,0.0000,0.0000,0.0000,63.4189
112.1000,0.0000,31.7440,0.0000,0.0000,0.0000,0.0000,0.0000,0.0000,0.0000,0.0000,0.0000,0.0000,0.0000,0.0000,68.2560,0.0000,0.0000,0.0000,0.0000,98.4463,0.0000,0.0000,0.0000,0.0000,71.8433
112.1500,0.0000,68.2560,0.0000,0.0000,0.0000,0.0000,0.0000,0.0000,0.0000,0.0000,0.0000,0.0000,0.0000,0.0000,31.7440,0.0000,0.0000,0.0000,0.0000,99.2774,0.0000,0.0000,0.0000,0.0000,83.6955
112.2000,0.0000,94.2080,0.0000,0.0000,0.0000,0.0000,0.0000,0.0000,0.0000,0.0000,0.0000,0.0000,0.0000,0.0000,5.7920,0.0000,0.0000,0.0000,0.0000,99.8682,0.0000,0.0000,0.0000,0.0000,92.1198
112.2500,0.0000,100.0000,0.0000,0.0000,0.0000,0.0000,0.0000,0.0000,0.0000,0.0000,0.0000,0.0000,0.0000,0.0000,0.0000,0.0000,0.0000,0.0000,0.0000,100.0000,0.0000,0.0000,0.0000,0.0000,94.0000
112.3000,0.0000,100.0000,0.0000,0.0000,0.0000,0.0000,0.0000,0.0000,0.0000,0.0000,0.0000,0.0000,0.0000,0.0000,0.0000,0.0000,0.0000,0.0000,0.0000,100.0000,0.0000,0.0000,0.0000,0.0000,94.0000
112.3500,0.0000,100.0000,0.0000,0.0000,0.0000,0.0000,0.0000,0.0000,0.0000,0.0000,0.0000,0.0000,0.0000,0.0000,0.0000,0.0000,0.0000,0.0000,0.0000,100.0000,0.0000,0.0000,0.0000,0.0000,94.0000
112.4000,0.0000,100.0000,0.0000,0.0000,0.0000,0.0000,0.0000,0.0000,0.0000,0.0000,0.0000,0.0000,0.0000,0.0000,0.0000,0.0000,0.0000,0.0000,0.0000,100.0000,0.0000,0.0000,0.0000,0.0000,94.0000
112.4500,0.0000,100.0000,0.0000,0.0000,0.0000,0.0000,0.0000,0.0000,0.0000,0.0000,0.0000,0.0000,0.0000,0.0000,0.0000,0.0000,0.0000,0.0000,0.0000,100.0000,0.0000,0.0000,0.0000,0.0000,94.0000
112.5000,0.0000,100.0000,0.0000,0.0000,0.0000,0.0000,0.0000,0.0000,0.0000,0.0000,0.0000,0.0000,0.0000,0.0000,0.0000,0.0000,0.0000,0.0000,0.0000,100.0000,0.0000,0.0000,0.0000,0.0000,94.0000
112.5500,0.0000,100.0000,0.0000,0.0000,0.0000,0.0000,0.0000,0.0000,0.0000,0.0000,0.0000,0.0000,0.0000,0.0000,5.7920,0.0000,0.0000,0.0000,0.0000,100.0000,0.0000,0.0000,0.0000,0.0000,88.5555
112.6000,0.0000,100.0000,0.0000,0.0000,0.0000,0.0000,0.0000,0.0000,0.0000,0.0000,0.0000,0.0000,0.0000,0.0000,31.7440,0.0000,0.0000,0.0000,0.0000,100.0000,0.0000,0.0000,0.0000,0.0000,64.1606
112.6500,0.0000,100.0000,0.0000,0.0000,0.0000,0.0000,0.0000,0.0000,0.0000,0.0000,0.0000,0.0000,0.0000,0.0000,68.2560,0.0000,0.0000,0.0000,0.0000,100.0000,0.0000,0.0000,0.0000,0.0000,29.8394
112.7000,0.0000,100.0000,0.0000,0.0000,0.0000,0.0000,0.0000,0.0000,0.0000,0.0000,0.0000,0.0000,0.0000,0.0000,94.2080,0.0000,0.0000,0.0000,0.0000,100.0000,0.0000,0.0000,0.0000,0.0000,5.4445
112.7500,0.0000,100.0000,0.0000,0.0000,0.0000,0.0000,0.0000,0.0000,0.0000,0.0000,0.0000,0.0000,0.0000,0.0000,100.0000,0.0000,0.0000,0.0000,0.0000,100.0000,0.0000,0.0000,0.0000,0.0000,0.0000
112.8000,0.0000,100.0000,0.0000,0.0000,0.0000,0.0000,0.0000,0.0000,0.0000,0.0000,0.0000,0.0000,0.0000,0.0000,100.0000,0.0000,0.0000,0.0000,0.0000,100.0000,0.0000,0.0000,0.0000,0.0000,0.0000
112.8500,0.0000,100.0000,0.0000,0.0000,0.0000,0.0000,0.0000,0.0000,0.0000,0.0000,0.0000,0.0000,0.0000,0.0000,100.0000,0.0000,0.0000,0.0000,0.0000,100.0000,0.0000,0.0000,0.0000,0.0000,0.0000
112.9000,0.0000,100.0000,0.0000,0.0000,0.0000,0.0000,0.0000,0.0000,0.0000,0.0000,0.0000,0.0000,0.0000,0.0000,100.0000,0.0000,0.0000,0.0000,0.0000,100.0000,0.0000,0.0000,0.0000,0.0000,0.0000
112.9500,0.0000,100.0000,0.0000,0.0000,0.0000,0.0000,0.0000,0.0000,0.0000,0.0000,0.0000,0.0000,0.0000,0.0000,100.0000,0.0000,0.0000,0.0000,0.0000,100.0000,0.0000,0.0000,0.0000,0.0000,0.0000
113.0000,0.0000,100.0000,0.0000,0.0000,0.0000,0.0000,0.0000,0.0000,0.0000,0.0000,0.0000,0.0000,0.0000,0.0000,100.0000,0.0000,0.0000,0.0000,0.0000,100.0000,0.0000,0.0000,0.0000,0.0000,0.0000
113.0500,0.0000,100.0000,0.0000,0.0000,0.0000,0.0000,0.0000,0.0000,0.0000,0.0000,0.0000,0.0000,0.0000,0.0000,100.0000,0.0000,0.0000,0.0000,0.0000,97.0888,0.0000,0.0000,0.0000,0.0000,0.0000
113.1000,0.0000,100.0000,0.0000,0.0000,0.0000,0.0000,0.0000,0.0000,0.0000,0.0000,0.0000,0.0000,0.0000,0.0000,100.0000,0.0000,0.0000,0.0000,0.0000,84.0448,0.0000,0.0000,0.0000,0.0000,0.0000
113.1500,0.0000,100.0000,0.0000,0.0000,0.0000,0.0000,0.0000,0.0000,0.0000,0.0000,0.0000,0.0000,0.0000,0.0000,100.0000,0.0000,0.0000,0.0000,0.0000,65.6931,0.0000,0.0000,0.0000,0.0000,0.0000
113.2000,0.0000,100.0000,0.0000,0.0000,0.0000,0.0000,0.0000,0.0000,0.0000,0.0000,0.0000,0.0000,0.0000,0.0000,100.0000,0.0000,0.0000,0.0000,0.0000,52.6490,0.0000,0.0000,0.0000,0.0000,0.0000
113.2500,0.0000,100.0000,0.0000,0.0000,0.0000,0.0000,0.0000,0.0000,0.0000,0.0000,0.0000,0.0000,0.0000,0.0000,100.0000,0.0000,0.0000,0.0000,0.0000,49.7378,0.0000,0.0000,0.0000,0.0000,0.0000
113.3000,0.0000,100.0000,0.0000,0.0000,0.0000,0.0000,0.0000,0.0000,0.0000,0.0000,0.0000,0.0000,0.0000,0.0000,100.0000,0.0000,0.0000,0.0000,0.0000,49.7378,0.0000,0.0000,0.0000,0.0000,0.0000
113.3500,0.0000,100.0000,0.0000,0.0000,0.0000,0.0000,0.0000,0.0000,0.0000,0.0000,0.0000,0.0000,0.0000,0.0000,100.0000,0.0000,0.0000,0.0000,0.0000,49.7378,0.0000,0.0000,0.0000,0.0000,0.0000
113.4000,0.0000,100.0000,0.0000,0.0000,0.0000,0.0000,0.0000,0.0000,0.0000,0.0000,0.0000,0.0000,0.0000,0.0000,100.0000,0.0000,0.0000,0.0000,0.0000,49.7378,0.0000,0.0000,0.0000,0.0000,0.0000
113.4500,0.0000,100.0000,0.0000,0.0000,0.0000,0.0000,0.0000,0.0000,0.0000,0.0000,0.0000,0.0000,0.0000,0.0000,100.0000,0.0000,0.0000,0.0000,0.0000,49.7378,0.0000,0.0000,0.0000,0.0000,0.0000
113.5000,0.0000,100.0000,0.0000,0.0000,0.0000,0.0000,0.0000,0.0000,0.0000,0.0000,0.0000,0.0000,0.0000,0.0000,100.0000,0.0000,0.0000,0.0000,0.0000,49.7378,0.0000,0.0000,0.0000,0.0000,0.0000
113.5500,0.0000,97.9463,0.0000,0.0000,0.0000,0.0000,0.0000,0.0000,0.0000,0.0000,0.0000,0.0000,0.0000,0.0000,100.0000,0.0000,0.0000,0.0000,0.0000,48.9278,0.0000,0.0000,0.0000,0.0000,0.0000
113.6000,0.0000,88.7444,0.0000,0.0000,0.0000,0.0000,0.0000,0.0000,0.0000,0.0000,0.0000,0.0000,0.0000,0.0000,100.0000,0.0000,0.0000,0.0000,0.0000,45.2984,0.0000,0.0000,0.0000,0.0000,0.0000
113.6500,0.0000,75.7981,0.0000,0.0000,0.0000,0.0000,0.0000,0.0000,0.0000,0.0000,0.0000,0.0000,0.0000,0.0000,100.0000,0.0000,0.0000,0.0000,0.0000,40.1921,0.0000,0.0000,0.0000,0.0000,0.0000
113.7000,0.0000,66.5962,0.0000,0.0000,0.0000,0.0000,0.0000,0.0000,0.0000,0.0000,0.0000,0.0000,0.0000,0.0000,100.0000,0.0000,0.0000,0.0000,0.0000,36.5626,0.0000,0.0000,0.0000,0.0000,0.0000
113.7500,0.0000,64.5425,0.0000,0.0000,0.0000,0.0000,0.0000,0.0000,0.0000,0.0000,0.0000,0.0000,0.0000,0.0000,100.0000,0.0000,0.0000,0.0000,0.0000,35.7526,0.0000,0.0000,0.0000,0.0000,0.0000
113.8000,0.0000,64.5425,0.0000,0.0000,0.0000,0.0000,0.0000,0.0000,0.0000,0.0000,0.0000,0.0000,0.0000,0.0000,100.0000,0.0000,0.0000,0.0000,0.0000,35.7526,0.0000,0.0000,0.0000,0.0000,0.0000
113.8500,0.0000,64.5425,0.0000,0.0000,0.0000,0.0000,0.0000,0.0000,0.0000,0.0000,0.0000,0.0000,0.0000,0.0000,100.0000,0.0000,0.0000,0.0000,0.0000,35.7526,0.0000,0.0000,0.0000,0.0000,0.0000
113.9000,0.0000,64.5425,0.0000,0.0000,0.0000,0.0000,0.0000,0.0000,0.0000,0.0000,0.0000,0.0000,0.0000,0.0000,100.0000,0.0000,0.0000,0.0000,0.0000,35.7526,0.0000,0.0000,0.0000,0.0000,0.0000
113.9500,0.0000,64.5425,0.0000,0.0000,0.0000,0.0000,0.0000,0.0000,0.0000,0.0000,0.0000,0.0000,0.0000,0.0000,100.0000,0.0000,0.0000,0.0000,0.0000,35.7526,0.0000,0.0000,0.0000,0.0000,0.0000
114.0000,0.0000,64.5425,0.0000,0.0000,0.0000,0.0000,0.0000,0.0000,0.0000,0.0000,0.0000,0.0000,0.0000,0.0000,100.0000,0.0000,0.0000,0.0000,0.0000,35.7526,0.0000,0.0000,0.0000,0.0000,0.0000
114.0500,0.0000,60.8042,0.0000,0.0000,0.0000,0.0000,0.0000,0.0000,0.0000,0.0000,0.0000,0.0000,3.5260,0.0000,100.0000,0.0000,0.0000,0.0000,0.0000,36.7444,0.0000,0.0000,0.0000,0.0000,0.0000
114.1000,0.0000,44.0541,0.0000,0.0000,0.0000,0.0000,0.0000,0.0000,0.0000,0.0000,0.0000,0.0000,19.3250,0.0000,100.0000,0.0000,0.0000,0.0000,0.0000,41.1886,0.0000,0.0000,0.0000,0.0000,0.0000
114.1500,0.0000,20.4884,0.0000,0.0000,0.0000,0.0000,0.0000,0.0000,0.0000,0.0000,0.0000,0.0000,41.5527,0.0000,100.0000,0.0000,0.0000,0.0000,0.0000,47.4412,0.0000,0.0000,0.0000,0.0000,0.0000
114.2000,0.0000,3.7383,0.0000,0.0000,0.0000,0.0000,0.0000,0.0000,0.0000,0.0000,0.0000,0.0000,57.3516,0.0000,100.0000,0.0000,0.0000,0.0000,0.0000,51.8854,0.0000,0.0000,0.0000,0.0000,0.0000
114.2500,0.0000,0.0000,0.0000,0.0000,0.0000,0.0000,0.0000,0.0000,0.0000,0.0000,0.0000,0.0000,60.8777,0.0000,100.0000,0.0000,0.0000,0.0000,0.0000,52.8772,0.0000,0.0000,0.0000,0.0000,0.0000
114.3000,0.0000,0.0000,0.0000,0.0000,0.0000,0.0000,0.0000,0.0000,0.0000,0.0000,0.0000,0.0000,60.8777,0.0000,100.0000,0.0000,0.0000,0.0000,0.0000,52.8772,0.0000,0.0000,0.0000,0.0000,0.0000
114.3500,0.0000,0.0000,0.0000,0.0000,0.0000,0.0000,0.0000,0.0000,0.0000,0.0000,0.0000,0.0000,60.8777,0.0000,100.0000,0.0000,0.0000,0.0000,0.0000,52.8772,0.0000,0.0000,0.0000,0.0000,0.0000
114.4000,0.0000,0.0000,0.0000,0.0000,0.0000,0.0000,0.0000,0.0000,0.0000,0.0000,0.0000,0.0000,60.8777,0.0000,100.0000,0.0000,0.0000,0.0000,0.0000,52.8772,0.0000,0.0000,0.0000,0.0000,0.0000
114.4500,0.0000,0.0000,0.0000,0.0000,0.0000,0.0000,0.0000,0.0000,0.0000,0.0000,0.0000,0.0000,60.8777,0.0000,100.0000,0.0000,0.0000,0.0000,0.0000,52.8772,0.0000,0.0000,0.0000,0.0000,0.0000
114.5000,0.0000,0.0000,0.0000,0.0000,0.0000,0.0000,0.0000,0.0000,0.0000,0.0000,0.0000,0.0000,60.8777,0.0000,100.0000,0.0000,0.0000,0.0000,0.0000,52.8772,0.0000,0.0000,0.0000,0.0000,0.0000
114.5500,0.0000,0.0000,0.0000,0.0000,4.9427,0.0000,0.0000,0.0000,0.0000,0.0000,0.0000,0.0000,59.1855,0.0000,100.0000,0.0000,0.0000,0.0000,0.0000,49.8146,0.0000,0.0000,0.0000,0.0000,0.0000
114.6000,0.0000,0.0000,0.0000,0.0000,27.0894,0.0000,0.0000,0.0000,0.0000,0.0000,0.0000,0.0000,51.6036,0.0000,100.0000,0.0000,0.0000,0.0000,0.0000,36.0919,0.0000,0.0000,0.0000,0.0000,0.0000
114.6500,0.0000,0.0000,0.0000,0.0000,58.2477,0.0000,0.0000,0.0000,0.0000,0.0000,0.0000,0.0000,40.9366,0.0000,100.0000,0.0000,0.0000,0.0000,0.0000,16.7854,0.0000,0.0000,0.0000,0.0000,0.0000
114.7000,0.0000,0.0000,0.0000,0.0000,80.3944,0.0000,0.0000,0.0000,0.0000,0.0000,0.0000,0.0000,33.3547,0.0000,100.0000,0.0000,0.0000,0.0000,0.0000,3.0627,0.0000,0.0000,0.0000,0.0000,0.0000
114.7500,0.0000,0.0000,0.0000,0.0000,85.3371,0.0000,0.0000,0.0000,0.0000,0.0000,0.0000,0.0000,31.6625,0.0000,100.0000,0.0000,0.0000,0.0000,0.0000,0.0000,0.0000,0.0000,0.0000,0.0000,0.0000
114.8000,0.0000,0.0000,0.0000,0.0000,85.3371,0.0000,0.0000,0.0000,0.0000,0.0000,0.0000,0.0000,31.6625,0.0000,100.0000,0.0000,0.0000,0.0000,0.0000,0.0000,0.0000,0.0000,0.0000,0.0000,0.0000
114.8500,0.0000,0.0000,0.0000,0.0000,85.3371,0.0000,0.0000,0.0000,0.0000,0.0000,0.0000,0.0000,31.6625,0.0000,100.0000,0.0000,0.0000,0.0000,0.0000,0.0000,0.0000,0.0000,0.0000,0.0000,0.0000
114.9000,0.0000,0.0000,0.0000,0.0000,85.3371,0.0000,0.0000,0.0000,0.0000,0.0000,0.0000,0.0000,31.6625,0.0000,100.0000,0.0000,0.0000,0.0000,0.0000,0.0000,0.0000,0.0000,0.0000,0.0000,0.0000
114.9500,0.0000,0.0000,0.0000,0.0000,85.3371,0.0000,0.0000,0.0000,0.0000,0.0000,0.0000,0.0000,31.6625,0.0000,100.0000,0.0000,0.0000,0.0000,0.0000,0.0000,0.0000,0.0000,0.0000,0.0000,0.0000
115.0000,0.0000,0.0000,0.0000,0.0000,85.3371,0.0000,0.0000,0.0000,0.0000,0.0000,0.0000,0.0000,31.6625,0.0000,100.0000,0.0000,0.0000,0.0000,0.0000,0.0000,0.0000,0.0000,0.0000,0.0000,0.0000
115.0500,0.0000,0.0000,0.0000,0.0000,82.9040,0.0000,0.0000,0.0000,0.0000,0.0000,0.0000,0.0000,31.6625,0.0000,94.2080,0.0000,0.0000,0.0000,0.0000,0.0000,5.4445,0.0000,0.0000,0.0000,0.0000
115.1000,0.0000,0.0000,0.0000,0.0000,72.0021,0.0000,0.0000,0.0000,0.0000,0.0000,0.0000,0.0000,31.6625,0.0000,68.2560,0.0000,0.0000,0.0000,0.0000,0.0000,29.8394,0.0000,0.0000,0.0000,0.0000
115.1500,0.0000,0.0000,0.0000,0.0000,56.6642,0.0000,0.0000,0.0000,0.0000,0.0000,0.0000,0.0000,31.6625,0.0000,31.7440,0.0000,0.0000,0.0000,0.0000,0.0000,64.1606,0.0000,0.0000,0.0000,0.0000
115.2000,0.0000,0.0000,0.0000,0.0000,45.7623,0.0000,0.0000,0.0000,0.0000,0.0000,0.0000,0.0000,31.6625,0.0000,5.7920,0.0000,0.0000,0.0000,0.0000,0.0000,88.5555,0.0000,0.0000,0.0000,0.0000
115.2500,0.0000,0.0000,0.0000,0.0000,43.3292,0.0000,0.0000,0.0000,0.0000,0.0000,0.0000,0.0000,31.6625,0.0000,0.0000,0.0000,0.0000,0.0000,0.0000,0.0000,94.0000,0.0000,0.0000,0.0000,0.0000
115.3000,0.0000,0.0000,0.0000,0.0000,43.3292,0.0000,0.0000,0.0000,0.0000,0.0000,0.0000,0.0000,31.6625,0.0000,0.0000,0.0000,0.0000,0.0000,0.0000,0.0000,94.0000,0.0000,0.0000,0.0000,0.0000
115.3500,0.0000,0.0000,0.0000,0.0000,43.3292,0.0000,0.0000,0.0000,0.0000,0.0000,0.0000,0.0000,31.6625,0.0000,0.0000,0.0000,0.0000,0.0000,0.0000,0.0000,94.0000,0.0000,0.0000,0.0000,0.0000
115.4000,0.0000,0.0000,0.0000,0.0000,43.3292,0.0000,0.0000,0.0000,0.0000,0.0000,0.0000,0.0000,31.6625,0.0000,0.0000,0.0000,0.0000,0.0000,0.0000,0.0000,94.0000,0.0000,0.0000,0.0000,0.0000
115.4500,0.0000,0.0000,0.0000,0.0000,43.3292,0.0000,0.0000,0.0000,0.0000,0.0000,0.0000,0.0000,31.6625,0.0000,0.0000,0.0000,0.0000,0.0000,0.0000,0.0000,94.0000,0.0000,0.0000,0.0000,0.0000
115.5000,0.0000,0.0000,0.0000,0.0000,43.3292,0.0000,0.0000,0.0000,0.0000,0.0000,0.0000,0.0000,31.6625,0.0000,0.0000,0.0000,0.0000,0.0000,0.0000,0.0000,94.0000,0.0000,0.0000,0.0000,0.0000
115.5500,0.0000,0.0000,0.0000,0.0000,45.9166,0.0000,0.0000,0.0000,0.0000,0.0000,0.0000,0.0000,31.6625,0.0000,0.0000,0.0000,0.0000,0.0000,0.0000,0.0000,94.3475,0.0000,0.0000,0.0000,0.0000
115.6000,0.0000,0.0000,0.0000,0.0000,57.5095,0.0000,0.0000,0.0000,0.0000,0.0000,0.0000,0.0000,31.6625,0.0000,0.0000,0.0000,0.0000,0.0000,0.0000,0.0000,95.9046,0.0000,0.0000,0.0000,0.0000
115.6500,0.0000,0.0000,0.0000,0.0000,73.8197,0.0000,0.0000,0.0000,0.0000,0.0000,0.0000,0.0000,31.6625,0.0000,0.0000,0.0000,0.0000,0.0000,0.0000,0.0000,98.0954,0.0000,0.0000,0.0000,0.0000
115.7000,0.0000,0.0000,0.0000,0.0000,85.4127,0.0000,0.0000,0.0000,0.0000,0.0000,0.0000,0.0000,31.6625,0.0000,0.0000,0.0000,0.0000,0.0000,0.0000,0.0000,99.6525,0.0000,0.0000,0.0000,0.0000
115.7500,0.0000,0.0000,0.0000,0.0000,88.0000,0.0000,0.0000,0.0000,0.0000,0.0000,0.0000,0.0000,31.6625,0.0000,0.0000,0.0000,0.0000,0.0000,0.0000,0.0000,100.0000,0.0000,0.0000,0.0000,0.0000
115.8000,0.0000,0.0000,0.0000,0.0000,88.0000,0.0000,0.0000,0.0000,0.0000,0.0000,0.0000,0.0000,31.6625,0.0000,0.0000,0.0000,0.0000,0.0000,0.0000,0.0000,100.0000,0.0000,0.0000,0.0000,0.0000
115.8500,0.0000,0.0000,0.0000,0.0000,88.0000,0.0000,0.0000,0.0000,0.0000,0.0000,0.0000,0.0000,31.6625,0.0000,0.0000,0.0000,0.0000,0.0000,0.0000,0.0000,100.0000,0.0000,0.0000,0.0000,0.0000
115.9000,0.0000,0.0000,0.0000,0.0000,88.0000,0.0000,0.0000,0.0000,0.0000,0.0000,0.0000,0.0000,31.6625,0.0000,0.0000,0.0000,0.0000,0.0000,0.0000,0.0000,100.0000,0.0000,0.0000,0.0000,0.0000
115.9500,0.0000,0.0000,0.0000,0.0000,88.0000,0.0000,0.0000,0.0000,0.0000,0.0000,0.0000,0.0000,31.6625,0.0000,0.0000,0.0000,0.0000,0.0000,0.0000,0.0000,100.0000,0.0000,0.0000,0.0000,0.0000
116.0000,0.0000,0.0000,0.0000,0.0000,88.0000,0.0000,0.0000,0.0000,0.0000,0.0000,0.0000,0.0000,31.6625,0.0000,0.0000,0.0000,0.0000,0.0000,0.0000,0.0000,100.0000,0.0000,0.0000,0.0000,0.0000
116.0500,0.0000,0.0000,0.0000,0.0000,88.6950,0.0000,0.0000,0.0000,0.0000,0.0000,0.0000,0.0000,29.8286,0.0000,5.0970,0.0000,0.0000,0.0000,0.0000,0.0000,100.0000,0.0000,0.0000,0.0000,0.0000
116.1000,0.0000,0.0000,0.0000,0.0000,91.8093,0.0000,0.0000,0.0000,0.0000,0.0000,0.0000,0.0000,21.6116,0.0000,27.9347,0.0000,0.0000,0.0000,0.0000,0.0000,100.0000,0.0000,0.0000,0.0000,0.0000
116.1500,0.0000,0.0000,0.0000,0.0000,96.1907,0.0000,0.0000,0.0000,0.0000,0.0000,0.0000,0.0000,10.0509,0.0000,60.0653,0.0000,0.0000,0.0000,0.0000,0.0000,100.0000,0.0000,0.0000,0.0000,0.0000
116.2000,0.0000,0.0000,0.0000,0.0000,99.3050,0.0000,0.0000,0.0000,0.0000,0.0000,0.0000,0.0000,1.8339,0.0000,82.9030,0.0000,0.0000,0.0000,0.0000,0.0000,100.0000,0.0000,0.0000,0.0000,0.0000
116.2500,0.0000,0.0000,0.0000,0.0000,100.0000,0.0000,0.0000,0.0000,0.0000,0.0000,0.0000,0.0000,0.0000,0.0000,88.0000,0.0000,0.0000,0.0000,0.0000,0.0000,100.0000,0.0000,0.0000,0.0000,0.0000
116.3000,0.0000,0.0000,0.0000,0.0000,100.0000,0.0000,0.0000,0.0000,0.0000,0.0000,0.0000,0.0000,0.0000,0.0000,88.0000,0.0000,0.0000,0.0000,0.0000,0.0000,100.0000,0.0000,0.0000,0.0000,0.0000
116.3500,0.0000,0.0000,0.0000,0.0000,100.0000,0.0000,0.0000,0.0000,0.0000,0.0000,0.0000,0.0000,0.0000,0.0000,88.0000,0.0000,0.0000,0.0000,0.0000,0.0000,100.0000,0.0000,0.0000,0.0000,0.0000
116.4000,0.0000,0.0000,0.0000,0.0000,100.0000,0.0000,0.0000,0.0000,0.0000,0.0000,0.0000,0.0000,0.0000,0.0000,88.0000,0.0000,0.0000,0.0000,0.0000,0.0000,100.0000,0.0000,0.0000,0.0000,0.0000
116.4500,0.0000,0.0000,0.0000,0.0000,100.0000,0.0000,0.0000,0.0000,0.0000,0.0000,0.0000,0.0000,0.0000,0.0000,88.0000,0.0000,0.0000,0.0000,0.0000,0.0000,100.0000,0.0000,0.0000,0.0000,0.0000
116.5000,0.0000,0.0000,0.0000,0.0000,100.0000,0.0000,0.0000,0.0000,0.0000,0.0000,0.0000,0.0000,0.0000,0.0000,88.0000,0.0000,0.0000,0.0000,0.0000,0.0000,100.0000,0.0000,0.0000,0.0000,0.0000
116.5500,0.0000,5.7920,0.0000,0.0000,94.2080,0.0000,0.0000,0.0000,0.0000,0.0000,0.0000,0.0000,0.0000,0.0000,86.6099,0.0000,0.0000,0.0000,0.0000,0.0000,100.0000,0.0000,0.0000,0.0000,0.0000
116.6000,0.0000,31.7440,0.0000,0.0000,68.2560,0.0000,0.0000,0.0000,0.0000,0.0000,0.0000,0.0000,0.0000,0.0000,80.3814,0.0000,0.0000,0.0000,0.0000,0.0000,100.0000,0.0000,0.0000,0.0000,0.0000
116.6500,0.0000,68.2560,0.0000,0.0000,31.7440,0.0000,0.0000,0.0000,0.0000,0.0000,0.0000,0.0000,0.0000,0.0000,71.6186,0.0000,0.0000,0.0000,0.0000,0.0000,100.0000,0.0000,0.0000,0.0000,0.0000
116.7000,0.0000,94.2080,0.0000,0.0000,5.7920,0.0000,0.0000,0.0000,0.0000,0.0000,0.0000,0.0000,0.0000,0.0000,65.3901,0.0000,0.0000,0.0000,0.0000,0.0000,100.0000,0.0000,0.0000,0.0000,0.0000
116.7500,0.0000,100.0000,0.0000,0.0000,0.0000,0.0000,0.0000,0.0000,0.0000,0.0000,0.0000,0.0000,0.0000,0.0000,64.0000,0.0000,0.0000,0.0000,0.0000,0.0000,100.0000,0.0000,0.0000,0.0000,0.0000
116.8000,0.0000,100.0000,0.0000,0.0000,0.0000,0.0000,0.0000,0.0000,0.0000,0.0000,0.0000,0.0000,0.0000,0.0000,64.0000,0.0000,0.0000,0.0000,0.0000,0.0000,100.0000,0.0000,0.0000,0.0000,0.0000
116.8500,0.0000,100.0000,0.0000,0.0000,0.0000,0.0000,0.0000,0.0000,0.0000,0.0000,0.0000,0.0000,0.0000,0.0000,64.0000,0.0000,0.0000,0.0000,0.0000,0.0000,100.0000,0.0000,0.0000,0.0000,0.0000
116.9000,0.0000,100.0000,0.0000,0.0000,0.0000,0.0000,0.0000,0.0000,0.0000,0.0000,0.0000,0.0000,0.0000,0.0000,64.0000,0.0000,0.0000,0.0000,0.0000,0.0000,100.0000,0.0000,0.0000,0.0000,0.0000
116.9500,0.0000,100.0000,0.0000,0.0000,0.0000,0.0000,0.0000,0.0000,0.0000,0.0000,0.0000,0.0000,0.0000,0.0000,64.0000,0.0000,0.0000,0.0000,0.0000,0.0000,100.0000,0.0000,0.0000,0.0000,0.0000
117.0000,0.0000,100.0000,0.0000,0.0000,0.0000,0.0000,0.0000,0.0000,0.0000,0.0000,0.0000,0.0000,0.0000,0.0000,64.0000,0.0000,0.0000,0.0000,0.0000,0.0000,100.0000,0.0000,0.0000,0.0000,0.0000
117.0500,0.0000,100.0000,0.0000,0.0000,0.0000,4.7494,0.0000,0.0000,0.0000,0.0000,0.0000,0.0000,0.0000,0.0000,65.3901,0.0000,0.0000,0.0000,0.0000,0.0000,94.2080,0.0000,0.0000,0.0000,0.0000
117.1000,0.0000,100.0000,0.0000,0.0000,0.0000,26.0301,0.0000,0.0000,0.0000,0.0000,0.0000,0.0000,0.0000,0.0000,71.6186,0.0000,0.0000,0.0000,0.0000,0.0000,68.2560,0.0000,0.0000,0.0000,0.0000
117.1500,0.0000,100.0000,0.0000,0.0000,0.0000,55.9699,0.0000,0.0000,0.0000,0.0000,0.0000,0.0000,0.0000,0.0000,80.3814,0.0000,0.0000,0.0000,0.0000,0.0000,31.7440,0.0000,0.0000,0.0000,0.0000
117.2000,0.0000,100.0000,0.0000,0.0000,0.0000,77.2506,0.0000,0.0000,0.0000,0.0000,0.0000,0.0000,0.0000,0.0000,86.6099,0.0000,0.0000,0.0000,0.0000,0.0000,5.7920,0.0000,0.0000,0.0000,0.0000
117.2500,0.0000,100.0000,0.0000,0.0000,0.0000,82.0000,0.0000,0.0000,0.0000,0.0000,0.0000,0.0000,0.0000,0.0000,88.0000,0.0000,0.0000,0.0000,0.0000,0.0000,0.0000,0.0000,0.0000,0.0000,0.0000
117.3000,0.0000,100.0000,0.0000,0.0000,0.0000,82.0000,0.0000,0.0000,0.0000,0.0000,0.0000,0.0000,0.0000,0.0000,88.0000,0.0000,0.0000,0.0000,0.0000,0.0000,0.0000,0.0000,0.0000,0.0000,0.0000
117.3500,0.0000,100.0000,0.0000,0.0000,0.0000,82.0000,0.0000,0.0000,0.0000,0.0000,0.0000,0.0000,0.0000,0.0000,88.0000,0.0000,0.0000,0.0000,0.0000,0.0000,0.0000,0.0000,0.0000,0.0000,0.0000
117.4000,0.0000,100.0000,0.0000,0.0000,0.0000,82.0000,0.0000,0.0000,0.0000,0.0000,0.0000,0.0000,0.0000,0.0000,88.0000,0.0000,0.0000,0.0000,0.0000,0.0000,0.0000,0.0000,0.0000,0.0000,0.0000
117.4500,0.0000,100.0000,0.0000,0.0000,0.0000,82.0000,0.0000,0.0000,0.0000,0.0000,0.0000,0.0000,0.0000,0.0000,88.0000,0.0000,0.0000,0.0000,0.0000,0.0000,0.0000,0.0000,0.0000,0.0000,0.0000
117.5000,0.0000,100.0000,0.0000,0.0000,0.0000,82.0000,0.0000,0.0000,0.0000,0.0000,0.0000,0.0000,0.0000,0.0000,88.0000,0.0000,0.0000,0.0000,0.0000,0.0000,0.0000,0.0000,0.0000,0.0000,0.0000
117.5500,0.0000,100.0000,0.0000,0.0000,0.0000,81.6525,0.0000,0.0000,0.0000,0.0000,0.0000,0.0000,0.0000,0.0000,88.3475,0.0000,0.0000,0.0000,0.0000,0.0000,0.0000,0.0000,0.0000,0.0000,0.0000
117.6000,0.0000,100.0000,0.0000,0.0000,0.0000,80.0954,0.0000,0.0000,0.0000,0.0000,0.0000,0.0000,0.0000,0.0000,89.9046,0.0000,0.0000,0.0000,0.0000,0.0000,0.0000,0.0000,0.0000,0.0000,0.0000
117.6500,0.0000,100.0000,0.0000,0.0000,0.0000,77.9046,0.0000,0.0000,0.0000,0.0000,0.0000,0.0000,0.0000,0.0000,92.0954,0.0000,0.0000,0.0000,0.0000,0.0000,0.0000,0.0000,0.0000,0.0000,0.0000
117.7000,0.0000,100.0000,0.0000,0.0000,0.0000,76.3475,0.0000,0.0000,0.0000,0.0000,0.0000,0.0000,0.0000,0.0000,93.6525,0.0000,0.0000,0.0000,0.0000,0.0000,0.0000,0.0000,0.0000,0.0000,0.0000
117.7500,0.0000,100.0000,0.0000,0.0000,0.0000,76.0000,0.0000,0.0000,0.0000,0.0000,0.0000,0.0000,0.0000,0.0000,94.0000,0.0000,0.0000,0.0000,0.0000,0.0000,0.0000,0.0000,0.0000,0.0000,0.0000
117.8000,0.0000,100.0000,0.0000,0.0000,0.0000,76.0000,0.0000,0.0000,0.0000,0.0000,0.0000,0.0000,0.0000,0.0000,94.0000,0.0000,0.0000,0.0000,0.0000,0.0000,0.0000,0.0000,0.0000,0.0000,0.0000
117.8500,0.0000,100.0000,0.0000,0.0000,0.0000,76.0000,0.0000,0.0000,0.0000,0.0000,0.0000,0.0000,0.0000,0.0000,94.0000,0.0000,0.0000,0.0000,0.0000,0.0000,0.0000,0.0000,0.0000,0.0000,0.0000
117.9000,0.0000,100.0000,0.0000,0.0000,0.0000,76.0000,0.0000,0.0000,0.0000,0.0000,0.0000,0.0000,0.0000,0.0000,94.0000,0.0000,0.0000,0.0000,0.0000,0.0000,0.0000,0.0000,0.0000,0.0000,0.0000
117.9500,0.0000,100.0000,0.0000,0.0000,0.0000,76.0000,0.0000,0.0000,0.0000,0.0000,0.0000,0.0000,0.0000,0.0000,94.0000,0.0000,0.0000,0.0000,0.0000,0.0000,0.0000,0.0000,0.0000,0.0000,0.0000
118.0000,0.0000,100.0000,0.0000,0.0000,0.0000,76.0000,0.0000,0.0000,0.0000,0.0000,0.0000,0.0000,0.0000,0.0000,94.0000,0.0000,0.0000,0.0000,0.0000,0.0000,0.0000,0.0000,0.0000,0.0000,0.0000
118.0500,0.0000,99.3050,0.0000,0.0000,0.0000,75.6525,0.0000,0.0000,0.0000,0.0000,0.0000,0.0000,0.0000,0.0000,88.5555,0.0000,0.0000,0.0000,0.0000,5.4445,0.0000,0.0000,0.0000,0.0000,0.0000
118.1000,0.0000,96.1907,0.0000,0.0000,0.0000,74.0954,0.0000,0.0000,0.0000,0.0000,0.0000,0.0000,0.0000,0.0000,64.1606,0.0000,0.0000,0.0000,0.0000,29.8394,0.0000,0.0000,0.0000,0.0000,0.0000
118.1500,0.0000,91.8093,0.0000,0.0000,0.0000,71.9046,0.0000,0.0000,0.0000,0.0000,0.0000,0.0000,0.0000,0.0000,29.8394,0.0000,0.0000,0.0000,0.0000,64.1606,0.0000,0.0000,0.0000,0.0000,0.0000
118.2000,0.0000,88.6950,0.0000,0.0000,0.0000,70.3475,0.0000,0.0000,0.0000,0.0000,0.0000,0.0000,0.0000,0.0000,5.4445,0.0000,0.0000,0.0000,0.0000,88.5555,0.0000,0.0000,0.0000,0.0000,0.0000
118.2500,0.0000,88.0000,0.0000,0.0000,0.0000,70.0000,0.0000,0.0000,0.0000,0.0000,0.0000,0.0000,0.0000,0.0000,0.0000,0.0000,0.0000,0.0000,0.0000,94.0000,0.0000,0.0000,0.0000,0.0000,0.0000
118.3000,0.0000,88.0000,0.0000,0.0000,0.0000,70.0000,0.0000,0.0000,0.0000,0.0000,0.0000,0.0000,0.0000,0.0000,0.0000,0.0000,0.0000,0.0000,0.0000,94.0000,0.0000,0.0000,0.0000,0.0000,0.0000
118.3500,0.0000,88.0000,0.0000,0.0000,0.0000,70.0000,0.0000,0.0000,0.0000,0.0000,0.0000,0.0000,0.0000,0.0000,0.0000,0.0000,0.0000,0.0000,0.0000,94.0000,0.0000,0.0000,0.0000,0.0000,0.0000
118.4000,0.0000,88.0000,0.0000,0.0000,0.0000,70.0000,0.0000,0.0000,0.0000,0.0000,0.0000,0.0000,0.0000,0.0000,0.0000,0.0000,0.0000,0.0000,0.0000,94.0000,0.0000,0.0000,0.0000,0.0000,0.0000
118.4500,0.0000,88.0000,0.0000,0.0000,0.0000,70.0000,0.0000,0.0000,0.0000,0.0000,0.0000,0.0000,0.0000,0.0000,0.0000,0.0000,0.0000,0.0000,0.0000,94.0000,0.0000,0.0000,0.0000,0.0000,0.0000
118.5000,0.0000,88.0000,0.0000,0.0000,0.0000,70.0000,0.0000,0.0000,0.0000,0.0000,0.0000,0.0000,0.0000,0.0000,0.0000,0.0000,0.0000,0.0000,0.0000,94.0000,0.0000,0.0000,0.0000,0.0000,0.0000
118.5500,0.0000,87.3050,0.0000,0.0000,0.0000,70.3475,0.0000,0.0000,0.0000,0.0000,0.0000,0.0000,0.0000,0.0000,0.0000,0.0000,0.0000,0.0000,0.0000,94.0000,0.0000,0.0000,0.0000,0.0000,0.0000
118.6000,0.0000,84.1907,0.0000,0.0000,0.0000,71.9046,0.0000,0.0000,0.0000,0.0000,0.0000,0.0000,0.0000,0.0000,0.0000,0.0000,0.0000,0.0000,0.0000,94.0000,0.0000,0.0000,0.0000,0.0000,0.0000
118.6500,0.0000,79.8093,0.0000,0.0000,0.0000,74.0954,0.0000,0.0000,0.0000,0.0000,0.0000,0.0000,0.0000,0.0000,0.0000,0.0000,0.0000,0.0000,0.0000,94.0000,0.0000,0.0000,0.0000,0.0000,0.0000
118.7000,0.0000,76.6950,0.0000,0.0000,0.0000,75.6525,0.0000,0.0000,0.0000,0.0000,0.0000,0.0000,0.0000,0.0000,0.0000,0.0000,0.0000,0.0000,0.0000,94.0000,0.0000,0.0000,0.0000,0.0000,0.0000
118.7500,0.0000,76.0000,0.0000,0.0000,0.0000,76.0000,0.0000,0.0000,0.0000,0.0000,0.0000,0.0000,0.0000,0.0000,0.0000,0.0000,0.0000,0.0000,0.0000,94.0000,0.0000,0.0000,0.0000,0.0000,0.0000
118.8000,0.0000,76.0000,0.0000,0.0000,0.0000,76.0000,0.0000,0.0000,0.0000,0.0000,0.0000,0.0000,0.0000,0.0000,0.0000,0.0000,0.0000,0.0000,0.0000,94.0000,0.0000,0.0000,0.0000,0.0000,0.0000
118.8500,0.0000,76.0000,0.0000,0.0000,0.0000,76.0000,0.0000,0.0000,0.0000,0.0000,0.0000,0.0000,0.0000,0.0000,0.0000,0.0000,0.0000,0.0000,0.0000,94.0000,0.0000,0.0000,0.0000,0.0000,0.0000
118.9000,0.0000,76.0000,0.0000,0.0000,0.0000,76.0000,0.0000,0.0000,0.0000,0.0000,0.0000,0.0000,0.0000,0.0000,0.0000,0.0000,0.0000,0.0000,0.0000,94.0000,0.0000,0.0000,0.0000,0.0000,0.0000
118.9500,0.0000,76.0000,0.0000,0.0000,0.0000,76.0000,0.0000,0.0000,0.0000,0.0000,0.0000,0.0000,0.0000,0.0000,0.0000,0.0000,0.0000,0.0000,0.0000,94.0000,0.0000,0.0000,0.0000,0.0000,0.0000
119.0000,0.0000,76.0000,0.0000,0.0000,0.0000,76.0000,0.0000,0.0000,0.0000,0.0000,0.0000,0.0000,0.0000,0.0000,0.0000,0.0000,0.0000,0.0000,0.0000,94.0000,0.0000,0.0000,0.0000,0.0000,0.0000
119.0500,0.0000,71.5981,0.0000,5.0970,0.0000,71.5981,5.7920,0.0000,0.0000,0.0000,0.0000,0.0000,0.0000,0.0000,0.0000,0.0000,0.0000,0.0000,0.0000,93.6525,0.0000,0.0000,0.0000,0.0000,0.0000
119.1000,0.0000,51.8746,0.0000,27.9347,0.0000,51.8746,31.7440,0.0000,0.0000,0.0000,0.0000,0.0000,0.0000,0.0000,0.0000,0.0000,0.0000,0.0000,0.0000,92.0954,0.0000,0.0000,0.0000,0.0000,0.0000
119.1500,0.0000,24.1254,0.0000,60.0653,0.0000,24.1254,68.2560,0.0000,0.0000,0.0000,0.0000,0.0000,0.0000,0.0000,0.0000,0.0000,0.0000,0.0000,0.0000,89.9046,0.0000,0.0000,0.0000,0.0000,0.0000
119.2000,0.0000,4.4019,0.0000,82.9030,0.0000,4.4019,94.2080,0.0000,0.0000,0.0000,0.0000,0.0000,0.0000,0.0000,0.0000,0.0000,0.0000,0.0000,0.0000,88.3475,0.0000,0.0000,0.0000,0.0000,0.0000
119.2500,0.0000,0.0000,0.0000,88.0000,0.0000,0.0000,100.0000,0.0000,0.0000,0.0000,0.0000,0.0000,0.0000,0.0000,0.0000,0.0000,0.0000,0.0000,0.0000,88.0000,0.0000,0.0000,0.0000,0.0000,0.0000
119.3000,0.0000,0.0000,0.0000,88.0000,0.0000,0.0000,100.0000,0.0000,0.0000,0.0000,0.0000,0.0000,0.0000,0.0000,0.0000,0.0000,0.0000,0.0000,0.0000,88.0000,0.0000,0.0000,0.0000,0.0000,0.0000
119.3500,0.0000,0.0000,0.0000,88.0000,0.0000,0.0000,100.0000,0.0000,0.0000,0.0000,0.0000,0.0000,0.0000,0.0000,0.0000,0.0000,0.0000,0.0000,0.0000,88.0000,0.0000,0.0000,0.0000,0.0000,0.0000
119.4000,0.0000,0.0000,0.0000,88.0000,0.0000,0.0000,100.0000,0.0000,0.0000,0.0000,0.0000,0.0000,0.0000,0.0000,0.0000,0.0000,0.0000,0.0000,0.0000,88.0000,0.0000,0.0000,0.0000,0.0000,0.0000
119.4500,0.0000,0.0000,0.0000,88.0000,0.0000,0.0000,100.0000,0.0000,0.0000,0.0000,0.0000,0.0000,0.0000,0.0000,0.0000,0.0000,0.0000,0.0000,0.0000,88.0000,0.0000,0.0000,0.0000,0.0000,0.0000
119.5000,0.0000,0.0000,0.0000,88.0000,0.0000,0.0000,100.0000,0.0000,0.0000,0.0000,0.0000,0.0000,0.0000,0.0000,0.0000,0.0000,0.0000,0.0000,0.0000,88.0000,0.0000,0.0000,0.0000,0.0000,0.0000
119.5500,0.0000,0.0000,0.0000,87.6110,0.0000,0.0000,100.0000,0.0000,0.0000,0.0000,0.0000,0.0000,0.0000,0.0000,0.0000,0.0000,0.0000,0.0000,0.0000,88.3475,0.0000,0.0000,0.0000,0.0000,0.0000
119.6000,0.0000,0.0000,0.0000,85.8680,0.0000,0.0000,100.0000,0.0000,0.0000,0.0000,0.0000,0.0000,0.0000,0.0000,0.0000,0.0000,0.0000,0.0000,0.0000,89.9046,0.0000,0.0000,0.0000,0.0000,0.0000
119.6500,0.0000,0.0000,0.0000,83.4158,0.0000,0.0000,100.0000,0.0000,0.0000,0.0000,0.0000,0.0000,0.0000,0.0000,0.0000,0.0000,0.0000,0.0000,0.0000,92.0954,0.0000,0.0000,0.0000,0.0000,0.0000
119.7000,0.0000,0.0000,0.0000,81.6728,0.0000,0.0000,100.0000,0.0000,0.0000,0.0000,0.0000,0.0000,0.0000,0.0000,0.0000,0.0000,0.0000,0.0000,0.0000,93.6525,0.0000,0.0000,0.0000,0.0000,0.0000
119.7500,0.0000,0.0000,0.0000,81.2838,0.0000,0.0000,100.0000,0.0000,0.0000,0.0000,0.0000,0.0000,0.0000,0.0000,0.0000,0.0000,0.0000,0.0000,0.0000,94.0000,0.0000,0.0000,0.0000,0.0000,0.0000
119.8000,0.0000,0.0000,0.0000,81.2838,0.0000,0.0000,100.0000,0.0000,0.0000,0.0000,0.0000,0.0000,0.0000,0.0000,0.0000,0.0000,0.0000,0.0000,0.0000,94.0000,0.0000,0.0000,0.0000,0.0000,0.0000
119.8500,0.0000,0.0000,0.0000,81.2838,0.0000,0.0000,100.0000,0.0000,0.0000,0.0000,0.0000,0.0000,0.0000,0.0000,0.0000,0.0000,0.0000,0.0000,0.0000,94.0000,0.0000,0.0000,0.0000,0.0000,0.0000
119.9000,0.0000,0.0000,0.0000,81.2838,0.0000,0.0000,100.0000,0.0000,0.0000,0.0000,0.0000,0.0000,0.0000,0.0000,0.0000,0.0000,0.0000,0.0000,0.0000,94.0000,0.0000,0.0000,0.0000,0.0000,0.0000
119.9500,0.0000,0.0000,0.0000,81.2838,0.0000,0.0000,100.0000,0.0000,0.0000,0.0000,0.0000,0.0000,0.0000,0.0000,0.0000,0.0000,0.0000,0.0000,0.0000,94.0000,0.0000,0.0000,0.0000,0.0000,0.0000
120.0000,0.0000,0.0000,0.0000,81.2838,0.0000,0.0000,100.0000,0.0000,0.0000,0.0000,0.0000,0.0000,0.0000,0.0000,0.0000,0.0000,0.0000,0.0000,0.0000,94.0000,0.0000,0.0000,0.0000,0.0000,0.0000
120.0500,0.0000,0.0000,0.0000,80.9363,0.0000,0.0000,100.0000,0.0000,0.0000,0.0000,0.0000,0.0000,0.0000,0.0000,0.0000,0.0000,0.0000,0.0000,0.0000,93.6525,0.0000,0.0000,0.0000,0.0000,0.0000
120.1000,0.0000,0.0000,0.0000,79.3791,0.0000,0.0000,100.0000,0.0000,0.0000,0.0000,0.0000,0.0000,0.0000,0.0000,0.0000,0.0000,0.0000,0.0000,0.0000,92.0954,0.0000,0.0000,0.0000,0.0000,0.0000
120.1500,0.0000,0.0000,0.0000,77.1884,0.0000,0.0000,100.0000,0.0000,0.0000,0.0000,0.0000,0.0000,0.0000,0.0000,0.0000,0.0000,0.0000,0.0000,0.0000,89.9046,0.0000,0.0000,0.0000,0.0000,0.0000
120.2000,0.0000,0.0000,0.0000,75.6313,0.0000,0.0000,100.0000,0.0000,0.0000,0.0000,0.0000,0.0000,0.0000,0.0000,0.0000,0.0000,0.0000,0.0000,0.0000,88.3475,0.0000,0.0000,0.0000,0.0000,0.0000
120.2500,0.0000,0.0000,0.0000,75.2838,0.0000,0.0000,100.0000,0.0000,0.0000,0.0000,0.0000,0.0000,0.0000,0.0000,0.0000,0.0000,0.0000,0.0000,0.0000,88.0000,0.0000,0.0000,0.0000,0.0000,0.0000
120.3000,0.0000,0.0000,0.0000,75.2838,0.0000,0.0000,100.0000,0.0000,0.0000,0.0000,0.0000,0.0000,0.0000,0.0000,0.0000,0.0000,0.0000,0.0000,0.0000,88.0000,0.0000,0.0000,0.0000,0.0000,0.0000
120.3500,0.0000,0.0000,0.0000,75.2838,0.0000,0.0000,100.0000,0.0000,0.0000,0.0000,0.0000,0.0000,0.0000,0.0000,0.0000,0.0000,0.0000,0.0000,0.0000,88.0000,0.0000,0.0000,0.0000,0.0000,0.0000
120.4000,0.0000,0.0000,0.0000,75.2838,0.0000,0.0000,100.0000,0.0000,0.0000,0.0000,0.0000,0.0000,0.0000,0.0000,0.0000,0.0000,0.0000,0.0000,0.0000,88.0000,0.0000,0.0000,0.0000,0.0000,0.0000
120.4500,0.0000,0.0000,0.0000,75.2838,0.0000,0.0000,100.0000,0.0000,0.0000,0.0000,0.0000,0.0000,0.0000,0.0000,0.0000,0.0000,0.0000,0.0000,0.0000,88.0000,0.0000,0.0000,0.0000,0.0000,0.0000
120.5000,0.0000,0.0000,0.0000,75.2838,0.0000,0.0000,100.0000,0.0000,0.0000,0.0000,0.0000,0.0000,0.0000,0.0000,0.0000,0.0000,0.0000,0.0000,0.0000,88.0000,0.0000,0.0000,0.0000,0.0000,0.0000
120.5500,0.0000,0.0000,0.0000,75.9788,0.0000,0.0000,99.6525,0.0000,0.0000,0.0000,0.0000,0.0000,0.0000,0.0000,0.0000,5.7920,0.0000,0.0000,0.0000,82.9030,0.0000,0.0000,0.0000,0.0000,0.0000
120.6000,0.0000,0.0000,0.0000,79.0931,0.0000,0.0000,98.0954,0.0000,0.0000,0.0000,0.0000,0.0000,0.0000,0.0000,0.0000,31.7440,0.0000,0.0000,0.0000,60.0653,0.0000,0.0000,0.0000,0.0000,0.0000
120.6500,0.0000,0.0000,0.0000,83.4745,0.0000,0.0000,95.9046,0.0000,0.0000,0.0000,0.0000,0.0000,0.0000,0.0000,0.0000,68.2560,0.0000,0.0000,0.0000,27.9347,0.0000,0.0000,0.0000,0.0000,0.0000
120.7000,0.0000,0.0000,0.0000,86.5887,0.0000,0.0000,94.3475,0.0000,0.0000,0.0000,0.0000,0.0000,0.0000,0.0000,0.0000,94.2080,0.0000,0.0000,0.0000,5.0970,0.0000,0.0000,0.0000,0.0000,0.0000
120.7500,0.0000,0.0000,0.0000,87.2838,0.0000,0.0000,94.0000,0.0000,0.0000,0.0000,0.0000,0.0000,0.0000,0.0000,0.0000,100.0000,0.0000,0.0000,0.0000,0.0000,0.0000,0.0000,0.0000,0.0000,0.0000
120.8000,0.0000,0.0000,0.0000,87.2838,0.0000,0.0000,94.0000,0.0000,0.0000,0.0000,0.0000,0.0000,0.0000,0.0000,0.0000,100.0000,0.0000,0.0000,0.0000,0.0000,0.0000,0.0000,0.0000,0.0000,0.0000
120.8500,0.0000,0.0000,0.0000,87.2838,0.0000,0.0000,94.0000,0.0000,0.0000,0.0000,0.0000,0.0000,0.0000,0.0000,0.0000,100.0000,0.0000,0.0000,0.0000,0.0000,0.0000,0.0000,0.0000,0.0000,0.0000
120.9000,0.0000,0.0000,0.0000,87.2838,0.0000,0.0000,94.0000,0.0000,0.0000,0.0000,0.0000,0.0000,0.0000,0.0000,0.0000,100.0000,0.0000,0.0000,0.0000,0.0000,0.0000,0.0000,0.0000,0.0000,0.0000
120.9500,0.0000,0.0000,0.0000,87.2838,0.0000,0.0000,94.0000,0.0000,0.0000,0.0000,0.0000,0.0000,0.0000,0.0000,0.0000,100.0000,0.0000,0.0000,0.0000,0.0000,0.0000,0.0000,0.0000,0.0000,0.0000
121.0000,0.0000,0.0000,0.0000,87.2838,0.0000,0.0000,94.0000,0.0000,0.0000,0.0000,0.0000,0.0000,0.0000,0.0000,0.0000,100.0000,0.0000,0.0000,0.0000,0.0000,0.0000,0.0000,0.0000,0.0000,0.0000
121.0500,0.0000,0.0000,0.0000,82.2283,0.0000,0.0000,88.5555,0.0000,0.0000,0.0000,0.0000,0.0000,0.0000,0.0000,0.0000,100.0000,0.0000,0.0000,0.0000,5.7920,0.0000,4.4019,0.0000,0.0000,0.0000
121.1000,0.0000,0.0000,0.0000,59.5764,0.0000,0.0000,64.1606,0.0000,0.0000,0.0000,0.0000,0.0000,0.0000,0.0000,0.0000,100.0000,0.0000,0.0000,0.0000,31.7440,0.0000,24.1254,0.0000,0.0000,0.0000
121.1500,0.0000,0.0000,0.0000,27.7074,0.0000,0.0000,29.8394,0.0000,0.0000,0.0000,0.0000,0.0000,0.0000,0.0000,0.0000,100.0000,0.0000,0.0000,0.0000,68.2560,0.0000,51.8746,0.0000,0.0000,0.0000
121.2000,0.0000,0.0000,0.0000,5.0555,0.0000,0.0000,5.4445,0.0000,0.0000,0.0000,0.0000,0.0000,0.0000,0.0000,0.0000,100.0000,0.0000,0.0000,0.0000,94.2080,0.0000,71.5981,0.0000,0.0000,0.0000
121.2500,0.0000,0.0000,0.0000,0.0000,0.0000,0.0000,0.0000,0.0000,0.0000,0.0000,0.0000,0.0000,0.0000,0.0000,0.0000,100.0000,0.0000,0.0000,0.0000,100.0000,0.0000,76.0000,0.0000,0.0000,0.0000
121.3000,0.0000,0.0000,0.0000,0.0000,0.0000,0.0000,0.0000,0.0000,0.0000,0.0000,0.0000,0.0000,0.0000,0.0000,0.0000,100.0000,0.0000,0.0000,0.0000,100.0000,0.0000,76.0000,0.0000,0.0000,0.0000
121.3500,0.0000,0.0000,0.0000,0.0000,0.0000,0.0000,0.0000,0.0000,0.0000,0.0000,0.0000,0.0000,0.0000,0.0000,0.0000,100.0000,0.0000,0.0000,0.0000,100.0000,0.0000,76.0000,0.0000,0.0000,0.0000
121.4000,0.0000,0.0000,0.0000,0.0000,0.0000,0.0000,0.0000,0.0000,0.0000,0.0000,0.0000,0.0000,0.0000,0.0000,0.0000,100.0000,0.0000,0.0000,0.0000,100.0000,0.0000,76.0000,0.0000,0.0000,0.0000
121.4500,0.0000,0.0000,0.0000,0.0000,0.0000,0.0000,0.0000,0.0000,0.0000,0.0000,0.0000,0.0000,0.0000,0.0000,0.0000,100.0000,0.0000,0.0000,0.0000,100.0000,0.0000,76.0000,0.0000,0.0000,0.0000
121.5000,0.0000,0.0000,0.0000,0.0000,0.0000,0.0000,0.0000,0.0000,0.0000,0.0000,0.0000,0.0000,0.0000,0.0000,0.0000,100.0000,0.0000,0.0000,0.0000,100.0000,0.0000,76.0000,0.0000,0.0000,0.0000
121.5500,0.0000,0.0000,0.0000,0.0000,0.0000,0.0000,0.0000,0.0000,0.0000,0.0000,0.0000,0.0000,0.0000,0.0000,0.0000,99.6525,0.0000,0.0000,0.0000,100.0000,0.0000,74.3826,0.0000,0.0000,0.0000
121.6000,0.0000,0.0000,0.0000,0.0000,0.0000,0.0000,0.0000,0.0000,0.0000,0.0000,0.0000,0.0000,0.0000,0.0000,0.0000,98.0954,0.0000,0.0000,0.0000,100.0000,0.0000,67.1355,0.0000,0.0000,0.0000
121.6500,0.0000,0.0000,0.0000,0.0000,0.0000,0.0000,0.0000,0.0000,0.0000,0.0000,0.0000,0.0000,0.0000,0.0000,0.0000,95.9046,0.0000,0.0000,0.0000,100.0000,0.0000,56.9395,0.0000,0.0000,0.0000
121.7000,0.0000,0.0000,0.0000,0.0000,0.0000,0.0000,0.0000,0.0000,0.0000,0.0000,0.0000,0.0000,0.0000,0.0000,0.0000,94.3475,0.0000,0.0000,0.0000,100.0000,0.0000,49.6924,0.0000,0.0000,0.0000
121.7500,0.0000,0.0000,0.0000,0.0000,0.0000,0.0000,0.0000,0.0000,0.0000,0.0000,0.0000,0.0000,0.0000,0.0000,0.0000,94.0000,0.0000,0.0000,0.0000,100.0000,0.0000,48.0750,0.0000,0.0000,0.0000
121.8000,0.0000,0.0000,0.0000,0.0000,0.0000,0.0000,0.0000,0.0000,0.0000,0.0000,0.0000,0.0000,0.0000,0.0000,0.0000,94.0000,0.0000,0.0000,0.0000,100.0000,0.0000,48.0750,0.0000,0.0000,0.0000
121.8500,0.0000,0.0000,0.0000,0.0000,0.0000,0.0000,0.0000,0.0000,0.0000,0.0000,0.0000,0.0000,0.0000,0.0000,0.0000,94.0000,0.0000,0.0000,0.0000,100.0000,0.0000,48.0750,0.0000,0.0000,0.0000
121.9000,0.0000,0.0000,0.0000,0.0000,0.0000,0.0000,0.0000,0.0000,0.0000,0.0000,0.0000,0.0000,0.0000,0.0000,0.0000,94.0000,0.0000,0.0000,0.0000,100.0000,0.0000,48.0750,0.0000,0.0000,0.0000
121.9500,0.0000,0.0000,0.0000,0.0000,0.0000,0.0000,0.0000,0.0000,0.0000,0.0000,0.0000,0.0000,0.0000,0.0000,0.0000,94.0000,0.0000,0.0000,0.0000,100.0000,0.0000,48.0750,0.0000,0.0000,0.0000
122.0000,0.0000,0.0000,0.0000,0.0000,0.0000,0.0000,0.0000,0.0000,0.0000,0.0000,0.0000,0.0000,0.0000,0.0000,0.0000,94.0000,0.0000,0.0000,0.0000,100.0000,0.0000,48.0750,0.0000,0.0000,0.0000
122.0500,0.0000,0.0000,0.0000,0.0000,0.0000,0.0000,0.0000,0.0000,0.0000,0.0000,0.0000,0.0000,0.0000,0.0000,0.0000,94.3475,0.0000,0.0000,0.0000,100.0000,0.0000,49.5591,0.0000,0.0000,0.0000
122.1000,0.0000,0.0000,0.0000,0.0000,0.0000,0.0000,0.0000,0.0000,0.0000,0.0000,0.0000,0.0000,0.0000,0.0000,0.0000,95.9046,0.0000,0.0000,0.0000,100.0000,0.0000,56.2090,0.0000,0.0000,0.0000
122.1500,0.0000,0.0000,0.0000,0.0000,0.0000,0.0000,0.0000,0.0000,0.0000,0.0000,0.0000,0.0000,0.0000,0.0000,0.0000,98.0954,0.0000,0.0000,0.0000,100.0000,0.0000,65.5649,0.0000,0.0000,0.0000
122.2000,0.0000,0.0000,0.0000,0.0000,0.0000,0.0000,0.0000,0.0000,0.0000,0.0000,0.0000,0.0000,0.0000,0.0000,0.0000,99.6525,0.0000,0.0000,0.0000,100.0000,0.0000,72.2148,0.0000,0.0000,0.0000
122.2500,0.0000,0.0000,0.0000,0.0000,0.0000,0.0000,0.0000,0.0000,0.0000,0.0000,0.0000,0.0000,0.0000,0.0000,0.0000,100.0000,0.0000,0.0000,0.0000,100.0000,0.0000,73.6990,0.0000,0.0000,0.0000
122.3000,0.0000,0.0000,0.0000,0.0000,0.0000,0.0000,0.0000,0.0000,0.0000,0.0000,0.0000,0.0000,0.0000,0.0000,0.0000,100.0000,0.0000,0.0000,0.0000,100.0000,0.0000,73.6990,0.0000,0.0000,0.0000
122.3500,0.0000,0.0000,0.0000,0.0000,0.0000,0.0000,0.0000,0.0000,0.0000,0.0000,0.0000,0.0000,0.0000,0.0000,0.0000,100.0000,0.0000,0.0000,0.0000,100.0000,0.0000,73.6990,0.0000,0.0000,0.0000
122.4000,0.0000,0.0000,0.0000,0.0000,0.0000,0.0000,0.0000,0.0000,0.0000,0.0000,0.0000,0.0000,0.0000,0.0000,0.0000,100.0000,0.0000,0.0000,0.0000,100.0000,0.0000,73.6990,0.0000,0.0000,0.0000
122.4500,0.0000,0.0000,0.0000,0.0000,0.0000,0.0000,0.0000,0.0000,0.0000,0.0000,0.0000,0.0000,0.0000,0.0000,0.0000,100.0000,0.0000,0.0000,0.0000,100.0000,0.0000,73.6990,0.0000,0.0000,0.0000
122.5000,0.0000,0.0000,0.0000,0.0000,0.0000,0.0000,0.0000,0.0000,0.0000,0.0000,0.0000,0.0000,0.0000,0.0000,0.0000,100.0000,0.0000,0.0000,0.0000,100.0000,0.0000,73.6990,0.0000,0.0000,0.0000
122.5500,0.0000,0.0000,0.0000,0.0000,0.0000,0.0000,0.0000,0.0000,0.0000,0.0000,0.0000,0.0000,0.0000,0.0000,0.0000,96.2931,0.0000,0.0000,0.0000,100.0000,0.0000,71.8478,0.0000,0.0000,0.0000
122.6000,0.0000,0.0000,0.0000,0.0000,0.0000,0.0000,0.0000,0.0000,0.0000,0.0000,0.0000,0.0000,0.0000,0.0000,0.0000,79.6838,0.0000,0.0000,0.0000,100.0000,0.0000,63.5536,0.0000,0.0000,0.0000
122.6500,0.0000,0.0000,0.0000,0.0000,0.0000,0.0000,0.0000,0.0000,0.0000,0.0000,0.0000,0.0000,0.0000,0.0000,0.0000,56.3162,0.0000,0.0000,0.0000,100.0000,0.0000,51.8844,0.0000,0.0000,0.0000
122.7000,0.0000,0.0000,0.0000,0.0000,0.0000,0.0000,0.0000,0.0000,0.0000,0.0000,0.0000,0.0000,0.0000,0.0000,0.0000,39.7069,0.0000,0.0000,0.0000,100.0000,0.0000,43.5902,0.0000,0.0000,0.0000
122.7500,0.0000,0.0000,0.0000,0.0000,0.0000,0.0000,0.0000,0.0000,0.0000,0.0000,0.0000,0.0000,0.0000,0.0000,0.0000,36.0000,0.0000,0.0000,0.0000,100.0000,0.0000,41.7391,0.0000,0.0000,0.0000
122.8000,0.0000,0.0000,0.0000,0.0000,0.0000,0.0000,0.0000,0.0000,0.0000,0.0000,0.0000,0.0000,0.0000,0.0000,0.0000,36.0000,0.0000,0.0000,0.0000,100.0000,0.0000,41.7391,0.0000,0.0000,0.0000
122.8500,0.0000,0.0000,0.0000,0.0000,0.0000,0.0000,0.0000,0.0000,0.0000,0.0000,0.0000,0.0000,0.0000,0.0000,0.0000,36.0000,0.0000,0.0000,0.0000,100.0000,0.0000,41.7391,0.0000,0.0000,0.0000
122.9000,0.0000,0.0000,0.0000,0.0000,0.0000,0.0000,0.0000,0.0000,0.0000,0.0000,0.0000,0.0000,0.0000,0.0000,0.0000,36.0000,0.0000,0.0000,0.0000,100.0000,0.0000,41.7391,0.0000,0.0000,0.0000
122.9500,0.0000,0.0000,0.0000,0.0000,0.0000,0.0000,0.0000,0.0000,0.0000,0.0000,0.0000,0.0000,0.0000,0.0000,0.0000,36.0000,0.0000,0.0000,0.0000,100.0000,0.0000,41.7391,0.0000,0.0000,0.0000
123.0000,0.0000,0.0000,0.0000,0.0000,0.0000,0.0000,0.0000,0.0000,0.0000,0.0000,0.0000,0.0000,0.0000,0.0000,0.0000,36.0000,0.0000,0.0000,0.0000,100.0000,0.0000,41.7391,0.0000,0.0000,0.0000
123.0500,0.0000,0.0000,0.0000,0.0000,0.0000,0.0000,0.0000,0.0000,0.0000,0.0000,0.0000,0.0000,0.0000,0.0000,0.0000,36.6950,0.0000,0.0000,0.0000,100.0000,0.0000,41.3916,0.0000,0.0000,0.0000
123.1000,0.0000,0.0000,0.0000,0.0000,0.0000,0.0000,0.0000,0.0000,0.0000,0.0000,0.0000,0.0000,0.0000,0.0000,0.0000,39.8093,0.0000,0.0000,0.0000,100.0000,0.0000,39.8345,0.0000,0.0000,0.0000
123.1500,0.0000,0.0000,0.0000,0.0000,0.0000,0.0000,0.0000,0.0000,0.0000,0.0000,0.0000,0.0000,0.0000,0.0000,0.0000,44.1907,0.0000,0.0000,0.0000,100.0000,0.0000,37.6438,0.0000,0.0000,0.0000
123.2000,0.0000,0.0000,0.0000,0.0000,0.0000,0.0000,0.0000,0.0000,0.0000,0.0000,0.0000,0.0000,0.0000,0.0000,0.0000,47.3050,0.0000,0.0000,0.0000,100.0000,0.0000,36.0866,0.0000,0.0000,0.0000
123.2500,0.0000,0.0000,0.0000,0.0000,0.0000,0.0000,0.0000,0.0000,0.0000,0.0000,0.0000,0.0000,0.0000,0.0000,0.0000,48.0000,0.0000,0.0000,0.0000,100.0000,0.0000,35.7391,0.0000,0.0000,0.0000
123.3000,0.0000,0.0000,0.0000,0.0000,0.0000,0.0000,0.0000,0.0000,0.0000,0.0000,0.0000,0.0000,0.0000,0.0000,0.0000,48.0000,0.0000,0.0000,0.0000,100.0000,0.0000,35.7391,0.0000,0.0000,0.0000
123.3500,0.0000,0.0000,0.0000,0.0000,0.0000,0.0000,0.0000,0.0000,0.0000,0.0000,0.0000,0.0000,0.0000,0.0000,0.0000,48.0000,0.0000,0.0000,0.0000,100.0000,0.0000,35.7391,0.0000,0.0000,0.0000
123.4000,0.0000,0.0000,0.0000,0.0000,0.0000,0.0000,0.0000,0.0000,0.0000,0.0000,0.0000,0.0000,0.0000,0.0000,0.0000,48.0000,0.0000,0.0000,0.0000,100.0000,0.0000,35.7391,0.0000,0.0000,0.0000
123.4500,0.0000,0.0000,0.0000,0.0000,0.0000,0.0000,0.0000,0.0000,0.0000,0.0000,0.0000,0.0000,0.0000,0.0000,0.0000,48.0000,0.0000,0.0000,0.0000,100.0000,0.0000,35.7391,0.0000,0.0000,0.0000
123.5000,0.0000,0.0000,0.0000,0.0000,0.0000,0.0000,0.0000,0.0000,0.0000,0.0000,0.0000,0.0000,0.0000,0.0000,0.0000,48.0000,0.0000,0.0000,0.0000,100.0000,0.0000,35.7391,0.0000,0.0000,0.0000
123.5500,0.0000,0.0000,0.0000,0.0000,0.0000,0.0000,0.0000,0.0000,0.0000,0.0000,0.0000,0.0000,0.0000,0.0000,0.0000,45.2198,0.0000,0.0000,0.0000,100.0000,0.0000,36.7817,3.2115,0.0000,0.0000
123.6000,0.0000,0.0000,0.0000,0.0000,0.0000,0.0000,0.0000,0.0000,0.0000,0.0000,0.0000,0.0000,0.0000,0.0000,0.0000,32.7629,0.0000,0.0000,0.0000,100.0000,0.0000,41.4530,17.6011,0.0000,0.0000
123.6500,0.0000,0.0000,0.0000,0.0000,0.0000,0.0000,0.0000,0.0000,0.0000,0.0000,0.0000,0.0000,0.0000,0.0000,0.0000,15.2371,0.0000,0.0000,0.0000,100.0000,0.0000,48.0252,37.8460,0.0000,0.0000
123.7000,0.0000,0.0000,0.0000,0.0000,0.0000,0.0000,0.0000,0.0000,0.0000,0.0000,0.0000,0.0000,0.0000,0.0000,0.0000,2.7802,0.0000,0.0000,0.0000,100.0000,0.0000,52.6966,52.2356,0.0000,0.0000
123.7500,0.0000,0.0000,0.0000,0.0000,0.0000,0.0000,0.0000,0.0000,0.0000,0.0000,0.0000,0.0000,0.0000,0.0000,0.0000,0.0000,0.0000,0.0000,0.0000,100.0000,0.0000,53.7391,55.4471,0.0000,0.0000
123.8000,0.0000,0.0000,0.0000,0.0000,0.0000,0.0000,0.0000,0.0000,0.0000,0.0000,0.0000,0.0000,0.0000,0.0000,0.0000,0.0000,0.0000,0.0000,0.0000,100.0000,0.0000,53.7391,55.4471,0.0000,0.0000
123.8500,0.0000,0.0000,0.0000,0.0000,0.0000,0.0000,0.0000,0.0000,0.0000,0.0000,0.0000,0.0000,0.0000,0.0000,0.0000,0.0000,0.0000,0.0000,0.0000,100.0000,0.0000,53.7391,55.4471,0.0000,0.0000
123.9000,0.0000,0.0000,0.0000,0.0000,0.0000,0.0000,0.0000,0.0000,0.0000,0.0000,0.0000,0.0000,0.0000,0.0000,0.0000,0.0000,0.0000,0.0000,0.0000,100.0000,0.0000,53.7391,55.4471,0.0000,0.0000
123.9500,0.0000,0.0000,0.0000,0.0000,0.0000,0.0000,0.0000,0.0000,0.0000,0.0000,0.0000,0.0000,0.0000,0.0000,0.0000,0.0000,0.0000,0.0000,0.0000,100.0000,0.0000,53.7391,55.4471,0.0000,0.0000
124.0000,0.0000,0.0000,0.0000,0.0000,0.0000,0.0000,0.0000,0.0000,0.0000,0.0000,0.0000,0.0000,0.0000,0.0000,0.0000,0.0000,0.0000,0.0000,0.0000,100.0000,0.0000,53.7391,55.4471,0.0000,0.0000
124.0500,0.0000,0.0000,0.0000,4.4019,0.0000,0.0000,0.0000,0.0000,0.0000,0.0000,0.0000,0.0000,0.0000,0.0000,0.0000,0.0000,0.0000,0.0000,0.0000,100.0000,0.0000,50.6265,56.1422,0.0000,0.0000
124.1000,0.0000,0.0000,0.0000,24.1254,0.0000,0.0000,0.0000,0.0000,0.0000,0.0000,0.0000,0.0000,0.0000,0.0000,0.0000,0.0000,0.0000,0.0000,0.0000,100.0000,0.0000,36.6802,59.2564,0.0000,0.0000
124.1500,0.0000,0.0000,0.0000,51.8746,0.0000,0.0000,0.0000,0.0000,0.0000,0.0000,0.0000,0.0000,0.0000,0.0000,0.0000,0.0000,0.0000,0.0000,0.0000,100.0000,0.0000,17.0589,63.6379,0.0000,0.0000
124.2000,0.0000,0.0000,0.0000,71.5981,0.0000,0.0000,0.0000,0.0000,0.0000,0.0000,0.0000,0.0000,0.0000,0.0000,0.0000,0.0000,0.0000,0.0000,0.0000,100.0000,0.0000,3.1126,66.7521,0.0000,0.0000
124.2500,0.0000,0.0000,0.0000,76.0000,0.0000,0.0000,0.0000,0.0000,0.0000,0.0000,0.0000,0.0000,0.0000,0.0000,0.0000,0.0000,0.0000,0.0000,0.0000,100.0000,0.0000,0.0000,67.4471,0.0000,0.0000
124.3000,0.0000,0.0000,0.0000,76.0000,0.0000,0.0000,0.0000,0.0000,0.0000,0.0000,0.0000,0.0000,0.0000,0.0000,0.0000,0.0000,0.0000,0.0000,0.0000,100.0000,0.0000,0.0000,67.4471,0.0000,0.0000
124.3500,0.0000,0.0000,0.0000,76.0000,0.0000,0.0000,0.0000,0.0000,0.0000,0.0000,0.0000,0.0000,0.0000,0.0000,0.0000,0.0000,0.0000,0.0000,0.0000,100.0000,0.0000,0.0000,67.4471,0.0000,0.0000
124.4000,0.0000,0.0000,0.0000,76.0000,0.0000,0.0000,0.0000,0.0000,0.0000,0.0000,0.0000,0.0000,0.0000,0.0000,0.0000,0.0000,0.0000,0.0000,0.0000,100.0000,0.0000,0.0000,67.4471,0.0000,0.0000
124.4500,0.0000,0.0000,0.0000,76.0000,0.0000,0.0000,0.0000,0.0000,0.0000,0.0000,0.0000,0.0000,0.0000,0.0000,0.0000,0.0000,0.0000,0.0000,0.0000,100.0000,0.0000,0.0000,67.4471,0.0000,0.0000
124.5000,0.0000,0.0000,0.0000,76.0000,0.0000,0.0000,0.0000,0.0000,0.0000,0.0000,0.0000,0.0000,0.0000,0.0000,0.0000,0.0000,0.0000,0.0000,0.0000,100.0000,0.0000,0.0000,67.4471,0.0000,0.0000
124.5500,0.0000,0.0000,0.0000,76.6950,0.0000,0.0000,0.0000,0.0000,0.0000,0.0000,0.0000,0.0000,0.0000,0.0000,0.0000,0.0000,0.0000,0.0000,0.0000,100.0000,0.0000,0.0000,67.4471,0.0000,0.0000
124.6000,0.0000,0.0000,0.0000,79.8093,0.0000,0.0000,0.0000,0.0000,0.0000,0.0000,0.0000,0.0000,0.0000,0.0000,0.0000,0.0000,0.0000,0.0000,0.0000,100.0000,0.0000,0.0000,67.4471,0.0000,0.0000
124.6500,0.0000,0.0000,0.0000,84.1907,0.0000,0.0000,0.0000,0.0000,0.0000,0.0000,0.0000,0.0000,0.0000,0.0000,0.0000,0.0000,0.0000,0.0000,0.0000,100.0000,0.0000,0.0000,67.4471,0.0000,0.0000
124.7000,0.0000,0.0000,0.0000,87.3050,0.0000,0.0000,0.0000,0.0000,0.0000,0.0000,0.0000,0.0000,0.0000,0.0000,0.0000,0.0000,0.0000,0.0000,0.0000,100.0000,0.0000,0.0000,67.4471,0.0000,0.0000
124.7500,0.0000,0.0000,0.0000,88.0000,0.0000,0.0000,0.0000,0.0000,0.0000,0.0000,0.0000,0.0000,0.0000,0.0000,0.0000,0.0000,0.0000,0.0000,0.0000,100.0000,0.0000,0.0000,67.4471,0.0000,0.0000
124.8000,0.0000,0.0000,0.0000,88.0000,0.0000,0.0000,0.0000,0.0000,0.0000,0.0000,0.0000,0.0000,0.0000,0.0000,0.0000,0.0000,0.0000,0.0000,0.0000,100.0000,0.0000,0.0000,67.4471,0.0000,0.0000
124.8500,0.0000,0.0000,0.0000,88.0000,0.0000,0.0000,0.0000,0.0000,0.0000,0.0000,0.0000,0.0000,0.0000,0.0000,0.0000,0.0000,0.0000,0.0000,0.0000,100.0000,0.0000,0.0000,67.4471,0.0000,0.0000
124.9000,0.0000,0.0000,0.0000,88.0000,0.0000,0.0000,0.0000,0.0000,0.0000,0.0000,0.0000,0.0000,0.0000,0.0000,0.0000,0.0000,0.0000,0.0000,0.0000,100.0000,0.0000,0.0000,67.4471,0.0000,0.0000
124.9500,0.0000,0.0000,0.0000,88.0000,0.0000,0.0000,0.0000,0.0000,0.0000,0.0000,0.0000,0.0000,0.0000,0.0000,0.0000,0.0000,0.0000,0.0000,0.0000,100.0000,0.0000,0.0000,67.4471,0.0000,0.0000
125.0000,0.0000,0.0000,0.0000,88.0000,0.0000,0.0000,0.0000,0.0000,0.0000,0.0000,0.0000,0.0000,0.0000,0.0000,0.0000,0.0000,0.0000,0.0000,0.0000,100.0000,0.0000,0.0000,67.4471,0.0000,0.0000
125.0500,0.0000,0.0000,0.0000,88.2215,0.0000,0.0000,0.0000,0.0000,0.0000,0.0000,0.0000,0.0000,0.0000,0.0000,0.0000,0.0000,0.0000,0.0000,0.0000,100.0000,0.0000,0.0000,67.0996,0.0000,0.0000
125.1000,0.0000,0.0000,0.0000,89.2140,0.0000,0.0000,0.0000,0.0000,0.0000,0.0000,0.0000,0.0000,0.0000,0.0000,0.0000,0.0000,0.0000,0.0000,0.0000,100.0000,0.0000,0.0000,65.5425,0.0000,0.0000
125.1500,0.0000,0.0000,0.0000,90.6103,0.0000,0.0000,0.0000,0.0000,0.0000,0.0000,0.0000,0.0000,0.0000,0.0000,0.0000,0.0000,0.0000,0.0000,0.0000,100.0000,0.0000,0.0000,63.3518,0.0000,0.0000
125.2000,0.0000,0.0000,0.0000,91.6028,0.0000,0.0000,0.0000,0.0000,0.0000,0.0000,0.0000,0.0000,0.0000,0.0000,0.0000,0.0000,0.0000,0.0000,0.0000,100.0000,0.0000,0.0000,61.7947,0.0000,0.0000
125.2500,0.0000,0.0000,0.0000,91.8243,0.0000,0.0000,0.0000,0.0000,0.0000,0.0000,0.0000,0.0000,0.0000,0.0000,0.0000,0.0000,0.0000,0.0000,0.0000,100.0000,0.0000,0.0000,61.4471,0.0000,0.0000
125.3000,0.0000,0.0000,0.0000,91.8243,0.0000,0.0000,0.0000,0.0000,0.0000,0.0000,0.0000,0.0000,0.0000,0.0000,0.0000,0.0000,0.0000,0.0000,0.0000,100.0000,0.0000,0.0000,61.4471,0.0000,0.0000
125.3500,0.0000,0.0000,0.0000,91.8243,0.0000,0.0000,0.0000,0.0000,0.0000,0.0000,0.0000,0.0000,0.0000,0.0000,0.0000,0.0000,0.0000,0.0000,0.0000,100.0000,0.0000,0.0000,61.4471,0.0000,0.0000
125.4000,0.0000,0.0000,0.0000,91.8243,0.0000,0.0000,0.0000,0.0000,0.0000,0.0000,0.0000,0.0000,0.0000,0.0000,0.0000,0.0000,0.0000,0.0000,0.0000,100.0000,0.0000,0.0000,61.4471,0.0000,0.0000
125.4500,0.0000,0.0000,0.0000,91.8243,0.0000,0.0000,0.0000,0.0000,0.0000,0.0000,0.0000,0.0000,0.0000,0.0000,0.0000,0.0000,0.0000,0.0000,0.0000,100.0000,0.0000,0.0000,61.4471,0.0000,0.0000
125.5000,0.0000,0.0000,0.0000,91.8243,0.0000,0.0000,0.0000,0.0000,0.0000,0.0000,0.0000,0.0000,0.0000,0.0000,0.0000,0.0000,0.0000,0.0000,0.0000,100.0000,0.0000,0.0000,61.4471,0.0000,0.0000
125.5500,0.0000,0.0000,0.0000,91.1293,0.0000,0.0000,0.0000,0.0000,0.0000,0.0000,0.0000,0.0000,0.0000,0.0000,0.0000,0.0000,0.0000,0.0000,0.0000,100.0000,0.0000,0.0000,63.2211,0.0000,0.0000
125.6000,0.0000,0.0000,0.0000,88.0151,0.0000,0.0000,0.0000,0.0000,0.0000,0.0000,0.0000,0.0000,0.0000,0.0000,0.0000,0.0000,0.0000,0.0000,0.0000,100.0000,0.0000,0.0000,71.1697,0.0000,0.0000
125.6500,0.0000,0.0000,0.0000,83.6336,0.0000,0.0000,0.0000,0.0000,0.0000,0.0000,0.0000,0.0000,0.0000,0.0000,0.0000,0.0000,0.0000,0.0000,0.0000,100.0000,0.0000,0.0000,82.3525,0.0000,0.0000
125.7000,0.0000,0.0000,0.0000,80.5194,0.0000,0.0000,0.0000,0.0000,0.0000,0.0000,0.0000,0.0000,0.0000,0.0000,0.0000,0.0000,0.0000,0.0000,0.0000,100.0000,0.0000,0.0000,90.3011,0.0000,0.0000
125.7500,0.0000,0.0000,0.0000,79.8243,0.0000,0.0000,0.0000,0.0000,0.0000,0.0000,0.0000,0.0000,0.0000,0.0000,0.0000,0.0000,0.0000,0.0000,0.0000,100.0000,0.0000,0.0000,92.0751,0.0000,0.0000
125.8000,0.0000,0.0000,0.0000,79.8243,0.0000,0.0000,0.0000,0.0000,0.0000,0.0000,0.0000,0.0000,0.0000,0.0000,0.0000,0.0000,0.0000,0.0000,0.0000,100.0000,0.0000,0.0000,92.0751,0.0000,0.0000
125.8500,0.0000,0.0000,0.0000,79.8243,0.0000,0.0000,0.0000,0.0000,0.0000,0.0000,0.0000,0.0000,0.0000,0.0000,0.0000,0.0000,0.0000,0.0000,0.0000,100.0000,0.0000,0.0000,92.0751,0.0000,0.0000
125.9000,0.0000,0.0000,0.0000,79.8243,0.0000,0.0000,0.0000,0.0000,0.0000,0.0000,0.0000,0.0000,0.0000,0.0000,0.0000,0.0000,0.0000,0.0000,0.0000,100.0000,0.0000,0.0000,92.0751,0.0000,0.0000
125.9500,0.0000,0.0000,0.0000,79.8243,0.0000,0.0000,0.0000,0.0000,0.0000,0.0000,0.0000,0.0000,0.0000,0.0000,0.0000,0.0000,0.0000,0.0000,0.0000,100.0000,0.0000,0.0000,92.0751,0.0000,0.0000
126.0000,0.0000,0.0000,0.0000,79.8243,0.0000,0.0000,0.0000,0.0000,0.0000,0.0000,0.0000,0.0000,0.0000,0.0000,0.0000,0.0000,0.0000,0.0000,0.0000,100.0000,0.0000,0.0000,92.0751,0.0000,0.0000
126.0500,0.0000,0.0000,0.0000,75.2009,0.0000,0.0000,0.0000,0.0000,0.0000,0.0000,0.0000,0.0000,0.0000,0.0000,0.0000,0.0000,0.0000,0.0000,0.0000,99.3050,4.9534,0.0000,92.5341,0.0000,0.0000
126.1000,0.0000,0.0000,0.0000,54.4849,0.0000,0.0000,0.0000,0.0000,0.0000,0.0000,0.0000,0.0000,0.0000,0.0000,0.0000,0.0000,0.0000,0.0000,0.0000,96.1907,27.1479,0.0000,94.5908,0.0000,0.0000
126.1500,0.0000,0.0000,0.0000,25.3394,0.0000,0.0000,0.0000,0.0000,0.0000,0.0000,0.0000,0.0000,0.0000,0.0000,0.0000,0.0000,0.0000,0.0000,0.0000,91.8093,58.3735,0.0000,97.4843,0.0000,0.0000
126.2000,0.0000,0.0000,0.0000,4.6234,0.0000,0.0000,0.0000,0.0000,0.0000,0.0000,0.0000,0.0000,0.0000,0.0000,0.0000,0.0000,0.0000,0.0000,0.0000,88.6950,80.5680,0.0000,99.5410,0.0000,0.0000
126.2500,0.0000,0.0000,0.0000,0.0000,0.0000,0.0000,0.0000,0.0000,0.0000,0.0000,0.0000,0.0000,0.0000,0.0000,0.0000,0.0000,0.0000,0.0000,0.0000,88.0000,85.5214,0.0000,100.0000,0.0000,0.0000
126.3000,0.0000,0.0000,0.0000,0.0000,0.0000,0.0000,0.0000,0.0000,0.0000,0.0000,0.0000,0.0000,0.0000,0.0000,0.0000,0.0000,0.0000,0.0000,0.0000,88.0000,85.5214,0.0000,100.0000,0.0000,0.0000
126.3500,0.0000,0.0000,0.0000,0.0000,0.0000,0.0000,0.0000,0.0000,0.0000,0.0000,0.0000,0.0000,0.0000,0.0000,0.0000,0.0000,0.0000,0.0000,0.0000,88.0000,85.5214,0.0000,100.0000,0.0000,0.0000
126.4000,0.0000,0.0000,0.0000,0.0000,0.0000,0.0000,0.0000,0.0000,0.0000,0.0000,0.0000,0.0000,0.0000,0.0000,0.0000,0.0000,0.0000,0.0000,0.0000,88.0000,85.5214,0.0000,100.0000,0.0000,0.0000
126.4500,0.0000,0.0000,0.0000,0.0000,0.0000,0.0000,0.0000,0.0000,0.0000,0.0000,0.0000,0.0000,0.0000,0.0000,0.0000,0.0000,0.0000,0.0000,0.0000,88.0000,85.5214,0.0000,100.0000,0.0000,0.0000
126.5000,0.0000,0.0000,0.0000,0.0000,0.0000,0.0000,0.0000,0.0000,0.0000,0.0000,0.0000,0.0000,0.0000,0.0000,0.0000,0.0000,0.0000,0.0000,0.0000,88.0000,85.5214,0.0000,100.0000,0.0000,0.0000
126.5500,0.0000,0.0000,0.0000,0.0000,0.0000,0.0000,0.0000,0.0000,0.0000,0.0000,0.0000,0.0000,0.0000,0.0000,0.0000,0.0000,0.0000,0.0000,0.0000,88.6950,85.5214,0.0000,100.0000,0.0000,0.0000
126.6000,0.0000,0.0000,0.0000,0.0000,0.0000,0.0000,0.0000,0.0000,0.0000,0.0000,0.0000,0.0000,0.0000,0.0000,0.0000,0.0000,0.0000,0.0000,0.0000,91.8093,85.5214,0.0000,100.0000,0.0000,0.0000
126.6500,0.0000,0.0000,0.0000,0.0000,0.0000,0.0000,0.0000,0.0000,0.0000,0.0000,0.0000,0.0000,0.0000,0.0000,0.0000,0.0000,0.0000,0.0000,0.0000,96.1907,85.5214,0.0000,100.0000,0.0000,0.0000
126.7000,0.0000,0.0000,0.0000,0.0000,0.0000,0.0000,0.0000,0.0000,0.0000,0.0000,0.0000,0.0000,0.0000,0.0000,0.0000,0.0000,0.0000,0.0000,0.0000,99.3050,85.5214,0.0000,100.0000,0.0000,0.0000
126.7500,0.0000,0.0000,0.0000,0.0000,0.0000,0.0000,0.0000,0.0000,0.0000,0.0000,0.0000,0.0000,0.0000,0.0000,0.0000,0.0000,0.0000,0.0000,0.0000,100.0000,85.5214,0.0000,100.0000,0.0000,0.0000
126.8000,0.0000,0.0000,0.0000,0.0000,0.0000,0.0000,0.0000,0.0000,0.0000,0.0000,0.0000,0.0000,0.0000,0.0000,0.0000,0.0000,0.0000,0.0000,0.0000,100.0000,85.5214,0.0000,100.0000,0.0000,0.0000
126.8500,0.0000,0.0000,0.0000,0.0000,0.0000,0.0000,0.0000,0.0000,0.0000,0.0000,0.0000,0.0000,0.0000,0.0000,0.0000,0.0000,0.0000,0.0000,0.0000,100.0000,85.5214,0.0000,100.0000,0.0000,0.0000
126.9000,0.0000,0.0000,0.0000,0.0000,0.0000,0.0000,0.0000,0.0000,0.0000,0.0000,0.0000,0.0000,0.0000,0.0000,0.0000,0.0000,0.0000,0.0000,0.0000,100.0000,85.5214,0.0000,100.0000,0.0000,0.0000
126.9500,0.0000,0.0000,0.0000,0.0000,0.0000,0.0000,0.0000,0.0000,0.0000,0.0000,0.0000,0.0000,0.0000,0.0000,0.0000,0.0000,0.0000,0.0000,0.0000,100.0000,85.5214,0.0000,100.0000,0.0000,0.0000
127.0000,0.0000,0.0000,0.0000,0.0000,0.0000,0.0000,0.0000,0.0000,0.0000,0.0000,0.0000,0.0000,0.0000,0.0000,0.0000,0.0000,0.0000,0.0000,0.0000,100.0000,85.5214,0.0000,100.0000,0.0000,0.0000
127.0500,0.0000,0.0000,0.0000,0.0000,0.0000,0.0000,0.0000,0.0000,0.0000,0.0000,0.0000,0.0000,0.0000,0.0000,0.0000,0.0000,0.0000,0.0000,0.0000,99.6525,84.8264,0.0000,100.0000,0.0000,0.0000
127.1000,0.0000,0.0000,0.0000,0.0000,0.0000,0.0000,0.0000,0.0000,0.0000,0.0000,0.0000,0.0000,0.0000,0.0000,0.0000,0.0000,0.0000,0.0000,0.0000,98.0954,81.7122,0.0000,100.0000,0.0000,0.0000
127.1500,0.0000,0.0000,0.0000,0.0000,0.0000,0.0000,0.0000,0.0000,0.0000,0.0000,0.0000,0.0000,0.0000,0.0000,0.0000,0.0000,0.0000,0.0000,0.0000,95.9046,77.3307,0.0000,100.0000,0.0000,0.0000
127.2000,0.0000,0.0000,0.0000,0.0000,0.0000,0.0000,0.0000,0.0000,0.0000,0.0000,0.0000,0.0000,0.0000,0.0000,0.0000,0.0000,0.0000,0.0000,0.0000,94.3475,74.2165,0.0000,100.0000,0.0000,0.0000
127.2500,0.0000,0.0000,0.0000,0.0000,0.0000,0.0000,0.0000,0.0000,0.0000,0.0000,0.0000,0.0000,0.0000,0.0000,0.0000,0.0000,0.0000,0.0000,0.0000,94.0000,73.5214,0.0000,100.0000,0.0000,0.0000
127.3000,0.0000,0.0000,0.0000,0.0000,0.0000,0.0000,0.0000,0.0000,0.0000,0.0000,0.0000,0.0000,0.0000,0.0000,0.0000,0.0000,0.0000,0.0000,0.0000,94.0000,73.5214,0.0000,100.0000,0.0000,0.0000
127.3500,0.0000,0.0000,0.0000,0.0000,0.0000,0.0000,0.0000,0.0000,0.0000,0.0000,0.0000,0.0000,0.0000,0.0000,0.0000,0.0000,0.0000,0.0000,0.0000,94.0000,73.5214,0.0000,100.0000,0.0000,0.0000
127.4000,0.0000,0.0000,0.0000,0.0000,0.0000,0.0000,0.0000,0.0000,0.0000,0.0000,0.0000,0.0000,0.0000,0.0000,0.0000,0.0000,0.0000,0.0000,0.0000,94.0000,73.5214,0.0000,100.0000,0.0000,0.0000
127.4500,0.0000,0.0000,0.0000,0.0000,0.0000,0.0000,0.0000,0.0000,0.0000,0.0000,0.0000,0.0000,0.0000,0.0000,0.0000,0.0000,0.0000,0.0000,0.0000,94.0000,73.5214,0.0000,100.0000,0.0000,0.0000
127.5000,0.0000,0.0000,0.0000,0.0000,0.0000,0.0000,0.0000,0.0000,0.0000,0.0000,0.0000,0.0000,0.0000,0.0000,0.0000,0.0000,0.0000,0.0000,0.0000,94.0000,73.5214,0.0000,100.0000,0.0000,0.0000
127.5500,0.0000,0.0000,0.0000,0.0000,0.0000,0.0000,0.0000,0.0000,0.0000,0.0000,0.0000,0.0000,0.0000,0.0000,0.0000,0.0000,0.0000,0.0000,0.0000,94.0000,74.2165,0.0000,100.0000,0.0000,0.0000
127.6000,0.0000,0.0000,0.0000,0.0000,0.0000,0.0000,0.0000,0.0000,0.0000,0.0000,0.0000,0.0000,0.0000,0.0000,0.0000,0.0000,0.0000,0.0000,0.0000,94.0000,77.3307,0.0000,100.0000,0.0000,0.0000
127.6500,0.0000,0.0000,0.0000,0.0000,0.0000,0.0000,0.0000,0.0000,0.0000,0.0000,0.0000,0.0000,0.0000,0.0000,0.0000,0.0000,0.0000,0.0000,0.0000,94.0000,81.7122,0.0000,100.0000,0.0000,0.0000
127.7000,0.0000,0.0000,0.0000,0.0000,0.0000,0.0000,0.0000,0.0000,0.0000,0.0000,0.0000,0.0000,0.0000,0.0000,0.0000,0.0000,0.0000,0.0000,0.0000,94.0000,84.8264,0.0000,100.0000,0.0000,0.0000
127.7500,0.0000,0.0000,0.0000,0.0000,0.0000,0.0000,0.0000,0.0000,0.0000,0.0000,0.0000,0.0000,0.0000,0.0000,0.0000,0.0000,0.0000,0.0000,0.0000,94.0000,85.5214,0.0000,100.0000,0.0000,0.0000
127.8000,0.0000,0.0000,0.0000,0.0000,0.0000,0.0000,0.0000,0.0000,0.0000,0.0000,0.0000,0.0000,0.0000,0.0000,0.0000,0.0000,0.0000,0.0000,0.0000,94.0000,85.5214,0.0000,100.0000,0.0000,0.0000
127.8500,0.0000,0.0000,0.0000,0.0000,0.0000,0.0000,0.0000,0.0000,0.0000,0.0000,0.0000,0.0000,0.0000,0.0000,0.0000,0.0000,0.0000,0.0000,0.0000,94.0000,85.5214,0.0000,100.0000,0.0000,0.0000
127.9000,0.0000,0.0000,0.0000,0.0000,0.0000,0.0000,0.0000,0.0000,0.0000,0.0000,0.0000,0.0000,0.0000,0.0000,0.0000,0.0000,0.0000,0.0000,0.0000,94.0000,85.5214,0.0000,100.0000,0.0000,0.0000
127.9500,0.0000,0.0000,0.0000,0.0000,0.0000,0.0000,0.0000,0.0000,0.0000,0.0000,0.0000,0.0000,0.0000,0.0000,0.0000,0.0000,0.0000,0.0000,0.0000,94.0000,85.5214,0.0000,100.0000,0.0000,0.0000
128.0000,0.0000,0.0000,0.0000,0.0000,0.0000,0.0000,0.0000,0.0000,0.0000,0.0000,0.0000,0.0000,0.0000,0.0000,0.0000,0.0000,0.0000,0.0000,0.0000,94.0000,85.5214,0.0000,100.0000,0.0000,0.0000
128.0500,0.0000,0.0000,0.0000,0.0000,0.0000,0.0000,0.0000,0.0000,0.0000,0.0000,0.0000,0.0000,0.0000,0.0000,0.0000,0.0000,0.0000,0.0000,0.0000,94.3475,81.9581,0.0000,100.0000,0.0000,0.0000
128.1000,0.0000,0.0000,0.0000,0.0000,0.0000,0.0000,0.0000,0.0000,0.0000,0.0000,0.0000,0.0000,0.0000,0.0000,0.0000,0.0000,0.0000,0.0000,0.0000,95.9046,65.9921,0.0000,100.0000,0.0000,0.0000
128.1500,0.0000,0.0000,0.0000,0.0000,0.0000,0.0000,0.0000,0.0000,0.0000,0.0000,0.0000,0.0000,0.0000,0.0000,0.0000,0.0000,0.0000,0.0000,0.0000,98.0954,43.5294,0.0000,100.0000,0.0000,0.0000
128.2000,0.0000,0.0000,0.0000,0.0000,0.0000,0.0000,0.0000,0.0000,0.0000,0.0000,0.0000,0.0000,0.0000,0.0000,0.0000,0.0000,0.0000,0.0000,0.0000,99.6525,27.5633,0.0000,100.0000,0.0000,0.0000
128.2500,0.0000,0.0000,0.0000,0.0000,0.0000,0.0000,0.0000,0.0000,0.0000,0.0000,0.0000,0.0000,0.0000,0.0000,0.0000,0.0000,0.0000,0.0000,0.0000,100.0000,24.0000,0.0000,100.0000,0.0000,0.0000
128.3000,0.0000,0.0000,0.0000,0.0000,0.0000,0.0000,0.0000,0.0000,0.0000,0.0000,0.0000,0.0000,0.0000,0.0000,0.0000,0.0000,0.0000,0.0000,0.0000,100.0000,24.0000,0.0000,100.0000,0.0000,0.0000
128.3500,0.0000,0.0000,0.0000,0.0000,0.0000,0.0000,0.0000,0.0000,0.0000,0.0000,0.0000,0.0000,0.0000,0.0000,0.0000,0.0000,0.0000,0.0000,0.0000,100.0000,24.0000,0.0000,100.0000,0.0000,0.0000
128.4000,0.0000,0.0000,0.0000,0.0000,0.0000,0.0000,0.0000,0.0000,0.0000,0.0000,0.0000,0.0000,0.0000,0.0000,0.0000,0.0000,0.0000,0.0000,0.0000,100.0000,24.0000,0.0000,100.0000,0.0000,0.0000
128.4500,0.0000,0.0000,0.0000,0.0000,0.0000,0.0000,0.0000,0.0000,0.0000,0.0000,0.0000,0.0000,0.0000,0.0000,0.0000,0.0000,0.0000,0.0000,0.0000,100.0000,24.0000,0.0000,100.0000,0.0000,0.0000
128.5000,0.0000,0.0000,0.0000,0.0000,0.0000,0.0000,0.0000,0.0000,0.0000,0.0000,0.0000,0.0000,0.0000,0.0000,0.0000,0.0000,0.0000,0.0000,0.0000,100.0000,24.0000,0.0000,100.0000,0.0000,0.0000
128.5500,0.0000,0.0000,0.0000,0.0000,0.0000,0.0000,0.0000,0.0000,0.0000,1.2074,0.0000,0.0000,0.0000,0.0000,0.0000,0.0000,0.0000,0.0000,0.0000,100.0000,22.6099,0.0000,100.0000,0.0000,0.0000
128.6000,0.0000,0.0000,0.0000,0.0000,0.0000,0.0000,0.0000,0.0000,0.0000,6.6171,0.0000,0.0000,0.0000,0.0000,0.0000,0.0000,0.0000,0.0000,0.0000,100.0000,16.3814,0.0000,100.0000,0.0000,0.0000
128.6500,0.0000,0.0000,0.0000,0.0000,0.0000,0.0000,0.0000,0.0000,0.0000,14.2281,0.0000,0.0000,0.0000,0.0000,0.0000,0.0000,0.0000,0.0000,0.0000,100.0000,7.6186,0.0000,100.0000,0.0000,0.0000
128.7000,0.0000,0.0000,0.0000,0.0000,0.0000,0.0000,0.0000,0.0000,0.0000,19.6378,0.0000,0.0000,0.0000,0.0000,0.0000,0.0000,0.0000,0.0000,0.0000,100.0000,1.3901,0.0000,100.0000,0.0000,0.0000
128.7500,0.0000,0.0000,0.0000,0.0000,0.0000,0.0000,0.0000,0.0000,0.0000,20.8451,0.0000,0.0000,0.0000,0.0000,0.0000,0.0000,0.0000,0.0000,0.0000,100.0000,0.0000,0.0000,100.0000,0.0000,0.0000
128.8000,0.0000,0.0000,0.0000,0.0000,0.0000,0.0000,0.0000,0.0000,0.0000,20.8451,0.0000,0.0000,0.0000,0.0000,0.0000,0.0000,0.0000,0.0000,0.0000,100.0000,0.0000,0.0000,100.0000,0.0000,0.0000
128.8500,0.0000,0.0000,0.0000,0.0000,0.0000,0.0000,0.0000,0.0000,0.0000,20.8451,0.0000,0.0000,0.0000,0.0000,0.0000,0.0000,0.0000,0.0000,0.0000,100.0000,0.0000,0.0000,100.0000,0.0000,0.0000
128.9000,0.0000,0.0000,0.0000,0.0000,0.0000,0.0000,0.0000,0.0000,0.0000,20.8451,0.0000,0.0000,0.0000,0.0000,0.0000,0.0000,0.0000,0.0000,0.0000,100.0000,0.0000,0.0000,100.0000,0.0000,0.0000
128.9500,0.0000,0.0000,0.0000,0.0000,0.0000,0.0000,0.0000,0.0000,0.0000,20.8451,0.0000,0.0000,0.0000,0.0000,0.0000,0.0000,0.0000,0.0000,0.0000,100.0000,0.0000,0.0000,100.0000,0.0000,0.0000
129.0000,0.0000,0.0000,0.0000,0.0000,0.0000,0.0000,0.0000,0.0000,0.0000,20.8451,0.0000,0.0000,0.0000,0.0000,0.0000,0.0000,0.0000,0.0000,0.0000,100.0000,0.0000,0.0000,100.0000,0.0000,0.0000
129.0500,0.0000,0.0000,0.0000,0.0000,0.0000,0.0000,0.0000,0.0000,0.0000,20.8451,0.0000,0.0000,0.0000,0.0000,0.0000,0.0000,0.0000,0.0000,0.0000,100.0000,0.0000,0.0000,100.0000,0.0000,0.0000
129.1000,0.0000,0.0000,0.0000,0.0000,0.0000,0.0000,0.0000,0.0000,0.0000,20.8451,0.0000,0.0000,0.0000,0.0000,0.0000,0.0000,0.0000,0.0000,0.0000,100.0000,0.0000,0.0000,100.0000,0.0000,0.0000
129.1500,0.0000,0.0000,0.0000,0.0000,0.0000,0.0000,0.0000,0.0000,0.0000,20.8451,0.0000,0.0000,0.0000,0.0000,0.0000,0.0000,0.0000,0.0000,0.0000,100.0000,0.0000,0.0000,100.0000,0.0000,0.0000
129.2000,0.0000,0.0000,0.0000,0.0000,0.0000,0.0000,0.0000,0.0000,0.0000,20.8451,0.0000,0.0000,0.0000,0.0000,0.0000,0.0000,0.0000,0.0000,0.0000,100.0000,0.0000,0.0000,100.0000,0.0000,0.0000
129.2500,0.0000,0.0000,0.0000,0.0000,0.0000,0.0000,0.0000,0.0000,0.0000,20.8451,0.0000,0.0000,0.0000,0.0000,0.0000,0.0000,0.0000,0.0000,0.0000,100.0000,0.0000,0.0000,100.0000,0.0000,0.0000
129.3000,0.0000,0.0000,0.0000,0.0000,0.0000,0.0000,0.0000,0.0000,0.0000,20.8451,0.0000,0.0000,0.0000,0.0000,0.0000,0.0000,0.0000,0.0000,0.0000,100.0000,0.0000,0.0000,100.0000,0.0000,0.0000
129.3500,0.0000,0.0000,0.0000,0.0000,0.0000,0.0000,0.0000,0.0000,0.0000,20.8451,0.0000,0.0000,0.0000,0.0000,0.0000,0.0000,0.0000,0.0000,0.0000,100.0000,0.0000,0.0000,100.0000,0.0000,0.0000
129.4000,0.0000,0.0000,0.0000,0.0000,0.0000,0.0000,0.0000,0.0000,0.0000,20.8451,0.0000,0.0000,0.0000,0.0000,0.0000,0.0000,0.0000,0.0000,0.0000,100.0000,0.0000,0.0000,100.0000,0.0000,0.0000
129.4500,0.0000,0.0000,0.0000,0.0000,0.0000,0.0000,0.0000,0.0000,0.0000,20.8451,0.0000,0.0000,0.0000,0.0000,0.0000,0.0000,0.0000,0.0000,0.0000,100.0000,0.0000,0.0000,100.0000,0.0000,0.0000
129.5000,0.0000,0.0000,0.0000,0.0000,0.0000,0.0000,0.0000,0.0000,0.0000,20.8451,0.0000,0.0000,0.0000,0.0000,0.0000,0.0000,0.0000,0.0000,0.0000,100.0000,0.0000,0.0000,100.0000,0.0000,0.0000
129.5500,0.0000,0.0000,0.0000,0.0000,0.0000,5.7920,0.0000,0.0000,0.0000,23.7480,0.0000,0.0000,0.0000,0.0000,0.0000,0.0000,0.0000,5.4445,0.0000,94.2080,0.0000,0.0000,94.2080,0.0000,0.0000
129.6000,0.0000,0.0000,0.0000,0.0000,0.0000,31.7440,0.0000,0.0000,0.0000,36.7547,0.0000,0.0000,0.0000,0.0000,0.0000,0.0000,0.0000,29.8394,0.0000,68.2560,0.0000,0.0000,68.2560,0.0000,0.0000
129.6500,0.0000,0.0000,0.0000,0.0000,0.0000,68.2560,0.0000,0.0000,0.0000,55.0538,0.0000,0.0000,0.0000,0.0000,0.0000,0.0000,0.0000,64.1606,0.0000,31.7440,0.0000,0.0000,31.7440,0.0000,0.0000
129.7000,0.0000,0.0000,0.0000,0.0000,0.0000,94.2080,0.0000,0.0000,0.0000,68.0605,0.0000,0.0000,0.0000,0.0000,0.0000,0.0000,0.0000,88.5555,0.0000,5.7920,0.0000,0.0000,5.7920,0.0000,0.0000
129.7500,0.0000,0.0000,0.0000,0.0000,0.0000,100.0000,0.0000,0.0000,0.0000,70.9634,0.0000,0.0000,0.0000,0.0000,0.0000,0.0000,0.0000,94.0000,0.0000,0.0000,0.0000,0.0000,0.0000,0.0000,0.0000
129.8000,0.0000,0.0000,0.0000,0.0000,0.0000,100.0000,0.0000,0.0000,0.0000,70.9634,0.0000,0.0000,0.0000,0.0000,0.0000,0.0000,0.0000,94.0000,0.0000,0.0000,0.0000,0.0000,0.0000,0.0000,0.0000
129.8500,0.0000,0.0000,0.0000,0.0000,0.0000,100.0000,0.0000,0.0000,0.0000,70.9634,0.0000,0.0000,0.0000,0.0000,0.0000,0.0000,0.0000,94.0000,0.0000,0.0000,0.0000,0.0000,0.0000,0.0000,0.0000
129.9000,0.0000,0.0000,0.0000,0.0000,0.0000,100.0000,0.0000,0.0000,0.0000,70.9634,0.0000,0.0000,0.0000,0.0000,0.0000,0.0000,0.0000,94.0000,0.0000,0.0000,0.0000,0.0000,0.0000,0.0000,0.0000
129.9500,0.0000,0.0000,0.0000,0.0000,0.0000,100.0000,0.0000,0.0000,0.0000,70.9634,0.0000,0.0000,0.0000,0.0000,0.0000,0.0000,0.0000,94.0000,0.0000,0.0000,0.0000,0.0000,0.0000,0.0000,0.0000
130.0000,0.0000,0.0000,0.0000,0.0000,0.0000,100.0000,0.0000,0.0000,0.0000,70.9634,0.0000,0.0000,0.0000,0.0000,0.0000,0.0000,0.0000,94.0000,0.0000,0.0000,0.0000,0.0000,0.0000,0.0000,0.0000
130.0500,0.0000,0.0000,0.0000,0.0000,0.0000,99.2250,0.0000,0.0000,0.0000,68.8173,0.0000,0.0000,0.0000,0.0000,0.0000,0.0000,0.0000,90.9953,0.0000,0.0000,0.0000,0.0000,0.0000,0.0000,0.0000
130.1000,0.0000,0.0000,0.0000,0.0000,0.0000,95.7525,0.0000,0.0000,0.0000,59.2016,0.0000,0.0000,0.0000,0.0000,0.0000,0.0000,0.0000,77.5324,0.0000,0.0000,0.0000,0.0000,0.0000,0.0000,0.0000
130.1500,0.0000,0.0000,0.0000,0.0000,0.0000,90.8671,0.0000,0.0000,0.0000,45.6733,0.0000,0.0000,0.0000,0.0000,0.0000,0.0000,0.0000,58.5912,0.0000,0.0000,0.0000,0.0000,0.0000,0.0000,0.0000
130.2000,0.0000,0.0000,0.0000,0.0000,0.0000,87.3946,0.0000,0.0000,0.0000,36.0576,0.0000,0.0000,0.0000,0.0000,0.0000,0.0000,0.0000,45.1283,0.0000,0.0000,0.0000,0.0000,0.0000,0.0000,0.0000
130.2500,0.0000,0.0000,0.0000,0.0000,0.0000,86.6196,0.0000,0.0000,0.0000,33.9116,0.0000,0.0000,0.0000,0.0000,0.0000,0.0000,0.0000,42.1236,0.0000,0.0000,0.0000,0.0000,0.0000,0.0000,0.0000
130.3000,0.0000,0.0000,0.0000,0.0000,0.0000,86.6196,0.0000,0.0000,0.0000,33.9116,0.0000,0.0000,0.0000,0.0000,0.0000,0.0000,0.0000,42.1236,0.0000,0.0000,0.0000,0.0000,0.0000,0.0000,0.0000
130.3500,0.0000,0.0000,0.0000,0.0000,0.0000,86.6196,0.0000,0.0000,0.0000,33.9116,0.0000,0.0000,0.0000,0.0000,0.0000,0.0000,0.0000,42.1236,0.0000,0.0000,0.0000,0.0000,0.0000,0.0000,0.0000
130.4000,0.0000,0.0000,0.0000,0.0000,0.0000,86.6196,0.0000,0.0000,0.0000,33.9116,0.0000,0.0000,0.0000,0.0000,0.0000,0.0000,0.0000,42.1236,0.0000,0.0000,0.0000,0.0000,0.0000,0.0000,0.0000
130.4500,0.0000,0.0000,0.0000,0.0000,0.0000,86.6196,0.0000,0.0000,0.0000,33.9116,0.0000,0.0000,0.0000,0.0000,0.0000,0.0000,0.0000,42.1236,0.0000,0.0000,0.0000,0.0000,0.0000,0.0000,0.0000
130.5000,0.0000,0.0000,0.0000,0.0000,0.0000,86.6196,0.0000,0.0000,0.0000,33.9116,0.0000,0.0000,0.0000,0.0000,0.0000,0.0000,0.0000,42.1236,0.0000,0.0000,0.0000,0.0000,0.0000,0.0000,0.0000
130.5500,0.0000,0.0000,0.0000,0.0000,0.0000,84.2140,0.0000,0.0000,0.0000,35.4572,0.0000,0.0000,0.0000,0.0000,0.0000,0.0000,0.0000,42.1236,0.0000,0.0000,0.0000,0.0000,0.0000,0.0000,0.0000
130.6000,0.0000,0.0000,0.0000,0.0000,0.0000,73.4352,0.0000,0.0000,0.0000,42.3828,0.0000,0.0000,0.0000,0.0000,0.0000,0.0000,0.0000,42.1236,0.0000,0.0000,0.0000,0.0000,0.0000,0.0000,0.0000
130.6500,0.0000,0.0000,0.0000,0.0000,0.0000,58.2705,0.0000,0.0000,0.0000,52.1265,0.0000,0.0000,0.0000,0.0000,0.0000,0.0000,0.0000,42.1236,0.0000,0.0000,0.0000,0.0000,0.0000,0.0000,0.0000
130.7000,0.0000,0.0000,0.0000,0.0000,0.0000,47.4918,0.0000,0.0000,0.0000,59.0521,0.0000,0.0000,0.0000,0.0000,0.0000,0.0000,0.0000,42.1236,0.0000,0.0000,0.0000,0.0000,0.0000,0.0000,0.0000
130.7500,0.0000,0.0000,0.0000,0.0000,0.0000,45.0862,0.0000,0.0000,0.0000,60.5978,0.0000,0.0000,0.0000,0.0000,0.0000,0.0000,0.0000,42.1236,0.0000,0.0000,0.0000,0.0000,0.0000,0.0000,0.0000
130.8000,0.0000,0.0000,0.0000,0.0000,0.0000,45.0862,0.0000,0.0000,0.0000,60.5978,0.0000,0.0000,0.0000,0.0000,0.0000,0.0000,0.0000,42.1236,0.0000,0.0000,0.0000,0.0000,0.0000,0.0000,0.0000
130.8500,0.0000,0.0000,0.0000,0.0000,0.0000,45.0862,0.0000,0.0000,0.0000,60.5978,0.0000,0.0000,0.0000,0.0000,0.0000,0.0000,0.0000,42.1236,0.0000,0.0000,0.0000,0.0000,0.0000,0.0000,0.0000
130.9000,0.0000,0.0000,0.0000,0.0000,0.0000,45.0862,0.0000,0.0000,0.0000,60.5978,0.0000,0.0000,0.0000,0.0000,0.0000,0.0000,0.0000,42.1236,0.0000,0.0000,0.0000,0.0000,0.0000,0.0000,0.0000
130.9500,0.0000,0.0000,0.0000,0.0000,0.0000,45.0862,0.0000,0.0000,0.0000,60.5978,0.0000,0.0000,0.0000,0.0000,0.0000,0.0000,0.0000,42.1236,0.0000,0.0000,0.0000,0.0000,0.0000,0.0000,0.0000
131.0000,0.0000,0.0000,0.0000,0.0000,0.0000,45.0862,0.0000,0.0000,0.0000,60.5978,0.0000,0.0000,0.0000,0.0000,0.0000,0.0000,0.0000,42.1236,0.0000,0.0000,0.0000,0.0000,0.0000,0.0000,0.0000
131.0500,0.0000,0.0000,0.0000,0.0000,0.0000,45.4337,0.0000,0.0000,0.0000,62.1849,0.0000,0.0000,0.0000,0.0000,0.0000,0.0000,0.0000,42.8186,0.0000,0.0000,0.0000,0.0000,0.0000,0.0000,0.0000
131.1000,0.0000,0.0000,0.0000,0.0000,0.0000,46.9908,0.0000,0.0000,0.0000,69.2963,0.0000,0.0000,0.0000,0.0000,0.0000,0.0000,0.0000,45.9329,0.0000,0.0000,0.0000,0.0000,0.0000,0.0000,0.0000
131.1500,0.0000,0.0000,0.0000,0.0000,0.0000,49.1815,0.0000,0.0000,0.0000,79.3014,0.0000,0.0000,0.0000,0.0000,0.0000,0.0000,0.0000,50.3143,0.0000,0.0000,0.0000,0.0000,0.0000,0.0000,0.0000
131.2000,0.0000,0.0000,0.0000,0.0000,0.0000,50.7386,0.0000,0.0000,0.0000,86.4129,0.0000,0.0000,0.0000,0.0000,0.0000,0.0000,0.0000,53.4286,0.0000,0.0000,0.0000,0.0000,0.0000,0.0000,0.0000
131.2500,0.0000,0.0000,0.0000,0.0000,0.0000,51.0862,0.0000,0.0000,0.0000,88.0000,0.0000,0.0000,0.0000,0.0000,0.0000,0.0000,0.0000,54.1236,0.0000,0.0000,0.0000,0.0000,0.0000,0.0000,0.0000
131.3000,0.0000,0.0000,0.0000,0.0000,0.0000,51.0862,0.0000,0.0000,0.0000,88.0000,0.0000,0.0000,0.0000,0.0000,0.0000,0.0000,0.0000,54.1236,0.0000,0.0000,0.0000,0.0000,0.0000,0.0000,0.0000
131.3500,0.0000,0.0000,0.0000,0.0000,0.0000,51.0862,0.0000,0.0000,0.0000,88.0000,0.0000,0.0000,0.0000,0.0000,0.0000,0.0000,0.0000,54.1236,0.0000,0.0000,0.0000,0.0000,0.0000,0.0000,0.0000
131.4000,0.0000,0.0000,0.0000,0.0000,0.0000,51.0862,0.0000,0.0000,0.0000,88.0000,0.0000,0.0000,0.0000,0.0000,0.0000,0.0000,0.0000,54.1236,0.0000,0.0000,0.0000,0.0000,0.0000,0.0000,0.0000
131.4500,0.0000,0.0000,0.0000,0.0000,0.0000,51.0862,0.0000,0.0000,0.0000,88.0000,0.0000,0.0000,0.0000,0.0000,0.0000,0.0000,0.0000,54.1236,0.0000,0.0000,0.0000,0.0000,0.0000,0.0000,0.0000
131.5000,0.0000,0.0000,0.0000,0.0000,0.0000,51.0862,0.0000,0.0000,0.0000,88.0000,0.0000,0.0000,0.0000,0.0000,0.0000,0.0000,0.0000,54.1236,0.0000,0.0000,0.0000,0.0000,0.0000,0.0000,0.0000
131.5500,0.0000,0.0000,0.0000,0.0000,5.4445,48.1273,0.0000,0.0000,0.0000,88.0000,0.0000,0.0000,0.0000,0.0000,5.7920,0.0000,0.0000,50.9888,0.0000,0.0000,0.0000,0.0000,0.0000,0.0000,0.0000
131.6000,0.0000,0.0000,0.0000,0.0000,29.8394,34.8694,0.0000,0.0000,0.0000,88.0000,0.0000,0.0000,0.0000,0.0000,31.7440,0.0000,0.0000,36.9426,0.0000,0.0000,0.0000,0.0000,0.0000,0.0000,0.0000
131.6500,0.0000,0.0000,0.0000,0.0000,64.1606,16.2168,0.0000,0.0000,0.0000,88.0000,0.0000,0.0000,0.0000,0.0000,68.2560,0.0000,0.0000,17.1810,0.0000,0.0000,0.0000,0.0000,0.0000,0.0000,0.0000
131.7000,0.0000,0.0000,0.0000,0.0000,88.5555,2.9589,0.0000,0.0000,0.0000,88.0000,0.0000,0.0000,0.0000,0.0000,94.2080,0.0000,0.0000,3.1348,0.0000,0.0000,0.0000,0.0000,0.0000,0.0000,0.0000
131.7500,0.0000,0.0000,0.0000,0.0000,94.0000,0.0000,0.0000,0.0000,0.0000,88.0000,0.0000,0.0000,0.0000,0.0000,100.0000,0.0000,0.0000,0.0000,0.0000,0.0000,0.0000,0.0000,0.0000,0.0000,0.0000
131.8000,0.0000,0.0000,0.0000,0.0000,94.0000,0.0000,0.0000,0.0000,0.0000,88.0000,0.0000,0.0000,0.0000,0.0000,100.0000,0.0000,0.0000,0.0000,0.0000,0.0000,0.0000,0.0000,0.0000,0.0000,0.0000
131.8500,0.0000,0.0000,0.0000,0.0000,94.0000,0.0000,0.0000,0.0000,0.0000,88.0000,0.0000,0.0000,0.0000,0.0000,100.0000,0.0000,0.0000,0.0000,0.0000,0.0000,0.0000,0.0000,0.0000,0.0000,0.0000
131.9000,0.0000,0.0000,0.0000,0.0000,94.0000,0.0000,0.0000,0.0000,0.0000,88.0000,0.0000,0.0000,0.0000,0.0000,100.0000,0.0000,0.0000,0.0000,0.0000,0.0000,0.0000,0.0000,0.0000,0.0000,0.0000
131.9500,0.0000,0.0000,0.0000,0.0000,94.0000,0.0000,0.0000,0.0000,0.0000,88.0000,0.0000,0.0000,0.0000,0.0000,100.0000,0.0000,0.0000,0.0000,0.0000,0.0000,0.0000,0.0000,0.0000,0.0000,0.0000
132.0000,0.0000,0.0000,0.0000,0.0000,94.0000,0.0000,0.0000,0.0000,0.0000,88.0000,0.0000,0.0000,0.0000,0.0000,100.0000,0.0000,0.0000,0.0000,0.0000,0.0000,0.0000,0.0000,0.0000,0.0000,0.0000
132.0500,0.0000,0.0000,0.0000,5.7920,93.3050,0.0000,0.0000,0.0000,0.0000,82.9030,0.0000,0.0000,0.0000,0.0000,100.0000,0.0000,0.0000,0.0000,0.0000,0.0000,0.0000,0.0000,0.0000,0.0000,0.0000
132.1000,0.0000,0.0000,0.0000,31.7440,90.1907,0.0000,0.0000,0.0000,0.0000,60.0653,0.0000,0.0000,0.0000,0.0000,100.0000,0.0000,0.0000,0.0000,0.0000,0.0000,0.0000,0.0000,0.0000,0.0000,0.0000
132.1500,0.0000,0.0000,0.0000,68.2560,85.8093,0.0000,0.0000,0.0000,0.0000,27.9347,0.0000,0.0000,0.0000,0.0000,100.0000,0.0000,0.0000,0.0000,0.0000,0.0000,0.0000,0.0000,0.0000,0.0000,0.0000
132.2000,0.0000,0.0000,0.0000,94.2080,82.6950,0.0000,0.0000,0.0000,0.0000,5.0970,0.0000,0.0000,0.0000,0.0000,100.0000,0.0000,0.0000,0.0000,0.0000,0.0000,0.0000,0.0000,0.0000,0.0000,0.0000
132.2500,0.0000,0.0000,0.0000,100.0000,82.0000,0.0000,0.0000,0.0000,0.0000,0.0000,0.0000,0.0000,0.0000,0.0000,100.0000,0.0000,0.0000,0.0000,0.0000,0.0000,0.0000,0.0000,0.0000,0.0000,0.0000
132.3000,0.0000,0.0000,0.0000,100.0000,82.0000,0.0000,0.0000,0.0000,0.0000,0.0000,0.0000,0.0000,0.0000,0.0000,100.0000,0.0000,0.0000,0.0000,0.0000,0.0000,0.0000,0.0000,0.0000,0.0000,0.0000
132.3500,0.0000,0.0000,0.0000,100.0000,82.0000,0.0000,0.0000,0.0000,0.0000,0.0000,0.0000,0.0000,0.0000,0.0000,100.0000,0.0000,0.0000,0.0000,0.0000,0.0000,0.0000,0.0000,0.0000,0.0000,0.0000
132.4000,0.0000,0.0000,0.0000,100.0000,82.0000,0.0000,0.0000,0.0000,0.0000,0.0000,0.0000,0.0000,0.0000,0.0000,100.0000,0.0000,0.0000,0.0000,0.0000,0.0000,0.0000,0.0000,0.0000,0.0000,0.0000
132.4500,0.0000,0.0000,0.0000,100.0000,82.0000,0.0000,0.0000,0.0000,0.0000,0.0000,0.0000,0.0000,0.0000,0.0000,100.0000,0.0000,0.0000,0.0000,0.0000,0.0000,0.0000,0.0000,0.0000,0.0000,0.0000
132.5000,0.0000,0.0000,0.0000,100.0000,82.0000,0.0000,0.0000,0.0000,0.0000,0.0000,0.0000,0.0000,0.0000,0.0000,100.0000,0.0000,0.0000,0.0000,0.0000,0.0000,0.0000,0.0000,0.0000,0.0000,0.0000
132.5500,0.0000,0.0000,0.0000,100.0000,80.6099,0.0000,0.0000,0.0000,0.0000,0.0000,0.0000,0.0000,0.0000,0.0000,100.0000,0.0000,0.0000,0.0000,0.0000,0.0000,0.0000,0.0000,0.0000,0.0000,0.0000
132.6000,0.0000,0.0000,0.0000,100.0000,74.3814,0.0000,0.0000,0.0000,0.0000,0.0000,0.0000,0.0000,0.0000,0.0000,100.0000,0.0000,0.0000,0.0000,0.0000,0.0000,0.0000,0.0000,0.0000,0.0000,0.0000
132.6500,0.0000,0.0000,0.0000,100.0000,65.6186,0.0000,0.0000,0.0000,0.0000,0.0000,0.0000,0.0000,0.0000,0.0000,100.0000,0.0000,0.0000,0.0000,0.0000,0.0000,0.0000,0.0000,0.0000,0.0000,0.0000
132.7000,0.0000,0.0000,0.0000,100.0000,59.3901,0.0000,0.0000,0.0000,0.0000,0.0000,0.0000,0.0000,0.0000,0.0000,100.0000,0.0000,0.0000,0.0000,0.0000,0.0000,0.0000,0.0000,0.0000,0.0000,0.0000
132.7500,0.0000,0.0000,0.0000,100.0000,58.0000,0.0000,0.0000,0.0000,0.0000,0.0000,0.0000,0.0000,0.0000,0.0000,100.0000,0.0000,0.0000,0.0000,0.0000,0.0000,0.0000,0.0000,0.0000,0.0000,0.0000
132.8000,0.0000,0.0000,0.0000,100.0000,58.0000,0.0000,0.0000,0.0000,0.0000,0.0000,0.0000,0.0000,0.0000,0.0000,100.0000,0.0000,0.0000,0.0000,0.0000,0.0000,0.0000,0.0000,0.0000,0.0000,0.0000
132.8500,0.0000,0.0000,0.0000,100.0000,58.0000,0.0000,0.0000,0.0000,0.0000,0.0000,0.0000,0.0000,0.0000,0.0000,100.0000,0.0000,0.0000,0.0000,0.0000,0.0000,0.0000,0.0000,0.0000,0.0000,0.0000
132.9000,0.0000,0.0000,0.0000,100.0000,58.0000,0.0000,0.0000,0.0000,0.0000,0.0000,0.0000,0.0000,0.0000,0.0000,100.0000,0.0000,0.0000,0.0000,0.0000,0.0000,0.0000,0.0000,0.0000,0.0000,0.0000
132.9500,0.0000,0.0000,0.0000,100.0000,58.0000,0.0000,0.0000,0.0000,0.0000,0.0000,0.0000,0.0000,0.0000,0.0000,100.0000,0.0000,0.0000,0.0000,0.0000,0.0000,0.0000,0.0000,0.0000,0.0000,0.0000
133.0000,0.0000,0.0000,0.0000,100.0000,58.0000,0.0000,0.0000,0.0000,0.0000,0.0000,0.0000,0.0000,0.0000,0.0000,100.0000,0.0000,0.0000,0.0000,0.0000,0.0000,0.0000,0.0000,0.0000,0.0000,0.0000
133.0500,0.0000,0.0000,0.0000,100.0000,57.3050,0.0000,0.0000,0.0000,0.0000,0.0000,0.0000,0.0000,0.0000,0.0000,100.0000,0.0000,0.0000,0.0000,0.0000,0.0000,0.0000,0.0000,0.0000,0.0000,0.0000
133.1000,0.0000,0.0000,0.0000,100.0000,54.1907,0.0000,0.0000,0.0000,0.0000,0.0000,0.0000,0.0000,0.0000,0.0000,100.0000,0.0000,0.0000,0.0000,0.0000,0.0000,0.0000,0.0000,0.0000,0.0000,0.0000
133.1500,0.0000,0.0000,0.0000,100.0000,49.8093,0.0000,0.0000,0.0000,0.0000,0.0000,0.0000,0.0000,0.0000,0.0000,100.0000,0.0000,0.0000,0.0000,0.0000,0.0000,0.0000,0.0000,0.0000,0.0000,0.0000
133.2000,0.0000,0.0000,0.0000,100.0000,46.6950,0.0000,0.0000,0.0000,0.0000,0.0000,0.0000,0.0000,0.0000,0.0000,100.0000,0.0000,0.0000,0.0000,0.0000,0.0000,0.0000,0.0000,0.0000,0.0000,0.0000
133.2500,0.0000,0.0000,0.0000,100.0000,46.0000,0.0000,0.0000,0.0000,0.0000,0.0000,0.0000,0.0000,0.0000,0.0000,100.0000,0.0000,0.0000,0.0000,0.0000,0.0000,0.0000,0.0000,0.0000,0.0000,0.0000
133.3000,0.0000,0.0000,0.0000,100.0000,46.0000,0.0000,0.0000,0.0000,0.0000,0.0000,0.0000,0.0000,0.0000,0.0000,100.0000,0.0000,0.0000,0.0000,0.0000,0.0000,0.0000,0.0000,0.0000,0.0000,0.0000
133.3500,0.0000,0.0000,0.0000,100.0000,46.0000,0.0000,0.0000,0.0000,0.0000,0.0000,0.0000,0.0000,0.0000,0.0000,100.0000,0.0000,0.0000,0.0000,0.0000,0.0000,0.0000,0.0000,0.0000,0.0000,0.0000
133.4000,0.0000,0.0000,0.0000,100.0000,46.0000,0.0000,0.0000,0.0000,0.0000,0.0000,0.0000,0.0000,0.0000,0.0000,100.0000,0.0000,0.0000,0.0000,0.0000,0.0000,0.0000,0.0000,0.0000,0.0000,0.0000
133.4500,0.0000,0.0000,0.0000,100.0000,46.0000,0.0000,0.0000,0.0000,0.0000,0.0000,0.0000,0.0000,0.0000,0.0000,100.0000,0.0000,0.0000,0.0000,0.0000,0.0000,0.0000,0.0000,0.0000,0.0000,0.0000
133.5000,0.0000,0.0000,0.0000,100.0000,46.0000,0.0000,0.0000,0.0000,0.0000,0.0000,0.0000,0.0000,0.0000,0.0000,100.0000,0.0000,0.0000,0.0000,0.0000,0.0000,0.0000,0.0000,0.0000,0.0000,0.0000
133.5500,0.0000,0.0000,0.0000,99.3050,47.7760,0.0000,0.0000,0.0000,0.0000,0.0000,0.0000,0.0000,0.0000,0.0000,94.2080,0.0000,0.0000,0.0000,0.0000,0.0000,0.0000,5.0970,0.0000,0.0000,0.0000
133.6000,0.0000,0.0000,0.0000,96.1907,55.7338,0.0000,0.0000,0.0000,0.0000,0.0000,0.0000,0.0000,0.0000,0.0000,68.2560,0.0000,0.0000,0.0000,0.0000,0.0000,0.0000,27.9347,0.0000,0.0000,0.0000
133.6500,0.0000,0.0000,0.0000,91.8093,66.9296,0.0000,0.0000,0.0000,0.0000,0.0000,0.0000,0.0000,0.0000,0.0000,31.7440,0.0000,0.0000,0.0000,0.0000,0.0000,0.0000,60.0653,0.0000,0.0000,0.0000
133.7000,0.0000,0.0000,0.0000,88.6950,74.8874,0.0000,0.0000,0.0000,0.0000,0.0000,0.0000,0.0000,0.0000,0.0000,5.7920,0.0000,0.0000,0.0000,0.0000,0.0000,0.0000,82.9030,0.0000,0.0000,0.0000
133.7500,0.0000,0.0000,0.0000,88.0000,76.6634,0.0000,0.0000,0.0000,0.0000,0.0000,0.0000,0.0000,0.0000,0.0000,0.0000,0.0000,0.0000,0.0000,0.0000,0.0000,0.0000,88.0000,0.0000,0.0000,0.0000
133.8000,0.0000,0.0000,0.0000,88.0000,76.6634,0.0000,0.0000,0.0000,0.0000,0.0000,0.0000,0.0000,0.0000,0.0000,0.0000,0.0000,0.0000,0.0000,0.0000,0.0000,0.0000,88.0000,0.0000,0.0000,0.0000
133.8500,0.0000,0.0000,0.0000,88.0000,76.6634,0.0000,0.0000,0.0000,0.0000,0.0000,0.0000,0.0000,0.0000,0.0000,0.0000,0.0000,0.0000,0.0000,0.0000,0.0000,0.0000,88.0000,0.0000,0.0000,0.0000
133.9000,0.0000,0.0000,0.0000,88.0000,76.6634,0.0000,0.0000,0.0000,0.0000,0.0000,0.0000,0.0000,0.0000,0.0000,0.0000,0.0000,0.0000,0.0000,0.0000,0.0000,0.0000,88.0000,0.0000,0.0000,0.0000
133.9500,0.0000,0.0000,0.0000,88.0000,76.6634,0.0000,0.0000,0.0000,0.0000,0.0000,0.0000,0.0000,0.0000,0.0000,0.0000,0.0000,0.0000,0.0000,0.0000,0.0000,0.0000,88.0000,0.0000,0.0000,0.0000
134.0000,0.0000,0.0000,0.0000,88.0000,76.6634,0.0000,0.0000,0.0000,0.0000,0.0000,0.0000,0.0000,0.0000,0.0000,0.0000,0.0000,0.0000,0.0000,0.0000,0.0000,0.0000,88.0000,0.0000,0.0000,0.0000
134.0500,0.0000,0.0000,0.0000,88.6950,76.3159,0.0000,0.0000,0.0000,0.0000,0.0000,0.0000,0.0000,0.0000,0.0000,0.0000,0.0000,0.0000,0.0000,0.0000,0.0000,0.0000,87.6525,0.0000,0.0000,0.0000
134.1000,0.0000,0.0000,0.0000,91.8093,74.7588,0.0000,0.0000,0.0000,0.0000,0.0000,0.0000,0.0000,0.0000,0.0000,0.0000,0.0000,0.0000,0.0000,0.0000,0.0000,0.0000,86.0954,0.0000,0.0000,0.0000
134.1500,0.0000,0.0000,0.0000,96.1907,72.5681,0.0000,0.0000,0.0000,0.0000,0.0000,0.0000,0.0000,0.0000,0.0000,0.0000,0.0000,0.0000,0.0000,0.0000,0.0000,0.0000,83.9046,0.0000,0.0000,0.0000
134.2000,0.0000,0.0000,0.0000,99.3050,71.0110,0.0000,0.0000,0.0000,0.0000,0.0000,0.0000,0.0000,0.0000,0.0000,0.0000,0.0000,0.0000,0.0000,0.0000,0.0000,0.0000,82.3475,0.0000,0.0000,0.0000
134.2500,0.0000,0.0000,0.0000,100.0000,70.6634,0.0000,0.0000,0.0000,0.0000,0.0000,0.0000,0.0000,0.0000,0.0000,0.0000,0.0000,0.0000,0.0000,0.0000,0.0000,0.0000,82.0000,0.0000,0.0000,0.0000
134.3000,0.0000,0.0000,0.0000,100.0000,70.6634,0.0000,0.0000,0.0000,0.0000,0.0000,0.0000,0.0000,0.0000,0.0000,0.0000,0.0000,0.0000,0.0000,0.0000,0.0000,0.0000,82.0000,0.0000,0.0000,0.0000
134.3500,0.0000,0.0000,0.0000,100.0000,70.6634,0.0000,0.0000,0.0000,0.0000,0.0000,0.0000,0.0000,0.0000,0.0000,0.0000,0.0000,0.0000,0.0000,0.0000,0.0000,0.0000,82.0000,0.0000,0.0000,0.0000
134.4000,0.0000,0.0000,0.0000,100.0000,70.6634,0.0000,0.0000,0.0000,0.0000,0.0000,0.0000,0.0000,0.0000,0.0000,0.0000,0.0000,0.0000,0.0000,0.0000,0.0000,0.0000,82.0000,0.0000,0.0000,0.0000
134.4500,0.0000,0.0000,0.0000,100.0000,70.6634,0.0000,0.0000,0.0000,0.0000,0.0000,0.0000,0.0000,0.0000,0.0000,0.0000,0.0000,0.0000,0.0000,0.0000,0.0000,0.0000,82.0000,0.0000,0.0000,0.0000
134.5000,0.0000,0.0000,0.0000,100.0000,70.6634,0.0000,0.0000,0.0000,0.0000,0.0000,0.0000,0.0000,0.0000,0.0000,0.0000,0.0000,0.0000,0.0000,0.0000,0.0000,0.0000,82.0000,0.0000,0.0000,0.0000
134.5500,0.0000,0.0000,0.0000,100.0000,70.3159,0.0000,0.0000,0.0000,0.0000,0.0000,0.0000,0.0000,0.0000,0.0000,0.0000,0.0000,0.0000,0.0000,0.0000,0.0000,0.0000,81.6525,0.0000,0.0000,0.0000
134.6000,0.0000,0.0000,0.0000,100.0000,68.7588,0.0000,0.0000,0.0000,0.0000,0.0000,0.0000,0.0000,0.0000,0.0000,0.0000,0.0000,0.0000,0.0000,0.0000,0.0000,0.0000,80.0954,0.0000,0.0000,0.0000
134.6500,0.0000,0.0000,0.0000,100.0000,66.5681,0.0000,0.0000,0.0000,0.0000,0.0000,0.0000,0.0000,0.0000,0.0000,0.0000,0.0000,0.0000,0.0000,0.0000,0.0000,0.0000,77.9046,0.0000,0.0000,0.0000
134.7000,0.0000,0.0000,0.0000,100.0000,65.0110,0.0000,0.0000,0.0000,0.0000,0.0000,0.0000,0.0000,0.0000,0.0000,0.0000,0.0000,0.0000,0.0000,0.0000,0.0000,0.0000,76.3475,0.0000,0.0000,0.0000
134.7500,0.0000,0.0000,0.0000,100.0000,64.6634,0.0000,0.0000,0.0000,0.0000,0.0000,0.0000,0.0000,0.0000,0.0000,0.0000,0.0000,0.0000,0.0000,0.0000,0.0000,0.0000,76.0000,0.0000,0.0000,0.0000
134.8000,0.0000,0.0000,0.0000,100.0000,64.6634,0.0000,0.0000,0.0000,0.0000,0.0000,0.0000,0.0000,0.0000,0.0000,0.0000,0.0000,0.0000,0.0000,0.0000,0.0000,0.0000,76.0000,0.0000,0.0000,0.0000
134.8500,0.0000,0.0000,0.0000,100.0000,64.6634,0.0000,0.0000,0.0000,0.0000,0.0000,0.0000,0.0000,0.0000,0.0000,0.0000,0.0000,0.0000,0.0000,0.0000,0.0000,0.0000,76.0000,0.0000,0.0000,0.0000
134.9000,0.0000,0.0000,0.0000,100.0000,64.6634,0.0000,0.0000,0.0000,0.0000,0.0000,0.0000,0.0000,0.0000,0.0000,0.0000,0.0000,0.0000,0.0000,0.0000,0.0000,0.0000,76.0000,0.0000,0.0000,0.0000
134.9500,0.0000,0.0000,0.0000,100.0000,64.6634,0.0000,0.0000,0.0000,0.0000,0.0000,0.0000,0.0000,0.0000,0.0000,0.0000,0.0000,0.0000,0.0000,0.0000,0.0000,0.0000,76.0000,0.0000,0.0000,0.0000
135.0000,0.0000,0.0000,0.0000,100.0000,64.6634,0.0000,0.0000,0.0000,0.0000,0.0000,0.0000,0.0000,0.0000,0.0000,0.0000,0.0000,0.0000,0.0000,0.0000,0.0000,0.0000,76.0000,0.0000,0.0000,0.0000
135.0500,0.0000,0.0000,0.0000,97.7452,66.7101,0.0000,0.0000,0.0000,0.0000,0.0000,0.0000,0.0000,0.0000,0.0000,0.0000,0.0000,0.0000,0.0000,0.0000,0.0000,0.0000,76.6950,0.0000,0.0000,0.0000
135.1000,0.0000,0.0000,0.0000,87.6419,75.8807,0.0000,0.0000,0.0000,0.0000,0.0000,0.0000,0.0000,0.0000,0.0000,0.0000,0.0000,0.0000,0.0000,0.0000,0.0000,0.0000,79.8093,0.0000,0.0000,0.0000
135.1500,0.0000,0.0000,0.0000,73.4277,88.7828,0.0000,0.0000,0.0000,0.0000,0.0000,0.0000,0.0000,0.0000,0.0000,0.0000,0.0000,0.0000,0.0000,0.0000,0.0000,0.0000,84.1907,0.0000,0.0000,0.0000
135.2000,0.0000,0.0000,0.0000,63.3245,97.9533,0.0000,0.0000,0.0000,0.0000,0.0000,0.0000,0.0000,0.0000,0.0000,0.0000,0.0000,0.0000,0.0000,0.0000,0.0000,0.0000,87.3050,0.0000,0.0000,0.0000
135.2500,0.0000,0.0000,0.0000,61.0696,100.0000,0.0000,0.0000,0.0000,0.0000,0.0000,0.0000,0.0000,0.0000,0.0000,0.0000,0.0000,0.0000,0.0000,0.0000,0.0000,0.0000,88.0000,0.0000,0.0000,0.0000
135.3000,0.0000,0.0000,0.0000,61.0696,100.0000,0.0000,0.0000,0.0000,0.0000,0.0000,0.0000,0.0000,0.0000,0.0000,0.0000,0.0000,0.0000,0.0000,0.0000,0.0000,0.0000,88.0000,0.0000,0.0000,0.0000
135.3500,0.0000,0.0000,0.0000,61.0696,100.0000,0.0000,0.0000,0.0000,0.0000,0.0000,0.0000,0.0000,0.0000,0.0000,0.0000,0.0000,0.0000,0.0000,0.0000,0.0000,0.0000,88.0000,0.0000,0.0000,0.0000
135.4000,0.0000,0.0000,0.0000,61.0696,100.0000,0.0000,0.0000,0.0000,0.0000,0.0000,0.0000,0.0000,0.0000,0.0000,0.0000,0.0000,0.0000,0.0000,0.0000,0.0000,0.0000,88.0000,0.0000,0.0000,0.0000
135.4500,0.0000,0.0000,0.0000,61.0696,100.0000,0.0000,0.0000,0.0000,0.0000,0.0000,0.0000,0.0000,0.0000,0.0000,0.0000,0.0000,0.0000,0.0000,0.0000,0.0000,0.0000,88.0000,0.0000,0.0000,0.0000
135.5000,0.0000,0.0000,0.0000,61.0696,100.0000,0.0000,0.0000,0.0000,0.0000,0.0000,0.0000,0.0000,0.0000,0.0000,0.0000,0.0000,0.0000,0.0000,0.0000,0.0000,0.0000,88.0000,0.0000,0.0000,0.0000
135.5500,0.0000,0.0000,0.0000,63.2234,99.6525,0.0000,4.9830,0.0000,0.0000,0.0000,0.0000,0.0000,0.0000,0.0000,0.0000,0.0000,0.0000,0.0000,0.0000,0.0000,0.0000,82.9030,0.0000,0.0000,0.0000
135.6000,0.0000,0.0000,0.0000,72.8736,98.0954,0.0000,27.3100,0.0000,0.0000,0.0000,0.0000,0.0000,0.0000,0.0000,0.0000,0.0000,0.0000,0.0000,0.0000,0.0000,0.0000,60.0653,0.0000,0.0000,0.0000
135.6500,0.0000,0.0000,0.0000,86.4505,95.9046,0.0000,58.7219,0.0000,0.0000,0.0000,0.0000,0.0000,0.0000,0.0000,0.0000,0.0000,0.0000,0.0000,0.0000,0.0000,0.0000,27.9347,0.0000,0.0000,0.0000
135.7000,0.0000,0.0000,0.0000,96.1007,94.3475,0.0000,81.0489,0.0000,0.0000,0.0000,0.0000,0.0000,0.0000,0.0000,0.0000,0.0000,0.0000,0.0000,0.0000,0.0000,0.0000,5.0970,0.0000,0.0000,0.0000
135.7500,0.0000,0.0000,0.0000,98.2544,94.0000,0.0000,86.0319,0.0000,0.0000,0.0000,0.0000,0.0000,0.0000,0.0000,0.0000,0.0000,0.0000,0.0000,0.0000,0.0000,0.0000,0.0000,0.0000,0.0000,0.0000
135.8000,0.0000,0.0000,0.0000,98.2544,94.0000,0.0000,86.0319,0.0000,0.0000,0.0000,0.0000,0.0000,0.0000,0.0000,0.0000,0.0000,0.0000,0.0000,0.0000,0.0000,0.0000,0.0000,0.0000,0.0000,0.0000
135.8500,0.0000,0.0000,0.0000,98.2544,94.0000,0.0000,86.0319,0.0000,0.0000,0.0000,0.0000,0.0000,0.0000,0.0000,0.0000,0.0000,0.0000,0.0000,0.0000,0.0000,0.0000,0.0000,0.0000,0.0000,0.0000
135.9000,0.0000,0.0000,0.0000,98.2544,94.0000,0.0000,86.0319,0.0000,0.0000,0.0000,0.0000,0.0000,0.0000,0.0000,0.0000,0.0000,0.0000,0.0000,0.0000,0.0000,0.0000,0.0000,0.0000,0.0000,0.0000
135.9500,0.0000,0.0000,0.0000,98.2544,94.0000,0.0000,86.0319,0.0000,0.0000,0.0000,0.0000,0.0000,0.0000,0.0000,0.0000,0.0000,0.0000,0.0000,0.0000,0.0000,0.0000,0.0000,0.0000,0.0000,0.0000
136.0000,0.0000,0.0000,0.0000,98.2544,94.0000,0.0000,86.0319,0.0000,0.0000,0.0000,0.0000,0.0000,0.0000,0.0000,0.0000,0.0000,0.0000,0.0000,0.0000,0.0000,0.0000,0.0000,0.0000,0.0000,0.0000
136.0500,0.0000,0.0000,0.0000,92.5635,92.2624,0.0000,85.4087,0.0000,0.0000,0.0000,0.0000,0.0000,0.0000,0.0000,0.0000,0.0000,0.0000,0.0000,0.0000,5.7920,0.0000,0.0000,0.0000,0.0000,0.0000
136.1000,0.0000,0.0000,0.0000,67.0645,84.4768,0.0000,82.6163,0.0000,0.0000,0.0000,0.0000,0.0000,0.0000,0.0000,0.0000,0.0000,0.0000,0.0000,0.0000,31.7440,0.0000,0.0000,0.0000,0.0000,0.0000
136.1500,0.0000,0.0000,0.0000,31.1899,73.5232,0.0000,78.6877,0.0000,0.0000,0.0000,0.0000,0.0000,0.0000,0.0000,0.0000,0.0000,0.0000,0.0000,0.0000,68.2560,0.0000,0.0000,0.0000,0.0000,0.0000
136.2000,0.0000,0.0000,0.0000,5.6909,65.7376,0.0000,75.8953,0.0000,0.0000,0.0000,0.0000,0.0000,0.0000,0.0000,0.0000,0.0000,0.0000,0.0000,0.0000,94.2080,0.0000,0.0000,0.0000,0.0000,0.0000
136.2500,0.0000,0.0000,0.0000,0.0000,64.0000,0.0000,75.2721,0.0000,0.0000,0.0000,0.0000,0.0000,0.0000,0.0000,0.0000,0.0000,0.0000,0.0000,0.0000,100.0000,0.0000,0.0000,0.0000,0.0000,0.0000
136.3000,0.0000,0.0000,0.0000,0.0000,64.0000,0.0000,75.2721,0.0000,0.0000,0.0000,0.0000,0.0000,0.0000,0.0000,0.0000,0.0000,0.0000,0.0000,0.0000,100.0000,0.0000,0.0000,0.0000,0.0000,0.0000
136.3500,0.0000,0.0000,0.0000,0.0000,64.0000,0.0000,75.2721,0.0000,0.0000,0.0000,0.0000,0.0000,0.0000,0.0000,0.0000,0.0000,0.0000,0.0000,0.0000,100.0000,0.0000,0.0000,0.0000,0.0000,0.0000
136.4000,0.0000,0.0000,0.0000,0.0000,64.0000,0.0000,75.2721,0.0000,0.0000,0.0000,0.0000,0.0000,0.0000,0.0000,0.0000,0.0000,0.0000,0.0000,0.0000,100.0000,0.0000,0.0000,0.0000,0.0000,0.0000
136.4500,0.0000,0.0000,0.0000,0.0000,64.0000,0.0000,75.2721,0.0000,0.0000,0.0000,0.0000,0.0000,0.0000,0.0000,0.0000,0.0000,0.0000,0.0000,0.0000,100.0000,0.0000,0.0000,0.0000,0.0000,0.0000
136.5000,0.0000,0.0000,0.0000,0.0000,64.0000,0.0000,75.2721,0.0000,0.0000,0.0000,0.0000,0.0000,0.0000,0.0000,0.0000,0.0000,0.0000,0.0000,0.0000,100.0000,0.0000,0.0000,0.0000,0.0000,0.0000
136.5500,0.0000,0.0000,0.0000,0.0000,65.3901,0.0000,72.8395,0.0000,0.0000,0.0000,0.0000,0.0000,0.0000,0.0000,0.0000,0.0000,0.0000,0.0000,0.0000,100.0000,0.0000,0.0000,0.0000,0.0000,0.0000
136.6000,0.0000,0.0000,0.0000,0.0000,71.6186,0.0000,61.9397,0.0000,0.0000,0.0000,0.0000,0.0000,0.0000,0.0000,0.0000,0.0000,0.0000,0.0000,0.0000,100.0000,0.0000,0.0000,0.0000,0.0000,0.0000
136.6500,0.0000,0.0000,0.0000,0.0000,80.3814,0.0000,46.6046,0.0000,0.0000,0.0000,0.0000,0.0000,0.0000,0.0000,0.0000,0.0000,0.0000,0.0000,0.0000,100.0000,0.0000,0.0000,0.0000,0.0000,0.0000
136.7000,0.0000,0.0000,0.0000,0.0000,86.6099,0.0000,35.7048,0.0000,0.0000,0.0000,0.0000,0.0000,0.0000,0.0000,0.0000,0.0000,0.0000,0.0000,0.0000,100.0000,0.0000,0.0000,0.0000,0.0000,0.0000
136.7500,0.0000,0.0000,0.0000,0.0000,88.0000,0.0000,33.2721,0.0000,0.0000,0.0000,0.0000,0.0000,0.0000,0.0000,0.0000,0.0000,0.0000,0.0000,0.0000,100.0000,0.0000,0.0000,0.0000,0.0000,0.0000
136.8000,0.0000,0.0000,0.0000,0.0000,88.0000,0.0000,33.2721,0.0000,0.0000,0.0000,0.0000,0.0000,0.0000,0.0000,0.0000,0.0000,0.0000,0.0000,0.0000,100.0000,0.0000,0.0000,0.0000,0.0000,0.0000
136.8500,0.0000,0.0000,0.0000,0.0000,88.0000,0.0000,33.2721,0.0000,0.0000,0.0000,0.0000,0.0000,0.0000,0.0000,0.0000,0.0000,0.0000,0.0000,0.0000,100.0000,0.0000,0.0000,0.0000,0.0000,0.0000
136.9000,0.0000,0.0000,0.0000,0.0000,88.0000,0.0000,33.2721,0.0000,0.0000,0.0000,0.0000,0.0000,0.0000,0.0000,0.0000,0.0000,0.0000,0.0000,0.0000,100.0000,0.0000,0.0000,0.0000,0.0000,0.0000
136.9500,0.0000,0.0000,0.0000,0.0000,88.0000,0.0000,33.2721,0.0000,0.0000,0.0000,0.0000,0.0000,0.0000,0.0000,0.0000,0.0000,0.0000,0.0000,0.0000,100.0000,0.0000,0.0000,0.0000,0.0000,0.0000
137.0000,0.0000,0.0000,0.0000,0.0000,88.0000,0.0000,33.2721,0.0000,0.0000,0.0000,0.0000,0.0000,0.0000,0.0000,0.0000,0.0000,0.0000,0.0000,0.0000,100.0000,0.0000,0.0000,0.0000,0.0000,0.0000
137.0500,0.0000,0.0000,0.0000,0.0000,82.9030,0.0000,33.2721,0.0000,0.0000,0.0000,0.0000,0.0000,0.0000,0.0000,0.0000,0.0000,0.0000,0.0000,0.0000,98.8668,0.0000,5.4445,0.0000,0.0000,0.0000
137.1000,0.0000,0.0000,0.0000,0.0000,60.0653,0.0000,33.2721,0.0000,0.0000,0.0000,0.0000,0.0000,0.0000,0.0000,0.0000,0.0000,0.0000,0.0000,0.0000,93.7892,0.0000,29.8394,0.0000,0.0000,0.0000
137.1500,0.0000,0.0000,0.0000,0.0000,27.9347,0.0000,33.2721,0.0000,0.0000,0.0000,0.0000,0.0000,0.0000,0.0000,0.0000,0.0000,0.0000,0.0000,0.0000,86.6456,0.0000,64.1606,0.0000,0.0000,0.0000
137.2000,0.0000,0.0000,0.0000,0.0000,5.0970,0.0000,33.2721,0.0000,0.0000,0.0000,0.0000,0.0000,0.0000,0.0000,0.0000,0.0000,0.0000,0.0000,0.0000,81.5681,0.0000,88.5555,0.0000,0.0000,0.0000
137.2500,0.0000,0.0000,0.0000,0.0000,0.0000,0.0000,33.2721,0.0000,0.0000,0.0000,0.0000,0.0000,0.0000,0.0000,0.0000,0.0000,0.0000,0.0000,0.0000,80.4349,0.0000,94.0000,0.0000,0.0000,0.0000
137.3000,0.0000,0.0000,0.0000,0.0000,0.0000,0.0000,33.2721,0.0000,0.0000,0.0000,0.0000,0.0000,0.0000,0.0000,0.0000,0.0000,0.0000,0.0000,0.0000,80.4349,0.0000,94.0000,0.0000,0.0000,0.0000
137.3500,0.0000,0.0000,0.0000,0.0000,0.0000,0.0000,33.2721,0.0000,0.0000,0.0000,0.0000,0.0000,0.0000,0.0000,0.0000,0.0000,0.0000,0.0000,0.0000,80.4349,0.0000,94.0000,0.0000,0.0000,0.0000
137.4000,0.0000,0.0000,0.0000,0.0000,0.0000,0.0000,33.2721,0.0000,0.0000,0.0000,0.0000,0.0000,0.0000,0.0000,0.0000,0.0000,0.0000,0.0000,0.0000,80.4349,0.0000,94.0000,0.0000,0.0000,0.0000
137.4500,0.0000,0.0000,0.0000,0.0000,0.0000,0.0000,33.2721,0.0000,0.0000,0.0000,0.0000,0.0000,0.0000,0.0000,0.0000,0.0000,0.0000,0.0000,0.0000,80.4349,0.0000,94.0000,0.0000,0.0000,0.0000
137.5000,0.0000,0.0000,0.0000,0.0000,0.0000,0.0000,33.2721,0.0000,0.0000,0.0000,0.0000,0.0000,0.0000,0.0000,0.0000,0.0000,0.0000,0.0000,0.0000,80.4349,0.0000,94.0000,0.0000,0.0000,0.0000
137.5500,0.0000,5.0970,0.0000,0.0000,0.0000,0.0000,31.3450,0.0000,0.0000,0.0000,0.0000,0.0000,0.0000,0.0000,0.0000,0.0000,0.0000,0.0000,0.0000,80.4349,0.0000,94.3475,0.0000,0.0000,0.0000
137.6000,0.0000,27.9347,0.0000,0.0000,0.0000,0.0000,22.7102,0.0000,0.0000,0.0000,0.0000,0.0000,0.0000,0.0000,0.0000,0.0000,0.0000,0.0000,0.0000,80.4349,0.0000,95.9046,0.0000,0.0000,0.0000
137.6500,0.0000,60.0653,0.0000,0.0000,0.0000,0.0000,10.5619,0.0000,0.0000,0.0000,0.0000,0.0000,0.0000,0.0000,0.0000,0.0000,0.0000,0.0000,0.0000,80.4349,0.0000,98.0954,0.0000,0.0000,0.0000
137.7000,0.0000,82.9030,0.0000,0.0000,0.0000,0.0000,1.9271,0.0000,0.0000,0.0000,0.0000,0.0000,0.0000,0.0000,0.0000,0.0000,0.0000,0.0000,0.0000,80.4349,0.0000,99.6525,0.0000,0.0000,0.0000
137.7500,0.0000,88.0000,0.0000,0.0000,0.0000,0.0000,0.0000,0.0000,0.0000,0.0000,0.0000,0.0000,0.0000,0.0000,0.0000,0.0000,0.0000,0.0000,0.0000,80.4349,0.0000,100.0000,0.0000,0.0000,0.0000
137.8000,0.0000,88.0000,0.0000,0.0000,0.0000,0.0000,0.0000,0.0000,0.0000,0.0000,0.0000,0.0000,0.0000,0.0000,0.0000,0.0000,0.0000,0.0000,0.0000,80.4349,0.0000,100.0000,0.0000,0.0000,0.0000
137.8500,0.0000,88.0000,0.0000,0.0000,0.0000,0.0000,0.0000,0.0000,0.0000,0.0000,0.0000,0.0000,0.0000,0.0000,0.0000,0.0000,0.0000,0.0000,0.0000,80.4349,0.0000,100.0000,0.0000,0.0000,0.0000
137.9000,0.0000,88.0000,0.0000,0.0000,0.0000,0.0000,0.0000,0.0000,0.0000,0.0000,0.0000,0.0000,0.0000,0.0000,0.0000,0.0000,0.0000,0.0000,0.0000,80.4349,0.0000,100.0000,0.0000,0.0000,0.0000
137.9500,0.0000,88.0000,0.0000,0.0000,0.0000,0.0000,0.0000,0.0000,0.0000,0.0000,0.0000,0.0000,0.0000,0.0000,0.0000,0.0000,0.0000,0.0000,0.0000,80.4349,0.0000,100.0000,0.0000,0.0000,0.0000
138.0000,0.0000,88.0000,0.0000,0.0000,0.0000,0.0000,0.0000,0.0000,0.0000,0.0000,0.0000,0.0000,0.0000,0.0000,0.0000,0.0000,0.0000,0.0000,0.0000,80.4349,0.0000,100.0000,0.0000,0.0000,0.0000
138.0500,0.0000,87.6525,0.0000,0.0000,0.0000,0.0000,5.7920,0.0000,0.0000,0.0000,0.0000,0.0000,0.0000,0.0000,0.0000,0.0000,0.0000,0.0000,0.0000,75.7761,0.0000,100.0000,0.0000,0.0000,0.0000
138.1000,0.0000,86.0954,0.0000,0.0000,0.0000,0.0000,31.7440,0.0000,0.0000,0.0000,0.0000,0.0000,0.0000,0.0000,0.0000,0.0000,0.0000,0.0000,0.0000,54.9016,0.0000,100.0000,0.0000,0.0000,0.0000
138.1500,0.0000,83.9046,0.0000,0.0000,0.0000,0.0000,68.2560,0.0000,0.0000,0.0000,0.0000,0.0000,0.0000,0.0000,0.0000,0.0000,0.0000,0.0000,0.0000,25.5332,0.0000,100.0000,0.0000,0.0000,0.0000
138.2000,0.0000,82.3475,0.0000,0.0000,0.0000,0.0000,94.2080,0.0000,0.0000,0.0000,0.0000,0.0000,0.0000,0.0000,0.0000,0.0000,0.0000,0.0000,0.0000,4.6588,0.0000,100.0000,0.0000,0.0000,0.0000
138.2500,0.0000,82.0000,0.0000,0.0000,0.0000,0.0000,100.0000,0.0000,0.0000,0.0000,0.0000,0.0000,0.0000,0.0000,0.0000,0.0000,0.0000,0.0000,0.0000,0.0000,0.0000,100.0000,0.0000,0.0000,0.0000
138.3000,0.0000,82.0000,0.0000,0.0000,0.0000,0.0000,100.0000,0.0000,0.0000,0.0000,0.0000,0.0000,0.0000,0.0000,0.0000,0.0000,0.0000,0.0000,0.0000,0.0000,0.0000,100.0000,0.0000,0.0000,0.0000
138.3500,0.0000,82.0000,0.0000,0.0000,0.0000,0.0000,100.0000,0.0000,0.0000,0.0000,0.0000,0.0000,0.0000,0.0000,0.0000,0.0000,0.0000,0.0000,0.0000,0.0000,0.0000,100.0000,0.0000,0.0000,0.0000
138.4000,0.0000,82.0000,0.0000,0.0000,0.0000,0.0000,100.0000,0.0000,0.0000,0.0000,0.0000,0.0000,0.0000,0.0000,0.0000,0.0000,0.0000,0.0000,0.0000,0.0000,0.0000,100.0000,0.0000,0.0000,0.0000
138.4500,0.0000,82.0000,0.0000,0.0000,0.0000,0.0000,100.0000,0.0000,0.0000,0.0000,0.0000,0.0000,0.0000,0.0000,0.0000,0.0000,0.0000,0.0000,0.0000,0.0000,0.0000,100.0000,0.0000,0.0000,0.0000
138.5000,0.0000,82.0000,0.0000,0.0000,0.0000,0.0000,100.0000,0.0000,0.0000,0.0000,0.0000,0.0000,0.0000,0.0000,0.0000,0.0000,0.0000,0.0000,0.0000,0.0000,0.0000,100.0000,0.0000,0.0000,0.0000
138.5500,0.0000,83.0426,0.0000,0.0000,0.0000,0.0000,100.0000,0.0000,0.0000,0.0000,0.0000,0.0000,0.0000,0.0000,0.0000,0.0000,0.0000,0.0000,0.0000,0.0000,0.0000,100.0000,0.0000,0.0000,0.0000
138.6000,0.0000,87.7139,0.0000,0.0000,0.0000,0.0000,100.0000,0.0000,0.0000,0.0000,0.0000,0.0000,0.0000,0.0000,0.0000,0.0000,0.0000,0.0000,0.0000,0.0000,0.0000,100.0000,0.0000,0.0000,0.0000
138.6500,0.0000,94.2861,0.0000,0.0000,0.0000,0.0000,100.0000,0.0000,0.0000,0.0000,0.0000,0.0000,0.0000,0.0000,0.0000,0.0000,0.0000,0.0000,0.0000,0.0000,0.0000,100.0000,0.0000,0.0000,0.0000
138.7000,0.0000,98.9574,0.0000,0.0000,0.0000,0.0000,100.0000,0.0000,0.0000,0.0000,0.0000,0.0000,0.0000,0.0000,0.0000,0.0000,0.0000,0.0000,0.0000,0.0000,0.0000,100.0000,0.0000,0.0000,0.0000
138.7500,0.0000,100.0000,0.0000,0.0000,0.0000,0.0000,100.0000,0.0000,0.0000,0.0000,0.0000,0.0000,0.0000,0.0000,0.0000,0.0000,0.0000,0.0000,0.0000,0.0000,0.0000,100.0000,0.0000,0.0000,0.0000
138.8000,0.0000,100.0000,0.0000,0.0000,0.0000,0.0000,100.0000,0.0000,0.0000,0.0000,0.0000,0.0000,0.0000,0.0000,0.0000,0.0000,0.0000,0.0000,0.0000,0.0000,0.0000,100.0000,0.0000,0.0000,0.0000
138.8500,0.0000,100.0000,0.0000,0.0000,0.0000,0.0000,100.0000,0.0000,0.0000,0.0000,0.0000,0.0000,0.0000,0.0000,0.0000,0.0000,0.0000,0.0000,0.0000,0.0000,0.0000,100.0000,0.0000,0.0000,0.0000
138.9000,0.0000,100.0000,0.0000,0.0000,0.0000,0.0000,100.0000,0.0000,0.0000,0.0000,0.0000,0.0000,0.0000,0.0000,0.0000,0.0000,0.0000,0.0000,0.0000,0.0000,0.0000,100.0000,0.0000,0.0000,0.0000
138.9500,0.0000,100.0000,0.0000,0.0000,0.0000,0.0000,100.0000,0.0000,0.0000,0.0000,0.0000,0.0000,0.0000,0.0000,0.0000,0.0000,0.0000,0.0000,0.0000,0.0000,0.0000,100.0000,0.0000,0.0000,0.0000
139.0000,0.0000,100.0000,0.0000,0.0000,0.0000,0.0000,100.0000,0.0000,0.0000,0.0000,0.0000,0.0000,0.0000,0.0000,0.0000,0.0000,0.0000,0.0000,0.0000,0.0000,0.0000,100.0000,0.0000,0.0000,0.0000
139.0500,0.0000,100.0000,0.0000,0.0000,0.0000,0.0000,100.0000,0.0000,0.0000,0.0000,0.0000,0.0000,0.0000,0.0000,0.0000,0.0000,0.0000,0.0000,0.0000,0.0000,5.4445,94.2080,0.0000,0.0000,0.0000
139.1000,0.0000,100.0000,0.0000,0.0000,0.0000,0.0000,100.0000,0.0000,0.0000,0.0000,0.0000,0.0000,0.0000,0.0000,0.0000,0.0000,0.0000,0.0000,0.0000,0.0000,29.8394,68.2560,0.0000,0.0000,0.0000
139.1500,0.0000,100.0000,0.0000,0.0000,0.0000,0.0000,100.0000,0.0000,0.0000,0.0000,0.0000,0.0000,0.0000,0.0000,0.0000,0.0000,0.0000,0.0000,0.0000,0.0000,64.1606,31.7440,0.0000,0.0000,0.0000
139.2000,0.0000,100.0000,0.0000,0.0000,0.0000,0.0000,100.0000,0.0000,0.0000,0.0000,0.0000,0.0000,0.0000,0.0000,0.0000,0.0000,0.0000,0.0000,0.0000,0.0000,88.5555,5.7920,0.0000,0.0000,0.0000
139.2500,0.0000,100.0000,0.0000,0.0000,0.0000,0.0000,100.0000,0.0000,0.0000,0.0000,0.0000,0.0000,0.0000,0.0000,0.0000,0.0000,0.0000,0.0000,0.0000,0.0000,94.0000,0.0000,0.0000,0.0000,0.0000
139.3000,0.0000,100.0000,0.0000,0.0000,0.0000,0.0000,100.0000,0.0000,0.0000,0.0000,0.0000,0.0000,0.0000,0.0000,0.0000,0.0000,0.0000,0.0000,0.0000,0.0000,94.0000,0.0000,0.0000,0.0000,0.0000
139.3500,0.0000,100.0000,0.0000,0.0000,0.0000,0.0000,100.0000,0.0000,0.0000,0.0000,0.0000,0.0000,0.0000,0.0000,0.0000,0.0000,0.0000,0.0000,0.0000,0.0000,94.0000,0.0000,0.0000,0.0000,0.0000
139.4000,0.0000,100.0000,0.0000,0.0000,0.0000,0.0000,100.0000,0.0000,0.0000,0.0000,0.0000,0.0000,0.0000,0.0000,0.0000,0.0000,0.0000,0.0000,0.0000,0.0000,94.0000,0.0000,0.0000,0.0000,0.0000
139.4500,0.0000,100.0000,0.0000,0.0000,0.0000,0.0000,100.0000,0.0000,0.0000,0.0000,0.0000,0.0000,0.0000,0.0000,0.0000,0.0000,0.0000,0.0000,0.0000,0.0000,94.0000,0.0000,0.0000,0.0000,0.0000
139.5000,0.0000,100.0000,0.0000,0.0000,0.0000,0.0000,100.0000,0.0000,0.0000,0.0000,0.0000,0.0000,0.0000,0.0000,0.0000,0.0000,0.0000,0.0000,0.0000,0.0000,94.0000,0.0000,0.0000,0.0000,0.0000
139.5500,0.0000,94.2080,0.0000,0.0000,0.0000,0.0000,97.7015,0.0000,0.0000,0.0000,0.0000,0.0000,0.0000,0.0000,0.0000,0.0000,0.0000,0.0000,0.0000,0.0000,93.3050,0.0000,0.0000,0.0000,5.7920
139.6000,0.0000,68.2560,0.0000,0.0000,0.0000,0.0000,87.4027,0.0000,0.0000,0.0000,0.0000,0.0000,0.0000,0.0000,0.0000,0.0000,0.0000,0.0000,0.0000,0.0000,90.1907,0.0000,0.0000,0.0000,31.7440
139.6500,0.0000,31.7440,0.0000,0.0000,0.0000,0.0000,72.9133,0.0000,0.0000,0.0000,0.0000,0.0000,0.0000,0.0000,0.0000,0.0000,0.0000,0.0000,0.0000,0.0000,85.8093,0.0000,0.0000,0.0000,68.2560
139.7000,0.0000,5.7920,0.0000,0.0000,0.0000,0.0000,62.6145,0.0000,0.0000,0.0000,0.0000,0.0000,0.0000,0.0000,0.0000,0.0000,0.0000,0.0000,0.0000,0.0000,82.6950,0.0000,0.0000,0.0000,94.2080
139.7500,0.0000,0.0000,0.0000,0.0000,0.0000,0.0000,60.3160,0.0000,0.0000,0.0000,0.0000,0.0000,0.0000,0.0000,0.0000,0.0000,0.0000,0.0000,0.0000,0.0000,82.0000,0.0000,0.0000,0.0000,100.0000
139.8000,0.0000,0.0000,0.0000,0.0000,0.0000,0.0000,60.3160,0.0000,0.0000,0.0000,0.0000,0.0000,0.0000,0.0000,0.0000,0.0000,0.0000,0.0000,0.0000,0.0000,82.0000,0.0000,0.0000,0.0000,100.0000
139.8500,0.0000,0.0000,0.0000,0.0000,0.0000,0.0000,60.3160,0.0000,0.0000,0.0000,0.0000,0.0000,0.0000,0.0000,0.0000,0.0000,0.0000,0.0000,0.0000,0.0000,82.0000,0.0000,0.0000,0.0000,100.0000
139.9000,0.0000,0.0000,0.0000,0.0000,0.0000,0.0000,60.3160,0.0000,0.0000,0.0000,0.0000,0.0000,0.0000,0.0000,0.0000,0.0000,0.0000,0.0000,0.0000,0.0000,82.0000,0.0000,0.0000,0.0000,100.0000
139.9500,0.0000,0.0000,0.0000,0.0000,0.0000,0.0000,60.3160,0.0000,0.0000,0.0000,0.0000,0.0000,0.0000,0.0000,0.0000,0.0000,0.0000,0.0000,0.0000,0.0000,82.0000,0.0000,0.0000,0.0000,100.0000
140.0000,0.0000,0.0000,0.0000,0.0000,0.0000,0.0000,60.3160,0.0000,0.0000,0.0000,0.0000,0.0000,0.0000,0.0000,0.0000,0.0000,0.0000,0.0000,0.0000,0.0000,82.0000,0.0000,0.0000,0.0000,100.0000
140.0500,0.0000,0.0000,0.0000,5.0970,0.0000,0.0000,56.8225,0.0000,0.0000,0.0000,0.0000,0.0000,0.0000,0.0000,0.0000,0.0000,0.0000,0.0000,0.0000,0.0000,81.3050,0.0000,0.0000,0.0000,100.0000
140.1000,0.0000,0.0000,0.0000,27.9347,0.0000,0.0000,41.1693,0.0000,0.0000,0.0000,0.0000,0.0000,0.0000,0.0000,0.0000,0.0000,0.0000,0.0000,0.0000,0.0000,78.1907,0.0000,0.0000,0.0000,100.0000
140.1500,0.0000,0.0000,0.0000,60.0653,0.0000,0.0000,19.1467,0.0000,0.0000,0.0000,0.0000,0.0000,0.0000,0.0000,0.0000,0.0000,0.0000,0.0000,0.0000,0.0000,73.8093,0.0000,0.0000,0.0000,100.0000
140.2000,0.0000,0.0000,0.0000,82.9030,0.0000,0.0000,3.4935,0.0000,0.0000,0.0000,0.0000,0.0000,0.0000,0.0000,0.0000,0.0000,0.0000,0.0000,0.0000,0.0000,70.6950,0.0000,0.0000,0.0000,100.0000
140.2500,0.0000,0.0000,0.0000,88.0000,0.0000,0.0000,0.0000,0.0000,0.0000,0.0000,0.0000,0.0000,0.0000,0.0000,0.0000,0.0000,0.0000,0.0000,0.0000,0.0000,70.0000,0.0000,0.0000,0.0000,100.0000
140.3000,0.0000,0.0000,0.0000,88.0000,0.0000,0.0000,0.0000,0.0000,0.0000,0.0000,0.0000,0.0000,0.0000,0.0000,0.0000,0.0000,0.0000,0.0000,0.0000,0.0000,70.0000,0.0000,0.0000,0.0000,100.0000
140.3500,0.0000,0.0000,0.0000,88.0000,0.0000,0.0000,0.0000,0.0000,0.0000,0.0000,0.0000,0.0000,0.0000,0.0000,0.0000,0.0000,0.0000,0.0000,0.0000,0.0000,70.0000,0.0000,0.0000,0.0000,100.0000
140.4000,0.0000,0.0000,0.0000,88.0000,0.0000,0.0000,0.0000,0.0000,0.0000,0.0000,0.0000,0.0000,0.0000,0.0000,0.0000,0.0000,0.0000,0.0000,0.0000,0.0000,70.0000,0.0000,0.0000,0.0000,100.0000
140.4500,0.0000,0.0000,0.0000,88.0000,0.0000,0.0000,0.0000,0.0000,0.0000,0.0000,0.0000,0.0000,0.0000,0.0000,0.0000,0.0000,0.0000,0.0000,0.0000,0.0000,70.0000,0.0000,0.0000,0.0000,100.0000
140.5000,0.0000,0.0000,0.0000,88.0000,0.0000,0.0000,0.0000,0.0000,0.0000,0.0000,0.0000,0.0000,0.0000,0.0000,0.0000,0.0000,0.0000,0.0000,0.0000,0.0000,70.0000,0.0000,0.0000,0.0000,100.0000
140.5500,0.0000,0.0000,0.0000,88.6950,0.0000,0.0000,0.0000,0.0000,0.0000,0.0000,0.0000,0.0000,0.0000,0.0000,0.0000,0.0000,0.0000,0.0000,0.0000,0.0000,69.3050,0.0000,0.0000,0.0000,99.6525
140.6000,0.0000,0.0000,0.0000,91.8093,0.0000,0.0000,0.0000,0.0000,0.0000,0.0000,0.0000,0.0000,0.0000,0.0000,0.0000,0.0000,0.0000,0.0000,0.0000,0.0000,66.1907,0.0000,0.0000,0.0000,98.0954
140.6500,0.0000,0.0000,0.0000,96.1907,0.0000,0.0000,0.0000,0.0000,0.0000,0.0000,0.0000,0.0000,0.0000,0.0000,0.0000,0.0000,0.0000,0.0000,0.0000,0.0000,61.8093,0.0000,0.0000,0.0000,95.9046
140.7000,0.0000,0.0000,0.0000,99.3050,0.0000,0.0000,0.0000,0.0000,0.0000,0.0000,0.0000,0.0000,0.0000,0.0000,0.0000,0.0000,0.0000,0.0000,0.0000,0.0000,58.6950,0.0000,0.0000,0.0000,94.3475
140.7500,0.0000,0.0000,0.0000,100.0000,0.0000,0.0000,0.0000,0.0000,0.0000,0.0000,0.0000,0.0000,0.0000,0.0000,0.0000,0.0000,0.0000,0.0000,0.0000,0.0000,58.0000,0.0000,0.0000,0.0000,94.0000
140.8000,0.0000,0.0000,0.0000,100.0000,0.0000,0.0000,0.0000,0.0000,0.0000,0.0000,0.0000,0.0000,0.0000,0.0000,0.0000,0.0000,0.0000,0.0000,0.0000,0.0000,58.0000,0.0000,0.0000,0.0000,94.0000
140.8500,0.0000,0.0000,0.0000,100.0000,0.0000,0.0000,0.0000,0.0000,0.0000,0.0000,0.0000,0.0000,0.0000,0.0000,0.0000,0.0000,0.0000,0.0000,0.0000,0.0000,58.0000,0.0000,0.0000,0.0000,94.0000
140.9000,0.0000,0.0000,0.0000,100.0000,0.0000,0.0000,0.0000,0.0000,0.0000,0.0000,0.0000,0.0000,0.0000,0.0000,0.0000,0.0000,0.0000,0.0000,0.0000,0.0000,58.0000,0.0000,0.0000,0.0000,94.0000
140.9500,0.0000,0.0000,0.0000,100.0000,0.0000,0.0000,0.0000,0.0000,0.0000,0.0000,0.0000,0.0000,0.0000,0.0000,0.0000,0.0000,0.0000,0.0000,0.0000,0.0000,58.0000,0.0000,0.0000,0.0000,94.0000
141.0000,0.0000,0.0000,0.0000,100.0000,0.0000,0.0000,0.0000,0.0000,0.0000,0.0000,0.0000,0.0000,0.0000,0.0000,0.0000,0.0000,0.0000,0.0000,0.0000,0.0000,58.0000,0.0000,0.0000,0.0000,94.0000
141.0500,0.0000,0.0000,0.0000,99.6525,0.0000,0.0000,0.0000,0.0000,0.0000,0.0000,0.0000,0.0000,0.0000,0.0000,5.0970,0.0000,0.0000,0.0000,0.0000,0.0000,54.6406,0.0000,0.0000,0.0000,94.3475
141.1000,0.0000,0.0000,0.0000,98.0954,0.0000,0.0000,0.0000,0.0000,0.0000,0.0000,0.0000,0.0000,0.0000,0.0000,27.9347,0.0000,0.0000,0.0000,0.0000,0.0000,39.5885,0.0000,0.0000,0.0000,95.9046
141.1500,0.0000,0.0000,0.0000,95.9046,0.0000,0.0000,0.0000,0.0000,0.0000,0.0000,0.0000,0.0000,0.0000,0.0000,60.0653,0.0000,0.0000,0.0000,0.0000,0.0000,18.4115,0.0000,0.0000,0.0000,98.0954
141.2000,0.0000,0.0000,0.0000,94.3475,0.0000,0.0000,0.0000,0.0000,0.0000,0.0000,0.0000,0.0000,0.0000,0.0000,82.9030,0.0000,0.0000,0.0000,0.0000,0.0000,3.3594,0.0000,0.0000,0.0000,99.6525
141.2500,0.0000,0.0000,0.0000,94.0000,0.0000,0.0000,0.0000,0.0000,0.0000,0.0000,0.0000,0.0000,0.0000,0.0000,88.0000,0.0000,0.0000,0.0000,0.0000,0.0000,0.0000,0.0000,0.0000,0.0000,100.0000
141.3000,0.0000,0.0000,0.0000,94.0000,0.0000,0.0000,0.0000,0.0000,0.0000,0.0000,0.0000,0.0000,0.0000,0.0000,88.0000,0.0000,0.0000,0.0000,0.0000,0.0000,0.0000,0.0000,0.0000,0.0000,100.0000
141.3500,0.0000,0.0000,0.0000,94.0000,0.0000,0.0000,0.0000,0.0000,0.0000,0.0000,0.0000,0.0000,0.0000,0.0000,88.0000,0.0000,0.0000,0.0000,0.0000,0.0000,0.0000,0.0000,0.0000,0.0000,100.0000
141.4000,0.0000,0.0000,0.0000,94.0000,0.0000,0.0000,0.0000,0.0000,0.0000,0.0000,0.0000,0.0000,0.0000,0.0000,88.0000,0.0000,0.0000,0.0000,0.0000,0.0000,0.0000,0.0000,0.0000,0.0000,100.0000
141.4500,0.0000,0.0000,0.0000,94.0000,0.0000,0.0000,0.0000,0.0000,0.0000,0.0000,0.0000,0.0000,0.0000,0.0000,88.0000,0.0000,0.0000,0.0000,0.0000,0.0000,0.0000,0.0000,0.0000,0.0000,100.0000
141.5000,0.0000,0.0000,0.0000,94.0000,0.0000,0.0000,0.0000,0.0000,0.0000,0.0000,0.0000,0.0000,0.0000,0.0000,88.0000,0.0000,0.0000,0.0000,0.0000,0.0000,0.0000,0.0000,0.0000,0.0000,100.0000
141.5500,0.0000,0.0000,0.0000,93.3050,0.0000,0.0000,0.0000,0.0000,0.0000,0.0000,0.0000,0.0000,0.0000,0.0000,88.6950,0.0000,0.0000,0.0000,0.0000,0.0000,0.0000,0.0000,5.0970,0.0000,94.2080
141.6000,0.0000,0.0000,0.0000,90.1907,0.0000,0.0000,0.0000,0.0000,0.0000,0.0000,0.0000,0.0000,0.0000,0.0000,91.8093,0.0000,0.0000,0.0000,0.0000,0.0000,0.0000,0.0000,27.9347,0.0000,68.2560
141.6500,0.0000,0.0000,0.0000,85.8093,0.0000,0.0000,0.0000,0.0000,0.0000,0.0000,0.0000,0.0000,0.0000,0.0000,96.1907,0.0000,0.0000,0.0000,0.0000,0.0000,0.0000,0.0000,60.0653,0.0000,31.7440
141.7000,0.0000,0.0000,0.0000,82.6950,0.0000,0.0000,0.0000,0.0000,0.0000,0.0000,0.0000,0.0000,0.0000,0.0000,99.3050,0.0000,0.0000,0.0000,0.0000,0.0000,0.0000,0.0000,82.9030,0.0000,5.7920
141.7500,0.0000,0.0000,0.0000,82.0000,0.0000,0.0000,0.0000,0.0000,0.0000,0.0000,0.0000,0.0000,0.0000,0.0000,100.0000,0.0000,0.0000,0.0000,0.0000,0.0000,0.0000,0.0000,88.0000,0.0000,0.0000
141.8000,0.0000,0.0000,0.0000,82.0000,0.0000,0.0000,0.0000,0.0000,0.0000,0.0000,0.0000,0.0000,0.0000,0.0000,100.0000,0.0000,0.0000,0.0000,0.0000,0.0000,0.0000,0.0000,88.0000,0.0000,0.0000
141.8500,0.0000,0.0000,0.0000,82.0000,0.0000,0.0000,0.0000,0.0000,0.0000,0.0000,0.0000,0.0000,0.0000,0.0000,100.0000,0.0000,0.0000,0.0000,0.0000,0.0000,0.0000,0.0000,88.0000,0.0000,0.0000
141.9000,0.0000,0.0000,0.0000,82.0000,0.0000,0.0000,0.0000,0.0000,0.0000,0.0000,0.0000,0.0000,0.0000,0.0000,100.0000,0.0000,0.0000,0.0000,0.0000,0.0000,0.0000,0.0000,88.0000,0.0000,0.0000
141.9500,0.0000,0.0000,0.0000,82.0000,0.0000,0.0000,0.0000,0.0000,0.0000,0.0000,0.0000,0.0000,0.0000,0.0000,100.0000,0.0000,0.0000,0.0000,0.0000,0.0000,0.0000,0.0000,88.0000,0.0000,0.0000
142.0000,0.0000,0.0000,0.0000,82.0000,0.0000,0.0000,0.0000,0.0000,0.0000,0.0000,0.0000,0.0000,0.0000,0.0000,100.0000,0.0000,0.0000,0.0000,0.0000,0.0000,0.0000,0.0000,88.0000,0.0000,0.0000
142.0500,0.0000,0.0000,0.0000,77.2506,0.0000,0.0000,0.0000,0.0000,1.3683,0.0000,0.0000,0.0000,0.0000,0.0000,98.9574,0.0000,0.0000,0.0000,0.0000,0.0000,0.0000,0.0000,88.6950,0.0000,0.0000
142.1000,0.0000,0.0000,0.0000,55.9699,0.0000,0.0000,0.0000,0.0000,7.4995,0.0000,0.0000,0.0000,0.0000,0.0000,94.2861,0.0000,0.0000,0.0000,0.0000,0.0000,0.0000,0.0000,91.8093,0.0000,0.0000
142.1500,0.0000,0.0000,0.0000,26.0301,0.0000,0.0000,0.0000,0.0000,16.1254,0.0000,0.0000,0.0000,0.0000,0.0000,87.7139,0.0000,0.0000,0.0000,0.0000,0.0000,0.0000,0.0000,96.1907,0.0000,0.0000
142.2000,0.0000,0.0000,0.0000,4.7494,0.0000,0.0000,0.0000,0.0000,22.2565,0.0000,0.0000,0.0000,0.0000,0.0000,83.0426,0.0000,0.0000,0.0000,0.0000,0.0000,0.0000,0.0000,99.3050,0.0000,0.0000
142.2500,0.0000,0.0000,0.0000,0.0000,0.0000,0.0000,0.0000,0.0000,23.6248,0.0000,0.0000,0.0000,0.0000,0.0000,82.0000,0.0000,0.0000,0.0000,0.0000,0.0000,0.0000,0.0000,100.0000,0.0000,0.0000
142.3000,0.0000,0.0000,0.0000,0.0000,0.0000,0.0000,0.0000,0.0000,23.6248,0.0000,0.0000,0.0000,0.0000,0.0000,82.0000,0.0000,0.0000,0.0000,0.0000,0.0000,0.0000,0.0000,100.0000,0.0000,0.0000
142.3500,0.0000,0.0000,0.0000,0.0000,0.0000,0.0000,0.0000,0.0000,23.6248,0.0000,0.0000,0.0000,0.0000,0.0000,82.0000,0.0000,0.0000,0.0000,0.0000,0.0000,0.0000,0.0000,100.0000,0.0000,0.0000
142.4000,0.0000,0.0000,0.0000,0.0000,0.0000,0.0000,0.0000,0.0000,23.6248,0.0000,0.0000,0.0000,0.0000,0.0000,82.0000,0.0000,0.0000,0.0000,0.0000,0.0000,0.0000,0.0000,100.0000,0.0000,0.0000
142.4500,0.0000,0.0000,0.0000,0.0000,0.0000,0.0000,0.0000,0.0000,23.6248,0.0000,0.0000,0.0000,0.0000,0.0000,82.0000,0.0000,0.0000,0.0000,0.0000,0.0000,0.0000,0.0000,100.0000,0.0000,0.0000
142.5000,0.0000,0.0000,0.0000,0.0000,0.0000,0.0000,0.0000,0.0000,23.6248,0.0000,0.0000,0.0000,0.0000,0.0000,82.0000,0.0000,0.0000,0.0000,0.0000,0.0000,0.0000,0.0000,100.0000,0.0000,0.0000
142.5500,0.0000,0.0000,0.0000,0.0000,0.0000,0.0000,0.0000,0.0000,23.4511,0.0000,0.0000,0.0000,0.0000,0.0000,81.8262,0.0000,0.0000,0.0000,0.0000,0.0000,0.0000,0.0000,100.0000,0.0000,0.0000
142.6000,0.0000,0.0000,0.0000,0.0000,0.0000,0.0000,0.0000,0.0000,22.6725,0.0000,0.0000,0.0000,0.0000,0.0000,81.0477,0.0000,0.0000,0.0000,0.0000,0.0000,0.0000,0.0000,100.0000,0.0000,0.0000
142.6500,0.0000,0.0000,0.0000,0.0000,0.0000,0.0000,0.0000,0.0000,21.5771,0.0000,0.0000,0.0000,0.0000,0.0000,79.9523,0.0000,0.0000,0.0000,0.0000,0.0000,0.0000,0.0000,100.0000,0.0000,0.0000
142.7000,0.0000,0.0000,0.0000,0.0000,0.0000,0.0000,0.0000,0.0000,20.7986,0.0000,0.0000,0.0000,0.0000,0.0000,79.1738,0.0000,0.0000,0.0000,0.0000,0.0000,0.0000,0.0000,100.0000,0.0000,0.0000
142.7500,0.0000,0.0000,0.0000,0.0000,0.0000,0.0000,0.0000,0.0000,20.6248,0.0000,0.0000,0.0000,0.0000,0.0000,79.0000,0.0000,0.0000,0.0000,0.0000,0.0000,0.0000,0.0000,100.0000,0.0000,0.0000
142.8000,0.0000,0.0000,0.0000,0.0000,0.0000,0.0000,0.0000,0.0000,20.6248,0.0000,0.0000,0.0000,0.0000,0.0000,79.0000,0.0000,0.0000,0.0000,0.0000,0.0000,0.0000,0.0000,100.0000,0.0000,0.0000
142.8500,0.0000,0.0000,0.0000,0.0000,0.0000,0.0000,0.0000,0.0000,20.6248,0.0000,0.0000,0.0000,0.0000,0.0000,79.0000,0.0000,0.0000,0.0000,0.0000,0.0000,0.0000,0.0000,100.0000,0.0000,0.0000
142.9000,0.0000,0.0000,0.0000,0.0000,0.0000,0.0000,0.0000,0.0000,20.6248,0.0000,0.0000,0.0000,0.0000,0.0000,79.0000,0.0000,0.0000,0.0000,0.0000,0.0000,0.0000,0.0000,100.0000,0.0000,0.0000
142.9500,0.0000,0.0000,0.0000,0.0000,0.0000,0.0000,0.0000,0.0000,20.6248,0.0000,0.0000,0.0000,0.0000,0.0000,79.0000,0.0000,0.0000,0.0000,0.0000,0.0000,0.0000,0.0000,100.0000,0.0000,0.0000
143.0000,0.0000,0.0000,0.0000,0.0000,0.0000,0.0000,0.0000,0.0000,20.6248,0.0000,0.0000,0.0000,0.0000,0.0000,79.0000,0.0000,0.0000,0.0000,0.0000,0.0000,0.0000,0.0000,100.0000,0.0000,0.0000
143.0500,0.0000,0.0000,0.0000,0.0000,0.0000,0.0000,1.5323,0.0000,20.7986,0.0000,0.0000,0.0000,0.0000,0.0000,74.4243,0.0000,0.0000,0.0000,0.0000,0.0000,0.0000,0.0000,99.6525,0.0000,0.0000
143.1000,0.0000,0.0000,0.0000,0.0000,0.0000,0.0000,8.3981,0.0000,21.5771,0.0000,0.0000,0.0000,0.0000,0.0000,53.9222,0.0000,0.0000,0.0000,0.0000,0.0000,0.0000,0.0000,98.0954,0.0000,0.0000
143.1500,0.0000,0.0000,0.0000,0.0000,0.0000,0.0000,18.0576,0.0000,22.6725,0.0000,0.0000,0.0000,0.0000,0.0000,25.0778,0.0000,0.0000,0.0000,0.0000,0.0000,0.0000,0.0000,95.9046,0.0000,0.0000
143.2000,0.0000,0.0000,0.0000,0.0000,0.0000,0.0000,24.9234,0.0000,23.4511,0.0000,0.0000,0.0000,0.0000,0.0000,4.5757,0.0000,0.0000,0.0000,0.0000,0.0000,0.0000,0.0000,94.3475,0.0000,0.0000
143.2500,0.0000,0.0000,0.0000,0.0000,0.0000,0.0000,26.4557,0.0000,23.6248,0.0000,0.0000,0.0000,0.0000,0.0000,0.0000,0.0000,0.0000,0.0000,0.0000,0.0000,0.0000,0.0000,94.0000,0.0000,0.0000
143.3000,0.0000,0.0000,0.0000,0.0000,0.0000,0.0000,26.4557,0.0000,23.6248,0.0000,0.0000,0.0000,0.0000,0.0000,0.0000,0.0000,0.0000,0.0000,0.0000,0.0000,0.0000,0.0000,94.0000,0.0000,0.0000
143.3500,0.0000,0.0000,0.0000,0.0000,0.0000,0.0000,26.4557,0.0000,23.6248,0.0000,0.0000,0.0000,0.0000,0.0000,0.0000,0.0000,0.0000,0.0000,0.0000,0.0000,0.0000,0.0000,94.0000,0.0000,0.0000
143.4000,0.0000,0.0000,0.0000,0.0000,0.0000,0.0000,26.4557,0.0000,23.6248,0.0000,0.0000,0.0000,0.0000,0.0000,0.0000,0.0000,0.0000,0.0000,0.0000,0.0000,0.0000,0.0000,94.0000,0.0000,0.0000
143.4500,0.0000,0.0000,0.0000,0.0000,0.0000,0.0000,26.4557,0.0000,23.6248,0.0000,0.0000,0.0000,0.0000,0.0000,0.0000,0.0000,0.0000,0.0000,0.0000,0.0000,0.0000,0.0000,94.0000,0.0000,0.0000
143.5000,0.0000,0.0000,0.0000,0.0000,0.0000,0.0000,26.4557,0.0000,23.6248,0.0000,0.0000,0.0000,0.0000,0.0000,0.0000,0.0000,0.0000,0.0000,0.0000,0.0000,0.0000,0.0000,94.0000,0.0000,0.0000
143.5500,0.0000,0.0000,0.0000,0.0000,0.0000,0.0000,26.4557,0.0000,23.2773,0.0000,0.0000,0.0000,0.0000,0.0000,0.0000,0.0000,0.0000,0.0000,0.0000,0.0000,0.0000,0.0000,94.3475,0.0000,0.0000
143.6000,0.0000,0.0000,0.0000,0.0000,0.0000,0.0000,26.4557,0.0000,21.7202,0.0000,0.0000,0.0000,0.0000,0.0000,0.0000,0.0000,0.0000,0.0000,0.0000,0.0000,0.0000,0.0000,95.9046,0.0000,0.0000
143.6500,0.0000,0.0000,0.0000,0.0000,0.0000,0.0000,26.4557,0.0000,19.5295,0.0000,0.0000,0.0000,0.0000,0.0000,0.0000,0.0000,0.0000,0.0000,0.0000,0.0000,0.0000,0.0000,98.0954,0.0000,0.0000
143.7000,0.0000,0.0000,0.0000,0.0000,0.0000,0.0000,26.4557,0.0000,17.9723,0.0000,0.0000,0.0000,0.0000,0.0000,0.0000,0.0000,0.0000,0.0000,0.0000,0.0000,0.0000,0.0000,99.6525,0.0000,0.0000
143.7500,0.0000,0.0000,0.0000,0.0000,0.0000,0.0000,26.4557,0.0000,17.6248,0.0000,0.0000,0.0000,0.0000,0.0000,0.0000,0.0000,0.0000,0.0000,0.0000,0.0000,0.0000,0.0000,100.0000,0.0000,0.0000
143.8000,0.0000,0.0000,0.0000,0.0000,0.0000,0.0000,26.4557,0.0000,17.6248,0.0000,0.0000,0.0000,0.0000,0.0000,0.0000,0.0000,0.0000,0.0000,0.0000,0.0000,0.0000,0.0000,100.0000,0.0000,0.0000
143.8500,0.0000,0.0000,0.0000,0.0000,0.0000,0.0000,26.4557,0.0000,17.6248,0.0000,0.0000,0.0000,0.0000,0.0000,0.0000,0.0000,0.0000,0.0000,0.0000,0.0000,0.0000,0.0000,100.0000,0.0000,0.0000
143.9000,0.0000,0.0000,0.0000,0.0000,0.0000,0.0000,26.4557,0.0000,17.6248,0.0000,0.0000,0.0000,0.0000,0.0000,0.0000,0.0000,0.0000,0.0000,0.0000,0.0000,0.0000,0.0000,100.0000,0.0000,0.0000
143.9500,0.0000,0.0000,0.0000,0.0000,0.0000,0.0000,26.4557,0.0000,17.6248,0.0000,0.0000,0.0000,0.0000,0.0000,0.0000,0.0000,0.0000,0.0000,0.0000,0.0000,0.0000,0.0000,100.0000,0.0000,0.0000
144.0000,0.0000,0.0000,0.0000,0.0000,0.0000,0.0000,26.4557,0.0000,17.6248,0.0000,0.0000,0.0000,0.0000,0.0000,0.0000,0.0000,0.0000,0.0000,0.0000,0.0000,0.0000,0.0000,100.0000,0.0000,0.0000
144.0500,0.0000,0.0000,0.0000,0.0000,0.0000,0.0000,26.4557,0.0000,17.6248,0.0000,0.0000,0.0000,0.0000,0.0000,0.0000,0.0000,0.0000,0.0000,0.0000,0.0000,0.0000,0.0000,99.6525,0.0000,0.0000
144.1000,0.0000,0.0000,0.0000,0.0000,0.0000,0.0000,26.4557,0.0000,17.6248,0.0000,0.0000,0.0000,0.0000,0.0000,0.0000,0.0000,0.0000,0.0000,0.0000,0.0000,0.0000,0.0000,98.0954,0.0000,0.0000
144.1500,0.0000,0.0000,0.0000,0.0000,0.0000,0.0000,26.4557,0.0000,17.6248,0.0000,0.0000,0.0000,0.0000,0.0000,0.0000,0.0000,0.0000,0.0000,0.0000,0.0000,0.0000,0.0000,95.9046,0.0000,0.0000
144.2000,0.0000,0.0000,0.0000,0.0000,0.0000,0.0000,26.4557,0.0000,17.6248,0.0000,0.0000,0.0000,0.0000,0.0000,0.0000,0.0000,0.0000,0.0000,0.0000,0.0000,0.0000,0.0000,94.3475,0.0000,0.0000
144.2500,0.0000,0.0000,0.0000,0.0000,0.0000,0.0000,26.4557,0.0000,17.6248,0.0000,0.0000,0.0000,0.0000,0.0000,0.0000,0.0000,0.0000,0.0000,0.0000,0.0000,0.0000,0.0000,94.0000,0.0000,0.0000
144.3000,0.0000,0.0000,0.0000,0.0000,0.0000,0.0000,26.4557,0.0000,17.6248,0.0000,0.0000,0.0000,0.0000,0.0000,0.0000,0.0000,0.0000,0.0000,0.0000,0.0000,0.0000,0.0000,94.0000,0.0000,0.0000
144.3500,0.0000,0.0000,0.0000,0.0000,0.0000,0.0000,26.4557,0.0000,17.6248,0.0000,0.0000,0.0000,0.0000,0.0000,0.0000,0.0000,0.0000,0.0000,0.0000,0.0000,0.0000,0.0000,94.0000,0.0000,0.0000
144.4000,0.0000,0.0000,0.0000,0.0000,0.0000,0.0000,26.4557,0.0000,17.6248,0.0000,0.0000,0.0000,0.0000,0.0000,0.0000,0.0000,0.0000,0.0000,0.0000,0.0000,0.0000,0.0000,94.0000,0.0000,0.0000
144.4500,0.0000,0.0000,0.0000,0.0000,0.0000,0.0000,26.4557,0.0000,17.6248,0.0000,0.0000,0.0000,0.0000,0.0000,0.0000,0.0000,0.0000,0.0000,0.0000,0.0000,0.0000,0.0000,94.0000,0.0000,0.0000
144.5000,0.0000,0.0000,0.0000,0.0000,0.0000,0.0000,26.4557,0.0000,17.6248,0.0000,0.0000,0.0000,0.0000,0.0000,0.0000,0.0000,0.0000,0.0000,0.0000,0.0000,0.0000,0.0000,94.0000,0.0000,0.0000
144.5500,0.0000,0.0000,0.0000,0.0000,0.0000,0.0000,25.7607,0.0000,16.6040,0.0000,0.0000,5.7920,0.0000,0.0000,0.0000,0.0000,0.0000,0.0000,0.0000,0.0000,0.0000,0.0000,93.3050,0.0000,0.0000
144.6000,0.0000,0.0000,0.0000,0.0000,0.0000,0.0000,22.6465,0.0000,12.0300,0.0000,0.0000,31.7440,0.0000,0.0000,0.0000,0.0000,0.0000,0.0000,0.0000,0.0000,0.0000,0.0000,90.1907,0.0000,0.0000
144.6500,0.0000,0.0000,0.0000,0.0000,0.0000,0.0000,18.2650,0.0000,5.5948,0.0000,0.0000,68.2560,0.0000,0.0000,0.0000,0.0000,0.0000,0.0000,0.0000,0.0000,0.0000,0.0000,85.8093,0.0000,0.0000
144.7000,0.0000,0.0000,0.0000,0.0000,0.0000,0.0000,15.1508,0.0000,1.0208,0.0000,0.0000,94.2080,0.0000,0.0000,0.0000,0.0000,0.0000,0.0000,0.0000,0.0000,0.0000,0.0000,82.6950,0.0000,0.0000
144.7500,0.0000,0.0000,0.0000,0.0000,0.0000,0.0000,14.4557,0.0000,0.0000,0.0000,0.0000,100.0000,0.0000,0.0000,0.0000,0.0000,0.0000,0.0000,0.0000,0.0000,0.0000,0.0000,82.0000,0.0000,0.0000
144.8000,0.0000,0.0000,0.0000,0.0000,0.0000,0.0000,14.4557,0.0000,0.0000,0.0000,0.0000,100.0000,0.0000,0.0000,0.0000,0.0000,0.0000,0.0000,0.0000,0.0000,0.0000,0.0000,82.0000,0.0000,0.0000
144.8500,0.0000,0.0000,0.0000,0.0000,0.0000,0.0000,14.4557,0.0000,0.0000,0.0000,0.0000,100.0000,0.0000,0.0000,0.0000,0.0000,0.0000,0.0000,0.0000,0.0000,0.0000,0.0000,82.0000,0.0000,0.0000
144.9000,0.0000,0.0000,0.0000,0.0000,0.0000,0.0000,14.4557,0.0000,0.0000,0.0000,0.0000,100.0000,0.0000,0.0000,0.0000,0.0000,0.0000,0.0000,0.0000,0.0000,0.0000,0.0000,82.0000,0.0000,0.0000
144.9500,0.0000,0.0000,0.0000,0.0000,0.0000,0.0000,14.4557,0.0000,0.0000,0.0000,0.0000,100.0000,0.0000,0.0000,0.0000,0.0000,0.0000,0.0000,0.0000,0.0000,0.0000,0.0000,82.0000,0.0000,0.0000
145.0000,0.0000,0.0000,0.0000,0.0000,0.0000,0.0000,14.4557,0.0000,0.0000,0.0000,0.0000,100.0000,0.0000,0.0000,0.0000,0.0000,0.0000,0.0000,0.0000,0.0000,0.0000,0.0000,82.0000,0.0000,0.0000
145.0500,0.0000,0.0000,0.0000,0.0000,0.0000,0.0000,13.6185,0.0000,0.0000,0.0000,0.0000,100.0000,0.0000,0.0000,0.0000,0.0000,0.0000,0.0000,5.7920,0.0000,0.0000,0.0000,81.6525,0.0000,0.0000
145.1000,0.0000,0.0000,0.0000,0.0000,0.0000,0.0000,9.8669,0.0000,0.0000,0.0000,0.0000,100.0000,0.0000,0.0000,0.0000,0.0000,0.0000,0.0000,31.7440,0.0000,0.0000,0.0000,80.0954,0.0000,0.0000
145.1500,0.0000,0.0000,0.0000,0.0000,0.0000,0.0000,4.5888,0.0000,0.0000,0.0000,0.0000,100.0000,0.0000,0.0000,0.0000,0.0000,0.0000,0.0000,68.2560,0.0000,0.0000,0.0000,77.9046,0.0000,0.0000
145.2000,0.0000,0.0000,0.0000,0.0000,0.0000,0.0000,0.8373,0.0000,0.0000,0.0000,0.0000,100.0000,0.0000,0.0000,0.0000,0.0000,0.0000,0.0000,94.2080,0.0000,0.0000,0.0000,76.3475,0.0000,0.0000
145.2500,0.0000,0.0000,0.0000,0.0000,0.0000,0.0000,0.0000,0.0000,0.0000,0.0000,0.0000,100.0000,0.0000,0.0000,0.0000,0.0000,0.0000,0.0000,100.0000,0.0000,0.0000,0.0000,76.0000,0.0000,0.0000
145.3000,0.0000,0.0000,0.0000,0.0000,0.0000,0.0000,0.0000,0.0000,0.0000,0.0000,0.0000,100.0000,0.0000,0.0000,0.0000,0.0000,0.0000,0.0000,100.0000,0.0000,0.0000,0.0000,76.0000,0.0000,0.0000
145.3500,0.0000,0.0000,0.0000,0.0000,0.0000,0.0000,0.0000,0.0000,0.0000,0.0000,0.0000,100.0000,0.0000,0.0000,0.0000,0.0000,0.0000,0.0000,100.0000,0.0000,0.0000,0.0000,76.0000,0.0000,0.0000
145.4000,0.0000,0.0000,0.0000,0.0000,0.0000,0.0000,0.0000,0.0000,0.0000,0.0000,0.0000,100.0000,0.0000,0.0000,0.0000,0.0000,0.0000,0.0000,100.0000,0.0000,0.0000,0.0000,76.0000,0.0000,0.0000
145.4500,0.0000,0.0000,0.0000,0.0000,0.0000,0.0000,0.0000,0.0000,0.0000,0.0000,0.0000,100.0000,0.0000,0.0000,0.0000,0.0000,0.0000,0.0000,100.0000,0.0000,0.0000,0.0000,76.0000,0.0000,0.0000
145.5000,0.0000,0.0000,0.0000,0.0000,0.0000,0.0000,0.0000,0.0000,0.0000,0.0000,0.0000,100.0000,0.0000,0.0000,0.0000,0.0000,0.0000,0.0000,100.0000,0.0000,0.0000,0.0000,76.0000,0.0000,0.0000
145.5500,0.0000,0.0000,0.0000,0.0000,0.0000,0.0000,0.0000,0.0000,0.0000,0.0000,0.0000,100.0000,0.0000,0.0000,0.0000,0.0000,0.0000,0.0000,100.0000,0.0000,0.0000,0.0000,75.6525,0.0000,0.0000
145.6000,0.0000,0.0000,0.0000,0.0000,0.0000,0.0000,0.0000,0.0000,0.0000,0.0000,0.0000,100.0000,0.0000,0.0000,0.0000,0.0000,0.0000,0.0000,100.0000,0.0000,0.0000,0.0000,74.0954,0.0000,0.0000
145.6500,0.0000,0.0000,0.0000,0.0000,0.0000,0.0000,0.0000,0.0000,0.0000,0.0000,0.0000,100.0000,0.0000,0.0000,0.0000,0.0000,0.0000,0.0000,100.0000,0.0000,0.0000,0.0000,71.9046,0.0000,0.0000
145.7000,0.0000,0.0000,0.0000,0.0000,0.0000,0.0000,0.0000,0.0000,0.0000,0.0000,0.0000,100.0000,0.0000,0.0000,0.0000,0.0000,0.0000,0.0000,100.0000,0.0000,0.0000,0.0000,70.3475,0.0000,0.0000
145.7500,0.0000,0.0000,0.0000,0.0000,0.0000,0.0000,0.0000,0.0000,0.0000,0.0000,0.0000,100.0000,0.0000,0.0000,0.0000,0.0000,0.0000,0.0000,100.0000,0.0000,0.0000,0.0000,70.0000,0.0000,0.0000
145.8000,0.0000,0.0000,0.0000,0.0000,0.0000,0.0000,0.0000,0.0000,0.0000,0.0000,0.0000,100.0000,0.0000,0.0000,0.0000,0.0000,0.0000,0.0000,100.0000,0.0000,0.0000,0.0000,70.0000,0.0000,0.0000
145.8500,0.0000,0.0000,0.0000,0.0000,0.0000,0.0000,0.0000,0.0000,0.0000,0.0000,0.0000,100.0000,0.0000,0.0000,0.0000,0.0000,0.0000,0.0000,100.0000,0.0000,0.0000,0.0000,70.0000,0.0000,0.0000
145.9000,0.0000,0.0000,0.0000,0.0000,0.0000,0.0000,0.0000,0.0000,0.0000,0.0000,0.0000,100.0000,0.0000,0.0000,0.0000,0.0000,0.0000,0.0000,100.0000,0.0000,0.0000,0.0000,70.0000,0.0000,0.0000
145.9500,0.0000,0.0000,0.0000,0.0000,0.0000,0.0000,0.0000,0.0000,0.0000,0.0000,0.0000,100.0000,0.0000,0.0000,0.0000,0.0000,0.0000,0.0000,100.0000,0.0000,0.0000,0.0000,70.0000,0.0000,0.0000
146.0000,0.0000,0.0000,0.0000,0.0000,0.0000,0.0000,0.0000,0.0000,0.0000,0.0000,0.0000,100.0000,0.0000,0.0000,0.0000,0.0000,0.0000,0.0000,100.0000,0.0000,0.0000,0.0000,70.0000,0.0000,0.0000
146.0500,0.0000,0.0000,0.0000,0.0000,0.0000,0.0000,0.0000,0.0000,0.0000,0.0000,0.0000,99.3050,0.0000,0.0000,0.0000,0.0000,0.0000,0.0000,99.3050,0.0000,5.7920,0.0000,65.9456,0.0000,0.0000
146.1000,0.0000,0.0000,0.0000,0.0000,0.0000,0.0000,0.0000,0.0000,0.0000,0.0000,0.0000,96.1907,0.0000,0.0000,0.0000,0.0000,0.0000,0.0000,96.1907,0.0000,31.7440,0.0000,47.7792,0.0000,0.0000
146.1500,0.0000,0.0000,0.0000,0.0000,0.0000,0.0000,0.0000,0.0000,0.0000,0.0000,0.0000,91.8093,0.0000,0.0000,0.0000,0.0000,0.0000,0.0000,91.8093,0.0000,68.2560,0.0000,22.2208,0.0000,0.0000
146.2000,0.0000,0.0000,0.0000,0.0000,0.0000,0.0000,0.0000,0.0000,0.0000,0.0000,0.0000,88.6950,0.0000,0.0000,0.0000,0.0000,0.0000,0.0000,88.6950,0.0000,94.2080,0.0000,4.0544,0.0000,0.0000
146.2500,0.0000,0.0000,0.0000,0.0000,0.0000,0.0000,0.0000,0.0000,0.0000,0.0000,0.0000,88.0000,0.0000,0.0000,0.0000,0.0000,0.0000,0.0000,88.0000,0.0000,100.0000,0.0000,0.0000,0.0000,0.0000
146.3000,0.0000,0.0000,0.0000,0.0000,0.0000,0.0000,0.0000,0.0000,0.0000,0.0000,0.0000,88.0000,0.0000,0.0000,0.0000,0.0000,0.0000,0.0000,88.0000,0.0000,100.0000,0.0000,0.0000,0.0000,0.0000
146.3500,0.0000,0.0000,0.0000,0.0000,0.0000,0.0000,0.0000,0.0000,0.0000,0.0000,0.0000,88.0000,0.0000,0.0000,0.0000,0.0000,0.0000,0.0000,88.0000,0.0000,100.0000,0.0000,0.0000,0.0000,0.0000
146.4000,0.0000,0.0000,0.0000,0.0000,0.0000,0.0000,0.0000,0.0000,0.0000,0.0000,0.0000,88.0000,0.0000,0.0000,0.0000,0.0000,0.0000,0.0000,88.0000,0.0000,100.0000,0.0000,0.0000,0.0000,0.0000
146.4500,0.0000,0.0000,0.0000,0.0000,0.0000,0.0000,0.0000,0.0000,0.0000,0.0000,0.0000,88.0000,0.0000,0.0000,0.0000,0.0000,0.0000,0.0000,88.0000,0.0000,100.0000,0.0000,0.0000,0.0000,0.0000
146.5000,0.0000,0.0000,0.0000,0.0000,0.0000,0.0000,0.0000,0.0000,0.0000,0.0000,0.0000,88.0000,0.0000,0.0000,0.0000,0.0000,0.0000,0.0000,88.0000,0.0000,100.0000,0.0000,0.0000,0.0000,0.0000
146.5500,0.0000,0.0000,0.0000,0.0000,0.0000,0.0000,0.0000,0.0000,0.0000,0.0000,0.0000,82.9030,0.0000,0.0000,0.0000,0.0000,0.0000,0.0000,87.3050,0.0000,100.0000,0.0000,0.0000,5.0970,0.0000
146.6000,0.0000,0.0000,0.0000,0.0000,0.0000,0.0000,0.0000,0.0000,0.0000,0.0000,0.0000,60.0653,0.0000,0.0000,0.0000,0.0000,0.0000,0.0000,84.1907,0.0000,100.0000,0.0000,0.0000,27.9347,0.0000
146.6500,0.0000,0.0000,0.0000,0.0000,0.0000,0.0000,0.0000,0.0000,0.0000,0.0000,0.0000,27.9347,0.0000,0.0000,0.0000,0.0000,0.0000,0.0000,79.8093,0.0000,100.0000,0.0000,0.0000,60.0653,0.0000
146.7000,0.0000,0.0000,0.0000,0.0000,0.0000,0.0000,0.0000,0.0000,0.0000,0.0000,0.0000,5.0970,0.0000,0.0000,0.0000,0.0000,0.0000,0.0000,76.6950,0.0000,100.0000,0.0000,0.0000,82.9030,0.0000
146.7500,0.0000,0.0000,0.0000,0.0000,0.0000,0.0000,0.0000,0.0000,0.0000,0.0000,0.0000,0.0000,0.0000,0.0000,0.0000,0.0000,0.0000,0.0000,76.0000,0.0000,100.0000,0.0000,0.0000,88.0000,0.0000
146.8000,0.0000,0.0000,0.0000,0.0000,0.0000,0.0000,0.0000,0.0000,0.0000,0.0000,0.0000,0.0000,0.0000,0.0000,0.0000,0.0000,0.0000,0.0000,76.0000,0.0000,100.0000,0.0000,0.0000,88.0000,0.0000
146.8500,0.0000,0.0000,0.0000,0.0000,0.0000,0.0000,0.0000,0.0000,0.0000,0.0000,0.0000,0.0000,0.0000,0.0000,0.0000,0.0000,0.0000,0.0000,76.0000,0.0000,100.0000,0.0000,0.0000,88.0000,0.0000
146.9000,0.0000,0.0000,0.0000,0.0000,0.0000,0.0000,0.0000,0.0000,0.0000,0.0000,0.0000,0.0000,0.0000,0.0000,0.0000,0.0000,0.0000,0.0000,76.0000,0.0000,100.0000,0.0000,0.0000,88.0000,0.0000
146.9500,0.0000,0.0000,0.0000,0.0000,0.0000,0.0000,0.0000,0.0000,0.0000,0.0000,0.0000,0.0000,0.0000,0.0000,0.0000,0.0000,0.0000,0.0000,76.0000,0.0000,100.0000,0.0000,0.0000,88.0000,0.0000
147.0000,0.0000,0.0000,0.0000,0.0000,0.0000,0.0000,0.0000,0.0000,0.0000,0.0000,0.0000,0.0000,0.0000,0.0000,0.0000,0.0000,0.0000,0.0000,76.0000,0.0000,100.0000,0.0000,0.0000,88.0000,0.0000
147.0500,0.0000,0.0000,0.0000,0.0000,0.0000,0.0000,0.0000,0.0000,0.0000,0.0000,0.0000,0.0000,0.0000,0.0000,2.0851,0.0000,0.0000,0.0000,71.5981,0.0000,98.4294,0.0000,0.0000,88.6950,0.0000
147.1000,0.0000,0.0000,0.0000,0.0000,0.0000,0.0000,0.0000,0.0000,0.0000,0.0000,0.0000,0.0000,0.0000,0.0000,11.4278,0.0000,0.0000,0.0000,51.8746,0.0000,91.3919,0.0000,0.0000,91.8093,0.0000
147.1500,0.0000,0.0000,0.0000,0.0000,0.0000,0.0000,0.0000,0.0000,0.0000,0.0000,0.0000,0.0000,0.0000,0.0000,24.5722,0.0000,0.0000,0.0000,24.1254,0.0000,81.4909,0.0000,0.0000,96.1907,0.0000
147.2000,0.0000,0.0000,0.0000,0.0000,0.0000,0.0000,0.0000,0.0000,0.0000,0.0000,0.0000,0.0000,0.0000,0.0000,33.9149,0.0000,0.0000,0.0000,4.4019,0.0000,74.4534,0.0000,0.0000,99.3050,0.0000
147.2500,0.0000,0.0000,0.0000,0.0000,0.0000,0.0000,0.0000,0.0000,0.0000,0.0000,0.0000,0.0000,0.0000,0.0000,36.0000,0.0000,0.0000,0.0000,0.0000,0.0000,72.8828,0.0000,0.0000,100.0000,0.0000
147.3000,0.0000,0.0000,0.0000,0.0000,0.0000,0.0000,0.0000,0.0000,0.0000,0.0000,0.0000,0.0000,0.0000,0.0000,36.0000,0.0000,0.0000,0.0000,0.0000,0.0000,72.8828,0.0000,0.0000,100.0000,0.0000
147.3500,0.0000,0.0000,0.0000,0.0000,0.0000,0.0000,0.0000,0.0000,0.0000,0.0000,0.0000,0.0000,0.0000,0.0000,36.0000,0.0000,0.0000,0.0000,0.0000,0.0000,72.8828,0.0000,0.0000,100.0000,0.0000
147.4000,0.0000,0.0000,0.0000,0.0000,0.0000,0.0000,0.0000,0.0000,0.0000,0.0000,0.0000,0.0000,0.0000,0.0000,36.0000,0.0000,0.0000,0.0000,0.0000,0.0000,72.8828,0.0000,0.0000,100.0000,0.0000
147.4500,0.0000,0.0000,0.0000,0.0000,0.0000,0.0000,0.0000,0.0000,0.0000,0.0000,0.0000,0.0000,0.0000,0.0000,36.0000,0.0000,0.0000,0.0000,0.0000,0.0000,72.8828,0.0000,0.0000,100.0000,0.0000
147.5000,0.0000,0.0000,0.0000,0.0000,0.0000,0.0000,0.0000,0.0000,0.0000,0.0000,0.0000,0.0000,0.0000,0.0000,36.0000,0.0000,0.0000,0.0000,0.0000,0.0000,72.8828,0.0000,0.0000,100.0000,0.0000
147.5500,0.0000,0.0000,0.0000,0.0000,0.0000,0.0000,0.0000,0.0000,0.0000,0.0000,0.0000,0.0000,0.0000,0.0000,39.7069,0.0000,0.0000,0.0000,0.0000,0.0000,73.5778,0.0000,0.0000,99.6525,0.0000
147.6000,0.0000,0.0000,0.0000,0.0000,0.0000,0.0000,0.0000,0.0000,0.0000,0.0000,0.0000,0.0000,0.0000,0.0000,56.3162,0.0000,0.0000,0.0000,0.0000,0.0000,76.6920,0.0000,0.0000,98.0954,0.0000
147.6500,0.0000,0.0000,0.0000,0.0000,0.0000,0.0000,0.0000,0.0000,0.0000,0.0000,0.0000,0.0000,0.0000,0.0000,79.6838,0.0000,0.0000,0.0000,0.0000,0.0000,81.0735,0.0000,0.0000,95.9046,0.0000
147.7000,0.0000,0.0000,0.0000,0.0000,0.0000,0.0000,0.0000,0.0000,0.0000,0.0000,0.0000,0.0000,0.0000,0.0000,96.2931,0.0000,0.0000,0.0000,0.0000,0.0000,84.1877,0.0000,0.0000,94.3475,0.0000
147.7500,0.0000,0.0000,0.0000,0.0000,0.0000,0.0000,0.0000,0.0000,0.0000,0.0000,0.0000,0.0000,0.0000,0.0000,100.0000,0.0000,0.0000,0.0000,0.0000,0.0000,84.8828,0.0000,0.0000,94.0000,0.0000
147.8000,0.0000,0.0000,0.0000,0.0000,0.0000,0.0000,0.0000,0.0000,0.0000,0.0000,0.0000,0.0000,0.0000,0.0000,100.0000,0.0000,0.0000,0.0000,0.0000,0.0000,84.8828,0.0000,0.0000,94.0000,0.0000
147.8500,0.0000,0.0000,0.0000,0.0000,0.0000,0.0000,0.0000,0.0000,0.0000,0.0000,0.0000,0.0000,0.0000,0.0000,100.0000,0.0000,0.0000,0.0000,0.0000,0.0000,84.8828,0.0000,0.0000,94.0000,0.0000
147.9000,0.0000,0.0000,0.0000,0.0000,0.0000,0.0000,0.0000,0.0000,0.0000,0.0000,0.0000,0.0000,0.0000,0.0000,100.0000,0.0000,0.0000,0.0000,0.0000,0.0000,84.8828,0.0000,0.0000,94.0000,0.0000
147.9500,0.0000,0.0000,0.0000,0.0000,0.0000,0.0000,0.0000,0.0000,0.0000,0.0000,0.0000,0.0000,0.0000,0.0000,100.0000,0.0000,0.0000,0.0000,0.0000,0.0000,84.8828,0.0000,0.0000,94.0000,0.0000
148.0000,0.0000,0.0000,0.0000,0.0000,0.0000,0.0000,0.0000,0.0000,0.0000,0.0000,0.0000,0.0000,0.0000,0.0000,100.0000,0.0000,0.0000,0.0000,0.0000,0.0000,84.8828,0.0000,0.0000,94.0000,0.0000
148.0500,0.0000,0.0000,0.0000,0.0000,0.0000,0.0000,0.0000,0.0000,0.0000,0.0000,0.0000,5.4445,0.0000,0.0000,100.0000,0.0000,0.0000,0.0000,0.0000,0.0000,79.9663,0.0000,0.0000,92.5615,0.0000
148.1000,0.0000,0.0000,0.0000,0.0000,0.0000,0.0000,0.0000,0.0000,0.0000,0.0000,0.0000,29.8394,0.0000,0.0000,100.0000,0.0000,0.0000,0.0000,0.0000,0.0000,57.9376,0.0000,0.0000,86.1158,0.0000
148.1500,0.0000,0.0000,0.0000,0.0000,0.0000,0.0000,0.0000,0.0000,0.0000,0.0000,0.0000,64.1606,0.0000,0.0000,100.0000,0.0000,0.0000,0.0000,0.0000,0.0000,26.9452,0.0000,0.0000,77.0474,0.0000
148.2000,0.0000,0.0000,0.0000,0.0000,0.0000,0.0000,0.0000,0.0000,0.0000,0.0000,0.0000,88.5555,0.0000,0.0000,100.0000,0.0000,0.0000,0.0000,0.0000,0.0000,4.9164,0.0000,0.0000,70.6018,0.0000
148.2500,0.0000,0.0000,0.0000,0.0000,0.0000,0.0000,0.0000,0.0000,0.0000,0.0000,0.0000,94.0000,0.0000,0.0000,100.0000,0.0000,0.0000,0.0000,0.0000,0.0000,0.0000,0.0000,0.0000,69.1633,0.0000
148.3000,0.0000,0.0000,0.0000,0.0000,0.0000,0.0000,0.0000,0.0000,0.0000,0.0000,0.0000,94.0000,0.0000,0.0000,100.0000,0.0000,0.0000,0.0000,0.0000,0.0000,0.0000,0.0000,0.0000,69.1633,0.0000
148.3500,0.0000,0.0000,0.0000,0.0000,0.0000,0.0000,0.0000,0.0000,0.0000,0.0000,0.0000,94.0000,0.0000,0.0000,100.0000,0.0000,0.0000,0.0000,0.0000,0.0000,0.0000,0.0000,0.0000,69.1633,0.0000
148.4000,0.0000,0.0000,0.0000,0.0000,0.0000,0.0000,0.0000,0.0000,0.0000,0.0000,0.0000,94.0000,0.0000,0.0000,100.0000,0.0000,0.0000,0.0000,0.0000,0.0000,0.0000,0.0000,0.0000,69.1633,0.0000
148.4500,0.0000,0.0000,0.0000,0.0000,0.0000,0.0000,0.0000,0.0000,0.0000,0.0000,0.0000,94.0000,0.0000,0.0000,100.0000,0.0000,0.0000,0.0000,0.0000,0.0000,0.0000,0.0000,0.0000,69.1633,0.0000
148.5000,0.0000,0.0000,0.0000,0.0000,0.0000,0.0000,0.0000,0.0000,0.0000,0.0000,0.0000,94.0000,0.0000,0.0000,100.0000,0.0000,0.0000,0.0000,0.0000,0.0000,0.0000,0.0000,0.0000,69.1633,0.0000
148.5500,0.0000,0.0000,0.0000,0.0000,0.0000,0.0000,0.0000,0.0000,0.0000,0.0000,0.0000,92.6099,0.0000,0.0000,100.0000,0.0000,0.0000,0.0000,0.0000,0.0000,0.0000,0.0000,0.0000,69.1633,0.0000
148.6000,0.0000,0.0000,0.0000,0.0000,0.0000,0.0000,0.0000,0.0000,0.0000,0.0000,0.0000,86.3814,0.0000,0.0000,100.0000,0.0000,0.0000,0.0000,0.0000,0.0000,0.0000,0.0000,0.0000,69.1633,0.0000
148.6500,0.0000,0.0000,0.0000,0.0000,0.0000,0.0000,0.0000,0.0000,0.0000,0.0000,0.0000,77.6186,0.0000,0.0000,100.0000,0.0000,0.0000,0.0000,0.0000,0.0000,0.0000,0.0000,0.0000,69.1633,0.0000
148.7000,0.0000,0.0000,0.0000,0.0000,0.0000,0.0000,0.0000,0.0000,0.0000,0.0000,0.0000,71.3901,0.0000,0.0000,100.0000,0.0000,0.0000,0.0000,0.0000,0.0000,0.0000,0.0000,0.0000,69.1633,0.0000
148.7500,0.0000,0.0000,0.0000,0.0000,0.0000,0.0000,0.0000,0.0000,0.0000,0.0000,0.0000,70.0000,0.0000,0.0000,100.0000,0.0000,0.0000,0.0000,0.0000,0.0000,0.0000,0.0000,0.0000,69.1633,0.0000
148.8000,0.0000,0.0000,0.0000,0.0000,0.0000,0.0000,0.0000,0.0000,0.0000,0.0000,0.0000,70.0000,0.0000,0.0000,100.0000,0.0000,0.0000,0.0000,0.0000,0.0000,0.0000,0.0000,0.0000,69.1633,0.0000
148.8500,0.0000,0.0000,0.0000,0.0000,0.0000,0.0000,0.0000,0.0000,0.0000,0.0000,0.0000,70.0000,0.0000,0.0000,100.0000,0.0000,0.0000,0.0000,0.0000,0.0000,0.0000,0.0000,0.0000,69.1633,0.0000
148.9000,0.0000,0.0000,0.0000,0.0000,0.0000,0.0000,0.0000,0.0000,0.0000,0.0000,0.0000,70.0000,0.0000,0.0000,100.0000,0.0000,0.0000,0.0000,0.0000,0.0000,0.0000,0.0000,0.0000,69.1633,0.0000
148.9500,0.0000,0.0000,0.0000,0.0000,0.0000,0.0000,0.0000,0.0000,0.0000,0.0000,0.0000,70.0000,0.0000,0.0000,100.0000,0.0000,0.0000,0.0000,0.0000,0.0000,0.0000,0.0000,0.0000,69.1633,0.0000
149.0000,0.0000,0.0000,0.0000,0.0000,0.0000,0.0000,0.0000,0.0000,0.0000,0.0000,0.0000,70.0000,0.0000,0.0000,100.0000,0.0000,0.0000,0.0000,0.0000,0.0000,0.0000,0.0000,0.0000,69.1633,0.0000
149.0500,0.0000,0.0000,0.0000,0.0000,0.0000,0.0000,0.0000,0.0000,0.0000,0.0000,0.0000,71.3901,0.0000,0.0000,100.0000,0.0000,0.0000,0.0000,0.0000,0.0000,4.7494,0.0000,0.0000,65.1573,0.0000
149.1000,0.0000,0.0000,0.0000,0.0000,0.0000,0.0000,0.0000,0.0000,0.0000,0.0000,0.0000,77.6186,0.0000,0.0000,100.0000,0.0000,0.0000,0.0000,0.0000,0.0000,26.0301,0.0000,0.0000,47.2081,0.0000
149.1500,0.0000,0.0000,0.0000,0.0000,0.0000,0.0000,0.0000,0.0000,0.0000,0.0000,0.0000,86.3814,0.0000,0.0000,100.0000,0.0000,0.0000,0.0000,0.0000,0.0000,55.9699,0.0000,0.0000,21.9552,0.0000
149.2000,0.0000,0.0000,0.0000,0.0000,0.0000,0.0000,0.0000,0.0000,0.0000,0.0000,0.0000,92.6099,0.0000,0.0000,100.0000,0.0000,0.0000,0.0000,0.0000,0.0000,77.2506,0.0000,0.0000,4.0059,0.0000
149.2500,0.0000,0.0000,0.0000,0.0000,0.0000,0.0000,0.0000,0.0000,0.0000,0.0000,0.0000,94.0000,0.0000,0.0000,100.0000,0.0000,0.0000,0.0000,0.0000,0.0000,82.0000,0.0000,0.0000,0.0000,0.0000
149.3000,0.0000,0.0000,0.0000,0.0000,0.0000,0.0000,0.0000,0.0000,0.0000,0.0000,0.0000,94.0000,0.0000,0.0000,100.0000,0.0000,0.0000,0.0000,0.0000,0.0000,82.0000,0.0000,0.0000,0.0000,0.0000
149.3500,0.0000,0.0000,0.0000,0.0000,0.0000,0.0000,0.0000,0.0000,0.0000,0.0000,0.0000,94.0000,0.0000,0.0000,100.0000,0.0000,0.0000,0.0000,0.0000,0.0000,82.0000,0.0000,0.0000,0.0000,0.0000
149.4000,0.0000,0.0000,0.0000,0.0000,0.0000,0.0000,0.0000,0.0000,0.0000,0.0000,0.0000,94.0000,0.0000,0.0000,100.0000,0.0000,0.0000,0.0000,0.0000,0.0000,82.0000,0.0000,0.0000,0.0000,0.0000
149.4500,0.0000,0.0000,0.0000,0.0000,0.0000,0.0000,0.0000,0.0000,0.0000,0.0000,0.0000,94.0000,0.0000,0.0000,100.0000,0.0000,0.0000,0.0000,0.0000,0.0000,82.0000,0.0000,0.0000,0.0000,0.0000
149.5000,0.0000,0.0000,0.0000,0.0000,0.0000,0.0000,0.0000,0.0000,0.0000,0.0000,0.0000,94.0000,0.0000,0.0000,100.0000,0.0000,0.0000,0.0000,0.0000,0.0000,82.0000,0.0000,0.0000,0.0000,0.0000
149.5500,0.0000,0.0000,0.0000,0.0000,0.0000,0.0000,0.0000,0.0000,0.0000,0.0000,0.0000,94.0000,0.0000,0.0000,100.0000,0.0000,0.0000,0.0000,0.0000,0.0000,80.9178,0.0000,0.0000,0.0000,0.0000
149.6000,0.0000,0.0000,0.0000,0.0000,0.0000,0.0000,0.0000,0.0000,0.0000,0.0000,0.0000,94.0000,0.0000,0.0000,100.0000,0.0000,0.0000,0.0000,0.0000,0.0000,76.0686,0.0000,0.0000,0.0000,0.0000
149.6500,0.0000,0.0000,0.0000,0.0000,0.0000,0.0000,0.0000,0.0000,0.0000,0.0000,0.0000,94.0000,0.0000,0.0000,100.0000,0.0000,0.0000,0.0000,0.0000,0.0000,69.2462,0.0000,0.0000,0.0000,0.0000
149.7000,0.0000,0.0000,0.0000,0.0000,0.0000,0.0000,0.0000,0.0000,0.0000,0.0000,0.0000,94.0000,0.0000,0.0000,100.0000,0.0000,0.0000,0.0000,0.0000,0.0000,64.3971,0.0000,0.0000,0.0000,0.0000
149.7500,0.0000,0.0000,0.0000,0.0000,0.0000,0.0000,0.0000,0.0000,0.0000,0.0000,0.0000,94.0000,0.0000,0.0000,100.0000,0.0000,0.0000,0.0000,0.0000,0.0000,63.3148,0.0000,0.0000,0.0000,0.0000
149.8000,0.0000,0.0000,0.0000,0.0000,0.0000,0.0000,0.0000,0.0000,0.0000,0.0000,0.0000,94.0000,0.0000,0.0000,100.0000,0.0000,0.0000,0.0000,0.0000,0.0000,63.3148,0.0000,0.0000,0.0000,0.0000
149.8500,0.0000,0.0000,0.0000,0.0000,0.0000,0.0000,0.0000,0.0000,0.0000,0.0000,0.0000,94.0000,0.0000,0.0000,100.0000,0.0000,0.0000,0.0000,0.0000,0.0000,63.3148,0.0000,0.0000,0.0000,0.0000
149.9000,0.0000,0.0000,0.0000,0.0000,0.0000,0.0000,0.0000,0.0000,0.0000,0.0000,0.0000,94.0000,0.0000,0.0000,100.0000,0.0000,0.0000,0.0000,0.0000,0.0000,63.3148,0.0000,0.0000,0.0000,0.0000
149.9500,0.0000,0.0000,0.0000,0.0000,0.0000,0.0000,0.0000,0.0000,0.0000,0.0000,0.0000,94.0000,0.0000,0.0000,100.0000,0.0000,0.0000,0.0000,0.0000,0.0000,63.3148,0.0000,0.0000,0.0000,0.0000
150.0000,0.0000,0.0000,0.0000,0.0000,0.0000,0.0000,0.0000,0.0000,0.0000,0.0000,0.0000,94.0000,0.0000,0.0000,100.0000,0.0000,0.0000,0.0000,0.0000,0.0000,63.3148,0.0000,0.0000,0.0000,0.0000
150.0500,0.0000,0.0000,0.0000,0.0000,0.0000,0.0000,0.0000,0.0000,0.0000,0.0000,0.0000,94.0000,0.0000,0.0000,100.0000,0.0000,0.0000,0.0000,0.0000,0.0000,63.3148,0.0000,0.0000,0.0000,0.0000
150.1000,0.0000,0.0000,0.0000,0.0000,0.0000,0.0000,0.0000,0.0000,0.0000,0.0000,0.0000,94.0000,0.0000,0.0000,100.0000,0.0000,0.0000,0.0000,0.0000,0.0000,63.3148,0.0000,0.0000,0.0000,0.0000
150.1500,0.0000,0.0000,0.0000,0.0000,0.0000,0.0000,0.0000,0.0000,0.0000,0.0000,0.0000,94.0000,0.0000,0.0000,100.0000,0.0000,0.0000,0.0000,0.0000,0.0000,63.3148,0.0000,0.0000,0.0000,0.0000
150.2000,0.0000,0.0000,0.0000,0.0000,0.0000,0.0000,0.0000,0.0000,0.0000,0.0000,0.0000,94.0000,0.0000,0.0000,100.0000,0.0000,0.0000,0.0000,0.0000,0.0000,63.3148,0.0000,0.0000,0.0000,0.0000
150.2500,0.0000,0.0000,0.0000,0.0000,0.0000,0.0000,0.0000,0.0000,0.0000,0.0000,0.0000,94.0000,0.0000,0.0000,100.0000,0.0000,0.0000,0.0000,0.0000,0.0000,63.3148,0.0000,0.0000,0.0000,0.0000
150.3000,0.0000,0.0000,0.0000,0.0000,0.0000,0.0000,0.0000,0.0000,0.0000,0.0000,0.0000,94.0000,0.0000,0.0000,100.0000,0.0000,0.0000,0.0000,0.0000,0.0000,63.3148,0.0000,0.0000,0.0000,0.0000
150.3500,0.0000,0.0000,0.0000,0.0000,0.0000,0.0000,0.0000,0.0000,0.0000,0.0000,0.0000,94.0000,0.0000,0.0000,100.0000,0.0000,0.0000,0.0000,0.0000,0.0000,63.3148,0.0000,0.0000,0.0000,0.0000
150.4000,0.0000,0.0000,0.0000,0.0000,0.0000,0.0000,0.0000,0.0000,0.0000,0.0000,0.0000,94.0000,0.0000,0.0000,100.0000,0.0000,0.0000,0.0000,0.0000,0.0000,63.3148,0.0000,0.0000,0.0000,0.0000
150.4500,0.0000,0.0000,0.0000,0.0000,0.0000,0.0000,0.0000,0.0000,0.0000,0.0000,0.0000,94.0000,0.0000,0.0000,100.0000,0.0000,0.0000,0.0000,0.0000,0.0000,63.3148,0.0000,0.0000,0.0000,0.0000
150.5000,0.0000,0.0000,0.0000,0.0000,0.0000,0.0000,0.0000,0.0000,0.0000,0.0000,0.0000,94.0000,0.0000,0.0000,100.0000,0.0000,0.0000,0.0000,0.0000,0.0000,63.3148,0.0000,0.0000,0.0000,0.0000
150.5500,0.0000,0.0000,0.0000,0.0000,0.0000,0.0000,0.0000,0.0000,0.0000,0.0000,0.0000,93.6525,0.0000,0.0000,100.0000,0.0000,0.0000,0.0000,0.0000,0.0000,62.6198,0.0000,0.0000,0.0000,0.0000
150.6000,0.0000,0.0000,0.0000,0.0000,0.0000,0.0000,0.0000,0.0000,0.0000,0.0000,0.0000,92.0954,0.0000,0.0000,100.0000,0.0000,0.0000,0.0000,0.0000,0.0000,59.5055,0.0000,0.0000,0.0000,0.0000
150.6500,0.0000,0.0000,0.0000,0.0000,0.0000,0.0000,0.0000,0.0000,0.0000,0.0000,0.0000,89.9046,0.0000,0.0000,100.0000,0.0000,0.0000,0.0000,0.0000,0.0000,55.1241,0.0000,0.0000,0.0000,0.0000
150.7000,0.0000,0.0000,0.0000,0.0000,0.0000,0.0000,0.0000,0.0000,0.0000,0.0000,0.0000,88.3475,0.0000,0.0000,100.0000,0.0000,0.0000,0.0000,0.0000,0.0000,52.0099,0.0000,0.0000,0.0000,0.0000
150.7500,0.0000,0.0000,0.0000,0.0000,0.0000,0.0000,0.0000,0.0000,0.0000,0.0000,0.0000,88.0000,0.0000,0.0000,100.0000,0.0000,0.0000,0.0000,0.0000,0.0000,51.3148,0.0000,0.0000,0.0000,0.0000
150.8000,0.0000,0.0000,0.0000,0.0000,0.0000,0.0000,0.0000,0.0000,0.0000,0.0000,0.0000,88.0000,0.0000,0.0000,100.0000,0.0000,0.0000,0.0000,0.0000,0.0000,51.3148,0.0000,0.0000,0.0000,0.0000
150.8500,0.0000,0.0000,0.0000,0.0000,0.0000,0.0000,0.0000,0.0000,0.0000,0.0000,0.0000,88.0000,0.0000,0.0000,100.0000,0.0000,0.0000,0.0000,0.0000,0.0000,51.3148,0.0000,0.0000,0.0000,0.0000
150.9000,0.0000,0.0000,0.0000,0.0000,0.0000,0.0000,0.0000,0.0000,0.0000,0.0000,0.0000,88.0000,0.0000,0.0000,100.0000,0.0000,0.0000,0.0000,0.0000,0.0000,51.3148,0.0000,0.0000,0.0000,0.0000
150.9500,0.0000,0.0000,0.0000,0.0000,0.0000,0.0000,0.0000,0.0000,0.0000,0.0000,0.0000,88.0000,0.0000,0.0000,100.0000,0.0000,0.0000,0.0000,0.0000,0.0000,51.3148,0.0000,0.0000,0.0000,0.0000
151.0000,0.0000,0.0000,0.0000,0.0000,0.0000,0.0000,0.0000,0.0000,0.0000,0.0000,0.0000,88.0000,0.0000,0.0000,100.0000,0.0000,0.0000,0.0000,0.0000,0.0000,51.3148,0.0000,0.0000,0.0000,0.0000
151.0500,0.0000,0.0000,0.0000,0.0000,0.0000,0.0000,0.0000,0.0000,0.0000,0.0000,0.0000,82.9030,0.0000,0.0000,100.0000,0.0000,0.0000,0.0000,0.0000,0.9939,51.4717,0.0000,0.0000,0.0000,0.0000
151.1000,0.0000,0.0000,0.0000,0.0000,0.0000,0.0000,0.0000,0.0000,0.0000,0.0000,0.0000,60.0653,0.0000,0.0000,100.0000,0.0000,0.0000,0.0000,0.0000,5.4473,52.1748,0.0000,0.0000,0.0000,0.0000
151.1500,0.0000,0.0000,0.0000,0.0000,0.0000,0.0000,0.0000,0.0000,0.0000,0.0000,0.0000,27.9347,0.0000,0.0000,100.0000,0.0000,0.0000,0.0000,0.0000,11.7128,53.1639,0.0000,0.0000,0.0000,0.0000
151.2000,0.0000,0.0000,0.0000,0.0000,0.0000,0.0000,0.0000,0.0000,0.0000,0.0000,0.0000,5.0970,0.0000,0.0000,100.0000,0.0000,0.0000,0.0000,0.0000,16.1662,53.8669,0.0000,0.0000,0.0000,0.0000
151.2500,0.0000,0.0000,0.0000,0.0000,0.0000,0.0000,0.0000,0.0000,0.0000,0.0000,0.0000,0.0000,0.0000,0.0000,100.0000,0.0000,0.0000,0.0000,0.0000,17.1602,54.0238,0.0000,0.0000,0.0000,0.0000
151.3000,0.0000,0.0000,0.0000,0.0000,0.0000,0.0000,0.0000,0.0000,0.0000,0.0000,0.0000,0.0000,0.0000,0.0000,100.0000,0.0000,0.0000,0.0000,0.0000,17.1602,54.0238,0.0000,0.0000,0.0000,0.0000
151.3500,0.0000,0.0000,0.0000,0.0000,0.0000,0.0000,0.0000,0.0000,0.0000,0.0000,0.0000,0.0000,0.0000,0.0000,100.0000,0.0000,0.0000,0.0000,0.0000,17.1602,54.0238,0.0000,0.0000,0.0000,0.0000
151.4000,0.0000,0.0000,0.0000,0.0000,0.0000,0.0000,0.0000,0.0000,0.0000,0.0000,0.0000,0.0000,0.0000,0.0000,100.0000,0.0000,0.0000,0.0000,0.0000,17.1602,54.0238,0.0000,0.0000,0.0000,0.0000
151.4500,0.0000,0.0000,0.0000,0.0000,0.0000,0.0000,0.0000,0.0000,0.0000,0.0000,0.0000,0.0000,0.0000,0.0000,100.0000,0.0000,0.0000,0.0000,0.0000,17.1602,54.0238,0.0000,0.0000,0.0000,0.0000
151.5000,0.0000,0.0000,0.0000,0.0000,0.0000,0.0000,0.0000,0.0000,0.0000,0.0000,0.0000,0.0000,0.0000,0.0000,100.0000,0.0000,0.0000,0.0000,0.0000,17.1602,54.0238,0.0000,0.0000,0.0000,0.0000
151.5500,0.0000,5.7920,0.0000,0.0000,0.0000,0.0000,0.0000,0.0000,0.0000,0.0000,0.0000,0.0000,0.0000,0.0000,100.0000,0.0000,0.0000,0.0000,0.0000,17.5077,50.8947,0.0000,0.0000,0.0000,0.0000
151.6000,0.0000,31.7440,0.0000,0.0000,0.0000,0.0000,0.0000,0.0000,0.0000,0.0000,0.0000,0.0000,0.0000,0.0000,100.0000,0.0000,0.0000,0.0000,0.0000,19.0648,36.8745,0.0000,0.0000,0.0000,0.0000
151.6500,0.0000,68.2560,0.0000,0.0000,0.0000,0.0000,0.0000,0.0000,0.0000,0.0000,0.0000,0.0000,0.0000,0.0000,100.0000,0.0000,0.0000,0.0000,0.0000,21.2555,17.1493,0.0000,0.0000,0.0000,0.0000
151.7000,0.0000,94.2080,0.0000,0.0000,0.0000,0.0000,0.0000,0.0000,0.0000,0.0000,0.0000,0.0000,0.0000,0.0000,100.0000,0.0000,0.0000,0.0000,0.0000,22.8126,3.1291,0.0000,0.0000,0.0000,0.0000
151.7500,0.0000,100.0000,0.0000,0.0000,0.0000,0.0000,0.0000,0.0000,0.0000,0.0000,0.0000,0.0000,0.0000,0.0000,100.0000,0.0000,0.0000,0.0000,0.0000,23.1602,0.0000,0.0000,0.0000,0.0000,0.0000
151.8000,0.0000,100.0000,0.0000,0.0000,0.0000,0.0000,0.0000,0.0000,0.0000,0.0000,0.0000,0.0000,0.0000,0.0000,100.0000,0.0000,0.0000,0.0000,0.0000,23.1602,0.0000,0.0000,0.0000,0.0000,0.0000
151.8500,0.0000,100.0000,0.0000,0.0000,0.0000,0.0000,0.0000,0.0000,0.0000,0.0000,0.0000,0.0000,0.0000,0.0000,100.0000,0.0000,0.0000,0.0000,0.0000,23.1602,0.0000,0.0000,0.0000,0.0000,0.0000
151.9000,0.0000,100.0000,0.0000,0.0000,0.0000,0.0000,0.0000,0.0000,0.0000,0.0000,0.0000,0.0000,0.0000,0.0000,100.0000,0.0000,0.0000,0.0000,0.0000,23.1602,0.0000,0.0000,0.0000,0.0000,0.0000
151.9500,0.0000,100.0000,0.0000,0.0000,0.0000,0.0000,0.0000,0.0000,0.0000,0.0000,0.0000,0.0000,0.0000,0.0000,100.0000,0.0000,0.0000,0.0000,0.0000,23.1602,0.0000,0.0000,0.0000,0.0000,0.0000
152.0000,0.0000,100.0000,0.0000,0.0000,0.0000,0.0000,0.0000,0.0000,0.0000,0.0000,0.0000,0.0000,0.0000,0.0000,100.0000,0.0000,0.0000,0.0000,0.0000,23.1602,0.0000,0.0000,0.0000,0.0000,0.0000
152.0500,0.0000,100.0000,0.0000,0.0000,0.0000,0.0000,0.0000,0.0000,0.0000,0.0000,0.0000,0.0000,0.0000,5.4445,94.2080,0.0000,0.0000,0.0000,0.0000,24.4580,0.0000,0.0000,0.0000,0.0000,0.0000
152.1000,0.0000,100.0000,0.0000,0.0000,0.0000,0.0000,0.0000,0.0000,0.0000,0.0000,0.0000,0.0000,0.0000,29.8394,68.2560,0.0000,0.0000,0.0000,0.0000,30.2730,0.0000,0.0000,0.0000,0.0000,0.0000
152.1500,0.0000,100.0000,0.0000,0.0000,0.0000,0.0000,0.0000,0.0000,0.0000,0.0000,0.0000,0.0000,0.0000,64.1606,31.7440,0.0000,0.0000,0.0000,0.0000,38.4541,0.0000,0.0000,0.0000,0.0000,0.0000
152.2000,0.0000,100.0000,0.0000,0.0000,0.0000,0.0000,0.0000,0.0000,0.0000,0.0000,0.0000,0.0000,0.0000,88.5555,5.7920,0.0000,0.0000,0.0000,0.0000,44.2691,0.0000,0.0000,0.0000,0.0000,0.0000
152.2500,0.0000,100.0000,0.0000,0.0000,0.0000,0.0000,0.0000,0.0000,0.0000,0.0000,0.0000,0.0000,0.0000,94.0000,0.0000,0.0000,0.0000,0.0000,0.0000,45.5669,0.0000,0.0000,0.0000,0.0000,0.0000
152.3000,0.0000,100.0000,0.0000,0.0000,0.0000,0.0000,0.0000,0.0000,0.0000,0.0000,0.0000,0.0000,0.0000,94.0000,0.0000,0.0000,0.0000,0.0000,0.0000,45.5669,0.0000,0.0000,0.0000,0.0000,0.0000
152.3500,0.0000,100.0000,0.0000,0.0000,0.0000,0.0000,0.0000,0.0000,0.0000,0.0000,0.0000,0.0000,0.0000,94.0000,0.0000,0.0000,0.0000,0.0000,0.0000,45.5669,0.0000,0.0000,0.0000,0.0000,0.0000
152.4000,0.0000,100.0000,0.0000,0.0000,0.0000,0.0000,0.0000,0.0000,0.0000,0.0000,0.0000,0.0000,0.0000,94.0000,0.0000,0.0000,0.0000,0.0000,0.0000,45.5669,0.0000,0.0000,0.0000,0.0000,0.0000
152.4500,0.0000,100.0000,0.0000,0.0000,0.0000,0.0000,0.0000,0.0000,0.0000,0.0000,0.0000,0.0000,0.0000,94.0000,0.0000,0.0000,0.0000,0.0000,0.0000,45.5669,0.0000,0.0000,0.0000,0.0000,0.0000
152.5000,0.0000,100.0000,0.0000,0.0000,0.0000,0.0000,0.0000,0.0000,0.0000,0.0000,0.0000,0.0000,0.0000,94.0000,0.0000,0.0000,0.0000,0.0000,0.0000,45.5669,0.0000,0.0000,0.0000,0.0000,0.0000
152.5500,0.0000,98.4024,0.0000,0.0000,0.0000,0.0000,0.0000,0.0000,0.0000,0.0000,0.0000,0.0000,0.0000,94.3475,0.0000,0.0000,0.0000,0.0000,0.0000,45.9145,0.0000,0.0000,0.0000,0.0000,0.0000
152.6000,0.0000,91.2442,0.0000,0.0000,0.0000,0.0000,0.0000,0.0000,0.0000,0.0000,0.0000,0.0000,0.0000,95.9046,0.0000,0.0000,0.0000,0.0000,0.0000,47.4716,0.0000,0.0000,0.0000,0.0000,0.0000
152.6500,0.0000,81.1734,0.0000,0.0000,0.0000,0.0000,0.0000,0.0000,0.0000,0.0000,0.0000,0.0000,0.0000,98.0954,0.0000,0.0000,0.0000,0.0000,0.0000,49.6623,0.0000,0.0000,0.0000,0.0000,0.0000
152.7000,0.0000,74.0152,0.0000,0.0000,0.0000,0.0000,0.0000,0.0000,0.0000,0.0000,0.0000,0.0000,0.0000,99.6525,0.0000,0.0000,0.0000,0.0000,0.0000,51.2194,0.0000,0.0000,0.0000,0.0000,0.0000
152.7500,0.0000,72.4176,0.0000,0.0000,0.0000,0.0000,0.0000,0.0000,0.0000,0.0000,0.0000,0.0000,0.0000,100.0000,0.0000,0.0000,0.0000,0.0000,0.0000,51.5669,0.0000,0.0000,0.0000,0.0000,0.0000
152.8000,0.0000,72.4176,0.0000,0.0000,0.0000,0.0000,0.0000,0.0000,0.0000,0.0000,0.0000,0.0000,0.0000,100.0000,0.0000,0.0000,0.0000,0.0000,0.0000,51.5669,0.0000,0.0000,0.0000,0.0000,0.0000
152.8500,0.0000,72.4176,0.0000,0.0000,0.0000,0.0000,0.0000,0.0000,0.0000,0.0000,0.0000,0.0000,0.0000,100.0000,0.0000,0.0000,0.0000,0.0000,0.0000,51.5669,0.0000,0.0000,0.0000,0.0000,0.0000
152.9000,0.0000,72.4176,0.0000,0.0000,0.0000,0.0000,0.0000,0.0000,0.0000,0.0000,0.0000,0.0000,0.0000,100.0000,0.0000,0.0000,0.0000,0.0000,0.0000,51.5669,0.0000,0.0000,0.0000,0.0000,0.0000
152.9500,0.0000,72.4176,0.0000,0.0000,0.0000,0.0000,0.0000,0.0000,0.0000,0.0000,0.0000,0.0000,0.0000,100.0000,0.0000,0.0000,0.0000,0.0000,0.0000,51.5669,0.0000,0.0000,0.0000,0.0000,0.0000
153.0000,0.0000,72.4176,0.0000,0.0000,0.0000,0.0000,0.0000,0.0000,0.0000,0.0000,0.0000,0.0000,0.0000,100.0000,0.0000,0.0000,0.0000,0.0000,0.0000,51.5669,0.0000,0.0000,0.0000,0.0000,0.0000
153.0500,0.0000,73.3201,0.0000,0.0000,0.0000,0.0000,0.0000,0.0000,0.0000,0.0000,0.0000,0.0000,0.0000,100.0000,0.0000,0.0000,0.0000,0.0000,1.7932,48.5802,0.0000,0.0000,0.0000,0.0000,0.0000
153.1000,0.0000,77.3641,0.0000,0.0000,0.0000,0.0000,0.0000,0.0000,0.0000,0.0000,0.0000,0.0000,0.0000,100.0000,0.0000,0.0000,0.0000,0.0000,9.8281,35.1975,0.0000,0.0000,0.0000,0.0000,0.0000
153.1500,0.0000,83.0535,0.0000,0.0000,0.0000,0.0000,0.0000,0.0000,0.0000,0.0000,0.0000,0.0000,0.0000,100.0000,0.0000,0.0000,0.0000,0.0000,21.1324,16.3694,0.0000,0.0000,0.0000,0.0000,0.0000
153.2000,0.0000,87.0975,0.0000,0.0000,0.0000,0.0000,0.0000,0.0000,0.0000,0.0000,0.0000,0.0000,0.0000,100.0000,0.0000,0.0000,0.0000,0.0000,29.1673,2.9868,0.0000,0.0000,0.0000,0.0000,0.0000
153.2500,0.0000,88.0000,0.0000,0.0000,0.0000,0.0000,0.0000,0.0000,0.0000,0.0000,0.0000,0.0000,0.0000,100.0000,0.0000,0.0000,0.0000,0.0000,30.9605,0.0000,0.0000,0.0000,0.0000,0.0000,0.0000
153.3000,0.0000,88.0000,0.0000,0.0000,0.0000,0.0000,0.0000,0.0000,0.0000,0.0000,0.0000,0.0000,0.0000,100.0000,0.0000,0.0000,0.0000,0.0000,30.9605,0.0000,0.0000,0.0000,0.0000,0.0000,0.0000
153.3500,0.0000,88.0000,0.0000,0.0000,0.0000,0.0000,0.0000,0.0000,0.0000,0.0000,0.0000,0.0000,0.0000,100.0000,0.0000,0.0000,0.0000,0.0000,30.9605,0.0000,0.0000,0.0000,0.0000,0.0000,0.0000
153.4000,0.0000,88.0000,0.0000,0.0000,0.0000,0.0000,0.0000,0.0000,0.0000,0.0000,0.0000,0.0000,0.0000,100.0000,0.0000,0.0000,0.0000,0.0000,30.9605,0.0000,0.0000,0.0000,0.0000,0.0000,0.0000
153.4500,0.0000,88.0000,0.0000,0.0000,0.0000,0.0000,0.0000,0.0000,0.0000,0.0000,0.0000,0.0000,0.0000,100.0000,0.0000,0.0000,0.0000,0.0000,30.9605,0.0000,0.0000,0.0000,0.0000,0.0000,0.0000
153.5000,0.0000,88.0000,0.0000,0.0000,0.0000,0.0000,0.0000,0.0000,0.0000,0.0000,0.0000,0.0000,0.0000,100.0000,0.0000,0.0000,0.0000,0.0000,30.9605,0.0000,0.0000,0.0000,0.0000,0.0000,0.0000
153.5500,0.0000,82.9030,0.0000,0.0000,0.0000,0.0000,5.0970,0.0000,0.0000,0.0000,0.0000,0.0000,0.0000,96.6436,0.0000,0.0000,0.0000,0.0000,33.1875,0.0000,0.0000,0.0000,0.0000,0.0000,0.0000
153.6000,0.0000,60.0653,0.0000,0.0000,0.0000,0.0000,27.9347,0.0000,0.0000,0.0000,0.0000,0.0000,0.0000,81.6048,0.0000,0.0000,0.0000,0.0000,43.1658,0.0000,0.0000,0.0000,0.0000,0.0000,0.0000
153.6500,0.0000,27.9347,0.0000,0.0000,0.0000,0.0000,60.0653,0.0000,0.0000,0.0000,0.0000,0.0000,0.0000,60.4466,0.0000,0.0000,0.0000,0.0000,57.2044,0.0000,0.0000,0.0000,0.0000,0.0000,0.0000
153.7000,0.0000,5.0970,0.0000,0.0000,0.0000,0.0000,82.9030,0.0000,0.0000,0.0000,0.0000,0.0000,0.0000,45.4078,0.0000,0.0000,0.0000,0.0000,67.1827,0.0000,0.0000,0.0000,0.0000,0.0000,0.0000
153.7500,0.0000,0.0000,0.0000,0.0000,0.0000,0.0000,88.0000,0.0000,0.0000,0.0000,0.0000,0.0000,0.0000,42.0515,0.0000,0.0000,0.0000,0.0000,69.4097,0.0000,0.0000,0.0000,0.0000,0.0000,0.0000
153.8000,0.0000,0.0000,0.0000,0.0000,0.0000,0.0000,88.0000,0.0000,0.0000,0.0000,0.0000,0.0000,0.0000,42.0515,0.0000,0.0000,0.0000,0.0000,69.4097,0.0000,0.0000,0.0000,0.0000,0.0000,0.0000
153.8500,0.0000,0.0000,0.0000,0.0000,0.0000,0.0000,88.0000,0.0000,0.0000,0.0000,0.0000,0.0000,0.0000,42.0515,0.0000,0.0000,0.0000,0.0000,69.4097,0.0000,0.0000,0.0000,0.0000,0.0000,0.0000
153.9000,0.0000,0.0000,0.0000,0.0000,0.0000,0.0000,88.0000,0.0000,0.0000,0.0000,0.0000,0.0000,0.0000,42.0515,0.0000,0.0000,0.0000,0.0000,69.4097,0.0000,0.0000,0.0000,0.0000,0.0000,0.0000
153.9500,0.0000,0.0000,0.0000,0.0000,0.0000,0.0000,88.0000,0.0000,0.0000,0.0000,0.0000,0.0000,0.0000,42.0515,0.0000,0.0000,0.0000,0.0000,69.4097,0.0000,0.0000,0.0000,0.0000,0.0000,0.0000
154.0000,0.0000,0.0000,0.0000,0.0000,0.0000,0.0000,88.0000,0.0000,0.0000,0.0000,0.0000,0.0000,0.0000,42.0515,0.0000,0.0000,0.0000,0.0000,69.4097,0.0000,0.0000,0.0000,0.0000,0.0000,0.0000
154.0500,0.0000,0.0000,0.0000,0.0000,0.0000,5.0970,87.3050,0.0000,0.0000,0.0000,0.0000,0.0000,0.0000,39.6158,0.0000,0.0000,0.0000,0.0000,69.7573,0.0000,0.0000,0.0000,0.0000,0.0000,0.0000
154.1000,0.0000,0.0000,0.0000,0.0000,0.0000,27.9347,84.1907,0.0000,0.0000,0.0000,0.0000,0.0000,0.0000,28.7026,0.0000,0.0000,0.0000,0.0000,71.3152,0.0000,0.0000,0.0000,0.0000,0.0000,0.0000
154.1500,0.0000,0.0000,0.0000,0.0000,0.0000,60.0653,79.8093,0.0000,0.0000,0.0000,0.0000,0.0000,0.0000,13.3488,0.0000,0.0000,0.0000,0.0000,73.5069,0.0000,0.0000,0.0000,0.0000,0.0000,0.0000
154.2000,0.0000,0.0000,0.0000,0.0000,0.0000,82.9030,76.6950,0.0000,0.0000,0.0000,0.0000,0.0000,0.0000,2.4356,0.0000,0.0000,0.0000,0.0000,75.0648,0.0000,0.0000,0.0000,0.0000,0.0000,0.0000
154.2500,0.0000,0.0000,0.0000,0.0000,0.0000,88.0000,76.0000,0.0000,0.0000,0.0000,0.0000,0.0000,0.0000,0.0000,0.0000,0.0000,0.0000,0.0000,75.4124,0.0000,0.0000,0.0000,0.0000,0.0000,0.0000
154.3000,0.0000,0.0000,0.0000,0.0000,0.0000,88.0000,76.0000,0.0000,0.0000,0.0000,0.0000,0.0000,0.0000,0.0000,0.0000,0.0000,0.0000,0.0000,75.4124,0.0000,0.0000,0.0000,0.0000,0.0000,0.0000
154.3500,0.0000,0.0000,0.0000,0.0000,0.0000,88.0000,76.0000,0.0000,0.0000,0.0000,0.0000,0.0000,0.0000,0.0000,0.0000,0.0000,0.0000,0.0000,75.4124,0.0000,0.0000,0.0000,0.0000,0.0000,0.0000
154.4000,0.0000,0.0000,0.0000,0.0000,0.0000,88.0000,76.0000,0.0000,0.0000,0.0000,0.0000,0.0000,0.0000,0.0000,0.0000,0.0000,0.0000,0.0000,75.4124,0.0000,0.0000,0.0000,0.0000,0.0000,0.0000
154.4500,0.0000,0.0000,0.0000,0.0000,0.0000,88.0000,76.0000,0.0000,0.0000,0.0000,0.0000,0.0000,0.0000,0.0000,0.0000,0.0000,0.0000,0.0000,75.4124,0.0000,0.0000,0.0000,0.0000,0.0000,0.0000
154.5000,0.0000,0.0000,0.0000,0.0000,0.0000,88.0000,76.0000,0.0000,0.0000,0.0000,0.0000,0.0000,0.0000,0.0000,0.0000,0.0000,0.0000,0.0000,75.4124,0.0000,0.0000,0.0000,0.0000,0.0000,0.0000
154.5500,0.0000,0.0000,0.0000,0.0000,0.0000,88.3475,76.6950,0.0000,0.0000,0.0000,0.0000,0.0000,0.0000,0.0000,0.0000,0.0000,0.0000,0.0000,73.3273,0.0000,0.0000,0.0000,0.0000,0.0000,0.0000
154.6000,0.0000,0.0000,0.0000,0.0000,0.0000,89.9046,79.8093,0.0000,0.0000,0.0000,0.0000,0.0000,0.0000,0.0000,0.0000,0.0000,0.0000,0.0000,63.9846,0.0000,0.0000,0.0000,0.0000,0.0000,0.0000
154.6500,0.0000,0.0000,0.0000,0.0000,0.0000,92.0954,84.1907,0.0000,0.0000,0.0000,0.0000,0.0000,0.0000,0.0000,0.0000,0.0000,0.0000,0.0000,50.8403,0.0000,0.0000,0.0000,0.0000,0.0000,0.0000
154.7000,0.0000,0.0000,0.0000,0.0000,0.0000,93.6525,87.3050,0.0000,0.0000,0.0000,0.0000,0.0000,0.0000,0.0000,0.0000,0.0000,0.0000,0.0000,41.4976,0.0000,0.0000,0.0000,0.0000,0.0000,0.0000
154.7500,0.0000,0.0000,0.0000,0.0000,0.0000,94.0000,88.0000,0.0000,0.0000,0.0000,0.0000,0.0000,0.0000,0.0000,0.0000,0.0000,0.0000,0.0000,39.4124,0.0000,0.0000,0.0000,0.0000,0.0000,0.0000
154.8000,0.0000,0.0000,0.0000,0.0000,0.0000,94.0000,88.0000,0.0000,0.0000,0.0000,0.0000,0.0000,0.0000,0.0000,0.0000,0.0000,0.0000,0.0000,39.4124,0.0000,0.0000,0.0000,0.0000,0.0000,0.0000
154.8500,0.0000,0.0000,0.0000,0.0000,0.0000,94.0000,88.0000,0.0000,0.0000,0.0000,0.0000,0.0000,0.0000,0.0000,0.0000,0.0000,0.0000,0.0000,39.4124,0.0000,0.0000,0.0000,0.0000,0.0000,0.0000
154.9000,0.0000,0.0000,0.0000,0.0000,0.0000,94.0000,88.0000,0.0000,0.0000,0.0000,0.0000,0.0000,0.0000,0.0000,0.0000,0.0000,0.0000,0.0000,39.4124,0.0000,0.0000,0.0000,0.0000,0.0000,0.0000
154.9500,0.0000,0.0000,0.0000,0.0000,0.0000,94.0000,88.0000,0.0000,0.0000,0.0000,0.0000,0.0000,0.0000,0.0000,0.0000,0.0000,0.0000,0.0000,39.4124,0.0000,0.0000,0.0000,0.0000,0.0000,0.0000
155.0000,0.0000,0.0000,0.0000,0.0000,0.0000,94.0000,88.0000,0.0000,0.0000,0.0000,0.0000,0.0000,0.0000,0.0000,0.0000,0.0000,0.0000,0.0000,39.4124,0.0000,0.0000,0.0000,0.0000,0.0000,0.0000
155.0500,0.0000,0.0000,0.0000,0.0000,0.0000,94.3475,87.6525,0.0000,0.0000,4.7494,0.0000,0.0000,0.0000,0.0000,0.0000,0.0000,0.0000,0.0000,37.1297,0.0000,0.0000,0.0000,0.0000,0.0000,0.0000
155.1000,0.0000,0.0000,0.0000,0.0000,0.0000,95.9046,86.0954,0.0000,0.0000,26.0301,0.0000,0.0000,0.0000,0.0000,0.0000,0.0000,0.0000,0.0000,26.9014,0.0000,0.0000,0.0000,0.0000,0.0000,0.0000
155.1500,0.0000,0.0000,0.0000,0.0000,0.0000,98.0954,83.9046,0.0000,0.0000,55.9699,0.0000,0.0000,0.0000,0.0000,0.0000,0.0000,0.0000,0.0000,12.5111,0.0000,0.0000,0.0000,0.0000,0.0000,0.0000
155.2000,0.0000,0.0000,0.0000,0.0000,0.0000,99.6525,82.3475,0.0000,0.0000,77.2506,0.0000,0.0000,0.0000,0.0000,0.0000,0.0000,0.0000,0.0000,2.2828,0.0000,0.0000,0.0000,0.0000,0.0000,0.0000
155.2500,0.0000,0.0000,0.0000,0.0000,0.0000,100.0000,82.0000,0.0000,0.0000,82.0000,0.0000,0.0000,0.0000,0.0000,0.0000,0.0000,0.0000,0.0000,0.0000,0.0000,0.0000,0.0000,0.0000,0.0000,0.0000
155.3000,0.0000,0.0000,0.0000,0.0000,0.0000,100.0000,82.0000,0.0000,0.0000,82.0000,0.0000,0.0000,0.0000,0.0000,0.0000,0.0000,0.0000,0.0000,0.0000,0.0000,0.0000,0.0000,0.0000,0.0000,0.0000
155.3500,0.0000,0.0000,0.0000,0.0000,0.0000,100.0000,82.0000,0.0000,0.0000,82.0000,0.0000,0.0000,0.0000,0.0000,0.0000,0.0000,0.0000,0.0000,0.0000,0.0000,0.0000,0.0000,0.0000,0.0000,0.0000
155.4000,0.0000,0.0000,0.0000,0.0000,0.0000,100.0000,82.0000,0.0000,0.0000,82.0000,0.0000,0.0000,0.0000,0.0000,0.0000,0.0000,0.0000,0.0000,0.0000,0.0000,0.0000,0.0000,0.0000,0.0000,0.0000
155.4500,0.0000,0.0000,0.0000,0.0000,0.0000,100.0000,82.0000,0.0000,0.0000,82.0000,0.0000,0.0000,0.0000,0.0000,0.0000,0.0000,0.0000,0.0000,0.0000,0.0000,0.0000,0.0000,0.0000,0.0000,0.0000
155.5000,0.0000,0.0000,0.0000,0.0000,0.0000,100.0000,82.0000,0.0000,0.0000,82.0000,0.0000,0.0000,0.0000,0.0000,0.0000,0.0000,0.0000,0.0000,0.0000,0.0000,0.0000,0.0000,0.0000,0.0000,0.0000
155.5500,0.0000,0.0000,0.0000,0.0000,0.0000,99.3050,77.2506,0.0000,0.0000,78.8893,0.0000,0.0000,0.0000,0.0000,0.0000,0.0000,0.0000,0.0000,0.0000,0.0000,5.4445,0.0000,0.0000,0.0000,0.0000
155.6000,0.0000,0.0000,0.0000,0.0000,0.0000,96.1907,55.9699,0.0000,0.0000,64.9511,0.0000,0.0000,0.0000,0.0000,0.0000,0.0000,0.0000,0.0000,0.0000,0.0000,29.8394,0.0000,0.0000,0.0000,0.0000
155.6500,0.0000,0.0000,0.0000,0.0000,0.0000,91.8093,26.0301,0.0000,0.0000,45.3413,0.0000,0.0000,0.0000,0.0000,0.0000,0.0000,0.0000,0.0000,0.0000,0.0000,64.1606,0.0000,0.0000,0.0000,0.0000
155.7000,0.0000,0.0000,0.0000,0.0000,0.0000,88.6950,4.7494,0.0000,0.0000,31.4031,0.0000,0.0000,0.0000,0.0000,0.0000,0.0000,0.0000,0.0000,0.0000,0.0000,88.5555,0.0000,0.0000,0.0000,0.0000
155.7500,0.0000,0.0000,0.0000,0.0000,0.0000,88.0000,0.0000,0.0000,0.0000,28.2924,0.0000,0.0000,0.0000,0.0000,0.0000,0.0000,0.0000,0.0000,0.0000,0.0000,94.0000,0.0000,0.0000,0.0000,0.0000
155.8000,0.0000,0.0000,0.0000,0.0000,0.0000,88.0000,0.0000,0.0000,0.0000,28.2924,0.0000,0.0000,0.0000,0.0000,0.0000,0.0000,0.0000,0.0000,0.0000,0.0000,94.0000,0.0000,0.0000,0.0000,0.0000
155.8500,0.0000,0.0000,0.0000,0.0000,0.0000,88.0000,0.0000,0.0000,0.0000,28.2924,0.0000,0.0000,0.0000,0.0000,0.0000,0.0000,0.0000,0.0000,0.0000,0.0000,94.0000,0.0000,0.0000,0.0000,0.0000
155.9000,0.0000,0.0000,0.0000,0.0000,0.0000,88.0000,0.0000,0.0000,0.0000,28.2924,0.0000,0.0000,0.0000,0.0000,0.0000,0.0000,0.0000,0.0000,0.0000,0.0000,94.0000,0.0000,0.0000,0.0000,0.0000
155.9500,0.0000,0.0000,0.0000,0.0000,0.0000,88.0000,0.0000,0.0000,0.0000,28.2924,0.0000,0.0000,0.0000,0.0000,0.0000,0.0000,0.0000,0.0000,0.0000,0.0000,94.0000,0.0000,0.0000,0.0000,0.0000
156.0000,0.0000,0.0000,0.0000,0.0000,0.0000,88.0000,0.0000,0.0000,0.0000,28.2924,0.0000,0.0000,0.0000,0.0000,0.0000,0.0000,0.0000,0.0000,0.0000,0.0000,94.0000,0.0000,0.0000,0.0000,0.0000
156.0500,0.0000,0.0000,0.0000,0.0000,0.0000,88.6950,0.0000,0.0000,0.0000,28.2924,0.0000,0.0000,0.0000,0.0000,0.0000,0.0000,0.0000,0.0000,0.0000,0.0000,92.6099,0.0000,0.0000,0.0000,0.0000
156.1000,0.0000,0.0000,0.0000,0.0000,0.0000,91.8093,0.0000,0.0000,0.0000,28.2924,0.0000,0.0000,0.0000,0.0000,0.0000,0.0000,0.0000,0.0000,0.0000,0.0000,86.3814,0.0000,0.0000,0.0000,0.0000
156.1500,0.0000,0.0000,0.0000,0.0000,0.0000,96.1907,0.0000,0.0000,0.0000,28.2924,0.0000,0.0000,0.0000,0.0000,0.0000,0.0000,0.0000,0.0000,0.0000,0.0000,77.6186,0.0000,0.0000,0.0000,0.0000
156.2000,0.0000,0.0000,0.0000,0.0000,0.0000,99.3050,0.0000,0.0000,0.0000,28.2924,0.0000,0.0000,0.0000,0.0000,0.0000,0.0000,0.0000,0.0000,0.0000,0.0000,71.3901,0.0000,0.0000,0.0000,0.0000
156.2500,0.0000,0.0000,0.0000,0.0000,0.0000,100.0000,0.0000,0.0000,0.0000,28.2924,0.0000,0.0000,0.0000,0.0000,0.0000,0.0000,0.0000,0.0000,0.0000,0.0000,70.0000,0.0000,0.0000,0.0000,0.0000
156.3000,0.0000,0.0000,0.0000,0.0000,0.0000,100.0000,0.0000,0.0000,0.0000,28.2924,0.0000,0.0000,0.0000,0.0000,0.0000,0.0000,0.0000,0.0000,0.0000,0.0000,70.0000,0.0000,0.0000,0.0000,0.0000
156.3500,0.0000,0.0000,0.0000,0.0000,0.0000,100.0000,0.0000,0.0000,0.0000,28.2924,0.0000,0.0000,0.0000,0.0000,0.0000,0.0000,0.0000,0.0000,0.0000,0.0000,70.0000,0.0000,0.0000,0.0000,0.0000
156.4000,0.0000,0.0000,0.0000,0.0000,0.0000,100.0000,0.0000,0.0000,0.0000,28.2924,0.0000,0.0000,0.0000,0.0000,0.0000,0.0000,0.0000,0.0000,0.0000,0.0000,70.0000,0.0000,0.0000,0.0000,0.0000
156.4500,0.0000,0.0000,0.0000,0.0000,0.0000,100.0000,0.0000,0.0000,0.0000,28.2924,0.0000,0.0000,0.0000,0.0000,0.0000,0.0000,0.0000,0.0000,0.0000,0.0000,70.0000,0.0000,0.0000,0.0000,0.0000
156.5000,0.0000,0.0000,0.0000,0.0000,0.0000,100.0000,0.0000,0.0000,0.0000,28.2924,0.0000,0.0000,0.0000,0.0000,0.0000,0.0000,0.0000,0.0000,0.0000,0.0000,70.0000,0.0000,0.0000,0.0000,0.0000
156.5500,0.0000,0.0000,0.0000,0.0000,0.0000,94.2080,0.0000,0.0000,0.0000,28.2924,0.0000,0.0000,0.0000,3.7849,0.0000,0.0000,0.0000,0.0000,0.0000,0.0000,69.1697,0.0000,0.0000,0.0000,0.0000
156.6000,0.0000,0.0000,0.0000,0.0000,0.0000,68.2560,0.0000,0.0000,0.0000,28.2924,0.0000,0.0000,0.0000,20.7436,0.0000,0.0000,0.0000,0.0000,0.0000,0.0000,65.4496,0.0000,0.0000,0.0000,0.0000
156.6500,0.0000,0.0000,0.0000,0.0000,0.0000,31.7440,0.0000,0.0000,0.0000,28.2924,0.0000,0.0000,0.0000,44.6029,0.0000,0.0000,0.0000,0.0000,0.0000,0.0000,60.2157,0.0000,0.0000,0.0000,0.0000
156.7000,0.0000,0.0000,0.0000,0.0000,0.0000,5.7920,0.0000,0.0000,0.0000,28.2924,0.0000,0.0000,0.0000,61.5616,0.0000,0.0000,0.0000,0.0000,0.0000,0.0000,56.4955,0.0000,0.0000,0.0000,0.0000
156.7500,0.0000,0.0000,0.0000,0.0000,0.0000,0.0000,0.0000,0.0000,0.0000,28.2924,0.0000,0.0000,0.0000,65.3465,0.0000,0.0000,0.0000,0.0000,0.0000,0.0000,55.6652,0.0000,0.0000,0.0000,0.0000
156.8000,0.0000,0.0000,0.0000,0.0000,0.0000,0.0000,0.0000,0.0000,0.0000,28.2924,0.0000,0.0000,0.0000,65.3465,0.0000,0.0000,0.0000,0.0000,0.0000,0.0000,55.6652,0.0000,0.0000,0.0000,0.0000
156.8500,0.0000,0.0000,0.0000,0.0000,0.0000,0.0000,0.0000,0.0000,0.0000,28.2924,0.0000,0.0000,0.0000,65.3465,0.0000,0.0000,0.0000,0.0000,0.0000,0.0000,55.6652,0.0000,0.0000,0.0000,0.0000
156.9000,0.0000,0.0000,0.0000,0.0000,0.0000,0.0000,0.0000,0.0000,0.0000,28.2924,0.0000,0.0000,0.0000,65.3465,0.0000,0.0000,0.0000,0.0000,0.0000,0.0000,55.6652,0.0000,0.0000,0.0000,0.0000
156.9500,0.0000,0.0000,0.0000,0.0000,0.0000,0.0000,0.0000,0.0000,0.0000,28.2924,0.0000,0.0000,0.0000,65.3465,0.0000,0.0000,0.0000,0.0000,0.0000,0.0000,55.6652,0.0000,0.0000,0.0000,0.0000
157.0000,0.0000,0.0000,0.0000,0.0000,0.0000,0.0000,0.0000,0.0000,0.0000,28.2924,0.0000,0.0000,0.0000,65.3465,0.0000,0.0000,0.0000,0.0000,0.0000,0.0000,55.6652,0.0000,0.0000,0.0000,0.0000
157.0500,0.0000,0.0000,0.0000,0.0000,0.0000,4.7494,0.0000,0.0000,0.0000,26.6537,0.0000,0.0000,0.0000,64.9990,0.0000,0.0000,0.0000,0.0000,0.0000,0.0000,57.8856,0.0000,0.0000,0.0000,0.0000
157.1000,0.0000,0.0000,0.0000,0.0000,0.0000,26.0301,0.0000,0.0000,0.0000,19.3113,0.0000,0.0000,0.0000,63.4418,0.0000,0.0000,0.0000,0.0000,0.0000,0.0000,67.8342,0.0000,0.0000,0.0000,0.0000
157.1500,0.0000,0.0000,0.0000,0.0000,0.0000,55.9699,0.0000,0.0000,0.0000,8.9811,0.0000,0.0000,0.0000,61.2511,0.0000,0.0000,0.0000,0.0000,0.0000,0.0000,81.8310,0.0000,0.0000,0.0000,0.0000
157.2000,0.0000,0.0000,0.0000,0.0000,0.0000,77.2506,0.0000,0.0000,0.0000,1.6387,0.0000,0.0000,0.0000,59.6940,0.0000,0.0000,0.0000,0.0000,0.0000,0.0000,91.7797,0.0000,0.0000,0.0000,0.0000
157.2500,0.0000,0.0000,0.0000,0.0000,0.0000,82.0000,0.0000,0.0000,0.0000,0.0000,0.0000,0.0000,0.0000,59.3465,0.0000,0.0000,0.0000,0.0000,0.0000,0.0000,94.0000,0.0000,0.0000,0.0000,0.0000
157.3000,0.0000,0.0000,0.0000,0.0000,0.0000,82.0000,0.0000,0.0000,0.0000,0.0000,0.0000,0.0000,0.0000,59.3465,0.0000,0.0000,0.0000,0.0000,0.0000,0.0000,94.0000,0.0000,0.0000,0.0000,0.0000
157.3500,0.0000,0.0000,0.0000,0.0000,0.0000,82.0000,0.0000,0.0000,0.0000,0.0000,0.0000,0.0000,0.0000,59.3465,0.0000,0.0000,0.0000,0.0000,0.0000,0.0000,94.0000,0.0000,0.0000,0.0000,0.0000
157.4000,0.0000,0.0000,0.0000,0.0000,0.0000,82.0000,0.0000,0.0000,0.0000,0.0000,0.0000,0.0000,0.0000,59.3465,0.0000,0.0000,0.0000,0.0000,0.0000,0.0000,94.0000,0.0000,0.0000,0.0000,0.0000
157.4500,0.0000,0.0000,0.0000,0.0000,0.0000,82.0000,0.0000,0.0000,0.0000,0.0000,0.0000,0.0000,0.0000,59.3465,0.0000,0.0000,0.0000,0.0000,0.0000,0.0000,94.0000,0.0000,0.0000,0.0000,0.0000
157.5000,0.0000,0.0000,0.0000,0.0000,0.0000,82.0000,0.0000,0.0000,0.0000,0.0000,0.0000,0.0000,0.0000,59.3465,0.0000,0.0000,0.0000,0.0000,0.0000,0.0000,94.0000,0.0000,0.0000,0.0000,0.0000
157.5500,0.0000,0.0000,0.0000,0.0000,0.0000,80.6099,0.0000,0.0000,0.0000,0.0000,0.0000,0.0000,0.0000,61.4316,0.0000,0.0000,0.0000,0.0000,0.0000,0.0000,94.3475,0.0000,0.0000,0.0000,0.0000
157.6000,0.0000,0.0000,0.0000,0.0000,0.0000,74.3814,0.0000,0.0000,0.0000,0.0000,0.0000,0.0000,0.0000,70.7743,0.0000,0.0000,0.0000,0.0000,0.0000,0.0000,95.9046,0.0000,0.0000,0.0000,0.0000
157.6500,0.0000,0.0000,0.0000,0.0000,0.0000,65.6186,0.0000,0.0000,0.0000,0.0000,0.0000,0.0000,0.0000,83.9186,0.0000,0.0000,0.0000,0.0000,0.0000,0.0000,98.0954,0.0000,0.0000,0.0000,0.0000
157.7000,0.0000,0.0000,0.0000,0.0000,0.0000,59.3901,0.0000,0.0000,0.0000,0.0000,0.0000,0.0000,0.0000,93.2614,0.0000,0.0000,0.0000,0.0000,0.0000,0.0000,99.6525,0.0000,0.0000,0.0000,0.0000
157.7500,0.0000,0.0000,0.0000,0.0000,0.0000,58.0000,0.0000,0.0000,0.0000,0.0000,0.0000,0.0000,0.0000,95.3465,0.0000,0.0000,0.0000,0.0000,0.0000,0.0000,100.0000,0.0000,0.0000,0.0000,0.0000
157.8000,0.0000,0.0000,0.0000,0.0000,0.0000,58.0000,0.0000,0.0000,0.0000,0.0000,0.0000,0.0000,0.0000,95.3465,0.0000,0.0000,0.0000,0.0000,0.0000,0.0000,100.0000,0.0000,0.0000,0.0000,0.0000
157.8500,0.0000,0.0000,0.0000,0.0000,0.0000,58.0000,0.0000,0.0000,0.0000,0.0000,0.0000,0.0000,0.0000,95.3465,0.0000,0.0000,0.0000,0.0000,0.0000,0.0000,100.0000,0.0000,0.0000,0.0000,0.0000
157.9000,0.0000,0.0000,0.0000,0.0000,0.0000,58.0000,0.0000,0.0000,0.0000,0.0000,0.0000,0.0000,0.0000,95.3465,0.0000,0.0000,0.0000,0.0000,0.0000,0.0000,100.0000,0.0000,0.0000,0.0000,0.0000
157.9500,0.0000,0.0000,0.0000,0.0000,0.0000,58.0000,0.0000,0.0000,0.0000,0.0000,0.0000,0.0000,0.0000,95.3465,0.0000,0.0000,0.0000,0.0000,0.0000,0.0000,100.0000,0.0000,0.0000,0.0000,0.0000
158.0000,0.0000,0.0000,0.0000,0.0000,0.0000,58.0000,0.0000,0.0000,0.0000,0.0000,0.0000,0.0000,0.0000,95.3465,0.0000,0.0000,0.0000,0.0000,0.0000,0.0000,100.0000,0.0000,0.0000,0.0000,0.0000
158.0500,0.0000,0.0000,0.0000,0.0000,0.0000,58.0000,0.0000,0.0000,0.0000,0.0000,0.0000,0.0000,0.0000,92.9542,0.0000,0.0000,0.0000,0.0000,0.0000,0.0000,94.2080,0.0000,0.0000,0.0000,5.0970
158.1000,0.0000,0.0000,0.0000,0.0000,0.0000,58.0000,0.0000,0.0000,0.0000,0.0000,0.0000,0.0000,0.0000,82.2351,0.0000,0.0000,0.0000,0.0000,0.0000,0.0000,68.2560,0.0000,0.0000,0.0000,27.9347
158.1500,0.0000,0.0000,0.0000,0.0000,0.0000,58.0000,0.0000,0.0000,0.0000,0.0000,0.0000,0.0000,0.0000,67.1544,0.0000,0.0000,0.0000,0.0000,0.0000,0.0000,31.7440,0.0000,0.0000,0.0000,60.0653
158.2000,0.0000,0.0000,0.0000,0.0000,0.0000,58.0000,0.0000,0.0000,0.0000,0.0000,0.0000,0.0000,0.0000,56.4353,0.0000,0.0000,0.0000,0.0000,0.0000,0.0000,5.7920,0.0000,0.0000,0.0000,82.9030
158.2500,0.0000,0.0000,0.0000,0.0000,0.0000,58.0000,0.0000,0.0000,0.0000,0.0000,0.0000,0.0000,0.0000,54.0430,0.0000,0.0000,0.0000,0.0000,0.0000,0.0000,0.0000,0.0000,0.0000,0.0000,88.0000
158.3000,0.0000,0.0000,0.0000,0.0000,0.0000,58.0000,0.0000,0.0000,0.0000,0.0000,0.0000,0.0000,0.0000,54.0430,0.0000,0.0000,0.0000,0.0000,0.0000,0.0000,0.0000,0.0000,0.0000,0.0000,88.0000
158.3500,0.0000,0.0000,0.0000,0.0000,0.0000,58.0000,0.0000,0.0000,0.0000,0.0000,0.0000,0.0000,0.0000,54.0430,0.0000,0.0000,0.0000,0.0000,0.0000,0.0000,0.0000,0.0000,0.0000,0.0000,88.0000
158.4000,0.0000,0.0000,0.0000,0.0000,0.0000,58.0000,0.0000,0.0000,0.0000,0.0000,0.0000,0.0000,0.0000,54.0430,0.0000,0.0000,0.0000,0.0000,0.0000,0.0000,0.0000,0.0000,0.0000,0.0000,88.0000
158.4500,0.0000,0.0000,0.0000,0.0000,0.0000,58.0000,0.0000,0.0000,0.0000,0.0000,0.0000,0.0000,0.0000,54.0430,0.0000,0.0000,0.0000,0.0000,0.0000,0.0000,0.0000,0.0000,0.0000,0.0000,88.0000
158.5000,0.0000,0.0000,0.0000,0.0000,0.0000,58.0000,0.0000,0.0000,0.0000,0.0000,0.0000,0.0000,0.0000,54.0430,0.0000,0.0000,0.0000,0.0000,0.0000,0.0000,0.0000,0.0000,0.0000,0.0000,88.0000
158.5500,0.0000,0.0000,0.0000,0.0000,0.0000,56.0966,0.0000,5.4445,0.0000,0.0000,0.0000,0.0000,0.0000,50.9128,0.0000,0.0000,0.0000,0.0000,0.0000,0.0000,0.0000,0.0000,0.0000,0.0000,85.4424
158.6000,0.0000,0.0000,0.0000,0.0000,0.0000,47.5680,0.0000,29.8394,0.0000,0.0000,0.0000,0.0000,0.0000,36.8876,0.0000,0.0000,0.0000,0.0000,0.0000,0.0000,0.0000,0.0000,0.0000,0.0000,73.9826
158.6500,0.0000,0.0000,0.0000,0.0000,0.0000,35.5691,0.0000,64.1606,0.0000,0.0000,0.0000,0.0000,0.0000,17.1554,0.0000,0.0000,0.0000,0.0000,0.0000,0.0000,0.0000,0.0000,0.0000,0.0000,57.8599
158.7000,0.0000,0.0000,0.0000,0.0000,0.0000,27.0405,0.0000,88.5555,0.0000,0.0000,0.0000,0.0000,0.0000,3.1302,0.0000,0.0000,0.0000,0.0000,0.0000,0.0000,0.0000,0.0000,0.0000,0.0000,46.4001
158.7500,0.0000,0.0000,0.0000,0.0000,0.0000,25.1371,0.0000,94.0000,0.0000,0.0000,0.0000,0.0000,0.0000,0.0000,0.0000,0.0000,0.0000,0.0000,0.0000,0.0000,0.0000,0.0000,0.0000,0.0000,43.8425
158.8000,0.0000,0.0000,0.0000,0.0000,0.0000,25.1371,0.0000,94.0000,0.0000,0.0000,0.0000,0.0000,0.0000,0.0000,0.0000,0.0000,0.0000,0.0000,0.0000,0.0000,0.0000,0.0000,0.0000,0.0000,43.8425
158.8500,0.0000,0.0000,0.0000,0.0000,0.0000,25.1371,0.0000,94.0000,0.0000,0.0000,0.0000,0.0000,0.0000,0.0000,0.0000,0.0000,0.0000,0.0000,0.0000,0.0000,0.0000,0.0000,0.0000,0.0000,43.8425
158.9000,0.0000,0.0000,0.0000,0.0000,0.0000,25.1371,0.0000,94.0000,0.0000,0.0000,0.0000,0.0000,0.0000,0.0000,0.0000,0.0000,0.0000,0.0000,0.0000,0.0000,0.0000,0.0000,0.0000,0.0000,43.8425
158.9500,0.0000,0.0000,0.0000,0.0000,0.0000,25.1371,0.0000,94.0000,0.0000,0.0000,0.0000,0.0000,0.0000,0.0000,0.0000,0.0000,0.0000,0.0000,0.0000,0.0000,0.0000,0.0000,0.0000,0.0000,43.8425
159.0000,0.0000,0.0000,0.0000,0.0000,0.0000,25.1371,0.0000,94.0000,0.0000,0.0000,0.0000,0.0000,0.0000,0.0000,0.0000,0.0000,0.0000,0.0000,0.0000,0.0000,0.0000,0.0000,0.0000,0.0000,43.8425
159.0500,0.0000,0.0000,0.0000,0.0000,0.0000,23.6811,5.0970,92.7008,0.0000,0.0000,0.0000,0.0000,0.0000,0.0000,0.0000,0.0000,0.0000,0.0000,0.0000,0.0000,0.0000,0.0000,0.0000,0.0000,44.1900
159.1000,0.0000,0.0000,0.0000,0.0000,0.0000,17.1576,27.9347,86.8797,0.0000,0.0000,0.0000,0.0000,0.0000,0.0000,0.0000,0.0000,0.0000,0.0000,0.0000,0.0000,0.0000,0.0000,0.0000,0.0000,45.7471
159.1500,0.0000,0.0000,0.0000,0.0000,0.0000,7.9795,60.0653,78.6900,0.0000,0.0000,0.0000,0.0000,0.0000,0.0000,0.0000,0.0000,0.0000,0.0000,0.0000,0.0000,0.0000,0.0000,0.0000,0.0000,47.9379
159.2000,0.0000,0.0000,0.0000,0.0000,0.0000,1.4559,82.9030,72.8689,0.0000,0.0000,0.0000,0.0000,0.0000,0.0000,0.0000,0.0000,0.0000,0.0000,0.0000,0.0000,0.0000,0.0000,0.0000,0.0000,49.4950
159.2500,0.0000,0.0000,0.0000,0.0000,0.0000,0.0000,88.0000,71.5697,0.0000,0.0000,0.0000,0.0000,0.0000,0.0000,0.0000,0.0000,0.0000,0.0000,0.0000,0.0000,0.0000,0.0000,0.0000,0.0000,49.8425
159.3000,0.0000,0.0000,0.0000,0.0000,0.0000,0.0000,88.0000,71.5697,0.0000,0.0000,0.0000,0.0000,0.0000,0.0000,0.0000,0.0000,0.0000,0.0000,0.0000,0.0000,0.0000,0.0000,0.0000,0.0000,49.8425
159.3500,0.0000,0.0000,0.0000,0.0000,0.0000,0.0000,88.0000,71.5697,0.0000,0.0000,0.0000,0.0000,0.0000,0.0000,0.0000,0.0000,0.0000,0.0000,0.0000,0.0000,0.0000,0.0000,0.0000,0.0000,49.8425
159.4000,0.0000,0.0000,0.0000,0.0000,0.0000,0.0000,88.0000,71.5697,0.0000,0.0000,0.0000,0.0000,0.0000,0.0000,0.0000,0.0000,0.0000,0.0000,0.0000,0.0000,0.0000,0.0000,0.0000,0.0000,49.8425
159.4500,0.0000,0.0000,0.0000,0.0000,0.0000,0.0000,88.0000,71.5697,0.0000,0.0000,0.0000,0.0000,0.0000,0.0000,0.0000,0.0000,0.0000,0.0000,0.0000,0.0000,0.0000,0.0000,0.0000,0.0000,49.8425
159.5000,0.0000,0.0000,0.0000,0.0000,0.0000,0.0000,88.0000,71.5697,0.0000,0.0000,0.0000,0.0000,0.0000,0.0000,0.0000,0.0000,0.0000,0.0000,0.0000,0.0000,0.0000,0.0000,0.0000,0.0000,49.8425
159.5500,0.0000,0.0000,0.0000,0.0000,0.0000,0.0000,87.6525,71.2222,0.0000,0.0000,0.0000,0.0000,0.0000,0.0000,0.0000,0.0000,0.0000,0.0000,0.0000,0.0000,0.0000,0.0000,0.0000,0.0000,51.6506
159.6000,0.0000,0.0000,0.0000,0.0000,0.0000,0.0000,86.0954,69.6650,0.0000,0.0000,0.0000,0.0000,0.0000,0.0000,0.0000,0.0000,0.0000,0.0000,0.0000,0.0000,0.0000,0.0000,0.0000,0.0000,59.7521
159.6500,0.0000,0.0000,0.0000,0.0000,0.0000,0.0000,83.9046,67.4743,0.0000,0.0000,0.0000,0.0000,0.0000,0.0000,0.0000,0.0000,0.0000,0.0000,0.0000,0.0000,0.0000,0.0000,0.0000,0.0000,71.1502
159.7000,0.0000,0.0000,0.0000,0.0000,0.0000,0.0000,82.3475,65.9172,0.0000,0.0000,0.0000,0.0000,0.0000,0.0000,0.0000,0.0000,0.0000,0.0000,0.0000,0.0000,0.0000,0.0000,0.0000,0.0000,79.2517
159.7500,0.0000,0.0000,0.0000,0.0000,0.0000,0.0000,82.0000,65.5697,0.0000,0.0000,0.0000,0.0000,0.0000,0.0000,0.0000,0.0000,0.0000,0.0000,0.0000,0.0000,0.0000,0.0000,0.0000,0.0000,81.0598
159.8000,0.0000,0.0000,0.0000,0.0000,0.0000,0.0000,82.0000,65.5697,0.0000,0.0000,0.0000,0.0000,0.0000,0.0000,0.0000,0.0000,0.0000,0.0000,0.0000,0.0000,0.0000,0.0000,0.0000,0.0000,81.0598
159.8500,0.0000,0.0000,0.0000,0.0000,0.0000,0.0000,82.0000,65.5697,0.0000,0.0000,0.0000,0.0000,0.0000,0.0000,0.0000,0.0000,0.0000,0.0000,0.0000,0.0000,0.0000,0.0000,0.0000,0.0000,81.0598
159.9000,0.0000,0.0000,0.0000,0.0000,0.0000,0.0000,82.0000,65.5697,0.0000,0.0000,0.0000,0.0000,0.0000,0.0000,0.0000,0.0000,0.0000,0.0000,0.0000,0.0000,0.0000,0.0000,0.0000,0.0000,81.0598
159.9500,0.0000,0.0000,0.0000,0.0000,0.0000,0.0000,82.0000,65.5697,0.0000,0.0000,0.0000,0.0000,0.0000,0.0000,0.0000,0.0000,0.0000,0.0000,0.0000,0.0000,0.0000,0.0000,0.0000,0.0000,81.0598
160.0000,0.0000,0.0000,0.0000,0.0000,0.0000,0.0000,82.0000,65.5697,0.0000,0.0000,0.0000,0.0000,0.0000,0.0000,0.0000,0.0000,0.0000,0.0000,0.0000,0.0000,0.0000,0.0000,0.0000,0.0000,81.0598
160.0500,0.0000,0.0000,0.0000,0.0000,0.0000,0.0000,82.0000,67.5639,0.0000,0.0000,0.0000,0.0000,0.0000,0.0000,0.0000,0.0000,0.0000,0.0000,0.0000,0.0000,0.0000,0.0000,0.0000,0.0000,81.0598
160.1000,0.0000,0.0000,0.0000,0.0000,0.0000,0.0000,82.0000,76.4992,0.0000,0.0000,0.0000,0.0000,0.0000,0.0000,0.0000,0.0000,0.0000,0.0000,0.0000,0.0000,0.0000,0.0000,0.0000,0.0000,81.0598
160.1500,0.0000,0.0000,0.0000,0.0000,0.0000,0.0000,82.0000,89.0704,0.0000,0.0000,0.0000,0.0000,0.0000,0.0000,0.0000,0.0000,0.0000,0.0000,0.0000,0.0000,0.0000,0.0000,0.0000,0.0000,81.0598
160.2000,0.0000,0.0000,0.0000,0.0000,0.0000,0.0000,82.0000,98.0058,0.0000,0.0000,0.0000,0.0000,0.0000,0.0000,0.0000,0.0000,0.0000,0.0000,0.0000,0.0000,0.0000,0.0000,0.0000,0.0000,81.0598
160.2500,0.0000,0.0000,0.0000,0.0000,0.0000,0.0000,82.0000,100.0000,0.0000,0.0000,0.0000,0.0000,0.0000,0.0000,0.0000,0.0000,0.0000,0.0000,0.0000,0.0000,0.0000,0.0000,0.0000,0.0000,81.0598
160.3000,0.0000,0.0000,0.0000,0.0000,0.0000,0.0000,82.0000,100.0000,0.0000,0.0000,0.0000,0.0000,0.0000,0.0000,0.0000,0.0000,0.0000,0.0000,0.0000,0.0000,0.0000,0.0000,0.0000,0.0000,81.0598
160.3500,0.0000,0.0000,0.0000,0.0000,0.0000,0.0000,82.0000,100.0000,0.0000,0.0000,0.0000,0.0000,0.0000,0.0000,0.0000,0.0000,0.0000,0.0000,0.0000,0.0000,0.0000,0.0000,0.0000,0.0000,81.0598
160.4000,0.0000,0.0000,0.0000,0.0000,0.0000,0.0000,82.0000,100.0000,0.0000,0.0000,0.0000,0.0000,0.0000,0.0000,0.0000,0.0000,0.0000,0.0000,0.0000,0.0000,0.0000,0.0000,0.0000,0.0000,81.0598
160.4500,0.0000,0.0000,0.0000,0.0000,0.0000,0.0000,82.0000,100.0000,0.0000,0.0000,0.0000,0.0000,0.0000,0.0000,0.0000,0.0000,0.0000,0.0000,0.0000,0.0000,0.0000,0.0000,0.0000,0.0000,81.0598
160.5000,0.0000,0.0000,0.0000,0.0000,0.0000,0.0000,82.0000,100.0000,0.0000,0.0000,0.0000,0.0000,0.0000,0.0000,0.0000,0.0000,0.0000,0.0000,0.0000,0.0000,0.0000,0.0000,0.0000,0.0000,81.0598
160.5500,0.0000,0.0000,5.0970,0.0000,0.0000,0.0000,79.3611,94.2080,5.7920,0.0000,0.0000,0.0000,0.0000,0.0000,0.0000,0.0000,0.0000,0.0000,0.0000,0.0000,0.0000,0.0000,0.0000,0.0000,76.3649
160.6000,0.0000,0.0000,27.9347,0.0000,0.0000,0.0000,67.5371,68.2560,31.7440,0.0000,0.0000,0.0000,0.0000,0.0000,0.0000,0.0000,0.0000,0.0000,0.0000,0.0000,0.0000,0.0000,0.0000,0.0000,55.3282
160.6500,0.0000,0.0000,60.0653,0.0000,0.0000,0.0000,50.9018,31.7440,68.2560,0.0000,0.0000,0.0000,0.0000,0.0000,0.0000,0.0000,0.0000,0.0000,0.0000,0.0000,0.0000,0.0000,0.0000,0.0000,25.7316
160.7000,0.0000,0.0000,82.9030,0.0000,0.0000,0.0000,39.0777,5.7920,94.2080,0.0000,0.0000,0.0000,0.0000,0.0000,0.0000,0.0000,0.0000,0.0000,0.0000,0.0000,0.0000,0.0000,0.0000,0.0000,4.6950
160.7500,0.0000,0.0000,88.0000,0.0000,0.0000,0.0000,36.4388,0.0000,100.0000,0.0000,0.0000,0.0000,0.0000,0.0000,0.0000,0.0000,0.0000,0.0000,0.0000,0.0000,0.0000,0.0000,0.0000,0.0000,0.0000
160.8000,0.0000,0.0000,88.0000,0.0000,0.0000,0.0000,36.4388,0.0000,100.0000,0.0000,0.0000,0.0000,0.0000,0.0000,0.0000,0.0000,0.0000,0.0000,0.0000,0.0000,0.0000,0.0000,0.0000,0.0000,0.0000
160.8500,0.0000,0.0000,88.0000,0.0000,0.0000,0.0000,36.4388,0.0000,100.0000,0.0000,0.0000,0.0000,0.0000,0.0000,0.0000,0.0000,0.0000,0.0000,0.0000,0.0000,0.0000,0.0000,0.0000,0.0000,0.0000
160.9000,0.0000,0.0000,88.0000,0.0000,0.0000,0.0000,36.4388,0.0000,100.0000,0.0000,0.0000,0.0000,0.0000,0.0000,0.0000,0.0000,0.0000,0.0000,0.0000,0.0000,0.0000,0.0000,0.0000,0.0000,0.0000
160.9500,0.0000,0.0000,88.0000,0.0000,0.0000,0.0000,36.4388,0.0000,100.0000,0.0000,0.0000,0.0000,0.0000,0.0000,0.0000,0.0000,0.0000,0.0000,0.0000,0.0000,0.0000,0.0000,0.0000,0.0000,0.0000
161.0000,0.0000,0.0000,88.0000,0.0000,0.0000,0.0000,36.4388,0.0000,100.0000,0.0000,0.0000,0.0000,0.0000,0.0000,0.0000,0.0000,0.0000,0.0000,0.0000,0.0000,0.0000,0.0000,0.0000,0.0000,0.0000
161.0500,0.0000,0.0000,88.3475,0.0000,0.0000,0.0000,34.3283,0.0000,98.9574,5.0970,0.0000,0.0000,0.0000,0.0000,0.0000,0.0000,0.0000,0.0000,0.0000,0.0000,0.0000,0.0000,0.0000,0.0000,0.0000
161.1000,0.0000,0.0000,89.9046,0.0000,0.0000,0.0000,24.8717,0.0000,94.2861,27.9347,0.0000,0.0000,0.0000,0.0000,0.0000,0.0000,0.0000,0.0000,0.0000,0.0000,0.0000,0.0000,0.0000,0.0000,0.0000
161.1500,0.0000,0.0000,92.0954,0.0000,0.0000,0.0000,11.5671,0.0000,87.7139,60.0653,0.0000,0.0000,0.0000,0.0000,0.0000,0.0000,0.0000,0.0000,0.0000,0.0000,0.0000,0.0000,0.0000,0.0000,0.0000
161.2000,0.0000,0.0000,93.6525,0.0000,0.0000,0.0000,2.1105,0.0000,83.0426,82.9030,0.0000,0.0000,0.0000,0.0000,0.0000,0.0000,0.0000,0.0000,0.0000,0.0000,0.0000,0.0000,0.0000,0.0000,0.0000
161.2500,0.0000,0.0000,94.0000,0.0000,0.0000,0.0000,0.0000,0.0000,82.0000,88.0000,0.0000,0.0000,0.0000,0.0000,0.0000,0.0000,0.0000,0.0000,0.0000,0.0000,0.0000,0.0000,0.0000,0.0000,0.0000
161.3000,0.0000,0.0000,94.0000,0.0000,0.0000,0.0000,0.0000,0.0000,82.0000,88.0000,0.0000,0.0000,0.0000,0.0000,0.0000,0.0000,0.0000,0.0000,0.0000,0.0000,0.0000,0.0000,0.0000,0.0000,0.0000
161.3500,0.0000,0.0000,94.0000,0.0000,0.0000,0.0000,0.0000,0.0000,82.0000,88.0000,0.0000,0.0000,0.0000,0.0000,0.0000,0.0000,0.0000,0.0000,0.0000,0.0000,0.0000,0.0000,0.0000,0.0000,0.0000
161.4000,0.0000,0.0000,94.0000,0.0000,0.0000,0.0000,0.0000,0.0000,82.0000,88.0000,0.0000,0.0000,0.0000,0.0000,0.0000,0.0000,0.0000,0.0000,0.0000,0.0000,0.0000,0.0000,0.0000,0.0000,0.0000
161.4500,0.0000,0.0000,94.0000,0.0000,0.0000,0.0000,0.0000,0.0000,82.0000,88.0000,0.0000,0.0000,0.0000,0.0000,0.0000,0.0000,0.0000,0.0000,0.0000,0.0000,0.0000,0.0000,0.0000,0.0000,0.0000
161.5000,0.0000,0.0000,94.0000,0.0000,0.0000,0.0000,0.0000,0.0000,82.0000,88.0000,0.0000,0.0000,0.0000,0.0000,0.0000,0.0000,0.0000,0.0000,0.0000,0.0000,0.0000,0.0000,0.0000,0.0000,0.0000
161.5500,0.0000,0.0000,93.8262,0.0000,0.0000,0.0000,0.0000,0.0000,82.0000,88.0000,0.0000,0.0000,0.0000,0.0000,0.0000,0.0000,0.0000,0.0000,0.0000,0.0000,0.0000,0.0000,0.0000,0.0000,0.0000
161.6000,0.0000,0.0000,93.0477,0.0000,0.0000,0.0000,0.0000,0.0000,82.0000,88.0000,0.0000,0.0000,0.0000,0.0000,0.0000,0.0000,0.0000,0.0000,0.0000,0.0000,0.0000,0.0000,0.0000,0.0000,0.0000
161.6500,0.0000,0.0000,91.9523,0.0000,0.0000,0.0000,0.0000,0.0000,82.0000,88.0000,0.0000,0.0000,0.0000,0.0000,0.0000,0.0000,0.0000,0.0000,0.0000,0.0000,0.0000,0.0000,0.0000,0.0000,0.0000
161.7000,0.0000,0.0000,91.1738,0.0000,0.0000,0.0000,0.0000,0.0000,82.0000,88.0000,0.0000,0.0000,0.0000,0.0000,0.0000,0.0000,0.0000,0.0000,0.0000,0.0000,0.0000,0.0000,0.0000,0.0000,0.0000
161.7500,0.0000,0.0000,91.0000,0.0000,0.0000,0.0000,0.0000,0.0000,82.0000,88.0000,0.0000,0.0000,0.0000,0.0000,0.0000,0.0000,0.0000,0.0000,0.0000,0.0000,0.0000,0.0000,0.0000,0.0000,0.0000
161.8000,0.0000,0.0000,91.0000,0.0000,0.0000,0.0000,0.0000,0.0000,82.0000,88.0000,0.0000,0.0000,0.0000,0.0000,0.0000,0.0000,0.0000,0.0000,0.0000,0.0000,0.0000,0.0000,0.0000,0.0000,0.0000
161.8500,0.0000,0.0000,91.0000,0.0000,0.0000,0.0000,0.0000,0.0000,82.0000,88.0000,0.0000,0.0000,0.0000,0.0000,0.0000,0.0000,0.0000,0.0000,0.0000,0.0000,0.0000,0.0000,0.0000,0.0000,0.0000
161.9000,0.0000,0.0000,91.0000,0.0000,0.0000,0.0000,0.0000,0.0000,82.0000,88.0000,0.0000,0.0000,0.0000,0.0000,0.0000,0.0000,0.0000,0.0000,0.0000,0.0000,0.0000,0.0000,0.0000,0.0000,0.0000
161.9500,0.0000,0.0000,91.0000,0.0000,0.0000,0.0000,0.0000,0.0000,82.0000,88.0000,0.0000,0.0000,0.0000,0.0000,0.0000,0.0000,0.0000,0.0000,0.0000,0.0000,0.0000,0.0000,0.0000,0.0000,0.0000
162.0000,0.0000,0.0000,91.0000,0.0000,0.0000,0.0000,0.0000,0.0000,82.0000,88.0000,0.0000,0.0000,0.0000,0.0000,0.0000,0.0000,0.0000,0.0000,0.0000,0.0000,0.0000,0.0000,0.0000,0.0000,0.0000
162.0500,0.0000,0.0000,91.5213,0.0000,0.0000,0.0000,0.0000,0.0000,82.0000,87.6525,0.0000,0.0000,0.0000,0.0000,0.0000,0.0000,0.0000,0.0000,0.0000,0.0000,0.0000,0.0000,0.0000,0.0000,0.0000
162.1000,0.0000,0.0000,93.8570,0.0000,0.0000,0.0000,0.0000,0.0000,82.0000,86.0954,0.0000,0.0000,0.0000,0.0000,0.0000,0.0000,0.0000,0.0000,0.0000,0.0000,0.0000,0.0000,0.0000,0.0000,0.0000
162.1500,0.0000,0.0000,97.1430,0.0000,0.0000,0.0000,0.0000,0.0000,82.0000,83.9046,0.0000,0.0000,0.0000,0.0000,0.0000,0.0000,0.0000,0.0000,0.0000,0.0000,0.0000,0.0000,0.0000,0.0000,0.0000
162.2000,0.0000,0.0000,99.4787,0.0000,0.0000,0.0000,0.0000,0.0000,82.0000,82.3475,0.0000,0.0000,0.0000,0.0000,0.0000,0.0000,0.0000,0.0000,0.0000,0.0000,0.0000,0.0000,0.0000,0.0000,0.0000
162.2500,0.0000,0.0000,100.0000,0.0000,0.0000,0.0000,0.0000,0.0000,82.0000,82.0000,0.0000,0.0000,0.0000,0.0000,0.0000,0.0000,0.0000,0.0000,0.0000,0.0000,0.0000,0.0000,0.0000,0.0000,0.0000
162.3000,0.0000,0.0000,100.0000,0.0000,0.0000,0.0000,0.0000,0.0000,82.0000,82.0000,0.0000,0.0000,0.0000,0.0000,0.0000,0.0000,0.0000,0.0000,0.0000,0.0000,0.0000,0.0000,0.0000,0.0000,0.0000
162.3500,0.0000,0.0000,100.0000,0.0000,0.0000,0.0000,0.0000,0.0000,82.0000,82.0000,0.0000,0.0000,0.0000,0.0000,0.0000,0.0000,0.0000,0.0000,0.0000,0.0000,0.0000,0.0000,0.0000,0.0000,0.0000
162.4000,0.0000,0.0000,100.0000,0.0000,0.0000,0.0000,0.0000,0.0000,82.0000,82.0000,0.0000,0.0000,0.0000,0.0000,0.0000,0.0000,0.0000,0.0000,0.0000,0.0000,0.0000,0.0000,0.0000,0.0000,0.0000
162.4500,0.0000,0.0000,100.0000,0.0000,0.0000,0.0000,0.0000,0.0000,82.0000,82.0000,0.0000,0.0000,0.0000,0.0000,0.0000,0.0000,0.0000,0.0000,0.0000,0.0000,0.0000,0.0000,0.0000,0.0000,0.0000
162.5000,0.0000,0.0000,100.0000,0.0000,0.0000,0.0000,0.0000,0.0000,82.0000,82.0000,0.0000,0.0000,0.0000,0.0000,0.0000,0.0000,0.0000,0.0000,0.0000,0.0000,0.0000,0.0000,0.0000,0.0000,0.0000
162.5500,0.0000,0.0000,94.2080,4.1275,0.0000,0.0000,0.0000,0.0000,77.2506,83.0426,3.1652,0.0000,0.0000,0.0000,0.0000,0.0000,0.0000,0.0000,0.0000,0.0000,0.0000,0.0000,0.0000,0.0000,0.0000
162.6000,0.0000,0.0000,68.2560,22.6214,0.0000,0.0000,0.0000,0.0000,55.9699,87.7139,17.3474,0.0000,0.0000,0.0000,0.0000,0.0000,0.0000,0.0000,0.0000,0.0000,0.0000,0.0000,0.0000,0.0000,0.0000
162.6500,0.0000,0.0000,31.7440,48.6406,0.0000,0.0000,0.0000,0.0000,26.0301,94.2861,37.3003,0.0000,0.0000,0.0000,0.0000,0.0000,0.0000,0.0000,0.0000,0.0000,0.0000,0.0000,0.0000,0.0000,0.0000
162.7000,0.0000,0.0000,5.7920,67.1345,0.0000,0.0000,0.0000,0.0000,4.7494,98.9574,51.4825,0.0000,0.0000,0.0000,0.0000,0.0000,0.0000,0.0000,0.0000,0.0000,0.0000,0.0000,0.0000,0.0000,0.0000
162.7500,0.0000,0.0000,0.0000,71.2619,0.0000,0.0000,0.0000,0.0000,0.0000,100.0000,54.6477,0.0000,0.0000,0.0000,0.0000,0.0000,0.0000,0.0000,0.0000,0.0000,0.0000,0.0000,0.0000,0.0000,0.0000
162.8000,0.0000,0.0000,0.0000,71.2619,0.0000,0.0000,0.0000,0.0000,0.0000,100.0000,54.6477,0.0000,0.0000,0.0000,0.0000,0.0000,0.0000,0.0000,0.0000,0.0000,0.0000,0.0000,0.0000,0.0000,0.0000
162.8500,0.0000,0.0000,0.0000,71.2619,0.0000,0.0000,0.0000,0.0000,0.0000,100.0000,54.6477,0.0000,0.0000,0.0000,0.0000,0.0000,0.0000,0.0000,0.0000,0.0000,0.0000,0.0000,0.0000,0.0000,0.0000
162.9000,0.0000,0.0000,0.0000,71.2619,0.0000,0.0000,0.0000,0.0000,0.0000,100.0000,54.6477,0.0000,0.0000,0.0000,0.0000,0.0000,0.0000,0.0000,0.0000,0.0000,0.0000,0.0000,0.0000,0.0000,0.0000
162.9500,0.0000,0.0000,0.0000,71.2619,0.0000,0.0000,0.0000,0.0000,0.0000,100.0000,54.6477,0.0000,0.0000,0.0000,0.0000,0.0000,0.0000,0.0000,0.0000,0.0000,0.0000,0.0000,0.0000,0.0000,0.0000
163.0000,0.0000,0.0000,0.0000,71.2619,0.0000,0.0000,0.0000,0.0000,0.0000,100.0000,54.6477,0.0000,0.0000,0.0000,0.0000,0.0000,0.0000,0.0000,0.0000,0.0000,0.0000,0.0000,0.0000,0.0000,0.0000
163.0500,0.0000,0.0000,0.0000,71.6095,0.0000,0.0000,0.0000,0.0000,0.0000,94.2080,54.3002,0.0000,0.0000,0.0000,0.0000,0.0000,0.0000,0.0000,0.0000,0.0000,0.0000,0.0000,5.7920,0.0000,0.0000
163.1000,0.0000,0.0000,0.0000,73.1666,0.0000,0.0000,0.0000,0.0000,0.0000,68.2560,52.7431,0.0000,0.0000,0.0000,0.0000,0.0000,0.0000,0.0000,0.0000,0.0000,0.0000,0.0000,31.7440,0.0000,0.0000
163.1500,0.0000,0.0000,0.0000,75.3573,0.0000,0.0000,0.0000,0.0000,0.0000,31.7440,50.5524,0.0000,0.0000,0.0000,0.0000,0.0000,0.0000,0.0000,0.0000,0.0000,0.0000,0.0000,68.2560,0.0000,0.0000
163.2000,0.0000,0.0000,0.0000,76.9144,0.0000,0.0000,0.0000,0.0000,0.0000,5.7920,48.9952,0.0000,0.0000,0.0000,0.0000,0.0000,0.0000,0.0000,0.0000,0.0000,0.0000,0.0000,94.2080,0.0000,0.0000
163.2500,0.0000,0.0000,0.0000,77.2619,0.0000,0.0000,0.0000,0.0000,0.0000,0.0000,48.6477,0.0000,0.0000,0.0000,0.0000,0.0000,0.0000,0.0000,0.0000,0.0000,0.0000,0.0000,100.0000,0.0000,0.0000
163.3000,0.0000,0.0000,0.0000,77.2619,0.0000,0.0000,0.0000,0.0000,0.0000,0.0000,48.6477,0.0000,0.0000,0.0000,0.0000,0.0000,0.0000,0.0000,0.0000,0.0000,0.0000,0.0000,100.0000,0.0000,0.0000
163.3500,0.0000,0.0000,0.0000,77.2619,0.0000,0.0000,0.0000,0.0000,0.0000,0.0000,48.6477,0.0000,0.0000,0.0000,0.0000,0.0000,0.0000,0.0000,0.0000,0.0000,0.0000,0.0000,100.0000,0.0000,0.0000
163.4000,0.0000,0.0000,0.0000,77.2619,0.0000,0.0000,0.0000,0.0000,0.0000,0.0000,48.6477,0.0000,0.0000,0.0000,0.0000,0.0000,0.0000,0.0000,0.0000,0.0000,0.0000,0.0000,100.0000,0.0000,0.0000
163.4500,0.0000,0.0000,0.0000,77.2619,0.0000,0.0000,0.0000,0.0000,0.0000,0.0000,48.6477,0.0000,0.0000,0.0000,0.0000,0.0000,0.0000,0.0000,0.0000,0.0000,0.0000,0.0000,100.0000,0.0000,0.0000
163.5000,0.0000,0.0000,0.0000,77.2619,0.0000,0.0000,0.0000,0.0000,0.0000,0.0000,48.6477,0.0000,0.0000,0.0000,0.0000,0.0000,0.0000,0.0000,0.0000,0.0000,0.0000,0.0000,100.0000,0.0000,0.0000
163.5500,0.0000,0.0000,0.0000,76.5669,0.0000,0.0000,0.0000,0.0000,0.0000,0.0000,48.6477,0.0000,0.0000,0.0000,0.0000,0.0000,0.0000,0.0000,0.0000,0.0000,0.0000,0.0000,97.0357,0.0000,0.0000
163.6000,0.0000,0.0000,0.0000,73.4527,0.0000,0.0000,0.0000,0.0000,0.0000,0.0000,48.6477,0.0000,0.0000,0.0000,0.0000,0.0000,0.0000,0.0000,0.0000,0.0000,0.0000,0.0000,83.7536,0.0000,0.0000
163.6500,0.0000,0.0000,0.0000,69.0712,0.0000,0.0000,0.0000,0.0000,0.0000,0.0000,48.6477,0.0000,0.0000,0.0000,0.0000,0.0000,0.0000,0.0000,0.0000,0.0000,0.0000,0.0000,65.0669,0.0000,0.0000
163.7000,0.0000,0.0000,0.0000,65.9570,0.0000,0.0000,0.0000,0.0000,0.0000,0.0000,48.6477,0.0000,0.0000,0.0000,0.0000,0.0000,0.0000,0.0000,0.0000,0.0000,0.0000,0.0000,51.7848,0.0000,0.0000
163.7500,0.0000,0.0000,0.0000,65.2619,0.0000,0.0000,0.0000,0.0000,0.0000,0.0000,48.6477,0.0000,0.0000,0.0000,0.0000,0.0000,0.0000,0.0000,0.0000,0.0000,0.0000,0.0000,48.8205,0.0000,0.0000
163.8000,0.0000,0.0000,0.0000,65.2619,0.0000,0.0000,0.0000,0.0000,0.0000,0.0000,48.6477,0.0000,0.0000,0.0000,0.0000,0.0000,0.0000,0.0000,0.0000,0.0000,0.0000,0.0000,48.8205,0.0000,0.0000
163.8500,0.0000,0.0000,0.0000,65.2619,0.0000,0.0000,0.0000,0.0000,0.0000,0.0000,48.6477,0.0000,0.0000,0.0000,0.0000,0.0000,0.0000,0.0000,0.0000,0.0000,0.0000,0.0000,48.8205,0.0000,0.0000
163.9000,0.0000,0.0000,0.0000,65.2619,0.0000,0.0000,0.0000,0.0000,0.0000,0.0000,48.6477,0.0000,0.0000,0.0000,0.0000,0.0000,0.0000,0.0000,0.0000,0.0000,0.0000,0.0000,48.8205,0.0000,0.0000
163.9500,0.0000,0.0000,0.0000,65.2619,0.0000,0.0000,0.0000,0.0000,0.0000,0.0000,48.6477,0.0000,0.0000,0.0000,0.0000,0.0000,0.0000,0.0000,0.0000,0.0000,0.0000,0.0000,48.8205,0.0000,0.0000
164.0000,0.0000,0.0000,0.0000,65.2619,0.0000,0.0000,0.0000,0.0000,0.0000,0.0000,48.6477,0.0000,0.0000,0.0000,0.0000,0.0000,0.0000,0.0000,0.0000,0.0000,0.0000,0.0000,48.8205,0.0000,0.0000
164.0500,0.0000,0.0000,0.0000,64.2194,0.0000,0.0000,0.0000,0.0000,0.0000,0.0000,49.6139,0.0000,0.0000,0.0000,0.0000,0.0000,0.0000,0.0000,0.0000,0.0000,0.0000,0.0000,51.7848,0.0000,0.0000
164.1000,0.0000,0.0000,0.0000,59.5480,0.0000,0.0000,0.0000,0.0000,0.0000,0.0000,53.9430,0.0000,0.0000,0.0000,0.0000,0.0000,0.0000,0.0000,0.0000,0.0000,0.0000,0.0000,65.0669,0.0000,0.0000
164.1500,0.0000,0.0000,0.0000,52.9759,0.0000,0.0000,0.0000,0.0000,0.0000,0.0000,60.0336,0.0000,0.0000,0.0000,0.0000,0.0000,0.0000,0.0000,0.0000,0.0000,0.0000,0.0000,83.7536,0.0000,0.0000
164.2000,0.0000,0.0000,0.0000,48.3045,0.0000,0.0000,0.0000,0.0000,0.0000,0.0000,64.3626,0.0000,0.0000,0.0000,0.0000,0.0000,0.0000,0.0000,0.0000,0.0000,0.0000,0.0000,97.0357,0.0000,0.0000
164.2500,0.0000,0.0000,0.0000,47.2619,0.0000,0.0000,0.0000,0.0000,0.0000,0.0000,65.3288,0.0000,0.0000,0.0000,0.0000,0.0000,0.0000,0.0000,0.0000,0.0000,0.0000,0.0000,100.0000,0.0000,0.0000
164.3000,0.0000,0.0000,0.0000,47.2619,0.0000,0.0000,0.0000,0.0000,0.0000,0.0000,65.3288,0.0000,0.0000,0.0000,0.0000,0.0000,0.0000,0.0000,0.0000,0.0000,0.0000,0.0000,100.0000,0.0000,0.0000
164.3500,0.0000,0.0000,0.0000,47.2619,0.0000,0.0000,0.0000,0.0000,0.0000,0.0000,65.3288,0.0000,0.0000,0.0000,0.0000,0.0000,0.0000,0.0000,0.0000,0.0000,0.0000,0.0000,100.0000,0.0000,0.0000
164.4000,0.0000,0.0000,0.0000,47.2619,0.0000,0.0000,0.0000,0.0000,0.0000,0.0000,65.3288,0.0000,0.0000,0.0000,0.0000,0.0000,0.0000,0.0000,0.0000,0.0000,0.0000,0.0000,100.0000,0.0000,0.0000
164.4500,0.0000,0.0000,0.0000,47.2619,0.0000,0.0000,0.0000,0.0000,0.0000,0.0000,65.3288,0.0000,0.0000,0.0000,0.0000,0.0000,0.0000,0.0000,0.0000,0.0000,0.0000,0.0000,100.0000,0.0000,0.0000
164.5000,0.0000,0.0000,0.0000,47.2619,0.0000,0.0000,0.0000,0.0000,0.0000,0.0000,65.3288,0.0000,0.0000,0.0000,0.0000,0.0000,0.0000,0.0000,0.0000,0.0000,0.0000,0.0000,100.0000,0.0000,0.0000
164.5500,0.0000,0.0000,0.0000,44.5245,5.0970,0.0000,5.7920,0.0000,0.0000,0.0000,61.5450,0.0000,0.0000,0.0000,0.0000,0.0000,0.0000,0.0000,0.0000,0.0000,0.0000,0.0000,100.0000,0.0000,0.0000
164.6000,0.0000,0.0000,0.0000,32.2591,27.9347,0.0000,31.7440,0.0000,0.0000,0.0000,44.5908,0.0000,0.0000,0.0000,0.0000,0.0000,0.0000,0.0000,0.0000,0.0000,0.0000,0.0000,100.0000,0.0000,0.0000
164.6500,0.0000,0.0000,0.0000,15.0028,60.0653,0.0000,68.2560,0.0000,0.0000,0.0000,20.7380,0.0000,0.0000,0.0000,0.0000,0.0000,0.0000,0.0000,0.0000,0.0000,0.0000,0.0000,100.0000,0.0000,0.0000
164.7000,0.0000,0.0000,0.0000,2.7374,82.9030,0.0000,94.2080,0.0000,0.0000,0.0000,3.7838,0.0000,0.0000,0.0000,0.0000,0.0000,0.0000,0.0000,0.0000,0.0000,0.0000,0.0000,100.0000,0.0000,0.0000
164.7500,0.0000,0.0000,0.0000,0.0000,88.0000,0.0000,100.0000,0.0000,0.0000,0.0000,0.0000,0.0000,0.0000,0.0000,0.0000,0.0000,0.0000,0.0000,0.0000,0.0000,0.0000,0.0000,100.0000,0.0000,0.0000
164.8000,0.0000,0.0000,0.0000,0.0000,88.0000,0.0000,100.0000,0.0000,0.0000,0.0000,0.0000,0.0000,0.0000,0.0000,0.0000,0.0000,0.0000,0.0000,0.0000,0.0000,0.0000,0.0000,100.0000,0.0000,0.0000
164.8500,0.0000,0.0000,0.0000,0.0000,88.0000,0.0000,100.0000,0.0000,0.0000,0.0000,0.0000,0.0000,0.0000,0.0000,0.0000,0.0000,0.0000,0.0000,0.0000,0.0000,0.0000,0.0000,100.0000,0.0000,0.0000
164.9000,0.0000,0.0000,0.0000,0.0000,88.0000,0.0000,100.0000,0.0000,0.0000,0.0000,0.0000,0.0000,0.0000,0.0000,0.0000,0.0000,0.0000,0.0000,0.0000,0.0000,0.0000,0.0000,100.0000,0.0000,0.0000
164.9500,0.0000,0.0000,0.0000,0.0000,88.0000,0.0000,100.0000,0.0000,0.0000,0.0000,0.0000,0.0000,0.0000,0.0000,0.0000,0.0000,0.0000,0.0000,0.0000,0.0000,0.0000,0.0000,100.0000,0.0000,0.0000
165.0000,0.0000,0.0000,0.0000,0.0000,88.0000,0.0000,100.0000,0.0000,0.0000,0.0000,0.0000,0.0000,0.0000,0.0000,0.0000,0.0000,0.0000,0.0000,0.0000,0.0000,0.0000,0.0000,100.0000,0.0000,0.0000
165.0500,0.0000,0.0000,0.0000,0.0000,88.0000,0.0000,100.0000,0.0000,0.0000,0.0000,0.0000,0.0000,5.7920,0.0000,0.0000,0.0000,0.0000,0.0000,0.0000,0.0000,0.0000,0.0000,94.2080,0.0000,0.0000
165.1000,0.0000,0.0000,0.0000,0.0000,88.0000,0.0000,100.0000,0.0000,0.0000,0.0000,0.0000,0.0000,31.7440,0.0000,0.0000,0.0000,0.0000,0.0000,0.0000,0.0000,0.0000,0.0000,68.2560,0.0000,0.0000
165.1500,0.0000,0.0000,0.0000,0.0000,88.0000,0.0000,100.0000,0.0000,0.0000,0.0000,0.0000,0.0000,68.2560,0.0000,0.0000,0.0000,0.0000,0.0000,0.0000,0.0000,0.0000,0.0000,31.7440,0.0000,0.0000
165.2000,0.0000,0.0000,0.0000,0.0000,88.0000,0.0000,100.0000,0.0000,0.0000,0.0000,0.0000,0.0000,94.2080,0.0000,0.0000,0.0000,0.0000,0.0000,0.0000,0.0000,0.0000,0.0000,5.7920,0.0000,0.0000
165.2500,0.0000,0.0000,0.0000,0.0000,88.0000,0.0000,100.0000,0.0000,0.0000,0.0000,0.0000,0.0000,100.0000,0.0000,0.0000,0.0000,0.0000,0.0000,0.0000,0.0000,0.0000,0.0000,0.0000,0.0000,0.0000
165.3000,0.0000,0.0000,0.0000,0.0000,88.0000,0.0000,100.0000,0.0000,0.0000,0.0000,0.0000,0.0000,100.0000,0.0000,0.0000,0.0000,0.0000,0.0000,0.0000,0.0000,0.0000,0.0000,0.0000,0.0000,0.0000
165.3500,0.0000,0.0000,0.0000,0.0000,88.0000,0.0000,100.0000,0.0000,0.0000,0.0000,0.0000,0.0000,100.0000,0.0000,0.0000,0.0000,0.0000,0.0000,0.0000,0.0000,0.0000,0.0000,0.0000,0.0000,0.0000
165.4000,0.0000,0.0000,0.0000,0.0000,88.0000,0.0000,100.0000,0.0000,0.0000,0.0000,0.0000,0.0000,100.0000,0.0000,0.0000,0.0000,0.0000,0.0000,0.0000,0.0000,0.0000,0.0000,0.0000,0.0000,0.0000
165.4500,0.0000,0.0000,0.0000,0.0000,88.0000,0.0000,100.0000,0.0000,0.0000,0.0000,0.0000,0.0000,100.0000,0.0000,0.0000,0.0000,0.0000,0.0000,0.0000,0.0000,0.0000,0.0000,0.0000,0.0000,0.0000
165.5000,0.0000,0.0000,0.0000,0.0000,88.0000,0.0000,100.0000,0.0000,0.0000,0.0000,0.0000,0.0000,100.0000,0.0000,0.0000,0.0000,0.0000,0.0000,0.0000,0.0000,0.0000,0.0000,0.0000,0.0000,0.0000
165.5500,0.0000,0.0000,0.0000,0.0000,88.6950,0.0000,95.4323,0.0000,0.0000,0.0000,0.0000,0.0000,100.0000,0.0000,0.0000,0.0000,0.0000,0.0000,0.0000,0.0000,0.0000,0.0000,0.0000,0.0000,0.0000
165.6000,0.0000,0.0000,0.0000,0.0000,91.8093,0.0000,74.9661,0.0000,0.0000,0.0000,0.0000,0.0000,100.0000,0.0000,0.0000,0.0000,0.0000,0.0000,0.0000,0.0000,0.0000,0.0000,0.0000,0.0000,0.0000
165.6500,0.0000,0.0000,0.0000,0.0000,96.1907,0.0000,46.1721,0.0000,0.0000,0.0000,0.0000,0.0000,100.0000,0.0000,0.0000,0.0000,0.0000,0.0000,0.0000,0.0000,0.0000,0.0000,0.0000,0.0000,0.0000
165.7000,0.0000,0.0000,0.0000,0.0000,99.3050,0.0000,25.7058,0.0000,0.0000,0.0000,0.0000,0.0000,100.0000,0.0000,0.0000,0.0000,0.0000,0.0000,0.0000,0.0000,0.0000,0.0000,0.0000,0.0000,0.0000
165.7500,0.0000,0.0000,0.0000,0.0000,100.0000,0.0000,21.1382,0.0000,0.0000,0.0000,0.0000,0.0000,100.0000,0.0000,0.0000,0.0000,0.0000,0.0000,0.0000,0.0000,0.0000,0.0000,0.0000,0.0000,0.0000
165.8000,0.0000,0.0000,0.0000,0.0000,100.0000,0.0000,21.1382,0.0000,0.0000,0.0000,0.0000,0.0000,100.0000,0.0000,0.0000,0.0000,0.0000,0.0000,0.0000,0.0000,0.0000,0.0000,0.0000,0.0000,0.0000
165.8500,0.0000,0.0000,0.0000,0.0000,100.0000,0.0000,21.1382,0.0000,0.0000,0.0000,0.0000,0.0000,100.0000,0.0000,0.0000,0.0000,0.0000,0.0000,0.0000,0.0000,0.0000,0.0000,0.0000,0.0000,0.0000
165.9000,0.0000,0.0000,0.0000,0.0000,100.0000,0.0000,21.1382,0.0000,0.0000,0.0000,0.0000,0.0000,100.0000,0.0000,0.0000,0.0000,0.0000,0.0000,0.0000,0.0000,0.0000,0.0000,0.0000,0.0000,0.0000
165.9500,0.0000,0.0000,0.0000,0.0000,100.0000,0.0000,21.1382,0.0000,0.0000,0.0000,0.0000,0.0000,100.0000,0.0000,0.0000,0.0000,0.0000,0.0000,0.0000,0.0000,0.0000,0.0000,0.0000,0.0000,0.0000
166.0000,0.0000,0.0000,0.0000,0.0000,100.0000,0.0000,21.1382,0.0000,0.0000,0.0000,0.0000,0.0000,100.0000,0.0000,0.0000,0.0000,0.0000,0.0000,0.0000,0.0000,0.0000,0.0000,0.0000,0.0000,0.0000
166.0500,0.0000,0.0000,0.0000,0.0000,100.0000,0.0000,21.1382,0.0000,0.0000,0.0000,0.0000,0.0000,99.6525,0.0000,0.0000,0.0000,0.0000,0.0000,0.0000,0.0000,0.0000,0.0000,0.0000,0.0000,0.0000
166.1000,0.0000,0.0000,0.0000,0.0000,100.0000,0.0000,21.1382,0.0000,0.0000,0.0000,0.0000,0.0000,98.0954,0.0000,0.0000,0.0000,0.0000,0.0000,0.0000,0.0000,0.0000,0.0000,0.0000,0.0000,0.0000
166.1500,0.0000,0.0000,0.0000,0.0000,100.0000,0.0000,21.1382,0.0000,0.0000,0.0000,0.0000,0.0000,95.9046,0.0000,0.0000,0.0000,0.0000,0.0000,0.0000,0.0000,0.0000,0.0000,0.0000,0.0000,0.0000
166.2000,0.0000,0.0000,0.0000,0.0000,100.0000,0.0000,21.1382,0.0000,0.0000,0.0000,0.0000,0.0000,94.3475,0.0000,0.0000,0.0000,0.0000,0.0000,0.0000,0.0000,0.0000,0.0000,0.0000,0.0000,0.0000
166.2500,0.0000,0.0000,0.0000,0.0000,100.0000,0.0000,21.1382,0.0000,0.0000,0.0000,0.0000,0.0000,94.0000,0.0000,0.0000,0.0000,0.0000,0.0000,0.0000,0.0000,0.0000,0.0000,0.0000,0.0000,0.0000
166.3000,0.0000,0.0000,0.0000,0.0000,100.0000,0.0000,21.1382,0.0000,0.0000,0.0000,0.0000,0.0000,94.0000,0.0000,0.0000,0.0000,0.0000,0.0000,0.0000,0.0000,0.0000,0.0000,0.0000,0.0000,0.0000
166.3500,0.0000,0.0000,0.0000,0.0000,100.0000,0.0000,21.1382,0.0000,0.0000,0.0000,0.0000,0.0000,94.0000,0.0000,0.0000,0.0000,0.0000,0.0000,0.0000,0.0000,0.0000,0.0000,0.0000,0.0000,0.0000
166.4000,0.0000,0.0000,0.0000,0.0000,100.0000,0.0000,21.1382,0.0000,0.0000,0.0000,0.0000,0.0000,94.0000,0.0000,0.0000,0.0000,0.0000,0.0000,0.0000,0.0000,0.0000,0.0000,0.0000,0.0000,0.0000
166.4500,0.0000,0.0000,0.0000,0.0000,100.0000,0.0000,21.1382,0.0000,0.0000,0.0000,0.0000,0.0000,94.0000,0.0000,0.0000,0.0000,0.0000,0.0000,0.0000,0.0000,0.0000,0.0000,0.0000,0.0000,0.0000
166.5000,0.0000,0.0000,0.0000,0.0000,100.0000,0.0000,21.1382,0.0000,0.0000,0.0000,0.0000,0.0000,94.0000,0.0000,0.0000,0.0000,0.0000,0.0000,0.0000,0.0000,0.0000,0.0000,0.0000,0.0000,0.0000
166.5500,0.0000,0.0000,0.0000,0.0000,100.0000,0.0000,19.9138,0.0000,0.0000,0.0000,0.0000,0.0000,94.1738,0.0000,0.0000,0.0000,5.7920,0.0000,0.0000,0.0000,0.0000,0.0000,0.0000,0.0000,0.0000
166.6000,0.0000,0.0000,0.0000,0.0000,100.0000,0.0000,14.4281,0.0000,0.0000,0.0000,0.0000,0.0000,94.9523,0.0000,0.0000,0.0000,31.7440,0.0000,0.0000,0.0000,0.0000,0.0000,0.0000,0.0000,0.0000
166.6500,0.0000,0.0000,0.0000,0.0000,100.0000,0.0000,6.7101,0.0000,0.0000,0.0000,0.0000,0.0000,96.0477,0.0000,0.0000,0.0000,68.2560,0.0000,0.0000,0.0000,0.0000,0.0000,0.0000,0.0000,0.0000
166.7000,0.0000,0.0000,0.0000,0.0000,100.0000,0.0000,1.2243,0.0000,0.0000,0.0000,0.0000,0.0000,96.8262,0.0000,0.0000,0.0000,94.2080,0.0000,0.0000,0.0000,0.0000,0.0000,0.0000,0.0000,0.0000
166.7500,0.0000,0.0000,0.0000,0.0000,100.0000,0.0000,0.0000,0.0000,0.0000,0.0000,0.0000,0.0000,97.0000,0.0000,0.0000,0.0000,100.0000,0.0000,0.0000,0.0000,0.0000,0.0000,0.0000,0.0000,0.0000
166.8000,0.0000,0.0000,0.0000,0.0000,100.0000,0.0000,0.0000,0.0000,0.0000,0.0000,0.0000,0.0000,97.0000,0.0000,0.0000,0.0000,100.0000,0.0000,0.0000,0.0000,0.0000,0.0000,0.0000,0.0000,0.0000
166.8500,0.0000,0.0000,0.0000,0.0000,100.0000,0.0000,0.0000,0.0000,0.0000,0.0000,0.0000,0.0000,97.0000,0.0000,0.0000,0.0000,100.0000,0.0000,0.0000,0.0000,0.0000,0.0000,0.0000,0.0000,0.0000
166.9000,0.0000,0.0000,0.0000,0.0000,100.0000,0.0000,0.0000,0.0000,0.0000,0.0000,0.0000,0.0000,97.0000,0.0000,0.0000,0.0000,100.0000,0.0000,0.0000,0.0000,0.0000,0.0000,0.0000,0.0000,0.0000
166.9500,0.0000,0.0000,0.0000,0.0000,100.0000,0.0000,0.0000,0.0000,0.0000,0.0000,0.0000,0.0000,97.0000,0.0000,0.0000,0.0000,100.0000,0.0000,0.0000,0.0000,0.0000,0.0000,0.0000,0.0000,0.0000
167.0000,0.0000,0.0000,0.0000,0.0000,100.0000,0.0000,0.0000,0.0000,0.0000,0.0000,0.0000,0.0000,97.0000,0.0000,0.0000,0.0000,100.0000,0.0000,0.0000,0.0000,0.0000,0.0000,0.0000,0.0000,0.0000
167.0500,0.0000,0.0000,0.0000,0.0000,94.2080,0.0000,0.0000,0.0000,0.0000,0.0000,0.0000,0.0000,91.3818,0.0000,0.0000,0.0000,98.3331,0.0000,0.0000,5.7920,0.0000,0.0000,4.9810,0.0000,0.0000
167.1000,0.0000,0.0000,0.0000,0.0000,68.2560,0.0000,0.0000,0.0000,0.0000,0.0000,0.0000,0.0000,66.2083,0.0000,0.0000,0.0000,90.8644,0.0000,0.0000,31.7440,0.0000,0.0000,27.2994,0.0000,0.0000
167.1500,0.0000,0.0000,0.0000,0.0000,31.7440,0.0000,0.0000,0.0000,0.0000,0.0000,0.0000,0.0000,30.7917,0.0000,0.0000,0.0000,80.3567,0.0000,0.0000,68.2560,0.0000,0.0000,58.6991,0.0000,0.0000
167.2000,0.0000,0.0000,0.0000,0.0000,5.7920,0.0000,0.0000,0.0000,0.0000,0.0000,0.0000,0.0000,5.6182,0.0000,0.0000,0.0000,72.8880,0.0000,0.0000,94.2080,0.0000,0.0000,81.0175,0.0000,0.0000
167.2500,0.0000,0.0000,0.0000,0.0000,0.0000,0.0000,0.0000,0.0000,0.0000,0.0000,0.0000,0.0000,0.0000,0.0000,0.0000,0.0000,71.2211,0.0000,0.0000,100.0000,0.0000,0.0000,85.9985,0.0000,0.0000
167.3000,0.0000,0.0000,0.0000,0.0000,0.0000,0.0000,0.0000,0.0000,0.0000,0.0000,0.0000,0.0000,0.0000,0.0000,0.0000,0.0000,71.2211,0.0000,0.0000,100.0000,0.0000,0.0000,85.9985,0.0000,0.0000
167.3500,0.0000,0.0000,0.0000,0.0000,0.0000,0.0000,0.0000,0.0000,0.0000,0.0000,0.0000,0.0000,0.0000,0.0000,0.0000,0.0000,71.2211,0.0000,0.0000,100.0000,0.0000,0.0000,85.9985,0.0000,0.0000
167.4000,0.0000,0.0000,0.0000,0.0000,0.0000,0.0000,0.0000,0.0000,0.0000,0.0000,0.0000,0.0000,0.0000,0.0000,0.0000,0.0000,71.2211,0.0000,0.0000,100.0000,0.0000,0.0000,85.9985,0.0000,0.0000
167.4500,0.0000,0.0000,0.0000,0.0000,0.0000,0.0000,0.0000,0.0000,0.0000,0.0000,0.0000,0.0000,0.0000,0.0000,0.0000,0.0000,71.2211,0.0000,0.0000,100.0000,0.0000,0.0000,85.9985,0.0000,0.0000
167.5000,0.0000,0.0000,0.0000,0.0000,0.0000,0.0000,0.0000,0.0000,0.0000,0.0000,0.0000,0.0000,0.0000,0.0000,0.0000,0.0000,71.2211,0.0000,0.0000,100.0000,0.0000,0.0000,85.9985,0.0000,0.0000
167.5500,0.0000,0.0000,0.0000,0.0000,0.0000,0.0000,0.0000,0.0000,0.0000,0.0000,0.0000,0.0000,0.0000,0.0000,0.0000,0.0000,71.2211,0.0000,0.0000,99.6525,0.0000,0.0000,85.3035,0.0000,0.0000
167.6000,0.0000,0.0000,0.0000,0.0000,0.0000,0.0000,0.0000,0.0000,0.0000,0.0000,0.0000,0.0000,0.0000,0.0000,0.0000,0.0000,71.2211,0.0000,0.0000,98.0954,0.0000,0.0000,82.1892,0.0000,0.0000
167.6500,0.0000,0.0000,0.0000,0.0000,0.0000,0.0000,0.0000,0.0000,0.0000,0.0000,0.0000,0.0000,0.0000,0.0000,0.0000,0.0000,71.2211,0.0000,0.0000,95.9046,0.0000,0.0000,77.8078,0.0000,0.0000
167.7000,0.0000,0.0000,0.0000,0.0000,0.0000,0.0000,0.0000,0.0000,0.0000,0.0000,0.0000,0.0000,0.0000,0.0000,0.0000,0.0000,71.2211,0.0000,0.0000,94.3475,0.0000,0.0000,74.6935,0.0000,0.0000
167.7500,0.0000,0.0000,0.0000,0.0000,0.0000,0.0000,0.0000,0.0000,0.0000,0.0000,0.0000,0.0000,0.0000,0.0000,0.0000,0.0000,71.2211,0.0000,0.0000,94.0000,0.0000,0.0000,73.9985,0.0000,0.0000
167.8000,0.0000,0.0000,0.0000,0.0000,0.0000,0.0000,0.0000,0.0000,0.0000,0.0000,0.0000,0.0000,0.0000,0.0000,0.0000,0.0000,71.2211,0.0000,0.0000,94.0000,0.0000,0.0000,73.9985,0.0000,0.0000
167.8500,0.0000,0.0000,0.0000,0.0000,0.0000,0.0000,0.0000,0.0000,0.0000,0.0000,0.0000,0.0000,0.0000,0.0000,0.0000,0.0000,71.2211,0.0000,0.0000,94.0000,0.0000,0.0000,73.9985,0.0000,0.0000
167.9000,0.0000,0.0000,0.0000,0.0000,0.0000,0.0000,0.0000,0.0000,0.0000,0.0000,0.0000,0.0000,0.0000,0.0000,0.0000,0.0000,71.2211,0.0000,0.0000,94.0000,0.0000,0.0000,73.9985,0.0000,0.0000
167.9500,0.0000,0.0000,0.0000,0.0000,0.0000,0.0000,0.0000,0.0000,0.0000,0.0000,0.0000,0.0000,0.0000,0.0000,0.0000,0.0000,71.2211,0.0000,0.0000,94.0000,0.0000,0.0000,73.9985,0.0000,0.0000
168.0000,0.0000,0.0000,0.0000,0.0000,0.0000,0.0000,0.0000,0.0000,0.0000,0.0000,0.0000,0.0000,0.0000,0.0000,0.0000,0.0000,71.2211,0.0000,0.0000,94.0000,0.0000,0.0000,73.9985,0.0000,0.0000
168.0500,0.0000,0.0000,0.0000,0.0000,0.0000,0.0000,0.0000,0.0000,0.0000,0.0000,0.0000,0.0000,0.0000,0.0000,0.0000,0.0000,71.2211,0.0000,0.0000,89.8791,0.0000,0.0000,75.3308,0.0000,0.0000
168.1000,0.0000,0.0000,0.0000,0.0000,0.0000,0.0000,0.0000,0.0000,0.0000,0.0000,0.0000,0.0000,0.0000,0.0000,0.0000,0.0000,71.2211,0.0000,0.0000,71.4147,0.0000,0.0000,81.3001,0.0000,0.0000
168.1500,0.0000,0.0000,0.0000,0.0000,0.0000,0.0000,0.0000,0.0000,0.0000,0.0000,0.0000,0.0000,0.0000,0.0000,0.0000,0.0000,71.2211,0.0000,0.0000,45.4371,0.0000,0.0000,89.6984,0.0000,0.0000
168.2000,0.0000,0.0000,0.0000,0.0000,0.0000,0.0000,0.0000,0.0000,0.0000,0.0000,0.0000,0.0000,0.0000,0.0000,0.0000,0.0000,71.2211,0.0000,0.0000,26.9727,0.0000,0.0000,95.6678,0.0000,0.0000
168.2500,0.0000,0.0000,0.0000,0.0000,0.0000,0.0000,0.0000,0.0000,0.0000,0.0000,0.0000,0.0000,0.0000,0.0000,0.0000,0.0000,71.2211,0.0000,0.0000,22.8518,0.0000,0.0000,97.0000,0.0000,0.0000
168.3000,0.0000,0.0000,0.0000,0.0000,0.0000,0.0000,0.0000,0.0000,0.0000,0.0000,0.0000,0.0000,0.0000,0.0000,0.0000,0.0000,71.2211,0.0000,0.0000,22.8518,0.0000,0.0000,97.0000,0.0000,0.0000
168.3500,0.0000,0.0000,0.0000,0.0000,0.0000,0.0000,0.0000,0.0000,0.0000,0.0000,0.0000,0.0000,0.0000,0.0000,0.0000,0.0000,71.2211,0.0000,0.0000,22.8518,0.0000,0.0000,97.0000,0.0000,0.0000
168.4000,0.0000,0.0000,0.0000,0.0000,0.0000,0.0000,0.0000,0.0000,0.0000,0.0000,0.0000,0.0000,0.0000,0.0000,0.0000,0.0000,71.2211,0.0000,0.0000,22.8518,0.0000,0.0000,97.0000,0.0000,0.0000
168.4500,0.0000,0.0000,0.0000,0.0000,0.0000,0.0000,0.0000,0.0000,0.0000,0.0000,0.0000,0.0000,0.0000,0.0000,0.0000,0.0000,71.2211,0.0000,0.0000,22.8518,0.0000,0.0000,97.0000,0.0000,0.0000
168.5000,0.0000,0.0000,0.0000,0.0000,0.0000,0.0000,0.0000,0.0000,0.0000,0.0000,0.0000,0.0000,0.0000,0.0000,0.0000,0.0000,71.2211,0.0000,0.0000,22.8518,0.0000,0.0000,97.0000,0.0000,0.0000
168.5500,0.0000,0.0000,0.0000,0.0000,0.0000,0.0000,0.0000,0.0000,0.0000,0.0000,0.0000,0.0000,0.0000,0.0000,0.0000,0.0000,67.0960,0.0000,0.0000,23.5468,0.0000,5.7920,94.0085,0.0000,0.0000
168.6000,0.0000,0.0000,0.0000,0.0000,0.0000,0.0000,0.0000,0.0000,0.0000,0.0000,0.0000,0.0000,0.0000,0.0000,0.0000,0.0000,48.6127,0.0000,0.0000,26.6611,0.0000,31.7440,80.6047,0.0000,0.0000
168.6500,0.0000,0.0000,0.0000,0.0000,0.0000,0.0000,0.0000,0.0000,0.0000,0.0000,0.0000,0.0000,0.0000,0.0000,0.0000,0.0000,22.6084,0.0000,0.0000,31.0425,0.0000,68.2560,61.7468,0.0000,0.0000
168.7000,0.0000,0.0000,0.0000,0.0000,0.0000,0.0000,0.0000,0.0000,0.0000,0.0000,0.0000,0.0000,0.0000,0.0000,0.0000,0.0000,4.1251,0.0000,0.0000,34.1568,0.0000,94.2080,48.3429,0.0000,0.0000
168.7500,0.0000,0.0000,0.0000,0.0000,0.0000,0.0000,0.0000,0.0000,0.0000,0.0000,0.0000,0.0000,0.0000,0.0000,0.0000,0.0000,0.0000,0.0000,0.0000,34.8518,0.0000,100.0000,45.3515,0.0000,0.0000
168.8000,0.0000,0.0000,0.0000,0.0000,0.0000,0.0000,0.0000,0.0000,0.0000,0.0000,0.0000,0.0000,0.0000,0.0000,0.0000,0.0000,0.0000,0.0000,0.0000,34.8518,0.0000,100.0000,45.3515,0.0000,0.0000
168.8500,0.0000,0.0000,0.0000,0.0000,0.0000,0.0000,0.0000,0.0000,0.0000,0.0000,0.0000,0.0000,0.0000,0.0000,0.0000,0.0000,0.0000,0.0000,0.0000,34.8518,0.0000,100.0000,45.3515,0.0000,0.0000
168.9000,0.0000,0.0000,0.0000,0.0000,0.0000,0.0000,0.0000,0.0000,0.0000,0.0000,0.0000,0.0000,0.0000,0.0000,0.0000,0.0000,0.0000,0.0000,0.0000,34.8518,0.0000,100.0000,45.3515,0.0000,0.0000
168.9500,0.0000,0.0000,0.0000,0.0000,0.0000,0.0000,0.0000,0.0000,0.0000,0.0000,0.0000,0.0000,0.0000,0.0000,0.0000,0.0000,0.0000,0.0000,0.0000,34.8518,0.0000,100.0000,45.3515,0.0000,0.0000
169.0000,0.0000,0.0000,0.0000,0.0000,0.0000,0.0000,0.0000,0.0000,0.0000,0.0000,0.0000,0.0000,0.0000,0.0000,0.0000,0.0000,0.0000,0.0000,0.0000,34.8518,0.0000,100.0000,45.3515,0.0000,0.0000
169.0500,0.0000,0.0000,0.0000,0.0000,0.0000,0.0000,0.0000,0.0000,0.0000,0.0000,0.0000,0.0000,0.0000,0.0000,0.0000,0.0000,0.0000,0.0000,0.0000,32.8332,0.0000,100.0000,45.1678,0.0000,1.3901
169.1000,0.0000,0.0000,0.0000,0.0000,0.0000,0.0000,0.0000,0.0000,0.0000,0.0000,0.0000,0.0000,0.0000,0.0000,0.0000,0.0000,0.0000,0.0000,0.0000,23.7884,0.0000,100.0000,44.3448,0.0000,7.6186
169.1500,0.0000,0.0000,0.0000,0.0000,0.0000,0.0000,0.0000,0.0000,0.0000,0.0000,0.0000,0.0000,0.0000,0.0000,0.0000,0.0000,0.0000,0.0000,0.0000,11.0634,0.0000,100.0000,43.1870,0.0000,16.3814
169.2000,0.0000,0.0000,0.0000,0.0000,0.0000,0.0000,0.0000,0.0000,0.0000,0.0000,0.0000,0.0000,0.0000,0.0000,0.0000,0.0000,0.0000,0.0000,0.0000,2.0186,0.0000,100.0000,42.3640,0.0000,22.6099
169.2500,0.0000,0.0000,0.0000,0.0000,0.0000,0.0000,0.0000,0.0000,0.0000,0.0000,0.0000,0.0000,0.0000,0.0000,0.0000,0.0000,0.0000,0.0000,0.0000,0.0000,0.0000,100.0000,42.1803,0.0000,24.0000
169.3000,0.0000,0.0000,0.0000,0.0000,0.0000,0.0000,0.0000,0.0000,0.0000,0.0000,0.0000,0.0000,0.0000,0.0000,0.0000,0.0000,0.0000,0.0000,0.0000,0.0000,0.0000,100.0000,42.1803,0.0000,24.0000
169.3500,0.0000,0.0000,0.0000,0.0000,0.0000,0.0000,0.0000,0.0000,0.0000,0.0000,0.0000,0.0000,0.0000,0.0000,0.0000,0.0000,0.0000,0.0000,0.0000,0.0000,0.0000,100.0000,42.1803,0.0000,24.0000
169.4000,0.0000,0.0000,0.0000,0.0000,0.0000,0.0000,0.0000,0.0000,0.0000,0.0000,0.0000,0.0000,0.0000,0.0000,0.0000,0.0000,0.0000,0.0000,0.0000,0.0000,0.0000,100.0000,42.1803,0.0000,24.0000
169.4500,0.0000,0.0000,0.0000,0.0000,0.0000,0.0000,0.0000,0.0000,0.0000,0.0000,0.0000,0.0000,0.0000,0.0000,0.0000,0.0000,0.0000,0.0000,0.0000,0.0000,0.0000,100.0000,42.1803,0.0000,24.0000
169.5000,0.0000,0.0000,0.0000,0.0000,0.0000,0.0000,0.0000,0.0000,0.0000,0.0000,0.0000,0.0000,0.0000,0.0000,0.0000,0.0000,0.0000,0.0000,0.0000,0.0000,0.0000,100.0000,42.1803,0.0000,24.0000
169.5500,0.0000,0.0000,0.0000,0.0000,0.0000,0.0000,0.0000,0.0000,0.0000,0.0000,0.0000,0.0000,0.0000,0.0000,0.0000,0.0000,0.0000,0.0000,0.0000,5.0970,0.0000,99.8656,39.7372,0.0000,27.7069
169.6000,0.0000,0.0000,0.0000,0.0000,0.0000,0.0000,0.0000,0.0000,0.0000,0.0000,0.0000,0.0000,0.0000,0.0000,0.0000,0.0000,0.0000,0.0000,0.0000,27.9347,0.0000,99.2635,28.7906,0.0000,44.3162
169.6500,0.0000,0.0000,0.0000,0.0000,0.0000,0.0000,0.0000,0.0000,0.0000,0.0000,0.0000,0.0000,0.0000,0.0000,0.0000,0.0000,0.0000,0.0000,0.0000,60.0653,0.0000,98.4163,13.3897,0.0000,67.6838
169.7000,0.0000,0.0000,0.0000,0.0000,0.0000,0.0000,0.0000,0.0000,0.0000,0.0000,0.0000,0.0000,0.0000,0.0000,0.0000,0.0000,0.0000,0.0000,0.0000,82.9030,0.0000,97.8142,2.4431,0.0000,84.2931
169.7500,0.0000,0.0000,0.0000,0.0000,0.0000,0.0000,0.0000,0.0000,0.0000,0.0000,0.0000,0.0000,0.0000,0.0000,0.0000,0.0000,0.0000,0.0000,0.0000,88.0000,0.0000,97.6798,0.0000,0.0000,88.0000
169.8000,0.0000,0.0000,0.0000,0.0000,0.0000,0.0000,0.0000,0.0000,0.0000,0.0000,0.0000,0.0000,0.0000,0.0000,0.0000,0.0000,0.0000,0.0000,0.0000,88.0000,0.0000,97.6798,0.0000,0.0000,88.0000
169.8500,0.0000,0.0000,0.0000,0.0000,0.0000,0.0000,0.0000,0.0000,0.0000,0.0000,0.0000,0.0000,0.0000,0.0000,0.0000,0.0000,0.0000,0.0000,0.0000,88.0000,0.0000,97.6798,0.0000,0.0000,88.0000
169.9000,0.0000,0.0000,0.0000,0.0000,0.0000,0.0000,0.0000,0.0000,0.0000,0.0000,0.0000,0.0000,0.0000,0.0000,0.0000,0.0000,0.0000,0.0000,0.0000,88.0000,0.0000,97.6798,0.0000,0.0000,88.0000
169.9500,0.0000,0.0000,0.0000,0.0000,0.0000,0.0000,0.0000,0.0000,0.0000,0.0000,0.0000,0.0000,0.0000,0.0000,0.0000,0.0000,0.0000,0.0000,0.0000,88.0000,0.0000,97.6798,0.0000,0.0000,88.0000
170.0000,0.0000,0.0000,0.0000,0.0000,0.0000,0.0000,0.0000,0.0000,0.0000,0.0000,0.0000,0.0000,0.0000,0.0000,0.0000,0.0000,0.0000,0.0000,0.0000,88.0000,0.0000,97.6798,0.0000,0.0000,88.0000
170.0500,0.0000,0.0000,0.0000,0.0000,0.0000,0.0000,0.0000,0.0000,0.0000,0.0000,0.0000,0.0000,0.0000,0.0000,0.0000,0.0000,0.0000,0.0000,0.0000,87.6525,0.0000,97.4817,0.0000,0.0000,86.2461
170.1000,0.0000,0.0000,0.0000,0.0000,0.0000,0.0000,0.0000,0.0000,0.0000,0.0000,0.0000,0.0000,0.0000,0.0000,0.0000,0.0000,0.0000,0.0000,0.0000,86.0954,0.0000,96.5940,0.0000,0.0000,78.3876
170.1500,0.0000,0.0000,0.0000,0.0000,0.0000,0.0000,0.0000,0.0000,0.0000,0.0000,0.0000,0.0000,0.0000,0.0000,0.0000,0.0000,0.0000,0.0000,0.0000,83.9046,0.0000,95.3451,0.0000,0.0000,67.3315
170.2000,0.0000,0.0000,0.0000,0.0000,0.0000,0.0000,0.0000,0.0000,0.0000,0.0000,0.0000,0.0000,0.0000,0.0000,0.0000,0.0000,0.0000,0.0000,0.0000,82.3475,0.0000,94.4574,0.0000,0.0000,59.4730
170.2500,0.0000,0.0000,0.0000,0.0000,0.0000,0.0000,0.0000,0.0000,0.0000,0.0000,0.0000,0.0000,0.0000,0.0000,0.0000,0.0000,0.0000,0.0000,0.0000,82.0000,0.0000,94.2593,0.0000,0.0000,57.7191
170.3000,0.0000,0.0000,0.0000,0.0000,0.0000,0.0000,0.0000,0.0000,0.0000,0.0000,0.0000,0.0000,0.0000,0.0000,0.0000,0.0000,0.0000,0.0000,0.0000,82.0000,0.0000,94.2593,0.0000,0.0000,57.7191
170.3500,0.0000,0.0000,0.0000,0.0000,0.0000,0.0000,0.0000,0.0000,0.0000,0.0000,0.0000,0.0000,0.0000,0.0000,0.0000,0.0000,0.0000,0.0000,0.0000,82.0000,0.0000,94.2593,0.0000,0.0000,57.7191
170.4000,0.0000,0.0000,0.0000,0.0000,0.0000,0.0000,0.0000,0.0000,0.0000,0.0000,0.0000,0.0000,0.0000,0.0000,0.0000,0.0000,0.0000,0.0000,0.0000,82.0000,0.0000,94.2593,0.0000,0.0000,57.7191
170.4500,0.0000,0.0000,0.0000,0.0000,0.0000,0.0000,0.0000,0.0000,0.0000,0.0000,0.0000,0.0000,0.0000,0.0000,0.0000,0.0000,0.0000,0.0000,0.0000,82.0000,0.0000,94.2593,0.0000,0.0000,57.7191
170.5000,0.0000,0.0000,0.0000,0.0000,0.0000,0.0000,0.0000,0.0000,0.0000,0.0000,0.0000,0.0000,0.0000,0.0000,0.0000,0.0000,0.0000,0.0000,0.0000,82.0000,0.0000,94.2593,0.0000,0.0000,57.7191
170.5500,0.0000,0.0000,0.0000,0.0000,0.0000,0.0000,0.0000,0.0000,0.0000,0.0000,0.0000,0.0000,0.0000,0.0000,0.0000,0.0000,0.0000,0.0000,0.0000,82.6950,0.0000,94.5918,0.0000,0.0000,57.7191
170.6000,0.0000,0.0000,0.0000,0.0000,0.0000,0.0000,0.0000,0.0000,0.0000,0.0000,0.0000,0.0000,0.0000,0.0000,0.0000,0.0000,0.0000,0.0000,0.0000,85.8093,0.0000,96.0816,0.0000,0.0000,57.7191
170.6500,0.0000,0.0000,0.0000,0.0000,0.0000,0.0000,0.0000,0.0000,0.0000,0.0000,0.0000,0.0000,0.0000,0.0000,0.0000,0.0000,0.0000,0.0000,0.0000,90.1907,0.0000,98.1777,0.0000,0.0000,57.7191
170.7000,0.0000,0.0000,0.0000,0.0000,0.0000,0.0000,0.0000,0.0000,0.0000,0.0000,0.0000,0.0000,0.0000,0.0000,0.0000,0.0000,0.0000,0.0000,0.0000,93.3050,0.0000,99.6675,0.0000,0.0000,57.7191
170.7500,0.0000,0.0000,0.0000,0.0000,0.0000,0.0000,0.0000,0.0000,0.0000,0.0000,0.0000,0.0000,0.0000,0.0000,0.0000,0.0000,0.0000,0.0000,0.0000,94.0000,0.0000,100.0000,0.0000,0.0000,57.7191
170.8000,0.0000,0.0000,0.0000,0.0000,0.0000,0.0000,0.0000,0.0000,0.0000,0.0000,0.0000,0.0000,0.0000,0.0000,0.0000,0.0000,0.0000,0.0000,0.0000,94.0000,0.0000,100.0000,0.0000,0.0000,57.7191
170.8500,0.0000,0.0000,0.0000,0.0000,0.0000,0.0000,0.0000,0.0000,0.0000,0.0000,0.0000,0.0000,0.0000,0.0000,0.0000,0.0000,0.0000,0.0000,0.0000,94.0000,0.0000,100.0000,0.0000,0.0000,57.7191
170.9000,0.0000,0.0000,0.0000,0.0000,0.0000,0.0000,0.0000,0.0000,0.0000,0.0000,0.0000,0.0000,0.0000,0.0000,0.0000,0.0000,0.0000,0.0000,0.0000,94.0000,0.0000,100.0000,0.0000,0.0000,57.7191
170.9500,0.0000,0.0000,0.0000,0.0000,0.0000,0.0000,0.0000,0.0000,0.0000,0.0000,0.0000,0.0000,0.0000,0.0000,0.0000,0.0000,0.0000,0.0000,0.0000,94.0000,0.0000,100.0000,0.0000,0.0000,57.7191
171.0000,0.0000,0.0000,0.0000,0.0000,0.0000,0.0000,0.0000,0.0000,0.0000,0.0000,0.0000,0.0000,0.0000,0.0000,0.0000,0.0000,0.0000,0.0000,0.0000,94.0000,0.0000,100.0000,0.0000,0.0000,57.7191
171.0500,0.0000,0.0000,0.0000,0.0000,5.0970,0.0000,0.0000,0.0000,0.0000,0.0000,0.0000,0.0000,0.0000,0.0000,0.0000,0.0000,0.0000,0.0000,0.0000,93.6525,0.0000,99.6525,0.0000,0.0000,54.3761
171.1000,0.0000,0.0000,0.0000,0.0000,27.9347,0.0000,0.0000,0.0000,0.0000,0.0000,0.0000,0.0000,0.0000,0.0000,0.0000,0.0000,0.0000,0.0000,0.0000,92.0954,0.0000,98.0954,0.0000,0.0000,39.3968
171.1500,0.0000,0.0000,0.0000,0.0000,60.0653,0.0000,0.0000,0.0000,0.0000,0.0000,0.0000,0.0000,0.0000,0.0000,0.0000,0.0000,0.0000,0.0000,0.0000,89.9046,0.0000,95.9046,0.0000,0.0000,18.3224
171.2000,0.0000,0.0000,0.0000,0.0000,82.9030,0.0000,0.0000,0.0000,0.0000,0.0000,0.0000,0.0000,0.0000,0.0000,0.0000,0.0000,0.0000,0.0000,0.0000,88.3475,0.0000,94.3475,0.0000,0.0000,3.3431
171.2500,0.0000,0.0000,0.0000,0.0000,88.0000,0.0000,0.0000,0.0000,0.0000,0.0000,0.0000,0.0000,0.0000,0.0000,0.0000,0.0000,0.0000,0.0000,0.0000,88.0000,0.0000,94.0000,0.0000,0.0000,0.0000
171.3000,0.0000,0.0000,0.0000,0.0000,88.0000,0.0000,0.0000,0.0000,0.0000,0.0000,0.0000,0.0000,0.0000,0.0000,0.0000,0.0000,0.0000,0.0000,0.0000,88.0000,0.0000,94.0000,0.0000,0.0000,0.0000
171.3500,0.0000,0.0000,0.0000,0.0000,88.0000,0.0000,0.0000,0.0000,0.0000,0.0000,0.0000,0.0000,0.0000,0.0000,0.0000,0.0000,0.0000,0.0000,0.0000,88.0000,0.0000,94.0000,0.0000,0.0000,0.0000
171.4000,0.0000,0.0000,0.0000,0.0000,88.0000,0.0000,0.0000,0.0000,0.0000,0.0000,0.0000,0.0000,0.0000,0.0000,0.0000,0.0000,0.0000,0.0000,0.0000,88.0000,0.0000,94.0000,0.0000,0.0000,0.0000
171.4500,0.0000,0.0000,0.0000,0.0000,88.0000,0.0000,0.0000,0.0000,0.0000,0.0000,0.0000,0.0000,0.0000,0.0000,0.0000,0.0000,0.0000,0.0000,0.0000,88.0000,0.0000,94.0000,0.0000,0.0000,0.0000
171.5000,0.0000,0.0000,0.0000,0.0000,88.0000,0.0000,0.0000,0.0000,0.0000,0.0000,0.0000,0.0000,0.0000,0.0000,0.0000,0.0000,0.0000,0.0000,0.0000,88.0000,0.0000,94.0000,0.0000,0.0000,0.0000
171.5500,0.0000,0.0000,0.0000,0.0000,83.4124,0.0000,0.0000,0.0000,0.0000,0.0000,0.0000,0.0000,0.0000,0.0000,0.0000,0.0000,0.0000,0.0000,0.0000,82.9030,0.0000,94.0000,5.4445,0.0000,0.0000
171.6000,0.0000,0.0000,0.0000,0.0000,62.8570,0.0000,0.0000,0.0000,0.0000,0.0000,0.0000,0.0000,0.0000,0.0000,0.0000,0.0000,0.0000,0.0000,0.0000,60.0653,0.0000,94.0000,29.8394,0.0000,0.0000
171.6500,0.0000,0.0000,0.0000,0.0000,33.9375,0.0000,0.0000,0.0000,0.0000,0.0000,0.0000,0.0000,0.0000,0.0000,0.0000,0.0000,0.0000,0.0000,0.0000,27.9347,0.0000,94.0000,64.1606,0.0000,0.0000
171.7000,0.0000,0.0000,0.0000,0.0000,13.3821,0.0000,0.0000,0.0000,0.0000,0.0000,0.0000,0.0000,0.0000,0.0000,0.0000,0.0000,0.0000,0.0000,0.0000,5.0970,0.0000,94.0000,88.5555,0.0000,0.0000
171.7500,0.0000,0.0000,0.0000,0.0000,8.7945,0.0000,0.0000,0.0000,0.0000,0.0000,0.0000,0.0000,0.0000,0.0000,0.0000,0.0000,0.0000,0.0000,0.0000,0.0000,0.0000,94.0000,94.0000,0.0000,0.0000
171.8000,0.0000,0.0000,0.0000,0.0000,8.7945,0.0000,0.0000,0.0000,0.0000,0.0000,0.0000,0.0000,0.0000,0.0000,0.0000,0.0000,0.0000,0.0000,0.0000,0.0000,0.0000,94.0000,94.0000,0.0000,0.0000
171.8500,0.0000,0.0000,0.0000,0.0000,8.7945,0.0000,0.0000,0.0000,0.0000,0.0000,0.0000,0.0000,0.0000,0.0000,0.0000,0.0000,0.0000,0.0000,0.0000,0.0000,0.0000,94.0000,94.0000,0.0000,0.0000
171.9000,0.0000,0.0000,0.0000,0.0000,8.7945,0.0000,0.0000,0.0000,0.0000,0.0000,0.0000,0.0000,0.0000,0.0000,0.0000,0.0000,0.0000,0.0000,0.0000,0.0000,0.0000,94.0000,94.0000,0.0000,0.0000
171.9500,0.0000,0.0000,0.0000,0.0000,8.7945,0.0000,0.0000,0.0000,0.0000,0.0000,0.0000,0.0000,0.0000,0.0000,0.0000,0.0000,0.0000,0.0000,0.0000,0.0000,0.0000,94.0000,94.0000,0.0000,0.0000
172.0000,0.0000,0.0000,0.0000,0.0000,8.7945,0.0000,0.0000,0.0000,0.0000,0.0000,0.0000,0.0000,0.0000,0.0000,0.0000,0.0000,0.0000,0.0000,0.0000,0.0000,0.0000,94.0000,94.0000,0.0000,0.0000
172.0500,0.0000,0.0000,0.0000,0.0000,8.7945,0.0000,0.0000,0.0000,0.0000,0.0000,0.0000,0.0000,0.0000,0.0000,0.0000,0.0000,0.0000,0.0000,0.0000,0.0000,0.0000,93.8200,94.3475,0.0000,0.0000
172.1000,0.0000,0.0000,0.0000,0.0000,8.7945,0.0000,0.0000,0.0000,0.0000,0.0000,0.0000,0.0000,0.0000,0.0000,0.0000,0.0000,0.0000,0.0000,0.0000,0.0000,0.0000,93.0136,95.9046,0.0000,0.0000
172.1500,0.0000,0.0000,0.0000,0.0000,8.7945,0.0000,0.0000,0.0000,0.0000,0.0000,0.0000,0.0000,0.0000,0.0000,0.0000,0.0000,0.0000,0.0000,0.0000,0.0000,0.0000,91.8790,98.0954,0.0000,0.0000
172.2000,0.0000,0.0000,0.0000,0.0000,8.7945,0.0000,0.0000,0.0000,0.0000,0.0000,0.0000,0.0000,0.0000,0.0000,0.0000,0.0000,0.0000,0.0000,0.0000,0.0000,0.0000,91.0726,99.6525,0.0000,0.0000
172.2500,0.0000,0.0000,0.0000,0.0000,8.7945,0.0000,0.0000,0.0000,0.0000,0.0000,0.0000,0.0000,0.0000,0.0000,0.0000,0.0000,0.0000,0.0000,0.0000,0.0000,0.0000,90.8926,100.0000,0.0000,0.0000
172.3000,0.0000,0.0000,0.0000,0.0000,8.7945,0.0000,0.0000,0.0000,0.0000,0.0000,0.0000,0.0000,0.0000,0.0000,0.0000,0.0000,0.0000,0.0000,0.0000,0.0000,0.0000,90.8926,100.0000,0.0000,0.0000
172.3500,0.0000,0.0000,0.0000,0.0000,8.7945,0.0000,0.0000,0.0000,0.0000,0.0000,0.0000,0.0000,0.0000,0.0000,0.0000,0.0000,0.0000,0.0000,0.0000,0.0000,0.0000,90.8926,100.0000,0.0000,0.0000
172.4000,0.0000,0.0000,0.0000,0.0000,8.7945,0.0000,0.0000,0.0000,0.0000,0.0000,0.0000,0.0000,0.0000,0.0000,0.0000,0.0000,0.0000,0.0000,0.0000,0.0000,0.0000,90.8926,100.0000,0.0000,0.0000
172.4500,0.0000,0.0000,0.0000,0.0000,8.7945,0.0000,0.0000,0.0000,0.0000,0.0000,0.0000,0.0000,0.0000,0.0000,0.0000,0.0000,0.0000,0.0000,0.0000,0.0000,0.0000,90.8926,100.0000,0.0000,0.0000
172.5000,0.0000,0.0000,0.0000,0.0000,8.7945,0.0000,0.0000,0.0000,0.0000,0.0000,0.0000,0.0000,0.0000,0.0000,0.0000,0.0000,0.0000,0.0000,0.0000,0.0000,0.0000,90.8926,100.0000,0.0000,0.0000
172.5500,0.0000,0.0000,0.0000,0.0000,8.7945,0.0000,0.0000,0.0000,0.0000,0.0000,0.0000,0.0000,0.0000,0.0000,0.0000,0.0000,0.0000,0.0000,0.0000,0.0000,0.0000,89.1804,95.8220,0.0000,0.0000
172.6000,0.0000,0.0000,0.0000,0.0000,8.7945,0.0000,0.0000,0.0000,0.0000,0.0000,0.0000,0.0000,0.0000,0.0000,0.0000,0.0000,0.0000,0.0000,0.0000,0.0000,0.0000,81.5085,77.1019,0.0000,0.0000
172.6500,0.0000,0.0000,0.0000,0.0000,8.7945,0.0000,0.0000,0.0000,0.0000,0.0000,0.0000,0.0000,0.0000,0.0000,0.0000,0.0000,0.0000,0.0000,0.0000,0.0000,0.0000,70.7149,50.7645,0.0000,0.0000
172.7000,0.0000,0.0000,0.0000,0.0000,8.7945,0.0000,0.0000,0.0000,0.0000,0.0000,0.0000,0.0000,0.0000,0.0000,0.0000,0.0000,0.0000,0.0000,0.0000,0.0000,0.0000,63.0430,32.0444,0.0000,0.0000
172.7500,0.0000,0.0000,0.0000,0.0000,8.7945,0.0000,0.0000,0.0000,0.0000,0.0000,0.0000,0.0000,0.0000,0.0000,0.0000,0.0000,0.0000,0.0000,0.0000,0.0000,0.0000,61.3308,27.8665,0.0000,0.0000
172.8000,0.0000,0.0000,0.0000,0.0000,8.7945,0.0000,0.0000,0.0000,0.0000,0.0000,0.0000,0.0000,0.0000,0.0000,0.0000,0.0000,0.0000,0.0000,0.0000,0.0000,0.0000,61.3308,27.8665,0.0000,0.0000
172.8500,0.0000,0.0000,0.0000,0.0000,8.7945,0.0000,0.0000,0.0000,0.0000,0.0000,0.0000,0.0000,0.0000,0.0000,0.0000,0.0000,0.0000,0.0000,0.0000,0.0000,0.0000,61.3308,27.8665,0.0000,0.0000
172.9000,0.0000,0.0000,0.0000,0.0000,8.7945,0.0000,0.0000,0.0000,0.0000,0.0000,0.0000,0.0000,0.0000,0.0000,0.0000,0.0000,0.0000,0.0000,0.0000,0.0000,0.0000,61.3308,27.8665,0.0000,0.0000
172.9500,0.0000,0.0000,0.0000,0.0000,8.7945,0.0000,0.0000,0.0000,0.0000,0.0000,0.0000,0.0000,0.0000,0.0000,0.0000,0.0000,0.0000,0.0000,0.0000,0.0000,0.0000,61.3308,27.8665,0.0000,0.0000
173.0000,0.0000,0.0000,0.0000,0.0000,8.7945,0.0000,0.0000,0.0000,0.0000,0.0000,0.0000,0.0000,0.0000,0.0000,0.0000,0.0000,0.0000,0.0000,0.0000,0.0000,0.0000,61.3308,27.8665,0.0000,0.0000
173.0500,0.0000,0.0000,0.0000,0.3475,8.2851,0.0000,0.0000,0.0000,0.0000,0.0000,0.0000,0.0000,0.0000,0.0000,0.0000,0.0000,0.0000,0.0000,0.0000,0.0000,0.0000,61.6783,28.2140,0.0000,0.0000
173.1000,0.0000,0.0000,0.0000,1.9046,6.0028,0.0000,0.0000,0.0000,0.0000,0.0000,0.0000,0.0000,0.0000,0.0000,0.0000,0.0000,0.0000,0.0000,0.0000,0.0000,0.0000,63.2354,29.7711,0.0000,0.0000
173.1500,0.0000,0.0000,0.0000,4.0954,2.7917,0.0000,0.0000,0.0000,0.0000,0.0000,0.0000,0.0000,0.0000,0.0000,0.0000,0.0000,0.0000,0.0000,0.0000,0.0000,0.0000,65.4262,31.9618,0.0000,0.0000
173.2000,0.0000,0.0000,0.0000,5.6525,0.5094,0.0000,0.0000,0.0000,0.0000,0.0000,0.0000,0.0000,0.0000,0.0000,0.0000,0.0000,0.0000,0.0000,0.0000,0.0000,0.0000,66.9833,33.5189,0.0000,0.0000
173.2500,0.0000,0.0000,0.0000,6.0000,0.0000,0.0000,0.0000,0.0000,0.0000,0.0000,0.0000,0.0000,0.0000,0.0000,0.0000,0.0000,0.0000,0.0000,0.0000,0.0000,0.0000,67.3308,33.8665,0.0000,0.0000
173.3000,0.0000,0.0000,0.0000,6.0000,0.0000,0.0000,0.0000,0.0000,0.0000,0.0000,0.0000,0.0000,0.0000,0.0000,0.0000,0.0000,0.0000,0.0000,0.0000,0.0000,0.0000,67.3308,33.8665,0.0000,0.0000
173.3500,0.0000,0.0000,0.0000,6.0000,0.0000,0.0000,0.0000,0.0000,0.0000,0.0000,0.0000,0.0000,0.0000,0.0000,0.0000,0.0000,0.0000,0.0000,0.0000,0.0000,0.0000,67.3308,33.8665,0.0000,0.0000
173.4000,0.0000,0.0000,0.0000,6.0000,0.0000,0.0000,0.0000,0.0000,0.0000,0.0000,0.0000,0.0000,0.0000,0.0000,0.0000,0.0000,0.0000,0.0000,0.0000,0.0000,0.0000,67.3308,33.8665,0.0000,0.0000
173.4500,0.0000,0.0000,0.0000,6.0000,0.0000,0.0000,0.0000,0.0000,0.0000,0.0000,0.0000,0.0000,0.0000,0.0000,0.0000,0.0000,0.0000,0.0000,0.0000,0.0000,0.0000,67.3308,33.8665,0.0000,0.0000
173.5000,0.0000,0.0000,0.0000,6.0000,0.0000,0.0000,0.0000,0.0000,0.0000,0.0000,0.0000,0.0000,0.0000,0.0000,0.0000,0.0000,0.0000,0.0000,0.0000,0.0000,0.0000,67.3308,33.8665,0.0000,0.0000
173.5500,0.0000,0.0000,0.0000,8.4601,0.0000,0.0000,0.0000,0.0000,0.0000,0.0000,0.0000,0.0000,0.0000,0.0000,0.0000,0.0000,0.0000,0.0000,0.0000,0.0000,0.0000,68.3007,37.6969,0.0000,0.0000
173.6000,0.0000,0.0000,0.0000,19.4827,0.0000,0.0000,0.0000,0.0000,0.0000,0.0000,0.0000,0.0000,0.0000,0.0000,0.0000,0.0000,0.0000,0.0000,0.0000,0.0000,0.0000,72.6465,54.8599,0.0000,0.0000
173.6500,0.0000,0.0000,0.0000,34.9906,0.0000,0.0000,0.0000,0.0000,0.0000,0.0000,0.0000,0.0000,0.0000,0.0000,0.0000,0.0000,0.0000,0.0000,0.0000,0.0000,0.0000,78.7606,79.0066,0.0000,0.0000
173.7000,0.0000,0.0000,0.0000,46.0132,0.0000,0.0000,0.0000,0.0000,0.0000,0.0000,0.0000,0.0000,0.0000,0.0000,0.0000,0.0000,0.0000,0.0000,0.0000,0.0000,0.0000,83.1064,96.1695,0.0000,0.0000
173.7500,0.0000,0.0000,0.0000,48.4733,0.0000,0.0000,0.0000,0.0000,0.0000,0.0000,0.0000,0.0000,0.0000,0.0000,0.0000,0.0000,0.0000,0.0000,0.0000,0.0000,0.0000,84.0762,100.0000,0.0000,0.0000
173.8000,0.0000,0.0000,0.0000,48.4733,0.0000,0.0000,0.0000,0.0000,0.0000,0.0000,0.0000,0.0000,0.0000,0.0000,0.0000,0.0000,0.0000,0.0000,0.0000,0.0000,0.0000,84.0762,100.0000,0.0000,0.0000
173.8500,0.0000,0.0000,0.0000,48.4733,0.0000,0.0000,0.0000,0.0000,0.0000,0.0000,0.0000,0.0000,0.0000,0.0000,0.0000,0.0000,0.0000,0.0000,0.0000,0.0000,0.0000,84.0762,100.0000,0.0000,0.0000
173.9000,0.0000,0.0000,0.0000,48.4733,0.0000,0.0000,0.0000,0.0000,0.0000,0.0000,0.0000,0.0000,0.0000,0.0000,0.0000,0.0000,0.0000,0.0000,0.0000,0.0000,0.0000,84.0762,100.0000,0.0000,0.0000
173.9500,0.0000,0.0000,0.0000,48.4733,0.0000,0.0000,0.0000,0.0000,0.0000,0.0000,0.0000,0.0000,0.0000,0.0000,0.0000,0.0000,0.0000,0.0000,0.0000,0.0000,0.0000,84.0762,100.0000,0.0000,0.0000
174.0000,0.0000,0.0000,0.0000,48.4733,0.0000,0.0000,0.0000,0.0000,0.0000,0.0000,0.0000,0.0000,0.0000,0.0000,0.0000,0.0000,0.0000,0.0000,0.0000,0.0000,0.0000,84.0762,100.0000,0.0000,0.0000
174.0500,0.0000,0.0000,0.0000,46.1020,0.0000,0.0000,0.0000,0.0000,0.0000,0.0000,0.0000,0.0000,0.0000,0.0000,0.0000,0.0000,0.0000,0.0000,0.0000,0.0000,0.0000,84.1627,100.0000,0.0000,0.0000
174.1000,0.0000,0.0000,0.0000,35.4768,0.0000,0.0000,0.0000,0.0000,0.0000,0.0000,0.0000,0.0000,0.0000,0.0000,0.0000,0.0000,0.0000,0.0000,0.0000,0.0000,0.0000,84.5499,100.0000,0.0000,0.0000
174.1500,0.0000,0.0000,0.0000,20.5282,0.0000,0.0000,0.0000,0.0000,0.0000,0.0000,0.0000,0.0000,0.0000,0.0000,0.0000,0.0000,0.0000,0.0000,0.0000,0.0000,0.0000,85.0947,100.0000,0.0000,0.0000
174.2000,0.0000,0.0000,0.0000,9.9031,0.0000,0.0000,0.0000,0.0000,0.0000,0.0000,0.0000,0.0000,0.0000,0.0000,0.0000,0.0000,0.0000,0.0000,0.0000,0.0000,0.0000,85.4820,100.0000,0.0000,0.0000
174.2500,0.0000,0.0000,0.0000,7.5318,0.0000,0.0000,0.0000,0.0000,0.0000,0.0000,0.0000,0.0000,0.0000,0.0000,0.0000,0.0000,0.0000,0.0000,0.0000,0.0000,0.0000,85.5684,100.0000,0.0000,0.0000
174.3000,0.0000,0.0000,0.0000,7.5318,0.0000,0.0000,0.0000,0.0000,0.0000,0.0000,0.0000,0.0000,0.0000,0.0000,0.0000,0.0000,0.0000,0.0000,0.0000,0.0000,0.0000,85.5684,100.0000,0.0000,0.0000
174.3500,0.0000,0.0000,0.0000,7.5318,0.0000,0.0000,0.0000,0.0000,0.0000,0.0000,0.0000,0.0000,0.0000,0.0000,0.0000,0.0000,0.0000,0.0000,0.0000,0.0000,0.0000,85.5684,100.0000,0.0000,0.0000
174.4000,0.0000,0.0000,0.0000,7.5318,0.0000,0.0000,0.0000,0.0000,0.0000,0.0000,0.0000,0.0000,0.0000,0.0000,0.0000,0.0000,0.0000,0.0000,0.0000,0.0000,0.0000,85.5684,100.0000,0.0000,0.0000
174.4500,0.0000,0.0000,0.0000,7.5318,0.0000,0.0000,0.0000,0.0000,0.0000,0.0000,0.0000,0.0000,0.0000,0.0000,0.0000,0.0000,0.0000,0.0000,0.0000,0.0000,0.0000,85.5684,100.0000,0.0000,0.0000
174.5000,0.0000,0.0000,0.0000,7.5318,0.0000,0.0000,0.0000,0.0000,0.0000,0.0000,0.0000,0.0000,0.0000,0.0000,0.0000,0.0000,0.0000,0.0000,0.0000,0.0000,0.0000,85.5684,100.0000,0.0000,0.0000
174.5500,0.0000,0.0000,0.0000,7.5318,0.0000,0.0000,0.0000,0.0000,0.0000,0.0000,0.0000,0.0000,0.0000,0.0000,0.0000,0.0000,0.0000,0.0000,0.0000,0.0000,0.0000,85.9159,100.0000,0.0000,0.0000
174.6000,0.0000,0.0000,0.0000,7.5318,0.0000,0.0000,0.0000,0.0000,0.0000,0.0000,0.0000,0.0000,0.0000,0.0000,0.0000,0.0000,0.0000,0.0000,0.0000,0.0000,0.0000,87.4730,100.0000,0.0000,0.0000
174.6500,0.0000,0.0000,0.0000,7.5318,0.0000,0.0000,0.0000,0.0000,0.0000,0.0000,0.0000,0.0000,0.0000,0.0000,0.0000,0.0000,0.0000,0.0000,0.0000,0.0000,0.0000,89.6637,100.0000,0.0000,0.0000
174.7000,0.0000,0.0000,0.0000,7.5318,0.0000,0.0000,0.0000,0.0000,0.0000,0.0000,0.0000,0.0000,0.0000,0.0000,0.0000,0.0000,0.0000,0.0000,0.0000,0.0000,0.0000,91.2209,100.0000,0.0000,0.0000
174.7500,0.0000,0.0000,0.0000,7.5318,0.0000,0.0000,0.0000,0.0000,0.0000,0.0000,0.0000,0.0000,0.0000,0.0000,0.0000,0.0000,0.0000,0.0000,0.0000,0.0000,0.0000,91.5684,100.0000,0.0000,0.0000
174.8000,0.0000,0.0000,0.0000,7.5318,0.0000,0.0000,0.0000,0.0000,0.0000,0.0000,0.0000,0.0000,0.0000,0.0000,0.0000,0.0000,0.0000,0.0000,0.0000,0.0000,0.0000,91.5684,100.0000,0.0000,0.0000
174.8500,0.0000,0.0000,0.0000,7.5318,0.0000,0.0000,0.0000,0.0000,0.0000,0.0000,0.0000,0.0000,0.0000,0.0000,0.0000,0.0000,0.0000,0.0000,0.0000,0.0000,0.0000,91.5684,100.0000,0.0000,0.0000
174.9000,0.0000,0.0000,0.0000,7.5318,0.0000,0.0000,0.0000,0.0000,0.0000,0.0000,0.0000,0.0000,0.0000,0.0000,0.0000,0.0000,0.0000,0.0000,0.0000,0.0000,0.0000,91.5684,100.0000,0.0000,0.0000
174.9500,0.0000,0.0000,0.0000,7.5318,0.0000,0.0000,0.0000,0.0000,0.0000,0.0000,0.0000,0.0000,0.0000,0.0000,0.0000,0.0000,0.0000,0.0000,0.0000,0.0000,0.0000,91.5684,100.0000,0.0000,0.0000
175.0000,0.0000,0.0000,0.0000,7.5318,0.0000,0.0000,0.0000,0.0000,0.0000,0.0000,0.0000,0.0000,0.0000,0.0000,0.0000,0.0000,0.0000,0.0000,0.0000,0.0000,0.0000,91.5684,100.0000,0.0000,0.0000
175.0500,0.0000,0.0000,0.0000,7.0955,0.0000,5.0970,0.0000,0.0000,0.0000,0.0000,0.0000,0.0000,0.0000,0.0000,0.0000,0.0000,0.0000,0.0000,0.0000,0.0000,0.0000,92.0567,100.0000,0.0000,0.0000
175.1000,0.0000,0.0000,0.0000,5.1409,0.0000,27.9347,0.0000,0.0000,0.0000,0.0000,0.0000,0.0000,0.0000,0.0000,0.0000,0.0000,0.0000,0.0000,0.0000,0.0000,0.0000,94.2449,100.0000,0.0000,0.0000
175.1500,0.0000,0.0000,0.0000,2.3909,0.0000,60.0653,0.0000,0.0000,0.0000,0.0000,0.0000,0.0000,0.0000,0.0000,0.0000,0.0000,0.0000,0.0000,0.0000,0.0000,0.0000,97.3235,100.0000,0.0000,0.0000
175.2000,0.0000,0.0000,0.0000,0.4362,0.0000,82.9030,0.0000,0.0000,0.0000,0.0000,0.0000,0.0000,0.0000,0.0000,0.0000,0.0000,0.0000,0.0000,0.0000,0.0000,0.0000,99.5116,100.0000,0.0000,0.0000
175.2500,0.0000,0.0000,0.0000,0.0000,0.0000,88.0000,0.0000,0.0000,0.0000,0.0000,0.0000,0.0000,0.0000,0.0000,0.0000,0.0000,0.0000,0.0000,0.0000,0.0000,0.0000,100.0000,100.0000,0.0000,0.0000
175.3000,0.0000,0.0000,0.0000,0.0000,0.0000,88.0000,0.0000,0.0000,0.0000,0.0000,0.0000,0.0000,0.0000,0.0000,0.0000,0.0000,0.0000,0.0000,0.0000,0.0000,0.0000,100.0000,100.0000,0.0000,0.0000
175.3500,0.0000,0.0000,0.0000,0.0000,0.0000,88.0000,0.0000,0.0000,0.0000,0.0000,0.0000,0.0000,0.0000,0.0000,0.0000,0.0000,0.0000,0.0000,0.0000,0.0000,0.0000,100.0000,100.0000,0.0000,0.0000
175.4000,0.0000,0.0000,0.0000,0.0000,0.0000,88.0000,0.0000,0.0000,0.0000,0.0000,0.0000,0.0000,0.0000,0.0000,0.0000,0.0000,0.0000,0.0000,0.0000,0.0000,0.0000,100.0000,100.0000,0.0000,0.0000
175.4500,0.0000,0.0000,0.0000,0.0000,0.0000,88.0000,0.0000,0.0000,0.0000,0.0000,0.0000,0.0000,0.0000,0.0000,0.0000,0.0000,0.0000,0.0000,0.0000,0.0000,0.0000,100.0000,100.0000,0.0000,0.0000
175.5000,0.0000,0.0000,0.0000,0.0000,0.0000,88.0000,0.0000,0.0000,0.0000,0.0000,0.0000,0.0000,0.0000,0.0000,0.0000,0.0000,0.0000,0.0000,0.0000,0.0000,0.0000,100.0000,100.0000,0.0000,0.0000
175.5500,0.0000,0.0000,0.0000,0.0000,0.0000,83.6665,0.0000,0.0000,0.0000,0.0000,0.0000,0.0000,0.0000,0.0000,0.0000,0.0000,0.0000,0.0000,0.0000,0.0000,0.0000,99.3050,99.6525,0.0000,0.0000
175.6000,0.0000,0.0000,0.0000,0.0000,0.0000,64.2494,0.0000,0.0000,0.0000,0.0000,0.0000,0.0000,0.0000,0.0000,0.0000,0.0000,0.0000,0.0000,0.0000,0.0000,0.0000,96.1907,98.0954,0.0000,0.0000
175.6500,0.0000,0.0000,0.0000,0.0000,0.0000,36.9315,0.0000,0.0000,0.0000,0.0000,0.0000,0.0000,0.0000,0.0000,0.0000,0.0000,0.0000,0.0000,0.0000,0.0000,0.0000,91.8093,95.9046,0.0000,0.0000
175.7000,0.0000,0.0000,0.0000,0.0000,0.0000,17.5145,0.0000,0.0000,0.0000,0.0000,0.0000,0.0000,0.0000,0.0000,0.0000,0.0000,0.0000,0.0000,0.0000,0.0000,0.0000,88.6950,94.3475,0.0000,0.0000
175.7500,0.0000,0.0000,0.0000,0.0000,0.0000,13.1810,0.0000,0.0000,0.0000,0.0000,0.0000,0.0000,0.0000,0.0000,0.0000,0.0000,0.0000,0.0000,0.0000,0.0000,0.0000,88.0000,94.0000,0.0000,0.0000
175.8000,0.0000,0.0000,0.0000,0.0000,0.0000,13.1810,0.0000,0.0000,0.0000,0.0000,0.0000,0.0000,0.0000,0.0000,0.0000,0.0000,0.0000,0.0000,0.0000,0.0000,0.0000,88.0000,94.0000,0.0000,0.0000
175.8500,0.0000,0.0000,0.0000,0.0000,0.0000,13.1810,0.0000,0.0000,0.0000,0.0000,0.0000,0.0000,0.0000,0.0000,0.0000,0.0000,0.0000,0.0000,0.0000,0.0000,0.0000,88.0000,94.0000,0.0000,0.0000
175.9000,0.0000,0.0000,0.0000,0.0000,0.0000,13.1810,0.0000,0.0000,0.0000,0.0000,0.0000,0.0000,0.0000,0.0000,0.0000,0.0000,0.0000,0.0000,0.0000,0.0000,0.0000,88.0000,94.0000,0.0000,0.0000
175.9500,0.0000,0.0000,0.0000,0.0000,0.0000,13.1810,0.0000,0.0000,0.0000,0.0000,0.0000,0.0000,0.0000,0.0000,0.0000,0.0000,0.0000,0.0000,0.0000,0.0000,0.0000,88.0000,94.0000,0.0000,0.0000
176.0000,0.0000,0.0000,0.0000,0.0000,0.0000,13.1810,0.0000,0.0000,0.0000,0.0000,0.0000,0.0000,0.0000,0.0000,0.0000,0.0000,0.0000,0.0000,0.0000,0.0000,0.0000,88.0000,94.0000,0.0000,0.0000
176.0500,0.0000,0.0000,0.0000,0.0000,0.0000,15.3179,0.0000,0.0000,0.0000,0.0000,0.0000,0.0000,0.0000,0.0000,0.0000,0.0000,0.0000,0.0000,0.0000,0.0000,0.0000,88.6950,94.3475,0.0000,0.0000
176.1000,0.0000,0.0000,0.0000,0.0000,0.0000,24.8930,0.0000,0.0000,0.0000,0.0000,0.0000,0.0000,0.0000,0.0000,0.0000,0.0000,0.0000,0.0000,0.0000,0.0000,0.0000,91.8093,95.9046,0.0000,0.0000
176.1500,0.0000,0.0000,0.0000,0.0000,0.0000,38.3643,0.0000,0.0000,0.0000,0.0000,0.0000,0.0000,0.0000,0.0000,0.0000,0.0000,0.0000,0.0000,0.0000,0.0000,0.0000,96.1907,98.0954,0.0000,0.0000
176.2000,0.0000,0.0000,0.0000,0.0000,0.0000,47.9394,0.0000,0.0000,0.0000,0.0000,0.0000,0.0000,0.0000,0.0000,0.0000,0.0000,0.0000,0.0000,0.0000,0.0000,0.0000,99.3050,99.6525,0.0000,0.0000
176.2500,0.0000,0.0000,0.0000,0.0000,0.0000,50.0763,0.0000,0.0000,0.0000,0.0000,0.0000,0.0000,0.0000,0.0000,0.0000,0.0000,0.0000,0.0000,0.0000,0.0000,0.0000,100.0000,100.0000,0.0000,0.0000
176.3000,0.0000,0.0000,0.0000,0.0000,0.0000,50.0763,0.0000,0.0000,0.0000,0.0000,0.0000,0.0000,0.0000,0.0000,0.0000,0.0000,0.0000,0.0000,0.0000,0.0000,0.0000,100.0000,100.0000,0.0000,0.0000
176.3500,0.0000,0.0000,0.0000,0.0000,0.0000,50.0763,0.0000,0.0000,0.0000,0.0000,0.0000,0.0000,0.0000,0.0000,0.0000,0.0000,0.0000,0.0000,0.0000,0.0000,0.0000,100.0000,100.0000,0.0000,0.0000
176.4000,0.0000,0.0000,0.0000,0.0000,0.0000,50.0763,0.0000,0.0000,0.0000,0.0000,0.0000,0.0000,0.0000,0.0000,0.0000,0.0000,0.0000,0.0000,0.0000,0.0000,0.0000,100.0000,100.0000,0.0000,0.0000
176.4500,0.0000,0.0000,0.0000,0.0000,0.0000,50.0763,0.0000,0.0000,0.0000,0.0000,0.0000,0.0000,0.0000,0.0000,0.0000,0.0000,0.0000,0.0000,0.0000,0.0000,0.0000,100.0000,100.0000,0.0000,0.0000
176.5000,0.0000,0.0000,0.0000,0.0000,0.0000,50.0763,0.0000,0.0000,0.0000,0.0000,0.0000,0.0000,0.0000,0.0000,0.0000,0.0000,0.0000,0.0000,0.0000,0.0000,0.0000,100.0000,100.0000,0.0000,0.0000
176.5500,0.0000,0.0000,0.0000,0.0000,0.0000,49.7721,0.0000,0.0000,0.0000,0.0000,0.0000,0.0000,0.0000,0.0000,0.0000,0.0000,0.0000,0.0000,0.0000,0.0000,0.0000,97.3006,100.0000,0.0000,0.0000
176.6000,0.0000,0.0000,0.0000,0.0000,0.0000,48.4087,0.0000,0.0000,0.0000,0.0000,0.0000,0.0000,0.0000,0.0000,0.0000,0.0000,0.0000,0.0000,0.0000,0.0000,0.0000,85.2054,100.0000,0.0000,0.0000
176.6500,0.0000,0.0000,0.0000,0.0000,0.0000,46.4905,0.0000,0.0000,0.0000,0.0000,0.0000,0.0000,0.0000,0.0000,0.0000,0.0000,0.0000,0.0000,0.0000,0.0000,0.0000,68.1885,100.0000,0.0000,0.0000
176.7000,0.0000,0.0000,0.0000,0.0000,0.0000,45.1271,0.0000,0.0000,0.0000,0.0000,0.0000,0.0000,0.0000,0.0000,0.0000,0.0000,0.0000,0.0000,0.0000,0.0000,0.0000,56.0933,100.0000,0.0000,0.0000
176.7500,0.0000,0.0000,0.0000,0.0000,0.0000,44.8228,0.0000,0.0000,0.0000,0.0000,0.0000,0.0000,0.0000,0.0000,0.0000,0.0000,0.0000,0.0000,0.0000,0.0000,0.0000,53.3939,100.0000,0.0000,0.0000
176.8000,0.0000,0.0000,0.0000,0.0000,0.0000,44.8228,0.0000,0.0000,0.0000,0.0000,0.0000,0.0000,0.0000,0.0000,0.0000,0.0000,0.0000,0.0000,0.0000,0.0000,0.0000,53.3939,100.0000,0.0000,0.0000
176.8500,0.0000,0.0000,0.0000,0.0000,0.0000,44.8228,0.0000,0.0000,0.0000,0.0000,0.0000,0.0000,0.0000,0.0000,0.0000,0.0000,0.0000,0.0000,0.0000,0.0000,0.0000,53.3939,100.0000,0.0000,0.0000
176.9000,0.0000,0.0000,0.0000,0.0000,0.0000,44.8228,0.0000,0.0000,0.0000,0.0000,0.0000,0.0000,0.0000,0.0000,0.0000,0.0000,0.0000,0.0000,0.0000,0.0000,0.0000,53.3939,100.0000,0.0000,0.0000
176.9500,0.0000,0.0000,0.0000,0.0000,0.0000,44.8228,0.0000,0.0000,0.0000,0.0000,0.0000,0.0000,0.0000,0.0000,0.0000,0.0000,0.0000,0.0000,0.0000,0.0000,0.0000,53.3939,100.0000,0.0000,0.0000
177.0000,0.0000,0.0000,0.0000,0.0000,0.0000,44.8228,0.0000,0.0000,0.0000,0.0000,0.0000,0.0000,0.0000,0.0000,0.0000,0.0000,0.0000,0.0000,0.0000,0.0000,0.0000,53.3939,100.0000,0.0000,0.0000
177.0500,0.0000,0.0000,0.0000,0.0000,0.0000,42.2267,0.0000,0.0000,0.0000,0.0000,0.0000,0.0000,0.0000,0.0000,0.0000,0.0000,0.0000,0.0000,0.0000,0.0000,0.0000,53.4263,100.0000,5.0959,0.0000
177.1000,0.0000,0.0000,0.0000,0.0000,0.0000,30.5942,0.0000,0.0000,0.0000,0.0000,0.0000,0.0000,0.0000,0.0000,0.0000,0.0000,0.0000,0.0000,0.0000,0.0000,0.0000,53.5715,100.0000,27.9290,0.0000
177.1500,0.0000,0.0000,0.0000,0.0000,0.0000,14.2285,0.0000,0.0000,0.0000,0.0000,0.0000,0.0000,0.0000,0.0000,0.0000,0.0000,0.0000,0.0000,0.0000,0.0000,0.0000,53.7758,100.0000,60.0529,0.0000
177.2000,0.0000,0.0000,0.0000,0.0000,0.0000,2.5961,0.0000,0.0000,0.0000,0.0000,0.0000,0.0000,0.0000,0.0000,0.0000,0.0000,0.0000,0.0000,0.0000,0.0000,0.0000,53.9210,100.0000,82.8859,0.0000
177.2500,0.0000,0.0000,0.0000,0.0000,0.0000,0.0000,0.0000,0.0000,0.0000,0.0000,0.0000,0.0000,0.0000,0.0000,0.0000,0.0000,0.0000,0.0000,0.0000,0.0000,0.0000,53.9534,100.0000,87.9818,0.0000
177.3000,0.0000,0.0000,0.0000,0.0000,0.0000,0.0000,0.0000,0.0000,0.0000,0.0000,0.0000,0.0000,0.0000,0.0000,0.0000,0.0000,0.0000,0.0000,0.0000,0.0000,0.0000,53.9534,100.0000,87.9818,0.0000
177.3500,0.0000,0.0000,0.0000,0.0000,0.0000,0.0000,0.0000,0.0000,0.0000,0.0000,0.0000,0.0000,0.0000,0.0000,0.0000,0.0000,0.0000,0.0000,0.0000,0.0000,0.0000,53.9534,100.0000,87.9818,0.0000
177.4000,0.0000,0.0000,0.0000,0.0000,0.0000,0.0000,0.0000,0.0000,0.0000,0.0000,0.0000,0.0000,0.0000,0.0000,0.0000,0.0000,0.0000,0.0000,0.0000,0.0000,0.0000,53.9534,100.0000,87.9818,0.0000
177.4500,0.0000,0.0000,0.0000,0.0000,0.0000,0.0000,0.0000,0.0000,0.0000,0.0000,0.0000,0.0000,0.0000,0.0000,0.0000,0.0000,0.0000,0.0000,0.0000,0.0000,0.0000,53.9534,100.0000,87.9818,0.0000
177.5000,0.0000,0.0000,0.0000,0.0000,0.0000,0.0000,0.0000,0.0000,0.0000,0.0000,0.0000,0.0000,0.0000,0.0000,0.0000,0.0000,0.0000,0.0000,0.0000,0.0000,0.0000,53.9534,100.0000,87.9818,0.0000
177.5500,0.0000,0.0000,0.0000,0.0000,0.0000,0.0000,0.0000,0.0000,0.0000,0.0000,0.0000,0.0000,0.0000,0.0000,0.0000,0.0000,0.0000,0.0000,0.0000,0.0000,0.0000,54.5548,100.0000,86.2442,0.0000
177.6000,0.0000,0.0000,0.0000,0.0000,0.0000,0.0000,0.0000,0.0000,0.0000,0.0000,0.0000,0.0000,0.0000,0.0000,0.0000,0.0000,0.0000,0.0000,0.0000,0.0000,0.0000,57.2497,100.0000,78.4586,0.0000
177.6500,0.0000,0.0000,0.0000,0.0000,0.0000,0.0000,0.0000,0.0000,0.0000,0.0000,0.0000,0.0000,0.0000,0.0000,0.0000,0.0000,0.0000,0.0000,0.0000,0.0000,0.0000,61.0412,100.0000,67.5050,0.0000
177.7000,0.0000,0.0000,0.0000,0.0000,0.0000,0.0000,0.0000,0.0000,0.0000,0.0000,0.0000,0.0000,0.0000,0.0000,0.0000,0.0000,0.0000,0.0000,0.0000,0.0000,0.0000,63.7361,100.0000,59.7194,0.0000
177.7500,0.0000,0.0000,0.0000,0.0000,0.0000,0.0000,0.0000,0.0000,0.0000,0.0000,0.0000,0.0000,0.0000,0.0000,0.0000,0.0000,0.0000,0.0000,0.0000,0.0000,0.0000,64.3376,100.0000,57.9818,0.0000
177.8000,0.0000,0.0000,0.0000,0.0000,0.0000,0.0000,0.0000,0.0000,0.0000,0.0000,0.0000,0.0000,0.0000,0.0000,0.0000,0.0000,0.0000,0.0000,0.0000,0.0000,0.0000,64.3376,100.0000,57.9818,0.0000
177.8500,0.0000,0.0000,0.0000,0.0000,0.0000,0.0000,0.0000,0.0000,0.0000,0.0000,0.0000,0.0000,0.0000,0.0000,0.0000,0.0000,0.0000,0.0000,0.0000,0.0000,0.0000,64.3376,100.0000,57.9818,0.0000
177.9000,0.0000,0.0000,0.0000,0.0000,0.0000,0.0000,0.0000,0.0000,0.0000,0.0000,0.0000,0.0000,0.0000,0.0000,0.0000,0.0000,0.0000,0.0000,0.0000,0.0000,0.0000,64.3376,100.0000,57.9818,0.0000
177.9500,0.0000,0.0000,0.0000,0.0000,0.0000,0.0000,0.0000,0.0000,0.0000,0.0000,0.0000,0.0000,0.0000,0.0000,0.0000,0.0000,0.0000,0.0000,0.0000,0.0000,0.0000,64.3376,100.0000,57.9818,0.0000
178.0000,0.0000,0.0000,0.0000,0.0000,0.0000,0.0000,0.0000,0.0000,0.0000,0.0000,0.0000,0.0000,0.0000,0.0000,0.0000,0.0000,0.0000,0.0000,0.0000,0.0000,0.0000,64.3376,100.0000,57.9818,0.0000
178.0500,0.0000,0.0000,0.0000,0.0000,0.0000,0.0000,0.0000,0.0000,0.0000,0.0000,0.0000,0.0000,0.0000,0.0000,0.0000,0.0000,0.0000,0.0000,0.0000,0.0000,0.0000,63.4145,99.6525,58.3294,0.0000
178.1000,0.0000,0.0000,0.0000,0.0000,0.0000,0.0000,0.0000,0.0000,0.0000,0.0000,0.0000,0.0000,0.0000,0.0000,0.0000,0.0000,0.0000,0.0000,0.0000,0.0000,0.0000,59.2786,98.0954,59.8865,0.0000
178.1500,0.0000,0.0000,0.0000,0.0000,0.0000,0.0000,0.0000,0.0000,0.0000,0.0000,0.0000,0.0000,0.0000,0.0000,0.0000,0.0000,0.0000,0.0000,0.0000,0.0000,0.0000,53.4597,95.9046,62.0772,0.0000
178.2000,0.0000,0.0000,0.0000,0.0000,0.0000,0.0000,0.0000,0.0000,0.0000,0.0000,0.0000,0.0000,0.0000,0.0000,0.0000,0.0000,0.0000,0.0000,0.0000,0.0000,0.0000,49.3238,94.3475,63.6343,0.0000
178.2500,0.0000,0.0000,0.0000,0.0000,0.0000,0.0000,0.0000,0.0000,0.0000,0.0000,0.0000,0.0000,0.0000,0.0000,0.0000,0.0000,0.0000,0.0000,0.0000,0.0000,0.0000,48.4008,94.0000,63.9818,0.0000
178.3000,0.0000,0.0000,0.0000,0.0000,0.0000,0.0000,0.0000,0.0000,0.0000,0.0000,0.0000,0.0000,0.0000,0.0000,0.0000,0.0000,0.0000,0.0000,0.0000,0.0000,0.0000,48.4008,94.0000,63.9818,0.0000
178.3500,0.0000,0.0000,0.0000,0.0000,0.0000,0.0000,0.0000,0.0000,0.0000,0.0000,0.0000,0.0000,0.0000,0.0000,0.0000,0.0000,0.0000,0.0000,0.0000,0.0000,0.0000,48.4008,94.0000,63.9818,0.0000
178.4000,0.0000,0.0000,0.0000,0.0000,0.0000,0.0000,0.0000,0.0000,0.0000,0.0000,0.0000,0.0000,0.0000,0.0000,0.0000,0.0000,0.0000,0.0000,0.0000,0.0000,0.0000,48.4008,94.0000,63.9818,0.0000
178.4500,0.0000,0.0000,0.0000,0.0000,0.0000,0.0000,0.0000,0.0000,0.0000,0.0000,0.0000,0.0000,0.0000,0.0000,0.0000,0.0000,0.0000,0.0000,0.0000,0.0000,0.0000,48.4008,94.0000,63.9818,0.0000
178.5000,0.0000,0.0000,0.0000,0.0000,0.0000,0.0000,0.0000,0.0000,0.0000,0.0000,0.0000,0.0000,0.0000,0.0000,0.0000,0.0000,0.0000,0.0000,0.0000,0.0000,0.0000,48.4008,94.0000,63.9818,0.0000
178.5500,0.0000,0.0000,0.0000,0.0000,0.0000,0.0000,0.0000,0.0000,0.0000,0.0000,0.0000,0.0000,0.0000,0.0000,0.0000,0.0000,0.0000,0.0000,0.0000,0.0000,0.0000,50.8223,94.0000,63.2868,0.0000
178.6000,0.0000,0.0000,0.0000,0.0000,0.0000,0.0000,0.0000,0.0000,0.0000,0.0000,0.0000,0.0000,0.0000,0.0000,0.0000,0.0000,0.0000,0.0000,0.0000,0.0000,0.0000,61.6727,94.0000,60.1726,0.0000
178.6500,0.0000,0.0000,0.0000,0.0000,0.0000,0.0000,0.0000,0.0000,0.0000,0.0000,0.0000,0.0000,0.0000,0.0000,0.0000,0.0000,0.0000,0.0000,0.0000,0.0000,0.0000,76.9381,94.0000,55.7911,0.0000
178.7000,0.0000,0.0000,0.0000,0.0000,0.0000,0.0000,0.0000,0.0000,0.0000,0.0000,0.0000,0.0000,0.0000,0.0000,0.0000,0.0000,0.0000,0.0000,0.0000,0.0000,0.0000,87.7884,94.0000,52.6769,0.0000
178.7500,0.0000,0.0000,0.0000,0.0000,0.0000,0.0000,0.0000,0.0000,0.0000,0.0000,0.0000,0.0000,0.0000,0.0000,0.0000,0.0000,0.0000,0.0000,0.0000,0.0000,0.0000,90.2100,94.0000,51.9818,0.0000
178.8000,0.0000,0.0000,0.0000,0.0000,0.0000,0.0000,0.0000,0.0000,0.0000,0.0000,0.0000,0.0000,0.0000,0.0000,0.0000,0.0000,0.0000,0.0000,0.0000,0.0000,0.0000,90.2100,94.0000,51.9818,0.0000
178.8500,0.0000,0.0000,0.0000,0.0000,0.0000,0.0000,0.0000,0.0000,0.0000,0.0000,0.0000,0.0000,0.0000,0.0000,0.0000,0.0000,0.0000,0.0000,0.0000,0.0000,0.0000,90.2100,94.0000,51.9818,0.0000
178.9000,0.0000,0.0000,0.0000,0.0000,0.0000,0.0000,0.0000,0.0000,0.0000,0.0000,0.0000,0.0000,0.0000,0.0000,0.0000,0.0000,0.0000,0.0000,0.0000,0.0000,0.0000,90.2100,94.0000,51.9818,0.0000
178.9500,0.0000,0.0000,0.0000,0.0000,0.0000,0.0000,0.0000,0.0000,0.0000,0.0000,0.0000,0.0000,0.0000,0.0000,0.0000,0.0000,0.0000,0.0000,0.0000,0.0000,0.0000,90.2100,94.0000,51.9818,0.0000
179.0000,0.0000,0.0000,0.0000,0.0000,0.0000,0.0000,0.0000,0.0000,0.0000,0.0000,0.0000,0.0000,0.0000,0.0000,0.0000,0.0000,0.0000,0.0000,0.0000,0.0000,0.0000,90.2100,94.0000,51.9818,0.0000
179.0500,0.0000,0.0000,0.0000,0.0000,0.0000,0.0000,0.0000,0.0000,0.0000,0.0000,0.0000,0.0000,0.0000,0.0000,0.0000,0.0000,0.0000,0.0000,0.0000,0.7484,0.0000,90.4296,94.3475,48.9711,0.0000
179.1000,0.0000,0.0000,0.0000,0.0000,0.0000,0.0000,0.0000,0.0000,0.0000,0.0000,0.0000,0.0000,0.0000,0.0000,0.0000,0.0000,0.0000,0.0000,0.0000,4.1015,0.0000,91.4131,95.9046,35.4807,0.0000
179.1500,0.0000,0.0000,0.0000,0.0000,0.0000,0.0000,0.0000,0.0000,0.0000,0.0000,0.0000,0.0000,0.0000,0.0000,0.0000,0.0000,0.0000,0.0000,0.0000,8.8190,0.0000,92.7969,98.0954,16.5011,0.0000
179.2000,0.0000,0.0000,0.0000,0.0000,0.0000,0.0000,0.0000,0.0000,0.0000,0.0000,0.0000,0.0000,0.0000,0.0000,0.0000,0.0000,0.0000,0.0000,0.0000,12.1721,0.0000,93.7805,99.6525,3.0108,0.0000
179.2500,0.0000,0.0000,0.0000,0.0000,0.0000,0.0000,0.0000,0.0000,0.0000,0.0000,0.0000,0.0000,0.0000,0.0000,0.0000,0.0000,0.0000,0.0000,0.0000,12.9204,0.0000,94.0000,100.0000,0.0000,0.0000
179.3000,0.0000,0.0000,0.0000,0.0000,0.0000,0.0000,0.0000,0.0000,0.0000,0.0000,0.0000,0.0000,0.0000,0.0000,0.0000,0.0000,0.0000,0.0000,0.0000,12.9204,0.0000,94.0000,100.0000,0.0000,0.0000
179.3500,0.0000,0.0000,0.0000,0.0000,0.0000,0.0000,0.0000,0.0000,0.0000,0.0000,0.0000,0.0000,0.0000,0.0000,0.0000,0.0000,0.0000,0.0000,0.0000,12.9204,0.0000,94.0000,100.0000,0.0000,0.0000
179.4000,0.0000,0.0000,0.0000,0.0000,0.0000,0.0000,0.0000,0.0000,0.0000,0.0000,0.0000,0.0000,0.0000,0.0000,0.0000,0.0000,0.0000,0.0000,0.0000,12.9204,0.0000,94.0000,100.0000,0.0000,0.0000
179.4500,0.0000,0.0000,0.0000,0.0000,0.0000,0.0000,0.0000,0.0000,0.0000,0.0000,0.0000,0.0000,0.0000,0.0000,0.0000,0.0000,0.0000,0.0000,0.0000,12.9204,0.0000,94.0000,100.0000,0.0000,0.0000
179.5000,0.0000,0.0000,0.0000,0.0000,0.0000,0.0000,0.0000,0.0000,0.0000,0.0000,0.0000,0.0000,0.0000,0.0000,0.0000,0.0000,0.0000,0.0000,0.0000,12.9204,0.0000,94.0000,100.0000,0.0000,0.0000
179.5500,0.0000,0.0000,0.0000,0.0000,0.0000,0.0000,0.0000,0.0000,0.0000,0.0000,0.0000,0.0000,0.0000,0.0000,0.0000,0.0000,0.0000,0.0000,0.0000,13.2679,0.0000,91.6653,100.0000,0.0000,0.0000
179.6000,0.0000,0.0000,0.0000,0.0000,0.0000,0.0000,0.0000,0.0000,0.0000,0.0000,0.0000,0.0000,0.0000,0.0000,0.0000,0.0000,0.0000,0.0000,0.0000,14.8251,0.0000,81.2045,100.0000,0.0000,0.0000
179.6500,0.0000,0.0000,0.0000,0.0000,0.0000,0.0000,0.0000,0.0000,0.0000,0.0000,0.0000,0.0000,0.0000,0.0000,0.0000,0.0000,0.0000,0.0000,0.0000,17.0158,0.0000,66.4870,100.0000,0.0000,0.0000
179.7000,0.0000,0.0000,0.0000,0.0000,0.0000,0.0000,0.0000,0.0000,0.0000,0.0000,0.0000,0.0000,0.0000,0.0000,0.0000,0.0000,0.0000,0.0000,0.0000,18.5729,0.0000,56.0261,100.0000,0.0000,0.0000
179.7500,0.0000,0.0000,0.0000,0.0000,0.0000,0.0000,0.0000,0.0000,0.0000,0.0000,0.0000,0.0000,0.0000,0.0000,0.0000,0.0000,0.0000,0.0000,0.0000,18.9204,0.0000,53.6915,100.0000,0.0000,0.0000
179.8000,0.0000,0.0000,0.0000,0.0000,0.0000,0.0000,0.0000,0.0000,0.0000,0.0000,0.0000,0.0000,0.0000,0.0000,0.0000,0.0000,0.0000,0.0000,0.0000,18.9204,0.0000,53.6915,100.0000,0.0000,0.0000
179.8500,0.0000,0.0000,0.0000,0.0000,0.0000,0.0000,0.0000,0.0000,0.0000,0.0000,0.0000,0.0000,0.0000,0.0000,0.0000,0.0000,0.0000,0.0000,0.0000,18.9204,0.0000,53.6915,100.0000,0.0000,0.0000
179.9000,0.0000,0.0000,0.0000,0.0000,0.0000,0.0000,0.0000,0.0000,0.0000,0.0000,0.0000,0.0000,0.0000,0.0000,0.0000,0.0000,0.0000,0.0000,0.0000,18.9204,0.0000,53.6915,100.0000,0.0000,0.0000
179.9500,0.0000,0.0000,0.0000,0.0000,0.0000,0.0000,0.0000,0.0000,0.0000,0.0000,0.0000,0.0000,0.0000,0.0000,0.0000,0.0000,0.0000,0.0000,0.0000,18.9204,0.0000,53.6915,100.0000,0.0000,0.0000
180.0000,0.0000,0.0000,0.0000,0.0000,0.0000,0.0000,0.0000,0.0000,0.0000,0.0000,0.0000,0.0000,0.0000,0.0000,0.0000,0.0000,0.0000,0.0000,0.0000,18.9204,0.0000,53.6915,100.0000,0.0000,0.0000
180.0500,0.0001,0.0000,0.0000,0.0000,0.0000,0.0000,0.0000,0.0000,0.0000,0.0000,0.0000,0.0000,0.0000,0.0000,0.0000,0.0000,0.0000,0.0000,0.0000,18.9204,0.0000,53.6914,99.9999,0.0000,0.0000
180.1000,0.0006,0.0000,0.0000,0.0000,0.0000,0.0000,0.0000,0.0000,0.0000,0.0000,0.0000,0.0000,0.0000,0.0000,0.0000,0.0000,0.0000,0.0000,0.0000,18.9203,0.0000,53.6911,99.9994,0.0000,0.0000
180.1500,0.0019,0.0000,0.0000,0.0000,0.0000,0.0000,0.0000,0.0000,0.0000,0.0000,0.0000,0.0000,0.0000,0.0000,0.0000,0.0000,0.0000,0.0000,0.0000,18.9201,0.0000,53.6904,99.9981,0.0000,0.0000
180.2000,0.0045,0.0000,0.0000,0.0000,0.0000,0.0000,0.0000,0.0000,0.0000,0.0000,0.0000,0.0000,0.0000,0.0000,0.0000,0.0000,0.0000,0.0000,0.0000,18.9196,0.0000,53.6890,99.9955,0.0000,0.0000
180.2500,0.0088,0.0000,0.0000,0.0000,0.0000,0.0000,0.0000,0.0000,0.0000,0.0000,0.0000,0.0000,0.0000,0.0000,0.0000,0.0000,0.0000,0.0000,0.0000,18.9188,0.0000,53.6867,99.9912,0.0000,0.0000
180.3000,0.0150,0.0000,0.0000,0.0000,0.0000,0.0000,0.0000,0.0000,0.0000,0.0000,0.0000,0.0000,0.0000,0.0000,0.0000,0.0000,0.0000,0.0000,0.0000,18.9176,0.0000,53.6834,99.9850,0.0000,0.0000
180.3500,0.0237,0.0000,0.0000,0.0000,0.0000,0.0000,0.0000,0.0000,0.0000,0.0000,0.0000,0.0000,0.0000,0.0000,0.0000,0.0000,0.0000,0.0000,0.0000,18.9159,0.0000,53.6787,99.9763,0.0000,0.0000
180.4000,0.0352,0.0000,0.0000,0.0000,0.0000,0.0000,0.0000,0.0000,0.0000,0.0000,0.0000,0.0000,0.0000,0.0000,0.0000,0.0000,0.0000,0.0000,0.0000,18.9138,0.0000,53.6725,99.9648,0.0000,0.0000
180.4500,0.0498,0.0000,0.0000,0.0000,0.0000,0.0000,0.0000,0.0000,0.0000,0.0000,0.0000,0.0000,0.0000,0.0000,0.0000,0.0000,0.0000,0.0000,0.0000,18.9110,0.0000,53.6647,99.9502,0.0000,0.0000
180.5000,0.0679,0.0000,0.0000,0.0000,0.0000,0.0000,0.0000,0.0000,0.0000,0.0000,0.0000,0.0000,0.0000,0.0000,0.0000,0.0000,0.0000,0.0000,0.0000,18.9076,0.0000,53.6550,99.9321,0.0000,0.0000
180.5500,0.0898,0.0000,0.0000,0.0000,0.0000,0.0000,0.0000,0.0000,0.0000,0.0000,0.0000,0.0000,0.0000,0.0000,0.0000,0.0000,0.0000,0.0000,0.0000,18.9034,0.0000,53.6432,99.9102,0.0000,0.0000
180.6000,0.1158,0.0000,0.0000,0.0000,0.0000,0.0000,0.0000,0.0000,0.0000,0.0000,0.0000,0.0000,0.0000,0.0000,0.0000,0.0000,0.0000,0.0000,0.0000,18.8985,0.0000,53.6293,99.8842,0.0000,0.0000
180.6500,0.1463,0.0000,0.0000,0.0000,0.0000,0.0000,0.0000,0.0000,0.0000,0.0000,0.0000,0.0000,0.0000,0.0000,0.0000,0.0000,0.0000,0.0000,0.0000,18.8927,0.0000,53.6129,99.8537,0.0000,0.0000
180.7000,0.1815,0.0000,0.0000,0.0000,0.0000,0.0000,0.0000,0.0000,0.0000,0.0000,0.0000,0.0000,0.0000,0.0000,0.0000,0.0000,0.0000,0.0000,0.0000,18.8861,0.0000,53.5940,99.8185,0.0000,0.0000
180.7500,0.2218,0.0000,0.0000,0.0000,0.0000,0.0000,0.0000,0.0000,0.0000,0.0000,0.0000,0.0000,0.0000,0.0000,0.0000,0.0000,0.0000,0.0000,0.0000,18.8785,0.0000,53.5723,99.7782,0.0000,0.0000
180.8000,0.2675,0.0000,0.0000,0.0000,0.0000,0.0000,0.0000,0.0000,0.0000,0.0000,0.0000,0.0000,0.0000,0.0000,0.0000,0.0000,0.0000,0.0000,0.0000,18.8698,0.0000,53.5478,99.7325,0.0000,0.0000
180.8500,0.3187,0.0000,0.0000,0.0000,0.0000,0.0000,0.0000,0.0000,0.0000,0.0000,0.0000,0.0000,0.0000,0.0000,0.0000,0.0000,0.0000,0.0000,0.0000,18.8601,0.0000,53.5203,99.6813,0.0000,0.0000
180.9000,0.3758,0.0000,0.0000,0.0000,0.0000,0.0000,0.0000,0.0000,0.0000,0.0000,0.0000,0.0000,0.0000,0.0000,0.0000,0.0000,0.0000,0.0000,0.0000,18.8493,0.0000,53.4897,99.6242,0.0000,0.0000
180.9500,0.4391,0.0000,0.0000,0.0000,0.0000,0.0000,0.0000,0.0000,0.0000,0.0000,0.0000,0.0000,0.0000,0.0000,0.0000,0.0000,0.0000,0.0000,0.0000,18.8373,0.0000,53.4557,99.5609,0.0000,0.0000
181.0000,0.5088,0.0000,0.0000,0.0000,0.0000,0.0000,0.0000,0.0000,0.0000,0.0000,0.0000,0.0000,0.0000,0.0000,0.0000,0.0000,0.0000,0.0000,0.0000,18.8242,0.0000,53.4183,99.4912,0.0000,0.0000
181.0500,0.5851,0.0000,0.0000,0.0000,0.0000,0.0000,0.0000,0.0000,0.0000,0.0000,0.0000,0.0000,0.0000,0.0000,0.0000,0.0000,0.0000,0.0000,0.0000,18.8097,0.0000,53.3773,99.4149,0.0000,0.0000
181.1000,0.6682,0.0000,0.0000,0.0000,0.0000,0.0000,0.0000,0.0000,0.0000,0.0000,0.0000,0.0000,0.0000,0.0000,0.0000,0.0000,0.0000,0.0000,0.0000,18.7940,0.0000,53.3327,99.3318,0.0000,0.0000
181.1500,0.7585,0.0000,0.0000,0.0000,0.0000,0.0000,0.0000,0.0000,0.0000,0.0000,0.0000,0.0000,0.0000,0.0000,0.0000,0.0000,0.0000,0.0000,0.0000,18.7769,0.0000,53.2842,99.2415,0.0000,0.0000
181.2000,0.8560,0.0000,0.0000,0.0000,0.0000,0.0000,0.0000,0.0000,0.0000,0.0000,0.0000,0.0000,0.0000,0.0000,0.0000,0.0000,0.0000,0.0000,0.0000,18.7585,0.0000,53.2319,99.1440,0.0000,0.0000
181.2500,0.9610,0.0000,0.0000,0.0000,0.0000,0.0000,0.0000,0.0000,0.0000,0.0000,0.0000,0.0000,0.0000,0.0000,0.0000,0.0000,0.0000,0.0000,0.0000,18.7386,0.0000,53.1755,99.0390,0.0000,0.0000
181.3000,1.0738,0.0000,0.0000,0.0000,0.0000,0.0000,0.0000,0.0000,0.0000,0.0000,0.0000,0.0000,0.0000,0.0000,0.0000,0.0000,0.0000,0.0000,0.0000,18.7173,0.0000,53.1149,98.9262,0.0000,0.0000
181.3500,1.1944,0.0000,0.0000,0.0000,0.0000,0.0000,0.0000,0.0000,0.0000,0.0000,0.0000,0.0000,0.0000,0.0000,0.0000,0.0000,0.0000,0.0000,0.0000,18.6944,0.0000,53.0502,98.8056,0.0000,0.0000
181.4000,1.3230,0.0000,0.0000,0.0000,0.0000,0.0000,0.0000,0.0000,0.0000,0.0000,0.0000,0.0000,0.0000,0.0000,0.0000,0.0000,0.0000,0.0000,0.0000,18.6701,0.0000,52.9811,98.6770,0.0000,0.0000
181.4500,1.4599,0.0000,0.0000,0.0000,0.0000,0.0000,0.0000,0.0000,0.0000,0.0000,0.0000,0.0000,0.0000,0.0000,0.0000,0.0000,0.0000,0.0000,0.0000,18.6442,0.0000,52.9076,98.5401,0.0000,0.0000
181.5000,1.6052,0.0000,0.0000,0.0000,0.0000,0.0000,0.0000,0.0000,0.0000,0.0000,0.0000,0.0000,0.0000,0.0000,0.0000,0.0000,0.0000,0.0000,0.0000,18.6167,0.0000,52.8296,98.3948,0.0000,0.0000
181.5500,1.7591,0.0000,0.0000,0.0000,0.0000,0.0000,0.0000,0.0000,0.0000,0.0000,0.0000,0.0000,0.0000,0.0000,0.0000,0.0000,0.0000,0.0000,0.0000,18.5876,0.0000,52.7470,98.2409,0.0000,0.0000
181.6000,1.9216,0.0000,0.0000,0.0000,0.0000,0.0000,0.0000,0.0000,0.0000,0.0000,0.0000,0.0000,0.0000,0.0000,0.0000,0.0000,0.0000,0.0000,0.0000,18.5569,0.0000,52.6597,98.0784,0.0000,0.0000
181.6500,2.0929,0.0000,0.0000,0.0000,0.0000,0.0000,0.0000,0.0000,0.0000,0.0000,0.0000,0.0000,0.0000,0.0000,0.0000,0.0000,0.0000,0.0000,0.0000,18.5244,0.0000,52.5677,97.9071,0.0000,0.0000
181.7000,2.2732,0.0000,0.0000,0.0000,0.0000,0.0000,0.0000,0.0000,0.0000,0.0000,0.0000,0.0000,0.0000,0.0000,0.0000,0.0000,0.0000,0.0000,0.0000,18.4903,0.0000,52.4709,97.7268,0.0000,0.0000
181.7500,2.4626,0.0000,0.0000,0.0000,0.0000,0.0000,0.0000,0.0000,0.0000,0.0000,0.0000,0.0000,0.0000,0.0000,0.0000,0.0000,0.0000,0.0000,0.0000,18.4545,0.0000,52.3692,97.5374,0.0000,0.0000
181.8000,2.6612,0.0000,0.0000,0.0000,0.0000,0.0000,0.0000,0.0000,0.0000,0.0000,0.0000,0.0000,0.0000,0.0000,0.0000,0.0000,0.0000,0.0000,0.0000,18.4169,0.0000,52.2626,97.3388,0.0000,0.0000
181.8500,2.8691,0.0000,0.0000,0.0000,0.0000,0.0000,0.0000,0.0000,0.0000,0.0000,0.0000,0.0000,0.0000,0.0000,0.0000,0.0000,0.0000,0.0000,0.0000,18.3776,0.0000,52.1510,97.1309,0.0000,0.0000
181.9000,3.0863,0.0000,0.0000,0.0000,0.0000,0.0000,0.0000,0.0000,0.0000,0.0000,0.0000,0.0000,0.0000,0.0000,0.0000,0.0000,0.0000,0.0000,0.0000,18.3365,0.0000,52.0344,96.9137,0.0000,0.0000
181.9500,3.3131,0.0000,0.0000,0.0000,0.0000,0.0000,0.0000,0.0000,0.0000,0.0000,0.0000,0.0000,0.0000,0.0000,0.0000,0.0000,0.0000,0.0000,0.0000,18.2936,0.0000,51.9126,96.6869,0.0000,0.0000
182.0000,3.5494,0.0000,0.0000,0.0000,0.0000,0.0000,0.0000,0.0000,0.0000,0.0000,0.0000,0.0000,0.0000,0.0000,0.0000,0.0000,0.0000,0.0000,0.0000,18.2489,0.0000,51.7857,96.4506,0.0000,0.0000
182.0500,3.7953,0.0000,0.0000,0.0000,0.0000,0.0000,0.0000,0.0000,0.0000,0.0000,0.0000,0.0000,0.0000,0.0000,0.0000,0.0000,0.0000,0.0000,0.0000,18.2023,0.0000,51.6537,96.2047,0.0000,0.0000
182.1000,4.0510,0.0000,0.0000,0.0000,0.0000,0.0000,0.0000,0.0000,0.0000,0.0000,0.0000,0.0000,0.0000,0.0000,0.0000,0.0000,0.0000,0.0000,0.0000,18.1540,0.0000,51.5164,95.9490,0.0000,0.0000
182.1500,4.3165,0.0000,0.0000,0.0000,0.0000,0.0000,0.0000,0.0000,0.0000,0.0000,0.0000,0.0000,0.0000,0.0000,0.0000,0.0000,0.0000,0.0000,0.0000,18.1037,0.0000,51.3739,95.6835,0.0000,0.0000
182.2000,4.5917,0.0000,0.0000,0.0000,0.0000,0.0000,0.0000,0.0000,0.0000,0.0000,0.0000,0.0000,0.0000,0.0000,0.0000,0.0000,0.0000,0.0000,0.0000,18.0516,0.0000,51.2261,95.4083,0.0000,0.0000
182.2500,4.8769,0.0000,0.0000,0.0000,0.0000,0.0000,0.0000,0.0000,0.0000,0.0000,0.0000,0.0000,0.0000,0.0000,0.0000,0.0000,0.0000,0.0000,0.0000,17.9977,0.0000,51.0730,95.1231,0.0000,0.0000
182.3000,5.1720,0.0000,0.0000,0.0000,0.0000,0.0000,0.0000,0.0000,0.0000,0.0000,0.0000,0.0000,0.0000,0.0000,0.0000,0.0000,0.0000,0.0000,0.0000,17.9419,0.0000,50.9145,94.8280,0.0000,0.0000
182.3500,5.4770,0.0000,0.0000,0.0000,0.0000,0.0000,0.0000,0.0000,0.0000,0.0000,0.0000,0.0000,0.0000,0.0000,0.0000,0.0000,0.0000,0.0000,0.0000,17.8842,0.0000,50.7508,94.5230,0.0000,0.0000
182.4000,5.7920,0.0000,0.0000,0.0000,0.0000,0.0000,0.0000,0.0000,0.0000,0.0000,0.0000,0.0000,0.0000,0.0000,0.0000,0.0000,0.0000,0.0000,0.0000,17.8246,0.0000,50.5816,94.2080,0.0000,0.0000
182.4500,6.1170,0.0000,0.0000,0.0000,0.0000,0.0000,0.0000,0.0000,0.0000,0.0000,0.0000,0.0000,0.0000,0.0000,0.0000,0.0000,0.0000,0.0000,0.0000,17.7631,0.0000,50.4071,93.8830,0.0000,0.0000
182.5000,6.4520,0.0000,0.0000,0.0000,0.0000,0.0000,0.0000,0.0000,0.0000,0.0000,0.0000,0.0000,0.0000,0.0000,0.0000,0.0000,0.0000,0.0000,0.0000,17.6997,0.0000,50.2273,93.5480,0.0000,0.0000
182.5500,6.7971,0.0000,0.0000,0.0000,0.0000,0.0000,0.0000,0.0000,0.0000,0.0000,0.0000,0.0000,0.0000,0.0000,0.0000,0.0000,0.0000,0.0000,0.0000,17.6344,0.0000,50.0420,93.2029,0.0000,0.0000
182.6000,7.1521,0.0000,0.0000,0.0000,0.0000,0.0000,0.0000,0.0000,0.0000,0.0000,0.0000,0.0000,0.0000,0.0000,0.0000,0.0000,0.0000,0.0000,0.0000,17.5672,0.0000,49.8514,92.8479,0.0000,0.0000
182.6500,7.5172,0.0000,0.0000,0.0000,0.0000,0.0000,0.0000,0.0000,0.0000,0.0000,0.0000,0.0000,0.0000,0.0000,0.0000,0.0000,0.0000,0.0000,0.0000,17.4981,0.0000,49.6554,92.4828,0.0000,0.0000
182.7000,7.8923,0.0000,0.0000,0.0000,0.0000,0.0000,0.0000,0.0000,0.0000,0.0000,0.0000,0.0000,0.0000,0.0000,0.0000,0.0000,0.0000,0.0000,0.0000,17.4272,0.0000,49.4540,92.1077,0.0000,0.0000
182.7500,8.2774,0.0000,0.0000,0.0000,0.0000,0.0000,0.0000,0.0000,0.0000,0.0000,0.0000,0.0000,0.0000,0.0000,0.0000,0.0000,0.0000,0.0000,0.0000,17.3543,0.0000,49.2472,91.7226,0.0000,0.0000
182.8000,8.6724,0.0000,0.0000,0.0000,0.0000,0.0000,0.0000,0.0000,0.0000,0.0000,0.0000,0.0000,0.0000,0.0000,0.0000,0.0000,0.0000,0.0000,0.0000,17.2796,0.0000,49.0351,91.3276,0.0000,0.0000
182.8500,9.0774,0.0000,0.0000,0.0000,0.0000,0.0000,0.0000,0.0000,0.0000,0.0000,0.0000,0.0000,0.0000,0.0000,0.0000,0.0000,0.0000,0.0000,0.0000,17.2029,0.0000,48.8177,90.9226,0.0000,0.0000
182.9000,9.4923,0.0000,0.0000,0.0000,0.0000,0.0000,0.0000,0.0000,0.0000,0.0000,0.0000,0.0000,0.0000,0.0000,0.0000,0.0000,0.0000,0.0000,0.0000,17.1244,0.0000,48.5949,90.5077,0.0000,0.0000
182.9500,9.9170,0.0000,0.0000,0.0000,0.0000,0.0000,0.0000,0.0000,0.0000,0.0000,0.0000,0.0000,0.0000,0.0000,0.0000,0.0000,0.0000,0.0000,0.0000,17.0441,0.0000,48.3669,90.0830,0.0000,0.0000
183.0000,10.3516,0.0000,0.0000,0.0000,0.0000,0.0000,0.0000,0.0000,0.0000,0.0000,0.0000,0.0000,0.0000,0.0000,0.0000,0.0000,0.0000,0.0000,0.0000,16.9619,0.0000,48.1335,89.6484,0.0000,0.0000
183.0500,10.7959,0.0000,0.0000,0.0000,0.0000,0.0000,0.0000,0.0000,0.0000,0.0000,0.0000,0.0000,0.0000,0.0000,0.0000,0.0000,0.0000,0.0000,0.0000,16.8778,0.0000,47.8950,89.2041,0.0000,0.0000
183.1000,11.2499,0.0000,0.0000,0.0000,0.0000,0.0000,0.0000,0.0000,0.0000,0.0000,0.0000,0.0000,0.0000,0.0000,0.0000,0.0000,0.0000,0.0000,0.0000,16.7919,0.0000,47.6512,88.7501,0.0000,0.0000
183.1500,11.7136,0.0000,0.0000,0.0000,0.0000,0.0000,0.0000,0.0000,0.0000,0.0000,0.0000,0.0000,0.0000,0.0000,0.0000,0.0000,0.0000,0.0000,0.0000,16.7042,0.0000,47.4022,88.2864,0.0000,0.0000
183.2000,12.1869,0.0000,0.0000,0.0000,0.0000,0.0000,0.0000,0.0000,0.0000,0.0000,0.0000,0.0000,0.0000,0.0000,0.0000,0.0000,0.0000,0.0000,0.0000,16.6146,0.0000,47.1481,87.8131,0.0000,0.0000
183.2500,12.6696,0.0000,0.0000,0.0000,0.0000,0.0000,0.0000,0.0000,0.0000,0.0000,0.0000,0.0000,0.0000,0.0000,0.0000,0.0000,0.0000,0.0000,0.0000,16.5233,0.0000,46.8889,87.3304,0.0000,0.0000
183.3000,13.1618,0.0000,0.0000,0.0000,0.0000,0.0000,0.0000,0.0000,0.0000,0.0000,0.0000,0.0000,0.0000,0.0000,0.0000,0.0000,0.0000,0.0000,0.0000,16.4301,0.0000,46.6247,86.8382,0.0000,0.0000
183.3500,13.6634,0.0000,0.0000,0.0000,0.0000,0.0000,0.0000,0.0000,0.0000,0.0000,0.0000,0.0000,0.0000,0.0000,0.0000,0.0000,0.0000,0.0000,0.0000,16.3353,0.0000,46.3554,86.3366,0.0000,0.0000
183.4000,14.1742,0.0000,0.0000,0.0000,0.0000,0.0000,0.0000,0.0000,0.0000,0.0000,0.0000,0.0000,0.0000,0.0000,0.0000,0.0000,0.0000,0.0000,0.0000,16.2386,0.0000,46.0811,85.8258,0.0000,0.0000
183.4500,14.6941,0.0000,0.0000,0.0000,0.0000,0.0000,0.0000,0.0000,0.0000,0.0000,0.0000,0.0000,0.0000,0.0000,0.0000,0.0000,0.0000,0.0000,0.0000,16.1402,0.0000,45.8020,85.3059,0.0000,0.0000
183.5000,15.2231,0.0000,0.0000,0.0000,0.0000,0.0000,0.0000,0.0000,0.0000,0.0000,0.0000,0.0000,0.0000,0.0000,0.0000,0.0000,0.0000,0.0000,0.0000,16.0401,0.0000,45.5179,84.7769,0.0000,0.0000
183.5500,15.7611,0.0000,0.0000,0.0000,0.0000,0.0000,0.0000,0.0000,0.0000,0.0000,0.0000,0.0000,0.0000,0.0000,0.0000,0.0000,0.0000,0.0000,0.0000,15.9383,0.0000,45.2291,84.2389,0.0000,0.0000
183.6000,16.3080,0.0000,0.0000,0.0000,0.0000,0.0000,0.0000,0.0000,0.0000,0.0000,0.0000,0.0000,0.0000,0.0000,0.0000,0.0000,0.0000,0.0000,0.0000,15.8349,0.0000,44.9354,83.6920,0.0000,0.0000
183.6500,16.8636,0.0000,0.0000,0.0000,0.0000,0.0000,0.0000,0.0000,0.0000,0.0000,0.0000,0.0000,0.0000,0.0000,0.0000,0.0000,0.0000,0.0000,0.0000,15.7298,0.0000,44.6371,83.1364,0.0000,0.0000
183.7000,17.4278,0.0000,0.0000,0.0000,0.0000,0.0000,0.0000,0.0000,0.0000,0.0000,0.0000,0.0000,0.0000,0.0000,0.0000,0.0000,0.0000,0.0000,0.0000,15.6230,0.0000,44.3342,82.5722,0.0000,0.0000
183.7500,18.0006,0.0000,0.0000,0.0000,0.0000,0.0000,0.0000,0.0000,0.0000,0.0000,0.0000,0.0000,0.0000,0.0000,0.0000,0.0000,0.0000,0.0000,0.0000,15.5146,0.0000,44.0267,81.9994,0.0000,0.0000
183.8000,18.5818,0.0000,0.0000,0.0000,0.0000,0.0000,0.0000,0.0000,0.0000,0.0000,0.0000,0.0000,0.0000,0.0000,0.0000,0.0000,0.0000,0.0000,0.0000,15.4047,0.0000,43.7146,81.4182,0.0000,0.0000
183.8500,19.1712,0.0000,0.0000,0.0000,0.0000,0.0000,0.0000,0.0000,0.0000,0.0000,0.0000,0.0000,0.0000,0.0000,0.0000,0.0000,0.0000,0.0000,0.0000,15.2932,0.0000,43.3982,80.8288,0.0000,0.0000
183.9000,19.7687,0.0000,0.0000,0.0000,0.0000,0.0000,0.0000,0.0000,0.0000,0.0000,0.0000,0.0000,0.0000,0.0000,0.0000,0.0000,0.0000,0.0000,0.0000,15.1801,0.0000,43.0773,80.2313,0.0000,0.0000
183.9500,20.3743,0.0000,0.0000,0.0000,0.0000,0.0000,0.0000,0.0000,0.0000,0.0000,0.0000,0.0000,0.0000,0.0000,0.0000,0.0000,0.0000,0.0000,0.0000,15.0655,0.0000,42.7522,79.6257,0.0000,0.0000
184.0000,20.9877,0.0000,0.0000,0.0000,0.0000,0.0000,0.0000,0.0000,0.0000,0.0000,0.0000,0.0000,0.0000,0.0000,0.0000,0.0000,0.0000,0.0000,0.0000,14.9495,0.0000,42.4229,79.0123,0.0000,0.0000
184.0500,21.6088,0.0000,0.0000,0.0000,0.0000,0.0000,0.0000,0.0000,0.0000,0.0000,0.0000,0.0000,0.0000,0.0000,0.0000,0.0000,0.0000,0.0000,0.0000,14.8320,0.0000,42.0894,78.3912,0.0000,0.0000
184.1000,22.2375,0.0000,0.0000,0.0000,0.0000,0.0000,0.0000,0.0000,0.0000,0.0000,0.0000,0.0000,0.0000,0.0000,0.0000,0.0000,0.0000,0.0000,0.0000,14.7130,0.0000,41.7518,77.7625,0.0000,0.0000
184.1500,22.8736,0.0000,0.0000,0.0000,0.0000,0.0000,0.0000,0.0000,0.0000,0.0000,0.0000,0.0000,0.0000,0.0000,0.0000,0.0000,0.0000,0.0000,0.0000,14.5926,0.0000,41.4103,77.1264,0.0000,0.0000
184.2000,23.5169,0.0000,0.0000,0.0000,0.0000,0.0000,0.0000,0.0000,0.0000,0.0000,0.0000,0.0000,0.0000,0.0000,0.0000,0.0000,0.0000,0.0000,0.0000,14.4709,0.0000,41.0649,76.4831,0.0000,0.0000
184.2500,24.1674,0.0000,0.0000,0.0000,0.0000,0.0000,0.0000,0.0000,0.0000,0.0000,0.0000,0.0000,0.0000,0.0000,0.0000,0.0000,0.0000,0.0000,0.0000,14.3478,0.0000,40.7156,75.8326,0.0000,0.0000
184.3000,24.8248,0.0000,0.0000,0.0000,0.0000,0.0000,0.0000,0.0000,0.0000,0.0000,0.0000,0.0000,0.0000,0.0000,0.0000,0.0000,0.0000,0.0000,0.0000,14.2235,0.0000,40.3626,75.1752,0.0000,0.0000
184.3500,25.4891,0.0000,0.0000,0.0000,0.0000,0.0000,0.0000,0.0000,0.0000,0.0000,0.0000,0.0000,0.0000,0.0000,0.0000,0.0000,0.0000,0.0000,0.0000,14.0978,0.0000,40.0060,74.5109,0.0000,0.0000
184.4000,26.1599,0.0000,0.0000,0.0000,0.0000,0.0000,0.0000,0.0000,0.0000,0.0000,0.0000,0.0000,0.0000,0.0000,0.0000,0.0000,0.0000,0.0000,0.0000,13.9709,0.0000,39.6458,73.8401,0.0000,0.0000
184.4500,26.8372,0.0000,0.0000,0.0000,0.0000,0.0000,0.0000,0.0000,0.0000,0.0000,0.0000,0.0000,0.0000,0.0000,0.0000,0.0000,0.0000,0.0000,0.0000,13.8427,0.0000,39.2822,73.1628,0.0000,0.0000
184.5000,27.5208,0.0000,0.0000,0.0000,0.0000,0.0000,0.0000,0.0000,0.0000,0.0000,0.0000,0.0000,0.0000,0.0000,0.0000,0.0000,0.0000,0.0000,0.0000,13.7134,0.0000,38.9152,72.4792,0.0000,0.0000
184.5500,28.2104,0.0000,0.0000,0.0000,0.0000,0.0000,0.0000,0.0000,0.0000,0.0000,0.0000,0.0000,0.0000,0.0000,0.0000,0.0000,0.0000,0.0000,0.0000,13.5829,0.0000,38.5449,71.7896,0.0000,0.0000
184.6000,28.9060,0.0000,0.0000,0.0000,0.0000,0.0000,0.0000,0.0000,0.0000,0.0000,0.0000,0.0000,0.0000,0.0000,0.0000,0.0000,0.0000,0.0000,0.0000,13.4513,0.0000,38.1714,71.0940,0.0000,0.0000
184.6500,29.6074,0.0000,0.0000,0.0000,0.0000,0.0000,0.0000,0.0000,0.0000,0.0000,0.0000,0.0000,0.0000,0.0000,0.0000,0.0000,0.0000,0.0000,0.0000,13.3186,0.0000,37.7948,70.3926,0.0000,0.0000
184.7000,30.3143,0.0000,0.0000,0.0000,0.0000,0.0000,0.0000,0.0000,0.0000,0.0000,0.0000,0.0000,0.0000,0.0000,0.0000,0.0000,0.0000,0.0000,0.0000,13.1848,0.0000,37.4153,69.6857,0.0000,0.0000
184.7500,31.0265,0.0000,0.0000,0.0000,0.0000,0.0000,0.0000,0.0000,0.0000,0.0000,0.0000,0.0000,0.0000,0.0000,0.0000,0.0000,0.0000,0.0000,0.0000,13.0501,0.0000,37.0329,68.9735,0.0000,0.0000
184.8000,31.7440,0.0000,0.0000,0.0000,0.0000,0.0000,0.0000,0.0000,0.0000,0.0000,0.0000,0.0000,0.0000,0.0000,0.0000,0.0000,0.0000,0.0000,0.0000,12.9143,0.0000,36.6476,68.2560,0.0000,0.0000
184.8500,32.4665,0.0000,0.0000,0.0000,0.0000,0.0000,0.0000,0.0000,0.0000,0.0000,0.0000,0.0000,0.0000,0.0000,0.0000,0.0000,0.0000,0.0000,0.0000,12.7776,0.0000,36.2597,67.5335,0.0000,0.0000
184.9000,33.1937,0.0000,0.0000,0.0000,0.0000,0.0000,0.0000,0.0000,0.0000,0.0000,0.0000,0.0000,0.0000,0.0000,0.0000,0.0000,0.0000,0.0000,0.0000,12.6400,0.0000,35.8692,66.8063,0.0000,0.0000
184.9500,33.9256,0.0000,0.0000,0.0000,0.0000,0.0000,0.0000,0.0000,0.0000,0.0000,0.0000,0.0000,0.0000,0.0000,0.0000,0.0000,0.0000,0.0000,0.0000,12.5015,0.0000,35.4763,66.0744,0.0000,0.0000
185.0000,34.6619,0.0000,0.0000,0.0000,0.0000,0.0000,0.0000,0.0000,0.0000,0.0000,0.0000,0.0000,0.0000,0.0000,0.0000,0.0000,0.0000,0.0000,0.0000,12.3622,0.0000,35.0810,65.3381,0.0000,0.0000
185.0500,35.4025,0.0000,0.0000,0.0000,0.0000,0.0000,0.0000,0.0000,0.0000,0.0000,0.0000,0.0000,0.0000,0.0000,0.0000,0.0000,0.0000,0.0000,0.0000,12.2221,0.0000,34.6834,64.5975,0.0000,0.0000
185.1000,36.1470,0.0000,0.0000,0.0000,0.0000,0.0000,0.0000,0.0000,0.0000,0.0000,0.0000,0.0000,0.0000,0.0000,0.0000,0.0000,0.0000,0.0000,0.0000,12.0813,0.0000,34.2836,63.8530,0.0000,0.0000
185.1500,36.8954,0.0000,0.0000,0.0000,0.0000,0.0000,0.0000,0.0000,0.0000,0.0000,0.0000,0.0000,0.0000,0.0000,0.0000,0.0000,0.0000,0.0000,0.0000,11.9397,0.0000,33.8818,63.1046,0.0000,0.0000
185.2000,37.6474,0.0000,0.0000,0.0000,0.0000,0.0000,0.0000,0.0000,0.0000,0.0000,0.0000,0.0000,0.0000,0.0000,0.0000,0.0000,0.0000,0.0000,0.0000,11.7974,0.0000,33.4780,62.3526,0.0000,0.0000
185.2500,38.4027,0.0000,0.0000,0.0000,0.0000,0.0000,0.0000,0.0000,0.0000,0.0000,0.0000,0.0000,0.0000,0.0000,0.0000,0.0000,0.0000,0.0000,0.0000,11.6545,0.0000,33.0725,61.5973,0.0000,0.0000
185.3000,39.1613,0.0000,0.0000,0.0000,0.0000,0.0000,0.0000,0.0000,0.0000,0.0000,0.0000,0.0000,0.0000,0.0000,0.0000,0.0000,0.0000,0.0000,0.0000,11.5109,0.0000,32.6652,60.8387,0.0000,0.0000
185.3500,39.9229,0.0000,0.0000,0.0000,0.0000,0.0000,0.0000,0.0000,0.0000,0.0000,0.0000,0.0000,0.0000,0.0000,0.0000,0.0000,0.0000,0.0000,0.0000,11.3668,0.0000,32.2562,60.0771,0.0000,0.0000
185.4000,40.6873,0.0000,0.0000,0.0000,0.0000,0.0000,0.0000,0.0000,0.0000,0.0000,0.0000,0.0000,0.0000,0.0000,0.0000,0.0000,0.0000,0.0000,0.0000,11.2222,0.0000,31.8458,59.3127,0.0000,0.0000
185.4500,41.4543,0.0000,0.0000,0.0000,0.0000,0.0000,0.0000,0.0000,0.0000,0.0000,0.0000,0.0000,0.0000,0.0000,0.0000,0.0000,0.0000,0.0000,0.0000,11.0771,0.0000,31.4341,58.5457,0.0000,0.0000
185.5000,42.2236,0.0000,0.0000,0.0000,0.0000,0.0000,0.0000,0.0000,0.0000,0.0000,0.0000,0.0000,0.0000,0.0000,0.0000,0.0000,0.0000,0.0000,0.0000,10.9315,0.0000,31.0210,57.7764,0.0000,0.0000
185.5500,42.9951,0.0000,0.0000,0.0000,0.0000,0.0000,0.0000,0.0000,0.0000,0.0000,0.0000,0.0000,0.0000,0.0000,0.0000,0.0000,0.0000,0.0000,0.0000,10.7856,0.0000,30.6068,57.0049,0.0000,0.0000
185.6000,43.7685,0.0000,0.0000,0.0000,0.0000,0.0000,0.0000,0.0000,0.0000,0.0000,0.0000,0.0000,0.0000,0.0000,0.0000,0.0000,0.0000,0.0000,0.0000,10.6392,0.0000,30.1915,56.2315,0.0000,0.0000
185.6500,44.5436,0.0000,0.0000,0.0000,0.0000,0.0000,0.0000,0.0000,0.0000,0.0000,0.0000,0.0000,0.0000,0.0000,0.0000,0.0000,0.0000,0.0000,0.0000,10.4926,0.0000,29.7753,55.4564,0.0000,0.0000
185.7000,45.3203,0.0000,0.0000,0.0000,0.0000,0.0000,0.0000,0.0000,0.0000,0.0000,0.0000,0.0000,0.0000,0.0000,0.0000,0.0000,0.0000,0.0000,0.0000,10.3456,0.0000,29.3583,54.6797,0.0000,0.0000
185.7500,46.0983,0.0000,0.0000,0.0000,0.0000,0.0000,0.0000,0.0000,0.0000,0.0000,0.0000,0.0000,0.0000,0.0000,0.0000,0.0000,0.0000,0.0000,0.0000,10.1984,0.0000,28.9406,53.9017,0.0000,0.0000
185.8000,46.8773,0.0000,0.0000,0.0000,0.0000,0.0000,0.0000,0.0000,0.0000,0.0000,0.0000,0.0000,0.0000,0.0000,0.0000,0.0000,0.0000,0.0000,0.0000,10.0510,0.0000,28.5223,53.1227,0.0000,0.0000
185.8500,47.6572,0.0000,0.0000,0.0000,0.0000,0.0000,0.0000,0.0000,0.0000,0.0000,0.0000,0.0000,0.0000,0.0000,0.0000,0.0000,0.0000,0.0000,0.0000,9.9035,0.0000,28.1036,52.3428,0.0000,0.0000
185.9000,48.4378,0.0000,0.0000,0.0000,0.0000,0.0000,0.0000,0.0000,0.0000,0.0000,0.0000,0.0000,0.0000,0.0000,0.0000,0.0000,0.0000,0.0000,0.0000,9.7558,0.0000,27.6845,51.5622,0.0000,0.0000
185.9500,49.2188,0.0000,0.0000,0.0000,0.0000,0.0000,0.0000,0.0000,0.0000,0.0000,0.0000,0.0000,0.0000,0.0000,0.0000,0.0000,0.0000,0.0000,0.0000,9.6080,0.0000,27.2652,50.7812,0.0000,0.0000
186.0000,50.0000,0.0000,0.0000,0.0000,0.0000,0.0000,0.0000,0.0000,0.0000,0.0000,0.0000,0.0000,0.0000,0.0000,0.0000,0.0000,0.0000,0.0000,0.0000,9.4602,0.0000,26.8457,50.0000,0.0000,0.0000
186.0500,50.7812,0.0000,0.0000,0.0000,0.0000,0.0000,0.0000,0.0000,0.0000,0.0000,0.0000,0.0000,0.0000,0.0000,0.0000,0.0000,0.0000,0.0000,0.0000,9.3124,0.0000,26.4263,49.2188,0.0000,0.0000
186.1000,51.5622,0.0000,0.0000,0.0000,0.0000,0.0000,0.0000,0.0000,0.0000,0.0000,0.0000,0.0000,0.0000,0.0000,0.0000,0.0000,0.0000,0.0000,0.0000,9.1646,0.0000,26.0070,48.4378,0.0000,0.0000
186.1500,52.3428,0.0000,0.0000,0.0000,0.0000,0.0000,0.0000,0.0000,0.0000,0.0000,0.0000,0.0000,0.0000,0.0000,0.0000,0.0000,0.0000,0.0000,0.0000,9.0169,0.0000,25.5879,47.6572,0.0000,0.0000
186.2000,53.1227,0.0000,0.0000,0.0000,0.0000,0.0000,0.0000,0.0000,0.0000,0.0000,0.0000,0.0000,0.0000,0.0000,0.0000,0.0000,0.0000,0.0000,0.0000,8.8694,0.0000,25.1691,46.8773,0.0000,0.0000
186.2500,53.9017,0.0000,0.0000,0.0000,0.0000,0.0000,0.0000,0.0000,0.0000,0.0000,0.0000,0.0000,0.0000,0.0000,0.0000,0.0000,0.0000,0.0000,0.0000,8.7220,0.0000,24.7508,46.0983,0.0000,0.0000
186.3000,54.6797,0.0000,0.0000,0.0000,0.0000,0.0000,0.0000,0.0000,0.0000,0.0000,0.0000,0.0000,0.0000,0.0000,0.0000,0.0000,0.0000,0.0000,0.0000,8.5748,0.0000,24.3331,45.3203,0.0000,0.0000
186.3500,55.4564,0.0000,0.0000,0.0000,0.0000,0.0000,0.0000,0.0000,0.0000,0.0000,0.0000,0.0000,0.0000,0.0000,0.0000,0.0000,0.0000,0.0000,0.0000,8.4278,0.0000,23.9161,44.5436,0.0000,0.0000
186.4000,56.2315,0.0000,0.0000,0.0000,0.0000,0.0000,0.0000,0.0000,0.0000,0.0000,0.0000,0.0000,0.0000,0.0000,0.0000,0.0000,0.0000,0.0000,0.0000,8.2812,0.0000,23.4999,43.7685,0.0000,0.0000
186.4500,57.0049,0.0000,0.0000,0.0000,0.0000,0.0000,0.0000,0.0000,0.0000,0.0000,0.0000,0.0000,0.0000,0.0000,0.0000,0.0000,0.0000,0.0000,0.0000,8.1348,0.0000,23.0847,42.9951,0.0000,0.0000
186.5000,57.7764,0.0000,0.0000,0.0000,0.0000,0.0000,0.0000,0.0000,0.0000,0.0000,0.0000,0.0000,0.0000,0.0000,0.0000,0.0000,0.0000,0.0000,0.0000,7.9889,0.0000,22.6705,42.2236,0.0000,0.0000
186.5500,58.5457,0.0000,0.0000,0.0000,0.0000,0.0000,0.0000,0.0000,0.0000,0.0000,0.0000,0.0000,0.0000,0.0000,0.0000,0.0000,0.0000,0.0000,0.0000,7.8433,0.0000,22.2574,41.4543,0.0000,0.0000
186.6000,59.3127,0.0000,0.0000,0.0000,0.0000,0.0000,0.0000,0.0000,0.0000,0.0000,0.0000,0.0000,0.0000,0.0000,0.0000,0.0000,0.0000,0.0000,0.0000,7.6982,0.0000,21.8456,40.6873,0.0000,0.0000
186.6500,60.0771,0.0000,0.0000,0.0000,0.0000,0.0000,0.0000,0.0000,0.0000,0.0000,0.0000,0.0000,0.0000,0.0000,0.0000,0.0000,0.0000,0.0000,0.0000,7.5536,0.0000,21.4352,39.9229,0.0000,0.0000
186.7000,60.8387,0.0000,0.0000,0.0000,0.0000,0.0000,0.0000,0.0000,0.0000,0.0000,0.0000,0.0000,0.0000,0.0000,0.0000,0.0000,0.0000,0.0000,0.0000,7.4095,0.0000,21.0263,39.1613,0.0000,0.0000
186.7500,61.5973,0.0000,0.0000,0.0000,0.0000,0.0000,0.0000,0.0000,0.0000,0.0000,0.0000,0.0000,0.0000,0.0000,0.0000,0.0000,0.0000,0.0000,0.0000,7.2660,0.0000,20.6190,38.4027,0.0000,0.0000
186.8000,62.3526,0.0000,0.0000,0.0000,0.0000,0.0000,0.0000,0.0000,0.0000,0.0000,0.0000,0.0000,0.0000,0.0000,0.0000,0.0000,0.0000,0.0000,0.0000,7.1230,0.0000,20.2134,37.6474,0.0000,0.0000
186.8500,63.1046,0.0000,0.0000,0.0000,0.0000,0.0000,0.0000,0.0000,0.0000,0.0000,0.0000,0.0000,0.0000,0.0000,0.0000,0.0000,0.0000,0.0000,0.0000,6.9808,0.0000,19.8097,36.8954,0.0000,0.0000
186.9000,63.8530,0.0000,0.0000,0.0000,0.0000,0.0000,0.0000,0.0000,0.0000,0.0000,0.0000,0.0000,0.0000,0.0000,0.0000,0.0000,0.0000,0.0000,0.0000,6.8392,0.0000,19.4079,36.1470,0.0000,0.0000
186.9500,64.5975,0.0000,0.0000,0.0000,0.0000,0.0000,0.0000,0.0000,0.0000,0.0000,0.0000,0.0000,0.0000,0.0000,0.0000,0.0000,0.0000,0.0000,0.0000,6.6983,0.0000,19.0081,35.4025,0.0000,0.0000
187.0000,65.3381,0.0000,0.0000,0.0000,0.0000,0.0000,0.0000,0.0000,0.0000,0.0000,0.0000,0.0000,0.0000,0.0000,0.0000,0.0000,0.0000,0.0000,0.0000,6.5582,0.0000,18.6105,34.6619,0.0000,0.0000
187.0500,66.0744,0.0000,0.0000,0.0000,0.0000,0.0000,0.0000,0.0000,0.0000,0.0000,0.0000,0.0000,0.0000,0.0000,0.0000,0.0000,0.0000,0.0000,0.0000,6.4189,0.0000,18.2152,33.9256,0.0000,0.0000
187.1000,66.8063,0.0000,0.0000,0.0000,0.0000,0.0000,0.0000,0.0000,0.0000,0.0000,0.0000,0.0000,0.0000,0.0000,0.0000,0.0000,0.0000,0.0000,0.0000,6.2804,0.0000,17.8222,33.1937,0.0000,0.0000
187.1500,67.5335,0.0000,0.0000,0.0000,0.0000,0.0000,0.0000,0.0000,0.0000,0.0000,0.0000,0.0000,0.0000,0.0000,0.0000,0.0000,0.0000,0.0000,0.0000,6.1428,0.0000,17.4317,32.4665,0.0000,0.0000
187.2000,68.2560,0.0000,0.0000,0.0000,0.0000,0.0000,0.0000,0.0000,0.0000,0.0000,0.0000,0.0000,0.0000,0.0000,0.0000,0.0000,0.0000,0.0000,0.0000,6.0061,0.0000,17.0438,31.7440,0.0000,0.0000
187.2500,68.9735,0.0000,0.0000,0.0000,0.0000,0.0000,0.0000,0.0000,0.0000,0.0000,0.0000,0.0000,0.0000,0.0000,0.0000,0.0000,0.0000,0.0000,0.0000,5.8704,0.0000,16.6586,31.0265,0.0000,0.0000
187.3000,69.6857,0.0000,0.0000,0.0000,0.0000,0.0000,0.0000,0.0000,0.0000,0.0000,0.0000,0.0000,0.0000,0.0000,0.0000,0.0000,0.0000,0.0000,0.0000,5.7356,0.0000,16.2762,30.3143,0.0000,0.0000
187.3500,70.3926,0.0000,0.0000,0.0000,0.0000,0.0000,0.0000,0.0000,0.0000,0.0000,0.0000,0.0000,0.0000,0.0000,0.0000,0.0000,0.0000,0.0000,0.0000,5.6018,0.0000,15.8966,29.6074,0.0000,0.0000
187.4000,71.0940,0.0000,0.0000,0.0000,0.0000,0.0000,0.0000,0.0000,0.0000,0.0000,0.0000,0.0000,0.0000,0.0000,0.0000,0.0000,0.0000,0.0000,0.0000,5.4691,0.0000,15.5201,28.9060,0.0000,0.0000
187.4500,71.7896,0.0000,0.0000,0.0000,0.0000,0.0000,0.0000,0.0000,0.0000,0.0000,0.0000,0.0000,0.0000,0.0000,0.0000,0.0000,0.0000,0.0000,0.0000,5.3375,0.0000,15.1466,28.2104,0.0000,0.0000
187.5000,72.4792,0.0000,0.0000,0.0000,0.0000,0.0000,0.0000,0.0000,0.0000,0.0000,0.0000,0.0000,0.0000,0.0000,0.0000,0.0000,0.0000,0.0000,0.0000,5.2070,0.0000,14.7763,27.5208,0.0000,0.0000
187.5500,73.1628,0.0000,0.0000,0.0000,0.0000,0.0000,0.0000,0.0000,0.0000,0.0000,0.0000,0.0000,0.0000,0.0000,0.0000,0.0000,0.0000,0.0000,0.0000,5.0777,0.0000,14.4093,26.8372,0.0000,0.0000
187.6000,73.8401,0.0000,0.0000,0.0000,0.0000,0.0000,0.0000,0.0000,0.0000,0.0000,0.0000,0.0000,0.0000,0.0000,0.0000,0.0000,0.0000,0.0000,0.0000,4.9496,0.0000,14.0456,26.1599,0.0000,0.0000
187.6500,74.5109,0.0000,0.0000,0.0000,0.0000,0.0000,0.0000,0.0000,0.0000,0.0000,0.0000,0.0000,0.0000,0.0000,0.0000,0.0000,0.0000,0.0000,0.0000,4.8226,0.0000,13.6854,25.4891,0.0000,0.0000
187.7000,75.1752,0.0000,0.0000,0.0000,0.0000,0.0000,0.0000,0.0000,0.0000,0.0000,0.0000,0.0000,0.0000,0.0000,0.0000,0.0000,0.0000,0.0000,0.0000,4.6970,0.0000,13.3288,24.8248,0.0000,0.0000
187.7500,75.8326,0.0000,0.0000,0.0000,0.0000,0.0000,0.0000,0.0000,0.0000,0.0000,0.0000,0.0000,0.0000,0.0000,0.0000,0.0000,0.0000,0.0000,0.0000,4.5726,0.0000,12.9758,24.1674,0.0000,0.0000
187.8000,76.4831,0.0000,0.0000,0.0000,0.0000,0.0000,0.0000,0.0000,0.0000,0.0000,0.0000,0.0000,0.0000,0.0000,0.0000,0.0000,0.0000,0.0000,0.0000,4.4495,0.0000,12.6266,23.5169,0.0000,0.0000
187.8500,77.1264,0.0000,0.0000,0.0000,0.0000,0.0000,0.0000,0.0000,0.0000,0.0000,0.0000,0.0000,0.0000,0.0000,0.0000,0.0000,0.0000,0.0000,0.0000,4.3278,0.0000,12.2811,22.8736,0.0000,0.0000
187.9000,77.7625,0.0000,0.0000,0.0000,0.0000,0.0000,0.0000,0.0000,0.0000,0.0000,0.0000,0.0000,0.0000,0.0000,0.0000,0.0000,0.0000,0.0000,0.0000,4.2074,0.0000,11.9396,22.2375,0.0000,0.0000
187.9500,78.3912,0.0000,0.0000,0.0000,0.0000,0.0000,0.0000,0.0000,0.0000,0.0000,0.0000,0.0000,0.0000,0.0000,0.0000,0.0000,0.0000,0.0000,0.0000,4.0885,0.0000,11.6021,21.6088,0.0000,0.0000
188.0000,79.0123,0.0000,0.0000,0.0000,0.0000,0.0000,0.0000,0.0000,0.0000,0.0000,0.0000,0.0000,0.0000,0.0000,0.0000,0.0000,0.0000,0.0000,0.0000,3.9710,0.0000,11.2686,20.9877,0.0000,0.0000
188.0500,79.6257,0.0000,0.0000,0.0000,0.0000,0.0000,0.0000,0.0000,0.0000,0.0000,0.0000,0.0000,0.0000,0.0000,0.0000,0.0000,0.0000,0.0000,0.0000,3.8549,0.0000,10.9392,20.3743,0.0000,0.0000
188.1000,80.2313,0.0000,0.0000,0.0000,0.0000,0.0000,0.0000,0.0000,0.0000,0.0000,0.0000,0.0000,0.0000,0.0000,0.0000,0.0000,0.0000,0.0000,0.0000,3.7403,0.0000,10.6141,19.7687,0.0000,0.0000
188.1500,80.8288,0.0000,0.0000,0.0000,0.0000,0.0000,0.0000,0.0000,0.0000,0.0000,0.0000,0.0000,0.0000,0.0000,0.0000,0.0000,0.0000,0.0000,0.0000,3.6273,0.0000,10.2933,19.1712,0.0000,0.0000
188.2000,81.4182,0.0000,0.0000,0.0000,0.0000,0.0000,0.0000,0.0000,0.0000,0.0000,0.0000,0.0000,0.0000,0.0000,0.0000,0.0000,0.0000,0.0000,0.0000,3.5157,0.0000,9.9768,18.5818,0.0000,0.0000
188.2500,81.9994,0.0000,0.0000,0.0000,0.0000,0.0000,0.0000,0.0000,0.0000,0.0000,0.0000,0.0000,0.0000,0.0000,0.0000,0.0000,0.0000,0.0000,0.0000,3.4058,0.0000,9.6648,18.0006,0.0000,0.0000
188.3000,82.5722,0.0000,0.0000,0.0000,0.0000,0.0000,0.0000,0.0000,0.0000,0.0000,0.0000,0.0000,0.0000,0.0000,0.0000,0.0000,0.0000,0.0000,0.0000,3.2974,0.0000,9.3573,17.4278,0.0000,0.0000
188.3500,83.1364,0.0000,0.0000,0.0000,0.0000,0.0000,0.0000,0.0000,0.0000,0.0000,0.0000,0.0000,0.0000,0.0000,0.0000,0.0000,0.0000,0.0000,0.0000,3.1907,0.0000,9.0543,16.8636,0.0000,0.0000
188.4000,83.6920,0.0000,0.0000,0.0000,0.0000,0.0000,0.0000,0.0000,0.0000,0.0000,0.0000,0.0000,0.0000,0.0000,0.0000,0.0000,0.0000,0.0000,0.0000,3.0855,0.0000,8.7560,16.3080,0.0000,0.0000
188.4500,84.2389,0.0000,0.0000,0.0000,0.0000,0.0000,0.0000,0.0000,0.0000,0.0000,0.0000,0.0000,0.0000,0.0000,0.0000,0.0000,0.0000,0.0000,0.0000,2.9821,0.0000,8.4624,15.7611,0.0000,0.0000
188.5000,84.7769,0.0000,0.0000,0.0000,0.0000,0.0000,0.0000,0.0000,0.0000,0.0000,0.0000,0.0000,0.0000,0.0000,0.0000,0.0000,0.0000,0.0000,0.0000,2.8803,0.0000,8.1735,15.2231,0.0000,0.0000
188.5500,85.3059,0.0000,0.0000,0.0000,0.0000,0.0000,0.0000,0.0000,0.0000,0.0000,0.0000,0.0000,0.0000,0.0000,0.0000,0.0000,0.0000,0.0000,0.0000,2.7802,0.0000,7.8895,14.6941,0.0000,0.0000
188.6000,85.8258,0.0000,0.0000,0.0000,0.0000,0.0000,0.0000,0.0000,0.0000,0.0000,0.0000,0.0000,0.0000,0.0000,0.0000,0.0000,0.0000,0.0000,0.0000,2.6818,0.0000,7.6103,14.1742,0.0000,0.0000
188.6500,86.3366,0.0000,0.0000,0.0000,0.0000,0.0000,0.0000,0.0000,0.0000,0.0000,0.0000,0.0000,0.0000,0.0000,0.0000,0.0000,0.0000,0.0000,0.0000,2.5852,0.0000,7.3361,13.6634,0.0000,0.0000
188.7000,86.8382,0.0000,0.0000,0.0000,0.0000,0.0000,0.0000,0.0000,0.0000,0.0000,0.0000,0.0000,0.0000,0.0000,0.0000,0.0000,0.0000,0.0000,0.0000,2.4903,0.0000,7.0668,13.1618,0.0000,0.0000
188.7500,87.3304,0.0000,0.0000,0.0000,0.0000,0.0000,0.0000,0.0000,0.0000,0.0000,0.0000,0.0000,0.0000,0.0000,0.0000,0.0000,0.0000,0.0000,0.0000,2.3971,0.0000,6.8025,12.6696,0.0000,0.0000
188.8000,87.8131,0.0000,0.0000,0.0000,0.0000,0.0000,0.0000,0.0000,0.0000,0.0000,0.0000,0.0000,0.0000,0.0000,0.0000,0.0000,0.0000,0.0000,0.0000,2.3058,0.0000,6.5433,12.1869,0.0000,0.0000
188.8500,88.2864,0.0000,0.0000,0.0000,0.0000,0.0000,0.0000,0.0000,0.0000,0.0000,0.0000,0.0000,0.0000,0.0000,0.0000,0.0000,0.0000,0.0000,0.0000,2.2163,0.0000,6.2892,11.7136,0.0000,0.0000
188.9000,88.7501,0.0000,0.0000,0.0000,0.0000,0.0000,0.0000,0.0000,0.0000,0.0000,0.0000,0.0000,0.0000,0.0000,0.0000,0.0000,0.0000,0.0000,0.0000,2.1285,0.0000,6.0402,11.2499,0.0000,0.0000
188.9500,89.2041,0.0000,0.0000,0.0000,0.0000,0.0000,0.0000,0.0000,0.0000,0.0000,0.0000,0.0000,0.0000,0.0000,0.0000,0.0000,0.0000,0.0000,0.0000,2.0426,0.0000,5.7965,10.7959,0.0000,0.0000
189.0000,89.6484,0.0000,0.0000,0.0000,0.0000,0.0000,0.0000,0.0000,0.0000,0.0000,0.0000,0.0000,0.0000,0.0000,0.0000,0.0000,0.0000,0.0000,0.0000,1.9586,0.0000,5.5579,10.3516,0.0000,0.0000
189.0500,90.0830,0.0000,0.0000,0.0000,0.0000,0.0000,0.0000,0.0000,0.0000,0.0000,0.0000,0.0000,0.0000,0.0000,0.0000,0.0000,0.0000,0.0000,0.0000,1.8763,0.0000,5.3246,9.9170,0.0000,0.0000
189.1000,90.5077,0.0000,0.0000,0.0000,0.0000,0.0000,0.0000,0.0000,0.0000,0.0000,0.0000,0.0000,0.0000,0.0000,0.0000,0.0000,0.0000,0.0000,0.0000,1.7960,0.0000,5.0965,9.4923,0.0000,0.0000
189.1500,90.9226,0.0000,0.0000,0.0000,0.0000,0.0000,0.0000,0.0000,0.0000,0.0000,0.0000,0.0000,0.0000,0.0000,0.0000,0.0000,0.0000,0.0000,0.0000,1.7175,0.0000,4.8738,9.0774,0.0000,0.0000
189.2000,91.3276,0.0000,0.0000,0.0000,0.0000,0.0000,0.0000,0.0000,0.0000,0.0000,0.0000,0.0000,0.0000,0.0000,0.0000,0.0000,0.0000,0.0000,0.0000,1.6409,0.0000,4.6563,8.6724,0.0000,0.0000
189.2500,91.7226,0.0000,0.0000,0.0000,0.0000,0.0000,0.0000,0.0000,0.0000,0.0000,0.0000,0.0000,0.0000,0.0000,0.0000,0.0000,0.0000,0.0000,0.0000,1.5661,0.0000,4.4442,8.2774,0.0000,0.0000
189.3000,92.1077,0.0000,0.0000,0.0000,0.0000,0.0000,0.0000,0.0000,0.0000,0.0000,0.0000,0.0000,0.0000,0.0000,0.0000,0.0000,0.0000,0.0000,0.0000,1.4933,0.0000,4.2375,7.8923,0.0000,0.0000
189.3500,92.4828,0.0000,0.0000,0.0000,0.0000,0.0000,0.0000,0.0000,0.0000,0.0000,0.0000,0.0000,0.0000,0.0000,0.0000,0.0000,0.0000,0.0000,0.0000,1.4223,0.0000,4.0361,7.5172,0.0000,0.0000
189.4000,92.8479,0.0000,0.0000,0.0000,0.0000,0.0000,0.0000,0.0000,0.0000,0.0000,0.0000,0.0000,0.0000,0.0000,0.0000,0.0000,0.0000,0.0000,0.0000,1.3532,0.0000,3.8401,7.1521,0.0000,0.0000
189.4500,93.2029,0.0000,0.0000,0.0000,0.0000,0.0000,0.0000,0.0000,0.0000,0.0000,0.0000,0.0000,0.0000,0.0000,0.0000,0.0000,0.0000,0.0000,0.0000,1.2860,0.0000,3.6494,6.7971,0.0000,0.0000
189.5000,93.5480,0.0000,0.0000,0.0000,0.0000,0.0000,0.0000,0.0000,0.0000,0.0000,0.0000,0.0000,0.0000,0.0000,0.0000,0.0000,0.0000,0.0000,0.0000,1.2207,0.0000,3.4642,6.4520,0.0000,0.0000
189.5500,93.8830,0.0000,0.0000,0.0000,0.0000,0.0000,0.0000,0.0000,0.0000,0.0000,0.0000,0.0000,0.0000,0.0000,0.0000,0.0000,0.0000,0.0000,0.0000,1.1574,0.0000,3.2843,6.1170,0.0000,0.0000
189.6000,94.2080,0.0000,0.0000,0.0000,0.0000,0.0000,0.0000,0.0000,0.0000,0.0000,0.0000,0.0000,0.0000,0.0000,0.0000,0.0000,0.0000,0.0000,0.0000,1.0959,0.0000,3.1098,5.7920,0.0000,0.0000
189.6500,94.5230,0.0000,0.0000,0.0000,0.0000,0.0000,0.0000,0.0000,0.0000,0.0000,0.0000,0.0000,0.0000,0.0000,0.0000,0.0000,0.0000,0.0000,0.0000,1.0363,0.0000,2.9407,5.4770,0.0000,0.0000
189.7000,94.8280,0.0000,0.0000,0.0000,0.0000,0.0000,0.0000,0.0000,0.0000,0.0000,0.0000,0.0000,0.0000,0.0000,0.0000,0.0000,0.0000,0.0000,0.0000,0.9786,0.0000,2.7769,5.1720,0.0000,0.0000
189.7500,95.1231,0.0000,0.0000,0.0000,0.0000,0.0000,0.0000,0.0000,0.0000,0.0000,0.0000,0.0000,0.0000,0.0000,0.0000,0.0000,0.0000,0.0000,0.0000,0.9227,0.0000,2.6185,4.8769,0.0000,0.0000
189.8000,95.4083,0.0000,0.0000,0.0000,0.0000,0.0000,0.0000,0.0000,0.0000,0.0000,0.0000,0.0000,0.0000,0.0000,0.0000,0.0000,0.0000,0.0000,0.0000,0.8688,0.0000,2.4654,4.5917,0.0000,0.0000
189.8500,95.6835,0.0000,0.0000,0.0000,0.0000,0.0000,0.0000,0.0000,0.0000,0.0000,0.0000,0.0000,0.0000,0.0000,0.0000,0.0000,0.0000,0.0000,0.0000,0.8167,0.0000,2.3176,4.3165,0.0000,0.0000
189.9000,95.9490,0.0000,0.0000,0.0000,0.0000,0.0000,0.0000,0.0000,0.0000,0.0000,0.0000,0.0000,0.0000,0.0000,0.0000,0.0000,0.0000,0.0000,0.0000,0.7665,0.0000,2.1751,4.0510,0.0000,0.0000
189.9500,96.2047,0.0000,0.0000,0.0000,0.0000,0.0000,0.0000,0.0000,0.0000,0.0000,0.0000,0.0000,0.0000,0.0000,0.0000,0.0000,0.0000,0.0000,0.0000,0.7181,0.0000,2.0378,3.7953,0.0000,0.0000
190.0000,96.4506,0.0000,0.0000,0.0000,0.0000,0.0000,0.0000,0.0000,0.0000,0.0000,0.0000,0.0000,0.0000,0.0000,0.0000,0.0000,0.0000,0.0000,0.0000,0.6716,0.0000,1.9057,3.5494,0.0000,0.0000
190.0500,96.6869,0.0000,0.0000,0.0000,0.0000,0.0000,0.0000,0.0000,0.0000,0.0000,0.0000,0.0000,0.0000,0.0000,0.0000,0.0000,0.0000,0.0000,0.0000,0.6268,0.0000,1.7788,3.3131,0.0000,0.0000
190.1000,96.9137,0.0000,0.0000,0.0000,0.0000,0.0000,0.0000,0.0000,0.0000,0.0000,0.0000,0.0000,0.0000,0.0000,0.0000,0.0000,0.0000,0.0000,0.0000,0.5839,0.0000,1.6571,3.0863,0.0000,0.0000
190.1500,97.1309,0.0000,0.0000,0.0000,0.0000,0.0000,0.0000,0.0000,0.0000,0.0000,0.0000,0.0000,0.0000,0.0000,0.0000,0.0000,0.0000,0.0000,0.0000,0.5428,0.0000,1.5404,2.8691,0.0000,0.0000
190.2000,97.3388,0.0000,0.0000,0.0000,0.0000,0.0000,0.0000,0.0000,0.0000,0.0000,0.0000,0.0000,0.0000,0.0000,0.0000,0.0000,0.0000,0.0000,0.0000,0.5035,0.0000,1.4288,2.6612,0.0000,0.0000
190.2500,97.5374,0.0000,0.0000,0.0000,0.0000,0.0000,0.0000,0.0000,0.0000,0.0000,0.0000,0.0000,0.0000,0.0000,0.0000,0.0000,0.0000,0.0000,0.0000,0.4659,0.0000,1.3222,2.4626,0.0000,0.0000
190.3000,97.7268,0.0000,0.0000,0.0000,0.0000,0.0000,0.0000,0.0000,0.0000,0.0000,0.0000,0.0000,0.0000,0.0000,0.0000,0.0000,0.0000,0.0000,0.0000,0.4301,0.0000,1.2205,2.2732,0.0000,0.0000
190.3500,97.9071,0.0000,0.0000,0.0000,0.0000,0.0000,0.0000,0.0000,0.0000,0.0000,0.0000,0.0000,0.0000,0.0000,0.0000,0.0000,0.0000,0.0000,0.0000,0.3960,0.0000,1.1237,2.0929,0.0000,0.0000
190.4000,98.0784,0.0000,0.0000,0.0000,0.0000,0.0000,0.0000,0.0000,0.0000,0.0000,0.0000,0.0000,0.0000,0.0000,0.0000,0.0000,0.0000,0.0000,0.0000,0.3636,0.0000,1.0317,1.9216,0.0000,0.0000
190.4500,98.2409,0.0000,0.0000,0.0000,0.0000,0.0000,0.0000,0.0000,0.0000,0.0000,0.0000,0.0000,0.0000,0.0000,0.0000,0.0000,0.0000,0.0000,0.0000,0.3328,0.0000,0.9445,1.7591,0.0000,0.0000
190.5000,98.3948,0.0000,0.0000,0.0000,0.0000,0.0000,0.0000,0.0000,0.0000,0.0000,0.0000,0.0000,0.0000,0.0000,0.0000,0.0000,0.0000,0.0000,0.0000,0.3037,0.0000,0.8619,1.6052,0.0000,0.0000
190.5500,98.5401,0.0000,0.0000,0.0000,0.0000,0.0000,0.0000,0.0000,0.0000,0.0000,0.0000,0.0000,0.0000,0.0000,0.0000,0.0000,0.0000,0.0000,0.0000,0.2762,0.0000,0.7839,1.4599,0.0000,0.0000
190.6000,98.6770,0.0000,0.0000,0.0000,0.0000,0.0000,0.0000,0.0000,0.0000,0.0000,0.0000,0.0000,0.0000,0.0000,0.0000,0.0000,0.0000,0.0000,0.0000,0.2503,0.0000,0.7104,1.3230,0.0000,0.0000
190.6500,98.8056,0.0000,0.0000,0.0000,0.0000,0.0000,0.0000,0.0000,0.0000,0.0000,0.0000,0.0000,0.0000,0.0000,0.0000,0.0000,0.0000,0.0000,0.0000,0.2260,0.0000,0.6413,1.1944,0.0000,0.0000
190.7000,98.9262,0.0000,0.0000,0.0000,0.0000,0.0000,0.0000,0.0000,0.0000,0.0000,0.0000,0.0000,0.0000,0.0000,0.0000,0.0000,0.0000,0.0000,0.0000,0.2032,0.0000,0.5765,1.0738,0.0000,0.0000
190.7500,99.0390,0.0000,0.0000,0.0000,0.0000,0.0000,0.0000,0.0000,0.0000,0.0000,0.0000,0.0000,0.0000,0.0000,0.0000,0.0000,0.0000,0.0000,0.0000,0.1818,0.0000,0.5160,0.9610,0.0000,0.0000
190.8000,99.1440,0.0000,0.0000,0.0000,0.0000,0.0000,0.0000,0.0000,0.0000,0.0000,0.0000,0.0000,0.0000,0.0000,0.0000,0.0000,0.0000,0.0000,0.0000,0.1620,0.0000,0.4596,0.8560,0.0000,0.0000
190.8500,99.2415,0.0000,0.0000,0.0000,0.0000,0.0000,0.0000,0.0000,0.0000,0.0000,0.0000,0.0000,0.0000,0.0000,0.0000,0.0000,0.0000,0.0000,0.0000,0.1435,0.0000,0.4072,0.7585,0.0000,0.0000
190.9000,99.3318,0.0000,0.0000,0.0000,0.0000,0.0000,0.0000,0.0000,0.0000,0.0000,0.0000,0.0000,0.0000,0.0000,0.0000,0.0000,0.0000,0.0000,0.0000,0.1264,0.0000,0.3588,0.6682,0.0000,0.0000
190.9500,99.4149,0.0000,0.0000,0.0000,0.0000,0.0000,0.0000,0.0000,0.0000,0.0000,0.0000,0.0000,0.0000,0.0000,0.0000,0.0000,0.0000,0.0000,0.0000,0.1107,0.0000,0.3141,0.5851,0.0000,0.0000
191.0000,99.4912,0.0000,0.0000,0.0000,0.0000,0.0000,0.0000,0.0000,0.0000,0.0000,0.0000,0.0000,0.0000,0.0000,0.0000,0.0000,0.0000,0.0000,0.0000,0.0963,0.0000,0.2732,0.5088,0.0000,0.0000
191.0500,99.5609,0.0000,0.0000,0.0000,0.0000,0.0000,0.0000,0.0000,0.0000,0.0000,0.0000,0.0000,0.0000,0.0000,0.0000,0.0000,0.0000,0.0000,0.0000,0.0831,0.0000,0.2358,0.4391,0.0000,0.0000
191.1000,99.6242,0.0000,0.0000,0.0000,0.0000,0.0000,0.0000,0.0000,0.0000,0.0000,0.0000,0.0000,0.0000,0.0000,0.0000,0.0000,0.0000,0.0000,0.0000,0.0711,0.0000,0.2018,0.3758,0.0000,0.0000
191.1500,99.6813,0.0000,0.0000,0.0000,0.0000,0.0000,0.0000,0.0000,0.0000,0.0000,0.0000,0.0000,0.0000,0.0000,0.0000,0.0000,0.0000,0.0000,0.0000,0.0603,0.0000,0.1711,0.3187,0.0000,0.0000
191.2000,99.7325,0.0000,0.0000,0.0000,0.0000,0.0000,0.0000,0.0000,0.0000,0.0000,0.0000,0.0000,0.0000,0.0000,0.0000,0.0000,0.0000,0.0000,0.0000,0.0506,0.0000,0.1436,0.2675,0.0000,0.0000
191.2500,99.7782,0.0000,0.0000,0.0000,0.0000,0.0000,0.0000,0.0000,0.0000,0.0000,0.0000,0.0000,0.0000,0.0000,0.0000,0.0000,0.0000,0.0000,0.0000,0.0420,0.0000,0.1191,0.2218,0.0000,0.0000
191.3000,99.8185,0.0000,0.0000,0.0000,0.0000,0.0000,0.0000,0.0000,0.0000,0.0000,0.0000,0.0000,0.0000,0.0000,0.0000,0.0000,0.0000,0.0000,0.0000,0.0343,0.0000,0.0975,0.1815,0.0000,0.0000
191.3500,99.8537,0.0000,0.0000,0.0000,0.0000,0.0000,0.0000,0.0000,0.0000,0.0000,0.0000,0.0000,0.0000,0.0000,0.0000,0.0000,0.0000,0.0000,0.0000,0.0277,0.0000,0.0785,0.1463,0.0000,0.0000
191.4000,99.8842,0.0000,0.0000,0.0000,0.0000,0.0000,0.0000,0.0000,0.0000,0.0000,0.0000,0.0000,0.0000,0.0000,0.0000,0.0000,0.0000,0.0000,0.0000,0.0219,0.0000,0.0622,0.1158,0.0000,0.0000
191.4500,99.9102,0.0000,0.0000,0.0000,0.0000,0.0000,0.0000,0.0000,0.0000,0.0000,0.0000,0.0000,0.0000,0.0000,0.0000,0.0000,0.0000,0.0000,0.0000,0.0170,0.0000,0.0482,0.0898,0.0000,0.0000
191.5000,99.9321,0.0000,0.0000,0.0000,0.0000,0.0000,0.0000,0.0000,0.0000,0.0000,0.0000,0.0000,0.0000,0.0000,0.0000,0.0000,0.0000,0.0000,0.0000,0.0128,0.0000,0.0365,0.0679,0.0000,0.0000
191.5500,99.9502,0.0000,0.0000,0.0000,0.0000,0.0000,0.0000,0.0000,0.0000,0.0000,0.0000,0.0000,0.0000,0.0000,0.0000,0.0000,0.0000,0.0000,0.0000,0.0094,0.0000,0.0267,0.0498,0.0000,0.0000
191.6000,99.9648,0.0000,0.0000,0.0000,0.0000,0.0000,0.0000,0.0000,0.0000,0.0000,0.0000,0.0000,0.0000,0.0000,0.0000,0.0000,0.0000,0.0000,0.0000,0.0067,0.0000,0.0189,0.0352,0.0000,0.0000
191.6500,99.9763,0.0000,0.0000,0.0000,0.0000,0.0000,0.0000,0.0000,0.0000,0.0000,0.0000,0.0000,0.0000,0.0000,0.0000,0.0000,0.0000,0.0000,0.0000,0.0045,0.0000,0.0127,0.0237,0.0000,0.0000
191.7000,99.9850,0.0000,0.0000,0.0000,0.0000,0.0000,0.0000,0.0000,0.0000,0.0000,0.0000,0.0000,0.0000,0.0000,0.0000,0.0000,0.0000,0.0000,0.0000,0.0028,0.0000,0.0081,0.0150,0.0000,0.0000
191.7500,99.9912,0.0000,0.0000,0.0000,0.0000,0.0000,0.0000,0.0000,0.0000,0.0000,0.0000,0.0000,0.0000,0.0000,0.0000,0.0000,0.0000,0.0000,0.0000,0.0017,0.0000,0.0047,0.0088,0.0000,0.0000
191.8000,99.9955,0.0000,0.0000,0.0000,0.0000,0.0000,0.0000,0.0000,0.0000,0.0000,0.0000,0.0000,0.0000,0.0000,0.0000,0.0000,0.0000,0.0000,0.0000,0.0009,0.0000,0.0024,0.0045,0.0000,0.0000
191.8500,99.9981,0.0000,0.0000,0.0000,0.0000,0.0000,0.0000,0.0000,0.0000,0.0000,0.0000,0.0000,0.0000,0.0000,0.0000,0.0000,0.0000,0.0000,0.0000,0.0004,0.0000,0.0010,0.0019,0.0000,0.0000
191.9000,99.9994,0.0000,0.0000,0.0000,0.0000,0.0000,0.0000,0.0000,0.0000,0.0000,0.0000,0.0000,0.0000,0.0000,0.0000,0.0000,0.0000,0.0000,0.0000,0.0001,0.0000,0.0003,0.0006,0.0000,0.0000
191.9500,99.9999,0.0000,0.0000,0.0000,0.0000,0.0000,0.0000,0.0000,0.0000,0.0000,0.0000,0.0000,0.0000,0.0000,0.0000,0.0000,0.0000,0.0000,0.0000,0.0000,0.0000,0.0000,0.0001,0.0000,0.0000
192.0000,100.0000,0.0000,0.0000,0.0000,0.0000,0.0000,0.0000,0.0000,0.0000,0.0000,0.0000,0.0000,0.0000,0.0000,0.0000,0.0000,0.0000,0.0000,0.0000,0.0000,0.0000,0.0000,0.0000,0.0000,0.0000
192.0500,100.0000,0.0000,0.0000,0.0000,0.0000,0.0000,0.0000,0.0000,0.0000,0.0000,0.0000,0.0000,0.0000,0.0000,0.0000,0.0000,0.0000,0.0000,0.0000,0.0000,0.0000,0.0000,0.0000,0.0000,0.0000
192.1000,100.0000,0.0000,0.0000,0.0000,0.0000,0.0000,0.0000,0.0000,0.0000,0.0000,0.0000,0.0000,0.0000,0.0000,0.0000,0.0000,0.0000,0.0000,0.0000,0.0000,0.0000,0.0000,0.0000,0.0000,0.0000
192.1500,100.0000,0.0000,0.0000,0.0000,0.0000,0.0000,0.0000,0.0000,0.0000,0.0000,0.0000,0.0000,0.0000,0.0000,0.0000,0.0000,0.0000,0.0000,0.0000,0.0000,0.0000,0.0000,0.0000,0.0000,0.0000
192.2000,100.0000,0.0000,0.0000,0.0000,0.0000,0.0000,0.0000,0.0000,0.0000,0.0000,0.0000,0.0000,0.0000,0.0000,0.0000,0.0000,0.0000,0.0000,0.0000,0.0000,0.0000,0.0000,0.0000,0.0000,0.0000
192.2500,100.0000,0.0000,0.0000,0.0000,0.0000,0.0000,0.0000,0.0000,0.0000,0.0000,0.0000,0.0000,0.0000,0.0000,0.0000,0.0000,0.0000,0.0000,0.0000,0.0000,0.0000,0.0000,0.0000,0.0000,0.0000
192.3000,100.0000,0.0000,0.0000,0.0000,0.0000,0.0000,0.0000,0.0000,0.0000,0.0000,0.0000,0.0000,0.0000,0.0000,0.0000,0.0000,0.0000,0.0000,0.0000,0.0000,0.0000,0.0000,0.0000,0.0000,0.0000
192.3500,100.0000,0.0000,0.0000,0.0000,0.0000,0.0000,0.0000,0.0000,0.0000,0.0000,0.0000,0.0000,0.0000,0.0000,0.0000,0.0000,0.0000,0.0000,0.0000,0.0000,0.0000,0.0000,0.0000,0.0000,0.0000
192.4000,100.0000,0.0000,0.0000,0.0000,0.0000,0.0000,0.0000,0.0000,0.0000,0.0000,0.0000,0.0000,0.0000,0.0000,0.0000,0.0000,0.0000,0.0000,0.0000,0.0000,0.0000,0.0000,0.0000,0.0000,0.0000
192.4500,100.0000,0.0000,0.0000,0.0000,0.0000,0.0000,0.0000,0.0000,0.0000,0.0000,0.0000,0.0000,0.0000,0.0000,0.0000,0.0000,0.0000,0.0000,0.0000,0.0000,0.0000,0.0000,0.0000,0.0000,0.0000
192.5000,100.0000,0.0000,0.0000,0.0000,0.0000,0.0000,0.0000,0.0000,0.0000,0.0000,0.0000,0.0000,0.0000,0.0000,0.0000,0.0000,0.0000,0.0000,0.0000,0.0000,0.0000,0.0000,0.0000,0.0000,0.0000
192.5500,100.0000,0.0000,0.0000,0.0000,0.0000,0.0000,0.0000,0.0000,0.0000,0.0000,0.0000,0.0000,0.0000,0.0000,0.0000,0.0000,0.0000,0.0000,0.0000,0.0000,0.0000,0.0000,0.0000,0.0000,0.0000
192.6000,100.0000,0.0000,0.0000,0.0000,0.0000,0.0000,0.0000,0.0000,0.0000,0.0000,0.0000,0.0000,0.0000,0.0000,0.0000,0.0000,0.0000,0.0000,0.0000,0.0000,0.0000,0.0000,0.0000,0.0000,0.0000
192.6500,100.0000,0.0000,0.0000,0.0000,0.0000,0.0000,0.0000,0.0000,0.0000,0.0000,0.0000,0.0000,0.0000,0.0000,0.0000,0.0000,0.0000,0.0000,0.0000,0.0000,0.0000,0.0000,0.0000,0.0000,0.0000
192.7000,100.0000,0.0000,0.0000,0.0000,0.0000,0.0000,0.0000,0.0000,0.0000,0.0000,0.0000,0.0000,0.0000,0.0000,0.0000,0.0000,0.0000,0.0000,0.0000,0.0000,0.0000,0.0000,0.0000,0.0000,0.0000
192.7500,100.0000,0.0000,0.0000,0.0000,0.0000,0.0000,0.0000,0.0000,0.0000,0.0000,0.0000,0.0000,0.0000,0.0000,0.0000,0.0000,0.0000,0.0000,0.0000,0.0000,0.0000,0.0000,0.0000,0.0000,0.0000
192.8000,100.0000,0.0000,0.0000,0.0000,0.0000,0.0000,0.0000,0.0000,0.0000,0.0000,0.0000,0.0000,0.0000,0.0000,0.0000,0.0000,0.0000,0.0000,0.0000,0.0000,0.0000,0.0000,0.0000,0.0000,0.0000
192.8500,100.0000,0.0000,0.0000,0.0000,0.0000,0.0000,0.0000,0.0000,0.0000,0.0000,0.0000,0.0000,0.0000,0.0000,0.0000,0.0000,0.0000,0.0000,0.0000,0.0000,0.0000,0.0000,0.0000,0.0000,0.0000
192.9000,100.0000,0.0000,0.0000,0.0000,0.0000,0.0000,0.0000,0.0000,0.0000,0.0000,0.0000,0.0000,0.0000,0.0000,0.0000,0.0000,0.0000,0.0000,0.0000,0.0000,0.0000,0.0000,0.0000,0.0000,0.0000
192.9500,100.0000,0.0000,0.0000,0.0000,0.0000,0.0000,0.0000,0.0000,0.0000,0.0000,0.0000,0.0000,0.0000,0.0000,0.0000,0.0000,0.0000,0.0000,0.0000,0.0000,0.0000,0.0000,0.0000,0.0000,0.0000
193.0000,100.0000,0.0000,0.0000,0.0000,0.0000,0.0000,0.0000,0.0000,0.0000,0.0000,0.0000,0.0000,0.0000,0.0000,0.0000,0.0000,0.0000,0.0000,0.0000,0.0000,0.0000,0.0000,0.0000,0.0000,0.0000
193.0500,100.0000,0.0000,0.0000,0.0000,0.0000,0.0000,0.0000,0.0000,0.0000,0.0000,0.0000,0.0000,0.0000,0.0000,0.0000,0.0000,0.0000,0.0000,0.0000,0.0000,0.0000,0.0000,0.0000,0.0000,0.0000
193.1000,100.0000,0.0000,0.0000,0.0000,0.0000,0.0000,0.0000,0.0000,0.0000,0.0000,0.0000,0.0000,0.0000,0.0000,0.0000,0.0000,0.0000,0.0000,0.0000,0.0000,0.0000,0.0000,0.0000,0.0000,0.0000
193.1500,100.0000,0.0000,0.0000,0.0000,0.0000,0.0000,0.0000,0.0000,0.0000,0.0000,0.0000,0.0000,0.0000,0.0000,0.0000,0.0000,0.0000,0.0000,0.0000,0.0000,0.0000,0.0000,0.0000,0.0000,0.0000
193.2000,100.0000,0.0000,0.0000,0.0000,0.0000,0.0000,0.0000,0.0000,0.0000,0.0000,0.0000,0.0000,0.0000,0.0000,0.0000,0.0000,0.0000,0.0000,0.0000,0.0000,0.0000,0.0000,0.0000,0.0000,0.0000
193.2500,100.0000,0.0000,0.0000,0.0000,0.0000,0.0000,0.0000,0.0000,0.0000,0.0000,0.0000,0.0000,0.0000,0.0000,0.0000,0.0000,0.0000,0.0000,0.0000,0.0000,0.0000,0.0000,0.0000,0.0000,0.0000
193.3000,100.0000,0.0000,0.0000,0.0000,0.0000,0.0000,0.0000,0.0000,0.0000,0.0000,0.0000,0.0000,0.0000,0.0000,0.0000,0.0000,0.0000,0.0000,0.0000,0.0000,0.0000,0.0000,0.0000,0.0000,0.0000
193.3500,100.0000,0.0000,0.0000,0.0000,0.0000,0.0000,0.0000,0.0000,0.0000,0.0000,0.0000,0.0000,0.0000,0.0000,0.0000,0.0000,0.0000,0.0000,0.0000,0.0000,0.0000,0.0000,0.0000,0.0000,0.0000
193.4000,100.0000,0.0000,0.0000,0.0000,0.0000,0.0000,0.0000,0.0000,0.0000,0.0000,0.0000,0.0000,0.0000,0.0000,0.0000,0.0000,0.0000,0.0000,0.0000,0.0000,0.0000,0.0000,0.0000,0.0000,0.0000
193.4500,100.0000,0.0000,0.0000,0.0000,0.0000,0.0000,0.0000,0.0000,0.0000,0.0000,0.0000,0.0000,0.0000,0.0000,0.0000,0.0000,0.0000,0.0000,0.0000,0.0000,0.0000,0.0000,0.0000,0.0000,0.0000
193.5000,100.0000,0.0000,0.0000,0.0000,0.0000,0.0000,0.0000,0.0000,0.0000,0.0000,0.0000,0.0000,0.0000,0.0000,0.0000,0.0000,0.0000,0.0000,0.0000,0.0000,0.0000,0.0000,0.0000,0.0000,0.0000
193.5500,100.0000,0.0000,0.0000,0.0000,0.0000,0.0000,0.0000,0.0000,0.0000,0.0000,0.0000,0.0000,0.0000,0.0000,0.0000,0.0000,0.0000,0.0000,0.0000,0.0000,0.0000,0.0000,0.0000,0.0000,0.0000
193.6000,100.0000,0.0000,0.0000,0.0000,0.0000,0.0000,0.0000,0.0000,0.0000,0.0000,0.0000,0.0000,0.0000,0.0000,0.0000,0.0000,0.0000,0.0000,0.0000,0.0000,0.0000,0.0000,0.0000,0.0000,0.0000
193.6500,100.0000,0.0000,0.0000,0.0000,0.0000,0.0000,0.0000,0.0000,0.0000,0.0000,0.0000,0.0000,0.0000,0.0000,0.0000,0.0000,0.0000,0.0000,0.0000,0.0000,0.0000,0.0000,0.0000,0.0000,0.0000
193.7000,100.0000,0.0000,0.0000,0.0000,0.0000,0.0000,0.0000,0.0000,0.0000,0.0000,0.0000,0.0000,0.0000,0.0000,0.0000,0.0000,0.0000,0.0000,0.0000,0.0000,0.0000,0.0000,0.0000,0.0000,0.0000
193.7500,100.0000,0.0000,0.0000,0.0000,0.0000,0.0000,0.0000,0.0000,0.0000,0.0000,0.0000,0.0000,0.0000,0.0000,0.0000,0.0000,0.0000,0.0000,0.0000,0.0000,0.0000,0.0000,0.0000,0.0000,0.0000
193.8000,100.0000,0.0000,0.0000,0.0000,0.0000,0.0000,0.0000,0.0000,0.0000,0.0000,0.0000,0.0000,0.0000,0.0000,0.0000,0.0000,0.0000,0.0000,0.0000,0.0000,0.0000,0.0000,0.0000,0.0000,0.0000
193.8500,100.0000,0.0000,0.0000,0.0000,0.0000,0.0000,0.0000,0.0000,0.0000,0.0000,0.0000,0.0000,0.0000,0.0000,0.0000,0.0000,0.0000,0.0000,0.0000,0.0000,0.0000,0.0000,0.0000,0.0000,0.0000
193.9000,100.0000,0.0000,0.0000,0.0000,0.0000,0.0000,0.0000,0.0000,0.0000,0.0000,0.0000,0.0000,0.0000,0.0000,0.0000,0.0000,0.0000,0.0000,0.0000,0.0000,0.0000,0.0000,0.0000,0.0000,0.0000
193.9500,100.0000,0.0000,0.0000,0.0000,0.0000,0.0000,0.0000,0.0000,0.0000,0.0000,0.0000,0.0000,0.0000,0.0000,0.0000,0.0000,0.0000,0.0000,0.0000,0.0000,0.0000,0.0000,0.0000,0.0000,0.0000
194.0000,100.0000,0.0000,0.0000,0.0000,0.0000,0.0000,0.0000,0.0000,0.0000,0.0000,0.0000,0.0000,0.0000,0.0000,0.0000,0.0000,0.0000,0.0000,0.0000,0.0000,0.0000,0.0000,0.0000,0.0000,0.0000
194.0500,100.0000,0.0000,0.0000,0.0000,0.0000,0.0000,0.0000,0.0000,0.0000,0.0000,0.0000,0.0000,0.0000,0.0000,0.0000,0.0000,0.0000,0.0000,0.0000,0.0000,0.0000,0.0000,0.0000,0.0000,0.0000
194.1000,100.0000,0.0000,0.0000,0.0000,0.0000,0.0000,0.0000,0.0000,0.0000,0.0000,0.0000,0.0000,0.0000,0.0000,0.0000,0.0000,0.0000,0.0000,0.0000,0.0000,0.0000,0.0000,0.0000,0.0000,0.0000
194.1500,100.0000,0.0000,0.0000,0.0000,0.0000,0.0000,0.0000,0.0000,0.0000,0.0000,0.0000,0.0000,0.0000,0.0000,0.0000,0.0000,0.0000,0.0000,0.0000,0.0000,0.0000,0.0000,0.0000,0.0000,0.0000
194.2000,100.0000,0.0000,0.0000,0.0000,0.0000,0.0000,0.0000,0.0000,0.0000,0.0000,0.0000,0.0000,0.0000,0.0000,0.0000,0.0000,0.0000,0.0000,0.0000,0.0000,0.0000,0.0000,0.0000,0.0000,0.0000
194.2500,100.0000,0.0000,0.0000,0.0000,0.0000,0.0000,0.0000,0.0000,0.0000,0.0000,0.0000,0.0000,0.0000,0.0000,0.0000,0.0000,0.0000,0.0000,0.0000,0.0000,0.0000,0.0000,0.0000,0.0000,0.0000
194.3000,100.0000,0.0000,0.0000,0.0000,0.0000,0.0000,0.0000,0.0000,0.0000,0.0000,0.0000,0.0000,0.0000,0.0000,0.0000,0.0000,0.0000,0.0000,0.0000,0.0000,0.0000,0.0000,0.0000,0.0000,0.0000
194.3500,100.0000,0.0000,0.0000,0.0000,0.0000,0.0000,0.0000,0.0000,0.0000,0.0000,0.0000,0.0000,0.0000,0.0000,0.0000,0.0000,0.0000,0.0000,0.0000,0.0000,0.0000,0.0000,0.0000,0.0000,0.0000
194.4000,100.0000,0.0000,0.0000,0.0000,0.0000,0.0000,0.0000,0.0000,0.0000,0.0000,0.0000,0.0000,0.0000,0.0000,0.0000,0.0000,0.0000,0.0000,0.0000,0.0000,0.0000,0.0000,0.0000,0.0000,0.0000
194.4500,100.0000,0.0000,0.0000,0.0000,0.0000,0.0000,0.0000,0.0000,0.0000,0.0000,0.0000,0.0000,0.0000,0.0000,0.0000,0.0000,0.0000,0.0000,0.0000,0.0000,0.0000,0.0000,0.0000,0.0000,0.0000
194.5000,100.0000,0.0000,0.0000,0.0000,0.0000,0.0000,0.0000,0.0000,0.0000,0.0000,0.0000,0.0000,0.0000,0.0000,0.0000,0.0000,0.0000,0.0000,0.0000,0.0000,0.0000,0.0000,0.0000,0.0000,0.0000
194.5500,100.0000,0.0000,0.0000,0.0000,0.0000,0.0000,0.0000,0.0000,0.0000,0.0000,0.0000,0.0000,0.0000,0.0000,0.0000,0.0000,0.0000,0.0000,0.0000,0.0000,0.0000,0.0000,0.0000,0.0000,0.0000
194.6000,100.0000,0.0000,0.0000,0.0000,0.0000,0.0000,0.0000,0.0000,0.0000,0.0000,0.0000,0.0000,0.0000,0.0000,0.0000,0.0000,0.0000,0.0000,0.0000,0.0000,0.0000,0.0000,0.0000,0.0000,0.0000
194.6500,100.0000,0.0000,0.0000,0.0000,0.0000,0.0000,0.0000,0.0000,0.0000,0.0000,0.0000,0.0000,0.0000,0.0000,0.0000,0.0000,0.0000,0.0000,0.0000,0.0000,0.0000,0.0000,0.0000,0.0000,0.0000
194.7000,100.0000,0.0000,0.0000,0.0000,0.0000,0.0000,0.0000,0.0000,0.0000,0.0000,0.0000,0.0000,0.0000,0.0000,0.0000,0.0000,0.0000,0.0000,0.0000,0.0000,0.0000,0.0000,0.0000,0.0000,0.0000
194.7500,100.0000,0.0000,0.0000,0.0000,0.0000,0.0000,0.0000,0.0000,0.0000,0.0000,0.0000,0.0000,0.0000,0.0000,0.0000,0.0000,0.0000,0.0000,0.0000,0.0000,0.0000,0.0000,0.0000,0.0000,0.0000
194.8000,100.0000,0.0000,0.0000,0.0000,0.0000,0.0000,0.0000,0.0000,0.0000,0.0000,0.0000,0.0000,0.0000,0.0000,0.0000,0.0000,0.0000,0.0000,0.0000,0.0000,0.0000,0.0000,0.0000,0.0000,0.0000
194.8500,100.0000,0.0000,0.0000,0.0000,0.0000,0.0000,0.0000,0.0000,0.0000,0.0000,0.0000,0.0000,0.0000,0.0000,0.0000,0.0000,0.0000,0.0000,0.0000,0.0000,0.0000,0.0000,0.0000,0.0000,0.0000
194.9000,100.0000,0.0000,0.0000,0.0000,0.0000,0.0000,0.0000,0.0000,0.0000,0.0000,0.0000,0.0000,0.0000,0.0000,0.0000,0.0000,0.0000,0.0000,0.0000,0.0000,0.0000,0.0000,0.0000,0.0000,0.0000
194.9500,100.0000,0.0000,0.0000,0.0000,0.0000,0.0000,0.0000,0.0000,0.0000,0.0000,0.0000,0.0000,0.0000,0.0000,0.0000,0.0000,0.0000,0.0000,0.0000,0.0000,0.0000,0.0000,0.0000,0.0000,0.0000
195.0000,100.0000,0.0000,0.0000,0.0000,0.0000,0.0000,0.0000,0.0000,0.0000,0.0000,0.0000,0.0000,0.0000,0.0000,0.0000,0.0000,0.0000,0.0000,0.0000,0.0000,0.0000,0.0000,0.0000,0.0000,0.0000
195.0500,100.0000,0.0000,0.0000,0.0000,0.0000,0.0000,0.0000,0.0000,0.0000,0.0000,0.0000,0.0000,0.0000,0.0000,0.0000,0.0000,0.0000,0.0000,0.0000,0.0000,0.0000,0.0000,0.0000,0.0000,0.0000
195.1000,100.0000,0.0000,0.0000,0.0000,0.0000,0.0000,0.0000,0.0000,0.0000,0.0000,0.0000,0.0000,0.0000,0.0000,0.0000,0.0000,0.0000,0.0000,0.0000,0.0000,0.0000,0.0000,0.0000,0.0000,0.0000
195.1500,100.0000,0.0000,0.0000,0.0000,0.0000,0.0000,0.0000,0.0000,0.0000,0.0000,0.0000,0.0000,0.0000,0.0000,0.0000,0.0000,0.0000,0.0000,0.0000,0.0000,0.0000,0.0000,0.0000,0.0000,0.0000
195.2000,100.0000,0.0000,0.0000,0.0000,0.0000,0.0000,0.0000,0.0000,0.0000,0.0000,0.0000,0.0000,0.0000,0.0000,0.0000,0.0000,0.0000,0.0000,0.0000,0.0000,0.0000,0.0000,0.0000,0.0000,0.0000
195.2500,100.0000,0.0000,0.0000,0.0000,0.0000,0.0000,0.0000,0.0000,0.0000,0.0000,0.0000,0.0000,0.0000,0.0000,0.0000,0.0000,0.0000,0.0000,0.0000,0.0000,0.0000,0.0000,0.0000,0.0000,0.0000
195.3000,100.0000,0.0000,0.0000,0.0000,0.0000,0.0000,0.0000,0.0000,0.0000,0.0000,0.0000,0.0000,0.0000,0.0000,0.0000,0.0000,0.0000,0.0000,0.0000,0.0000,0.0000,0.0000,0.0000,0.0000,0.0000
195.3500,100.0000,0.0000,0.0000,0.0000,0.0000,0.0000,0.0000,0.0000,0.0000,0.0000,0.0000,0.0000,0.0000,0.0000,0.0000,0.0000,0.0000,0.0000,0.0000,0.0000,0.0000,0.0000,0.0000,0.0000,0.0000
195.4000,100.0000,0.0000,0.0000,0.0000,0.0000,0.0000,0.0000,0.0000,0.0000,0.0000,0.0000,0.0000,0.0000,0.0000,0.0000,0.0000,0.0000,0.0000,0.0000,0.0000,0.0000,0.0000,0.0000,0.0000,0.0000
195.4500,100.0000,0.0000,0.0000,0.0000,0.0000,0.0000,0.0000,0.0000,0.0000,0.0000,0.0000,0.0000,0.0000,0.0000,0.0000,0.0000,0.0000,0.0000,0.0000,0.0000,0.0000,0.0000,0.0000,0.0000,0.0000
195.5000,100.0000,0.0000,0.0000,0.0000,0.0000,0.0000,0.0000,0.0000,0.0000,0.0000,0.0000,0.0000,0.0000,0.0000,0.0000,0.0000,0.0000,0.0000,0.0000,0.0000,0.0000,0.0000,0.0000,0.0000,0.0000
195.5500,100.0000,0.0000,0.0000,0.0000,0.0000,0.0000,0.0000,0.0000,0.0000,0.0000,0.0000,0.0000,0.0000,0.0000,0.0000,0.0000,0.0000,0.0000,0.0000,0.0000,0.0000,0.0000,0.0000,0.0000,0.0000
195.6000,100.0000,0.0000,0.0000,0.0000,0.0000,0.0000,0.0000,0.0000,0.0000,0.0000,0.0000,0.0000,0.0000,0.0000,0.0000,0.0000,0.0000,0.0000,0.0000,0.0000,0.0000,0.0000,0.0000,0.0000,0.0000
195.6500,100.0000,0.0000,0.0000,0.0000,0.0000,0.0000,0.0000,0.0000,0.0000,0.0000,0.0000,0.0000,0.0000,0.0000,0.0000,0.0000,0.0000,0.0000,0.0000,0.0000,0.0000,0.0000,0.0000,0.0000,0.0000
195.7000,100.0000,0.0000,0.0000,0.0000,0.0000,0.0000,0.0000,0.0000,0.0000,0.0000,0.0000,0.0000,0.0000,0.0000,0.0000,0.0000,0.0000,0.0000,0.0000,0.0000,0.0000,0.0000,0.0000,0.0000,0.0000
195.7500,100.0000,0.0000,0.0000,0.0000,0.0000,0.0000,0.0000,0.0000,0.0000,0.0000,0.0000,0.0000,0.0000,0.0000,0.0000,0.0000,0.0000,0.0000,0.0000,0.0000,0.0000,0.0000,0.0000,0.0000,0.0000
195.8000,100.0000,0.0000,0.0000,0.0000,0.0000,0.0000,0.0000,0.0000,0.0000,0.0000,0.0000,0.0000,0.0000,0.0000,0.0000,0.0000,0.0000,0.0000,0.0000,0.0000,0.0000,0.0000,0.0000,0.0000,0.0000
195.8500,100.0000,0.0000,0.0000,0.0000,0.0000,0.0000,0.0000,0.0000,0.0000,0.0000,0.0000,0.0000,0.0000,0.0000,0.0000,0.0000,0.0000,0.0000,0.0000,0.0000,0.0000,0.0000,0.0000,0.0000,0.0000
195.9000,100.0000,0.0000,0.0000,0.0000,0.0000,0.0000,0.0000,0.0000,0.0000,0.0000,0.0000,0.0000,0.0000,0.0000,0.0000,0.0000,0.0000,0.0000,0.0000,0.0000,0.0000,0.0000,0.0000,0.0000,0.0000
195.9500,100.0000,0.0000,0.0000,0.0000,0.0000,0.0000,0.0000,0.0000,0.0000,0.0000,0.0000,0.0000,0.0000,0.0000,0.0000,0.0000,0.0000,0.0000,0.0000,0.0000,0.0000,0.0000,0.0000,0.0000,0.0000
196.0000,100.0000,0.0000,0.0000,0.0000,0.0000,0.0000,0.0000,0.0000,0.0000,0.0000,0.0000,0.0000,0.0000,0.0000,0.0000,0.0000,0.0000,0.0000,0.0000,0.0000,0.0000,0.0000,0.0000,0.0000,0.0000
196.0500,100.0000,0.0000,0.0000,0.0000,0.0000,0.0000,0.0000,0.0000,0.0000,0.0000,0.0000,0.0000,0.0000,0.0000,0.0000,0.0000,0.0000,0.0000,0.0000,0.0000,0.0000,0.0000,0.0000,0.0000,0.0000
196.1000,100.0000,0.0000,0.0000,0.0000,0.0000,0.0000,0.0000,0.0000,0.0000,0.0000,0.0000,0.0000,0.0000,0.0000,0.0000,0.0000,0.0000,0.0000,0.0000,0.0000,0.0000,0.0000,0.0000,0.0000,0.0000
196.1500,100.0000,0.0000,0.0000,0.0000,0.0000,0.0000,0.0000,0.0000,0.0000,0.0000,0.0000,0.0000,0.0000,0.0000,0.0000,0.0000,0.0000,0.0000,0.0000,0.0000,0.0000,0.0000,0.0000,0.0000,0.0000
196.2000,100.0000,0.0000,0.0000,0.0000,0.0000,0.0000,0.0000,0.0000,0.0000,0.0000,0.0000,0.0000,0.0000,0.0000,0.0000,0.0000,0.0000,0.0000,0.0000,0.0000,0.0000,0.0000,0.0000,0.0000,0.0000
196.2500,100.0000,0.0000,0.0000,0.0000,0.0000,0.0000,0.0000,0.0000,0.0000,0.0000,0.0000,0.0000,0.0000,0.0000,0.0000,0.0000,0.0000,0.0000,0.0000,0.0000,0.0000,0.0000,0.0000,0.0000,0.0000
196.3000,100.0000,0.0000,0.0000,0.0000,0.0000,0.0000,0.0000,0.0000,0.0000,0.0000,0.0000,0.0000,0.0000,0.0000,0.0000,0.0000,0.0000,0.0000,0.0000,0.0000,0.0000,0.0000,0.0000,0.0000,0.0000
196.3500,100.0000,0.0000,0.0000,0.0000,0.0000,0.0000,0.0000,0.0000,0.0000,0.0000,0.0000,0.0000,0.0000,0.0000,0.0000,0.0000,0.0000,0.0000,0.0000,0.0000,0.0000,0.0000,0.0000,0.0000,0.0000
196.4000,100.0000,0.0000,0.0000,0.0000,0.0000,0.0000,0.0000,0.0000,0.0000,0.0000,0.0000,0.0000,0.0000,0.0000,0.0000,0.0000,0.0000,0.0000,0.0000,0.0000,0.0000,0.0000,0.0000,0.0000,0.0000
196.4500,100.0000,0.0000,0.0000,0.0000,0.0000,0.0000,0.0000,0.0000,0.0000,0.0000,0.0000,0.0000,0.0000,0.0000,0.0000,0.0000,0.0000,0.0000,0.0000,0.0000,0.0000,0.0000,0.0000,0.0000,0.0000
196.5000,100.0000,0.0000,0.0000,0.0000,0.0000,0.0000,0.0000,0.0000,0.0000,0.0000,0.0000,0.0000,0.0000,0.0000,0.0000,0.0000,0.0000,0.0000,0.0000,0.0000,0.0000,0.0000,0.0000,0.0000,0.0000
196.5500,100.0000,0.0000,0.0000,0.0000,0.0000,0.0000,0.0000,0.0000,0.0000,0.0000,0.0000,0.0000,0.0000,0.0000,0.0000,0.0000,0.0000,0.0000,0.0000,0.0000,0.0000,0.0000,0.0000,0.0000,0.0000
196.6000,100.0000,0.0000,0.0000,0.0000,0.0000,0.0000,0.0000,0.0000,0.0000,0.0000,0.0000,0.0000,0.0000,0.0000,0.0000,0.0000,0.0000,0.0000,0.0000,0.0000,0.0000,0.0000,0.0000,0.0000,0.0000
196.6500,100.0000,0.0000,0.0000,0.0000,0.0000,0.0000,0.0000,0.0000,0.0000,0.0000,0.0000,0.0000,0.0000,0.0000,0.0000,0.0000,0.0000,0.0000,0.0000,0.0000,0.0000,0.0000,0.0000,0.0000,0.0000
196.7000,100.0000,0.0000,0.0000,0.0000,0.0000,0.0000,0.0000,0.0000,0.0000,0.0000,0.0000,0.0000,0.0000,0.0000,0.0000,0.0000,0.0000,0.0000,0.0000,0.0000,0.0000,0.0000,0.0000,0.0000,0.0000
196.7500,100.0000,0.0000,0.0000,0.0000,0.0000,0.0000,0.0000,0.0000,0.0000,0.0000,0.0000,0.0000,0.0000,0.0000,0.0000,0.0000,0.0000,0.0000,0.0000,0.0000,0.0000,0.0000,0.0000,0.0000,0.0000
196.8000,100.0000,0.0000,0.0000,0.0000,0.0000,0.0000,0.0000,0.0000,0.0000,0.0000,0.0000,0.0000,0.0000,0.0000,0.0000,0.0000,0.0000,0.0000,0.0000,0.0000,0.0000,0.0000,0.0000,0.0000,0.0000
196.8500,100.0000,0.0000,0.0000,0.0000,0.0000,0.0000,0.0000,0.0000,0.0000,0.0000,0.0000,0.0000,0.0000,0.0000,0.0000,0.0000,0.0000,0.0000,0.0000,0.0000,0.0000,0.0000,0.0000,0.0000,0.0000
196.9000,100.0000,0.0000,0.0000,0.0000,0.0000,0.0000,0.0000,0.0000,0.0000,0.0000,0.0000,0.0000,0.0000,0.0000,0.0000,0.0000,0.0000,0.0000,0.0000,0.0000,0.0000,0.0000,0.0000,0.0000,0.0000
196.9500,100.0000,0.0000,0.0000,0.0000,0.0000,0.0000,0.0000,0.0000,0.0000,0.0000,0.0000,0.0000,0.0000,0.0000,0.0000,0.0000,0.0000,0.0000,0.0000,0.0000,0.0000,0.0000,0.0000,0.0000,0.0000
197.0000,100.0000,0.0000,0.0000,0.0000,0.0000,0.0000,0.0000,0.0000,0.0000,0.0000,0.0000,0.0000,0.0000,0.0000,0.0000,0.0000,0.0000,0.0000,0.0000,0.0000,0.0000,0.0000,0.0000,0.0000,0.0000
197.0500,99.9999,0.0000,0.3475,0.0000,0.0000,0.0000,0.0000,0.0000,0.0000,0.0000,0.0000,0.0000,0.0000,0.0000,0.0000,0.0000,0.6950,0.6950,0.0000,0.0000,0.0000,0.0000,0.0000,0.0000,0.0000
197.1000,99.9994,0.0000,1.9046,0.0000,0.0000,0.0000,0.0000,0.0000,0.0000,0.0000,0.0000,0.0000,0.0000,0.0000,0.0000,0.0000,3.8093,3.8093,0.0000,0.0000,0.0000,0.0000,0.0000,0.0000,0.0000
197.1500,99.9981,0.0000,4.0954,0.0000,0.0000,0.0000,0.0000,0.0000,0.0000,0.0000,0.0000,0.0000,0.0000,0.0000,0.0000,0.0000,8.1907,8.1907,0.0000,0.0000,0.0000,0.0000,0.0000,0.0000,0.0000
197.2000,99.9955,0.0000,5.6525,0.0000,0.0000,0.0000,0.0000,0.0000,0.0000,0.0000,0.0000,0.0000,0.0000,0.0000,0.0000,0.0000,11.3050,11.3050,0.0000,0.0000,0.0000,0.0000,0.0000,0.0000,0.0000
197.2500,99.9912,0.0000,6.0000,0.0000,0.0000,0.0000,0.0000,0.0000,0.0000,0.0000,0.0000,0.0000,0.0000,0.0000,0.0000,0.0000,12.0000,12.0000,0.0000,0.0000,0.0000,0.0000,0.0000,0.0000,0.0000
197.3000,99.9850,0.0000,6.0000,0.0000,0.0000,0.0000,0.0000,0.0000,0.0000,0.0000,0.0000,0.0000,0.0000,0.0000,0.0000,0.0000,12.0000,12.0000,0.0000,0.0000,0.0000,0.0000,0.0000,0.0000,0.0000
197.3500,99.9763,0.0000,6.0000,0.0000,0.0000,0.0000,0.0000,0.0000,0.0000,0.0000,0.0000,0.0000,0.0000,0.0000,0.0000,0.0000,12.0000,12.0000,0.0000,0.0000,0.0000,0.0000,0.0000,0.0000,0.0000
197.4000,99.9648,0.0000,6.0000,0.0000,0.0000,0.0000,0.0000,0.0000,0.0000,0.0000,0.0000,0.0000,0.0000,0.0000,0.0000,0.0000,12.0000,12.0000,0.0000,0.0000,0.0000,0.0000,0.0000,0.0000,0.0000
197.4500,99.9502,0.0000,6.0000,0.0000,0.0000,0.0000,0.0000,0.0000,0.0000,0.0000,0.0000,0.0000,0.0000,0.0000,0.0000,0.0000,12.0000,12.0000,0.0000,0.0000,0.0000,0.0000,0.0000,0.0000,0.0000
197.5000,99.9321,0.0000,6.0000,0.0000,0.0000,0.0000,0.0000,0.0000,0.0000,0.0000,0.0000,0.0000,0.0000,0.0000,0.0000,0.0000,12.0000,12.0000,0.0000,0.0000,0.0000,0.0000,0.0000,0.0000,0.0000
197.5500,99.9102,0.0000,6.6950,0.0000,0.0000,0.0000,0.0000,0.0000,0.0000,0.0000,0.0000,0.0000,0.0000,0.0000,0.0000,0.0000,12.0000,11.5946,0.0000,0.0000,0.0000,0.0000,0.0000,0.0000,0.0000
197.6000,99.8842,0.0000,9.8093,0.0000,0.0000,0.0000,0.0000,0.0000,0.0000,0.0000,0.0000,0.0000,0.0000,0.0000,0.0000,0.0000,12.0000,9.7780,0.0000,0.0000,0.0000,0.0000,0.0000,0.0000,0.0000
197.6500,99.8537,0.0000,14.1907,0.0000,0.0000,0.0000,0.0000,0.0000,0.0000,0.0000,0.0000,0.0000,0.0000,0.0000,0.0000,0.0000,12.0000,7.2222,0.0000,0.0000,0.0000,0.0000,0.0000,0.0000,0.0000
197.7000,99.8185,0.0000,17.3050,0.0000,0.0000,0.0000,0.0000,0.0000,0.0000,0.0000,0.0000,0.0000,0.0000,0.0000,0.0000,0.0000,12.0000,5.4056,0.0000,0.0000,0.0000,0.0000,0.0000,0.0000,0.0000
197.7500,99.7782,0.0000,18.0000,0.0000,0.0000,0.0000,0.0000,0.0000,0.0000,0.0000,0.0000,0.0000,0.0000,0.0000,0.0000,0.0000,12.0000,5.0002,0.0000,0.0000,0.0000,0.0000,0.0000,0.0000,0.0000
197.8000,99.7325,0.0000,18.0000,0.0000,0.0000,0.0000,0.0000,0.0000,0.0000,0.0000,0.0000,0.0000,0.0000,0.0000,0.0000,0.0000,12.0000,5.0002,0.0000,0.0000,0.0000,0.0000,0.0000,0.0000,0.0000
197.8500,99.6813,0.0000,18.0000,0.0000,0.0000,0.0000,0.0000,0.0000,0.0000,0.0000,0.0000,0.0000,0.0000,0.0000,0.0000,0.0000,12.0000,5.0002,0.0000,0.0000,0.0000,0.0000,0.0000,0.0000,0.0000
197.9000,99.6242,0.0000,18.0000,0.0000,0.0000,0.0000,0.0000,0.0000,0.0000,0.0000,0.0000,0.0000,0.0000,0.0000,0.0000,0.0000,12.0000,5.0002,0.0000,0.0000,0.0000,0.0000,0.0000,0.0000,0.0000
197.9500,99.5609,0.0000,18.0000,0.0000,0.0000,0.0000,0.0000,0.0000,0.0000,0.0000,0.0000,0.0000,0.0000,0.0000,0.0000,0.0000,12.0000,5.0002,0.0000,0.0000,0.0000,0.0000,0.0000,0.0000,0.0000
198.0000,99.4912,0.0000,18.0000,0.0000,0.0000,0.0000,0.0000,0.0000,0.0000,0.0000,0.0000,0.0000,0.0000,0.0000,0.0000,0.0000,12.0000,5.0002,0.0000,0.0000,0.0000,0.0000,0.0000,0.0000,0.0000
198.0500,99.4149,0.0000,18.3475,0.0000,0.0000,0.0000,0.0000,0.0000,0.0000,0.0000,0.0000,0.0000,0.0000,0.0000,0.0000,0.0000,12.0000,5.0002,0.0000,0.0000,0.0000,0.0000,0.0000,0.0000,0.0000
198.1000,99.3318,0.0000,19.9046,0.0000,0.0000,0.0000,0.0000,0.0000,0.0000,0.0000,0.0000,0.0000,0.0000,0.0000,0.0000,0.0000,12.0000,5.0002,0.0000,0.0000,0.0000,0.0000,0.0000,0.0000,0.0000
198.1500,99.2415,0.0000,22.0954,0.0000,0.0000,0.0000,0.0000,0.0000,0.0000,0.0000,0.0000,0.0000,0.0000,0.0000,0.0000,0.0000,12.0000,5.0002,0.0000,0.0000,0.0000,0.0000,0.0000,0.0000,0.0000
198.2000,99.1440,0.0000,23.6525,0.0000,0.0000,0.0000,0.0000,0.0000,0.0000,0.0000,0.0000,0.0000,0.0000,0.0000,0.0000,0.0000,12.0000,5.0002,0.0000,0.0000,0.0000,0.0000,0.0000,0.0000,0.0000
198.2500,99.0390,0.0000,24.0000,0.0000,0.0000,0.0000,0.0000,0.0000,0.0000,0.0000,0.0000,0.0000,0.0000,0.0000,0.0000,0.0000,12.0000,5.0002,0.0000,0.0000,0.0000,0.0000,0.0000,0.0000,0.0000
198.3000,98.9262,0.0000,24.0000,0.0000,0.0000,0.0000,0.0000,0.0000,0.0000,0.0000,0.0000,0.0000,0.0000,0.0000,0.0000,0.0000,12.0000,5.0002,0.0000,0.0000,0.0000,0.0000,0.0000,0.0000,0.0000
198.3500,98.8056,0.0000,24.0000,0.0000,0.0000,0.0000,0.0000,0.0000,0.0000,0.0000,0.0000,0.0000,0.0000,0.0000,0.0000,0.0000,12.0000,5.0002,0.0000,0.0000,0.0000,0.0000,0.0000,0.0000,0.0000
198.4000,98.6770,0.0000,24.0000,0.0000,0.0000,0.0000,0.0000,0.0000,0.0000,0.0000,0.0000,0.0000,0.0000,0.0000,0.0000,0.0000,12.0000,5.0002,0.0000,0.0000,0.0000,0.0000,0.0000,0.0000,0.0000
198.4500,98.5401,0.0000,24.0000,0.0000,0.0000,0.0000,0.0000,0.0000,0.0000,0.0000,0.0000,0.0000,0.0000,0.0000,0.0000,0.0000,12.0000,5.0002,0.0000,0.0000,0.0000,0.0000,0.0000,0.0000,0.0000
198.5000,98.3948,0.0000,24.0000,0.0000,0.0000,0.0000,0.0000,0.0000,0.0000,0.0000,0.0000,0.0000,0.0000,0.0000,0.0000,0.0000,12.0000,5.0002,0.0000,0.0000,0.0000,0.0000,0.0000,0.0000,0.0000
198.5500,98.2409,0.0000,24.0000,0.0000,0.0000,0.0000,0.0000,0.0000,0.0000,0.0000,0.0000,0.0000,0.0000,0.0000,0.0000,0.0000,12.0000,5.3477,0.0000,0.0000,0.0000,0.0000,0.0000,0.0000,0.0000
198.6000,98.0784,0.0000,24.0000,0.0000,0.0000,0.0000,0.0000,0.0000,0.0000,0.0000,0.0000,0.0000,0.0000,0.0000,0.0000,0.0000,12.0000,6.9049,0.0000,0.0000,0.0000,0.0000,0.0000,0.0000,0.0000
198.6500,97.9071,0.0000,24.0000,0.0000,0.0000,0.0000,0.0000,0.0000,0.0000,0.0000,0.0000,0.0000,0.0000,0.0000,0.0000,0.0000,12.0000,9.0956,0.0000,0.0000,0.0000,0.0000,0.0000,0.0000,0.0000
198.7000,97.7268,0.0000,24.0000,0.0000,0.0000,0.0000,0.0000,0.0000,0.0000,0.0000,0.0000,0.0000,0.0000,0.0000,0.0000,0.0000,12.0000,10.6527,0.0000,0.0000,0.0000,0.0000,0.0000,0.0000,0.0000
198.7500,97.5374,0.0000,24.0000,0.0000,0.0000,0.0000,0.0000,0.0000,0.0000,0.0000,0.0000,0.0000,0.0000,0.0000,0.0000,0.0000,12.0000,11.0002,0.0000,0.0000,0.0000,0.0000,0.0000,0.0000,0.0000
198.8000,97.3388,0.0000,24.0000,0.0000,0.0000,0.0000,0.0000,0.0000,0.0000,0.0000,0.0000,0.0000,0.0000,0.0000,0.0000,0.0000,12.0000,11.0002,0.0000,0.0000,0.0000,0.0000,0.0000,0.0000,0.0000
198.8500,97.1309,0.0000,24.0000,0.0000,0.0000,0.0000,0.0000,0.0000,0.0000,0.0000,0.0000,0.0000,0.0000,0.0000,0.0000,0.0000,12.0000,11.0002,0.0000,0.0000,0.0000,0.0000,0.0000,0.0000,0.0000
198.9000,96.9137,0.0000,24.0000,0.0000,0.0000,0.0000,0.0000,0.0000,0.0000,0.0000,0.0000,0.0000,0.0000,0.0000,0.0000,0.0000,12.0000,11.0002,0.0000,0.0000,0.0000,0.0000,0.0000,0.0000,0.0000
198.9500,96.6869,0.0000,24.0000,0.0000,0.0000,0.0000,0.0000,0.0000,0.0000,0.0000,0.0000,0.0000,0.0000,0.0000,0.0000,0.0000,12.0000,11.0002,0.0000,0.0000,0.0000,0.0000,0.0000,0.0000,0.0000
199.0000,96.4506,0.0000,24.0000,0.0000,0.0000,0.0000,0.0000,0.0000,0.0000,0.0000,0.0000,0.0000,0.0000,0.0000,0.0000,0.0000,12.0000,11.0002,0.0000,0.0000,0.0000,0.0000,0.0000,0.0000,0.0000
199.0500,96.2047,0.0000,26.1178,0.0000,0.0000,0.0000,0.0000,0.0000,0.0000,0.7915,0.0000,0.0000,0.0000,0.0000,0.0000,0.0000,11.9604,10.3631,0.0000,0.0000,0.0000,0.0000,0.0000,0.0000,0.0000
199.1000,95.9490,0.0000,35.6069,0.0000,0.0000,0.0000,0.0000,0.0000,0.0000,4.3379,0.0000,0.0000,0.0000,0.0000,0.0000,0.0000,11.7831,7.5083,0.0000,0.0000,0.0000,0.0000,0.0000,0.0000,0.0000
199.1500,95.6835,0.0000,48.9572,0.0000,0.0000,0.0000,0.0000,0.0000,0.0000,9.3273,0.0000,0.0000,0.0000,0.0000,0.0000,0.0000,11.5337,3.4919,0.0000,0.0000,0.0000,0.0000,0.0000,0.0000,0.0000
199.2000,95.4083,0.0000,58.4464,0.0000,0.0000,0.0000,0.0000,0.0000,0.0000,12.8737,0.0000,0.0000,0.0000,0.0000,0.0000,0.0000,11.3564,0.6371,0.0000,0.0000,0.0000,0.0000,0.0000,0.0000,0.0000
199.2500,95.1231,0.0000,60.5642,0.0000,0.0000,0.0000,0.0000,0.0000,0.0000,13.6652,0.0000,0.0000,0.0000,0.0000,0.0000,0.0000,11.3169,0.0000,0.0000,0.0000,0.0000,0.0000,0.0000,0.0000,0.0000
199.3000,94.8280,0.0000,60.5642,0.0000,0.0000,0.0000,0.0000,0.0000,0.0000,13.6652,0.0000,0.0000,0.0000,0.0000,0.0000,0.0000,11.3169,0.0000,0.0000,0.0000,0.0000,0.0000,0.0000,0.0000,0.0000
199.3500,94.5230,0.0000,60.5642,0.0000,0.0000,0.0000,0.0000,0.0000,0.0000,13.6652,0.0000,0.0000,0.0000,0.0000,0.0000,0.0000,11.3169,0.0000,0.0000,0.0000,0.0000,0.0000,0.0000,0.0000,0.0000
199.4000,94.2080,0.0000,60.5642,0.0000,0.0000,0.0000,0.0000,0.0000,0.0000,13.6652,0.0000,0.0000,0.0000,0.0000,0.0000,0.0000,11.3169,0.0000,0.0000,0.0000,0.0000,0.0000,0.0000,0.0000,0.0000
199.4500,93.8830,0.0000,60.5642,0.0000,0.0000,0.0000,0.0000,0.0000,0.0000,13.6652,0.0000,0.0000,0.0000,0.0000,0.0000,0.0000,11.3169,0.0000,0.0000,0.0000,0.0000,0.0000,0.0000,0.0000,0.0000
199.5000,93.5480,0.0000,60.5642,0.0000,0.0000,0.0000,0.0000,0.0000,0.0000,13.6652,0.0000,0.0000,0.0000,0.0000,0.0000,0.0000,11.3169,0.0000,0.0000,0.0000,0.0000,0.0000,0.0000,0.0000,0.0000
199.5500,93.2029,0.0000,58.8935,0.0000,0.0000,0.0000,0.0000,0.0000,0.0000,14.0200,0.0000,0.0000,0.0000,0.0000,0.0000,0.0000,11.3663,0.0000,0.0000,0.0000,0.0000,0.0000,0.0000,0.0000,0.0000
199.6000,92.8479,0.0000,51.4080,0.0000,0.0000,0.0000,0.0000,0.0000,0.0000,15.6099,0.0000,0.0000,0.0000,0.0000,0.0000,0.0000,11.5876,0.0000,0.0000,0.0000,0.0000,0.0000,0.0000,0.0000,0.0000
199.6500,92.4828,0.0000,40.8765,0.0000,0.0000,0.0000,0.0000,0.0000,0.0000,17.8467,0.0000,0.0000,0.0000,0.0000,0.0000,0.0000,11.8991,0.0000,0.0000,0.0000,0.0000,0.0000,0.0000,0.0000,0.0000
199.7000,92.1077,0.0000,33.3909,0.0000,0.0000,0.0000,0.0000,0.0000,0.0000,19.4365,0.0000,0.0000,0.0000,0.0000,0.0000,0.0000,12.1205,0.0000,0.0000,0.0000,0.0000,0.0000,0.0000,0.0000,0.0000
199.7500,91.7226,0.0000,31.7203,0.0000,0.0000,0.0000,0.0000,0.0000,0.0000,19.7914,0.0000,0.0000,0.0000,0.0000,0.0000,0.0000,12.1699,0.0000,0.0000,0.0000,0.0000,0.0000,0.0000,0.0000,0.0000
199.8000,91.3276,0.0000,31.7203,0.0000,0.0000,0.0000,0.0000,0.0000,0.0000,19.7914,0.0000,0.0000,0.0000,0.0000,0.0000,0.0000,12.1699,0.0000,0.0000,0.0000,0.0000,0.0000,0.0000,0.0000,0.0000
199.8500,90.9226,0.0000,31.7203,0.0000,0.0000,0.0000,0.0000,0.0000,0.0000,19.7914,0.0000,0.0000,0.0000,0.0000,0.0000,0.0000,12.1699,0.0000,0.0000,0.0000,0.0000,0.0000,0.0000,0.0000,0.0000
199.9000,90.5077,0.0000,31.7203,0.0000,0.0000,0.0000,0.0000,0.0000,0.0000,19.7914,0.0000,0.0000,0.0000,0.0000,0.0000,0.0000,12.1699,0.0000,0.0000,0.0000,0.0000,0.0000,0.0000,0.0000,0.0000
199.9500,90.0830,0.0000,31.7203,0.0000,0.0000,0.0000,0.0000,0.0000,0.0000,19.7914,0.0000,0.0000,0.0000,0.0000,0.0000,0.0000,12.1699,0.0000,0.0000,0.0000,0.0000,0.0000,0.0000,0.0000,0.0000
200.0000,89.6484,0.0000,31.7203,0.0000,0.0000,0.0000,0.0000,0.0000,0.0000,19.7914,0.0000,0.0000,0.0000,0.0000,0.0000,0.0000,12.1699,0.0000,0.0000,0.0000,0.0000,0.0000,0.0000,0.0000,0.0000
200.0500,89.2041,0.0000,31.8366,0.0000,0.0000,0.0000,0.0000,0.0000,0.0000,20.1462,0.0000,0.0000,0.0000,0.0000,0.0000,0.0000,12.2568,0.0000,0.0000,0.0000,0.0000,0.0000,0.0000,0.0000,0.0000
200.1000,88.7501,0.0000,32.3576,0.0000,0.0000,0.0000,0.0000,0.0000,0.0000,21.7360,0.0000,0.0000,0.0000,0.0000,0.0000,0.0000,12.6464,0.0000,0.0000,0.0000,0.0000,0.0000,0.0000,0.0000,0.0000
200.1500,88.2864,0.0000,33.0907,0.0000,0.0000,0.0000,0.0000,0.0000,0.0000,23.9727,0.0000,0.0000,0.0000,0.0000,0.0000,0.0000,13.1946,0.0000,0.0000,0.0000,0.0000,0.0000,0.0000,0.0000,0.0000
200.2000,87.8131,0.0000,33.6118,0.0000,0.0000,0.0000,0.0000,0.0000,0.0000,25.5625,0.0000,0.0000,0.0000,0.0000,0.0000,0.0000,13.5842,0.0000,0.0000,0.0000,0.0000,0.0000,0.0000,0.0000,0.0000
200.2500,87.3304,0.0000,33.7280,0.0000,0.0000,0.0000,0.0000,0.0000,0.0000,25.9173,0.0000,0.0000,0.0000,0.0000,0.0000,0.0000,13.6711,0.0000,0.0000,0.0000,0.0000,0.0000,0.0000,0.0000,0.0000
200.3000,86.8382,0.0000,33.7280,0.0000,0.0000,0.0000,0.0000,0.0000,0.0000,25.9173,0.0000,0.0000,0.0000,0.0000,0.0000,0.0000,13.6711,0.0000,0.0000,0.0000,0.0000,0.0000,0.0000,0.0000,0.0000
200.3500,86.3366,0.0000,33.7280,0.0000,0.0000,0.0000,0.0000,0.0000,0.0000,25.9173,0.0000,0.0000,0.0000,0.0000,0.0000,0.0000,13.6711,0.0000,0.0000,0.0000,0.0000,0.0000,0.0000,0.0000,0.0000
200.4000,85.8258,0.0000,33.7280,0.0000,0.0000,0.0000,0.0000,0.0000,0.0000,25.9173,0.0000,0.0000,0.0000,0.0000,0.0000,0.0000,13.6711,0.0000,0.0000,0.0000,0.0000,0.0000,0.0000,0.0000,0.0000
200.4500,85.3059,0.0000,33.7280,0.0000,0.0000,0.0000,0.0000,0.0000,0.0000,25.9173,0.0000,0.0000,0.0000,0.0000,0.0000,0.0000,13.6711,0.0000,0.0000,0.0000,0.0000,0.0000,0.0000,0.0000,0.0000
200.5000,84.7769,0.0000,33.7280,0.0000,0.0000,0.0000,0.0000,0.0000,0.0000,25.9173,0.0000,0.0000,0.0000,0.0000,0.0000,0.0000,13.6711,0.0000,0.0000,0.0000,0.0000,0.0000,0.0000,0.0000,0.0000
200.5500,84.2389,0.0000,33.3139,0.0000,0.0000,0.0000,0.0000,0.0000,0.0000,25.3958,0.0000,0.0000,0.0000,0.0000,0.0000,0.0000,13.8650,0.0000,0.0000,0.0000,0.0000,0.0000,0.0000,0.0000,0.0000
200.6000,83.6920,0.0000,31.4580,0.0000,0.0000,0.0000,0.0000,0.0000,0.0000,23.0592,0.0000,0.0000,0.0000,0.0000,0.0000,0.0000,14.7333,0.0000,0.0000,0.0000,0.0000,0.0000,0.0000,0.0000,0.0000
200.6500,83.1364,0.0000,28.8471,0.0000,0.0000,0.0000,0.0000,0.0000,0.0000,19.7718,0.0000,0.0000,0.0000,0.0000,0.0000,0.0000,15.9551,0.0000,0.0000,0.0000,0.0000,0.0000,0.0000,0.0000,0.0000
200.7000,82.5722,0.0000,26.9912,0.0000,0.0000,0.0000,0.0000,0.0000,0.0000,17.4352,0.0000,0.0000,0.0000,0.0000,0.0000,0.0000,16.8235,0.0000,0.0000,0.0000,0.0000,0.0000,0.0000,0.0000,0.0000
200.7500,81.9994,0.0000,26.5771,0.0000,0.0000,0.0000,0.0000,0.0000,0.0000,16.9137,0.0000,0.0000,0.0000,0.0000,0.0000,0.0000,17.0173,0.0000,0.0000,0.0000,0.0000,0.0000,0.0000,0.0000,0.0000
200.8000,81.4182,0.0000,26.5771,0.0000,0.0000,0.0000,0.0000,0.0000,0.0000,16.9137,0.0000,0.0000,0.0000,0.0000,0.0000,0.0000,17.0173,0.0000,0.0000,0.0000,0.0000,0.0000,0.0000,0.0000,0.0000
200.8500,80.8288,0.0000,26.5771,0.0000,0.0000,0.0000,0.0000,0.0000,0.0000,16.9137,0.0000,0.0000,0.0000,0.0000,0.0000,0.0000,17.0173,0.0000,0.0000,0.0000,0.0000,0.0000,0.0000,0.0000,0.0000
200.9000,80.2313,0.0000,26.5771,0.0000,0.0000,0.0000,0.0000,0.0000,0.0000,16.9137,0.0000,0.0000,0.0000,0.0000,0.0000,0.0000,17.0173,0.0000,0.0000,0.0000,0.0000,0.0000,0.0000,0.0000,0.0000
200.9500,79.6257,0.0000,26.5771,0.0000,0.0000,0.0000,0.0000,0.0000,0.0000,16.9137,0.0000,0.0000,0.0000,0.0000,0.0000,0.0000,17.0173,0.0000,0.0000,0.0000,0.0000,0.0000,0.0000,0.0000,0.0000
201.0000,79.0123,0.0000,26.5771,0.0000,0.0000,0.0000,0.0000,0.0000,0.0000,16.9137,0.0000,0.0000,0.0000,0.0000,0.0000,0.0000,17.0173,0.0000,0.0000,0.0000,0.0000,0.0000,0.0000,0.0000,0.0000
201.0500,78.3912,0.0000,26.5771,0.0000,0.0000,0.0000,0.0000,0.0000,0.0000,16.9137,0.0000,0.0000,0.0000,0.0000,0.0000,0.0000,17.0173,0.0000,0.0000,0.0000,0.0000,0.0000,0.0000,0.0000,0.0000
201.1000,77.7625,0.0000,26.5771,0.0000,0.0000,0.0000,0.0000,0.0000,0.0000,16.9137,0.0000,0.0000,0.0000,0.0000,0.0000,0.0000,17.0173,0.0000,0.0000,0.0000,0.0000,0.0000,0.0000,0.0000,0.0000
201.1500,77.1264,0.0000,26.5771,0.0000,0.0000,0.0000,0.0000,0.0000,0.0000,16.9137,0.0000,0.0000,0.0000,0.0000,0.0000,0.0000,17.0173,0.0000,0.0000,0.0000,0.0000,0.0000,0.0000,0.0000,0.0000
201.2000,76.4831,0.0000,26.5771,0.0000,0.0000,0.0000,0.0000,0.0000,0.0000,16.9137,0.0000,0.0000,0.0000,0.0000,0.0000,0.0000,17.0173,0.0000,0.0000,0.0000,0.0000,0.0000,0.0000,0.0000,0.0000
201.2500,75.8326,0.0000,26.5771,0.0000,0.0000,0.0000,0.0000,0.0000,0.0000,16.9137,0.0000,0.0000,0.0000,0.0000,0.0000,0.0000,17.0173,0.0000,0.0000,0.0000,0.0000,0.0000,0.0000,0.0000,0.0000
201.3000,75.1752,0.0000,26.5771,0.0000,0.0000,0.0000,0.0000,0.0000,0.0000,16.9137,0.0000,0.0000,0.0000,0.0000,0.0000,0.0000,17.0173,0.0000,0.0000,0.0000,0.0000,0.0000,0.0000,0.0000,0.0000
201.3500,74.5109,0.0000,26.5771,0.0000,0.0000,0.0000,0.0000,0.0000,0.0000,16.9137,0.0000,0.0000,0.0000,0.0000,0.0000,0.0000,17.0173,0.0000,0.0000,0.0000,0.0000,0.0000,0.0000,0.0000,0.0000
201.4000,73.8401,0.0000,26.5771,0.0000,0.0000,0.0000,0.0000,0.0000,0.0000,16.9137,0.0000,0.0000,0.0000,0.0000,0.0000,0.0000,17.0173,0.0000,0.0000,0.0000,0.0000,0.0000,0.0000,0.0000,0.0000
201.4500,73.1628,0.0000,26.5771,0.0000,0.0000,0.0000,0.0000,0.0000,0.0000,16.9137,0.0000,0.0000,0.0000,0.0000,0.0000,0.0000,17.0173,0.0000,0.0000,0.0000,0.0000,0.0000,0.0000,0.0000,0.0000
201.5000,72.4792,0.0000,26.5771,0.0000,0.0000,0.0000,0.0000,0.0000,0.0000,16.9137,0.0000,0.0000,0.0000,0.0000,0.0000,0.0000,17.0173,0.0000,0.0000,0.0000,0.0000,0.0000,0.0000,0.0000,0.0000
201.5500,71.7896,0.0000,26.0292,0.0000,0.0000,0.0000,0.0000,0.0000,0.0000,16.5257,0.0000,0.0000,0.0000,0.0000,0.0000,0.0000,16.0316,0.0000,0.0000,2.3896,0.0000,0.0000,0.0000,0.0000,0.0000
201.6000,71.0940,0.0000,23.5745,0.0000,0.0000,0.0000,0.0000,0.0000,0.0000,14.7872,0.0000,0.0000,0.0000,0.0000,0.0000,0.0000,11.6153,0.0000,0.0000,13.0964,0.0000,0.0000,0.0000,0.0000,0.0000
201.6500,70.3926,0.0000,20.1210,0.0000,0.0000,0.0000,0.0000,0.0000,0.0000,12.3413,0.0000,0.0000,0.0000,0.0000,0.0000,0.0000,5.4020,0.0000,0.0000,28.1598,0.0000,0.0000,0.0000,0.0000,0.0000
201.7000,69.6857,0.0000,17.6663,0.0000,0.0000,0.0000,0.0000,0.0000,0.0000,10.6027,0.0000,0.0000,0.0000,0.0000,0.0000,0.0000,0.9856,0.0000,0.0000,38.8666,0.0000,0.0000,0.0000,0.0000,0.0000
201.7500,68.9735,0.0000,17.1185,0.0000,0.0000,0.0000,0.0000,0.0000,0.0000,10.2147,0.0000,0.0000,0.0000,0.0000,0.0000,0.0000,0.0000,0.0000,0.0000,41.2562,0.0000,0.0000,0.0000,0.0000,0.0000
201.8000,68.2560,0.0000,17.1185,0.0000,0.0000,0.0000,0.0000,0.0000,0.0000,10.2147,0.0000,0.0000,0.0000,0.0000,0.0000,0.0000,0.0000,0.0000,0.0000,41.2562,0.0000,0.0000,0.0000,0.0000,0.0000
201.8500,67.5335,0.0000,17.1185,0.0000,0.0000,0.0000,0.0000,0.0000,0.0000,10.2147,0.0000,0.0000,0.0000,0.0000,0.0000,0.0000,0.0000,0.0000,0.0000,41.2562,0.0000,0.0000,0.0000,0.0000,0.0000
201.9000,66.8063,0.0000,17.1185,0.0000,0.0000,0.0000,0.0000,0.0000,0.0000,10.2147,0.0000,0.0000,0.0000,0.0000,0.0000,0.0000,0.0000,0.0000,0.0000,41.2562,0.0000,0.0000,0.0000,0.0000,0.0000
201.9500,66.0744,0.0000,17.1185,0.0000,0.0000,0.0000,0.0000,0.0000,0.0000,10.2147,0.0000,0.0000,0.0000,0.0000,0.0000,0.0000,0.0000,0.0000,0.0000,41.2562,0.0000,0.0000,0.0000,0.0000,0.0000
202.0000,65.3381,0.0000,17.1185,0.0000,0.0000,0.0000,0.0000,0.0000,0.0000,10.2147,0.0000,0.0000,0.0000,0.0000,0.0000,0.0000,0.0000,0.0000,0.0000,41.2562,0.0000,0.0000,0.0000,0.0000,0.0000
202.0500,64.5975,0.0000,19.2865,0.0000,0.0000,0.0000,0.0000,0.0000,0.0000,9.6231,0.0000,0.0000,0.0000,0.0000,1.2128,0.0000,0.0000,0.0000,0.0000,41.2562,0.0000,0.0000,0.0000,0.0000,0.0000
202.1000,63.8530,0.0000,29.0005,0.0000,0.0000,0.0000,0.0000,0.0000,0.0000,6.9722,0.0000,0.0000,0.0000,0.0000,6.6468,0.0000,0.0000,0.0000,0.0000,41.2562,0.0000,0.0000,0.0000,0.0000,0.0000
202.1500,63.1046,0.0000,42.6672,0.0000,0.0000,0.0000,0.0000,0.0000,0.0000,3.2426,0.0000,0.0000,0.0000,0.0000,14.2920,0.0000,0.0000,0.0000,0.0000,41.2562,0.0000,0.0000,0.0000,0.0000,0.0000
202.2000,62.3526,0.0000,52.3812,0.0000,0.0000,0.0000,0.0000,0.0000,0.0000,0.5916,0.0000,0.0000,0.0000,0.0000,19.7261,0.0000,0.0000,0.0000,0.0000,41.2562,0.0000,0.0000,0.0000,0.0000,0.0000
202.2500,61.5973,0.0000,54.5492,0.0000,0.0000,0.0000,0.0000,0.0000,0.0000,0.0000,0.0000,0.0000,0.0000,0.0000,20.9388,0.0000,0.0000,0.0000,0.0000,41.2562,0.0000,0.0000,0.0000,0.0000,0.0000
202.3000,60.8387,0.0000,54.5492,0.0000,0.0000,0.0000,0.0000,0.0000,0.0000,0.0000,0.0000,0.0000,0.0000,0.0000,20.9388,0.0000,0.0000,0.0000,0.0000,41.2562,0.0000,0.0000,0.0000,0.0000,0.0000
202.3500,60.0771,0.0000,54.5492,0.0000,0.0000,0.0000,0.0000,0.0000,0.0000,0.0000,0.0000,0.0000,0.0000,0.0000,20.9388,0.0000,0.0000,0.0000,0.0000,41.2562,0.0000,0.0000,0.0000,0.0000,0.0000
202.4000,59.3127,0.0000,54.5492,0.0000,0.0000,0.0000,0.0000,0.0000,0.0000,0.0000,0.0000,0.0000,0.0000,0.0000,20.9388,0.0000,0.0000,0.0000,0.0000,41.2562,0.0000,0.0000,0.0000,0.0000,0.0000
202.4500,58.5457,0.0000,54.5492,0.0000,0.0000,0.0000,0.0000,0.0000,0.0000,0.0000,0.0000,0.0000,0.0000,0.0000,20.9388,0.0000,0.0000,0.0000,0.0000,41.2562,0.0000,0.0000,0.0000,0.0000,0.0000
202.5000,57.7764,0.0000,54.5492,0.0000,0.0000,0.0000,0.0000,0.0000,0.0000,0.0000,0.0000,0.0000,0.0000,0.0000,20.9388,0.0000,0.0000,0.0000,0.0000,41.2562,0.0000,0.0000,0.0000,0.0000,0.0000
202.5500,57.0049,0.0000,51.3897,0.0000,0.0000,0.0000,0.0000,0.0000,0.0000,0.4982,0.0000,0.0000,0.0000,0.0000,20.2483,0.0000,0.0000,0.0000,0.0000,41.2562,0.0000,0.0000,0.0000,0.0000,0.0000
202.6000,56.2315,0.0000,37.2331,0.0000,0.0000,0.0000,0.0000,0.0000,0.0000,2.7302,0.0000,0.0000,0.0000,0.0000,17.1542,0.0000,0.0000,0.0000,0.0000,41.2562,0.0000,0.0000,0.0000,0.0000,0.0000
202.6500,55.4564,0.0000,17.3161,0.0000,0.0000,0.0000,0.0000,0.0000,0.0000,5.8705,0.0000,0.0000,0.0000,0.0000,12.8011,0.0000,0.0000,0.0000,0.0000,41.2562,0.0000,0.0000,0.0000,0.0000,0.0000
202.7000,54.6797,0.0000,3.1595,0.0000,0.0000,0.0000,0.0000,0.0000,0.0000,8.1026,0.0000,0.0000,0.0000,0.0000,9.7070,0.0000,0.0000,0.0000,0.0000,41.2562,0.0000,0.0000,0.0000,0.0000,0.0000
202.7500,53.9017,0.0000,0.0000,0.0000,0.0000,0.0000,0.0000,0.0000,0.0000,8.6008,0.0000,0.0000,0.0000,0.0000,9.0165,0.0000,0.0000,0.0000,0.0000,41.2562,0.0000,0.0000,0.0000,0.0000,0.0000
202.8000,53.1227,0.0000,0.0000,0.0000,0.0000,0.0000,0.0000,0.0000,0.0000,8.6008,0.0000,0.0000,0.0000,0.0000,9.0165,0.0000,0.0000,0.0000,0.0000,41.2562,0.0000,0.0000,0.0000,0.0000,0.0000
202.8500,52.3428,0.0000,0.0000,0.0000,0.0000,0.0000,0.0000,0.0000,0.0000,8.6008,0.0000,0.0000,0.0000,0.0000,9.0165,0.0000,0.0000,0.0000,0.0000,41.2562,0.0000,0.0000,0.0000,0.0000,0.0000
202.9000,51.5622,0.0000,0.0000,0.0000,0.0000,0.0000,0.0000,0.0000,0.0000,8.6008,0.0000,0.0000,0.0000,0.0000,9.0165,0.0000,0.0000,0.0000,0.0000,41.2562,0.0000,0.0000,0.0000,0.0000,0.0000
202.9500,50.7812,0.0000,0.0000,0.0000,0.0000,0.0000,0.0000,0.0000,0.0000,8.6008,0.0000,0.0000,0.0000,0.0000,9.0165,0.0000,0.0000,0.0000,0.0000,41.2562,0.0000,0.0000,0.0000,0.0000,0.0000
203.0000,50.0000,0.0000,0.0000,0.0000,0.0000,0.0000,0.0000,0.0000,0.0000,8.6008,0.0000,0.0000,0.0000,0.0000,9.0165,0.0000,0.0000,0.0000,0.0000,41.2562,0.0000,0.0000,0.0000,0.0000,0.0000
203.0500,49.2188,0.0000,0.0000,0.0000,0.0000,0.0000,0.0000,0.0000,0.0000,9.9908,0.0000,0.0000,0.0000,0.0000,8.8420,0.0000,0.0000,0.0000,0.0000,42.3499,0.0000,0.0000,0.0000,0.0000,0.0000
203.1000,48.4378,0.0000,0.0000,0.0000,0.0000,0.0000,0.0000,0.0000,0.0000,16.2193,0.0000,0.0000,0.0000,0.0000,8.0602,0.0000,0.0000,0.0000,0.0000,47.2505,0.0000,0.0000,0.0000,0.0000,0.0000
203.1500,47.6572,0.0000,0.0000,0.0000,0.0000,0.0000,0.0000,0.0000,0.0000,24.9822,0.0000,0.0000,0.0000,0.0000,6.9602,0.0000,0.0000,0.0000,0.0000,54.1452,0.0000,0.0000,0.0000,0.0000,0.0000
203.2000,46.8773,0.0000,0.0000,0.0000,0.0000,0.0000,0.0000,0.0000,0.0000,31.2107,0.0000,0.0000,0.0000,0.0000,6.1784,0.0000,0.0000,0.0000,0.0000,59.0458,0.0000,0.0000,0.0000,0.0000,0.0000
203.2500,46.0983,0.0000,0.0000,0.0000,0.0000,0.0000,0.0000,0.0000,0.0000,32.6008,0.0000,0.0000,0.0000,0.0000,6.0039,0.0000,0.0000,0.0000,0.0000,60.1395,0.0000,0.0000,0.0000,0.0000,0.0000
203.3000,45.3203,0.0000,0.0000,0.0000,0.0000,0.0000,0.0000,0.0000,0.0000,32.6008,0.0000,0.0000,0.0000,0.0000,6.0039,0.0000,0.0000,0.0000,0.0000,60.1395,0.0000,0.0000,0.0000,0.0000,0.0000
203.3500,44.5436,0.0000,0.0000,0.0000,0.0000,0.0000,0.0000,0.0000,0.0000,32.6008,0.0000,0.0000,0.0000,0.0000,6.0039,0.0000,0.0000,0.0000,0.0000,60.1395,0.0000,0.0000,0.0000,0.0000,0.0000
203.4000,43.7685,0.0000,0.0000,0.0000,0.0000,0.0000,0.0000,0.0000,0.0000,32.6008,0.0000,0.0000,0.0000,0.0000,6.0039,0.0000,0.0000,0.0000,0.0000,60.1395,0.0000,0.0000,0.0000,0.0000,0.0000
203.4500,42.9951,0.0000,0.0000,0.0000,0.0000,0.0000,0.0000,0.0000,0.0000,32.6008,0.0000,0.0000,0.0000,0.0000,6.0039,0.0000,0.0000,0.0000,0.0000,60.1395,0.0000,0.0000,0.0000,0.0000,0.0000
203.5000,42.2236,0.0000,0.0000,0.0000,0.0000,0.0000,0.0000,0.0000,0.0000,32.6008,0.0000,0.0000,0.0000,0.0000,6.0039,0.0000,0.0000,0.0000,0.0000,60.1395,0.0000,0.0000,0.0000,0.0000,0.0000
203.5500,41.4543,0.0000,0.0000,0.0000,0.0000,0.0000,0.0000,0.0000,0.0000,31.2107,0.0000,0.0000,0.0000,0.0000,6.0039,0.0000,0.0000,0.0000,0.0000,60.9780,0.0000,0.0000,0.0000,0.0000,0.0000
203.6000,40.6873,0.0000,0.0000,0.0000,0.0000,0.0000,0.0000,0.0000,0.0000,24.9822,0.0000,0.0000,0.0000,0.0000,6.0039,0.0000,0.0000,0.0000,0.0000,64.7351,0.0000,0.0000,0.0000,0.0000,0.0000
203.6500,39.9229,0.0000,0.0000,0.0000,0.0000,0.0000,0.0000,0.0000,0.0000,16.2193,0.0000,0.0000,0.0000,0.0000,6.0039,0.0000,0.0000,0.0000,0.0000,70.0209,0.0000,0.0000,0.0000,0.0000,0.0000
203.7000,39.1613,0.0000,0.0000,0.0000,0.0000,0.0000,0.0000,0.0000,0.0000,9.9908,0.0000,0.0000,0.0000,0.0000,6.0039,0.0000,0.0000,0.0000,0.0000,73.7779,0.0000,0.0000,0.0000,0.0000,0.0000
203.7500,38.4027,0.0000,0.0000,0.0000,0.0000,0.0000,0.0000,0.0000,0.0000,8.6008,0.0000,0.0000,0.0000,0.0000,6.0039,0.0000,0.0000,0.0000,0.0000,74.6164,0.0000,0.0000,0.0000,0.0000,0.0000
203.8000,37.6474,0.0000,0.0000,0.0000,0.0000,0.0000,0.0000,0.0000,0.0000,8.6008,0.0000,0.0000,0.0000,0.0000,6.0039,0.0000,0.0000,0.0000,0.0000,74.6164,0.0000,0.0000,0.0000,0.0000,0.0000
203.8500,36.8954,0.0000,0.0000,0.0000,0.0000,0.0000,0.0000,0.0000,0.0000,8.6008,0.0000,0.0000,0.0000,0.0000,6.0039,0.0000,0.0000,0.0000,0.0000,74.6164,0.0000,0.0000,0.0000,0.0000,0.0000
203.9000,36.1470,0.0000,0.0000,0.0000,0.0000,0.0000,0.0000,0.0000,0.0000,8.6008,0.0000,0.0000,0.0000,0.0000,6.0039,0.0000,0.0000,0.0000,0.0000,74.6164,0.0000,0.0000,0.0000,0.0000,0.0000
203.9500,35.4025,0.0000,0.0000,0.0000,0.0000,0.0000,0.0000,0.0000,0.0000,8.6008,0.0000,0.0000,0.0000,0.0000,6.0039,0.0000,0.0000,0.0000,0.0000,74.6164,0.0000,0.0000,0.0000,0.0000,0.0000
204.0000,34.6619,0.0000,0.0000,0.0000,0.0000,0.0000,0.0000,0.0000,0.0000,8.6008,0.0000,0.0000,0.0000,0.0000,6.0039,0.0000,0.0000,0.0000,0.0000,74.6164,0.0000,0.0000,0.0000,0.0000,0.0000
204.0500,33.9256,0.0000,0.0000,0.0000,0.0000,0.0000,0.0000,0.0000,0.0000,9.2958,0.0000,0.0000,0.0000,0.0000,5.8171,0.0000,0.0000,0.0000,0.0000,74.5929,0.0000,0.0000,0.0000,0.0000,0.0000
204.1000,33.1937,0.0000,0.0000,0.0000,0.0000,0.0000,0.0000,0.0000,0.0000,12.4100,0.0000,0.0000,0.0000,0.0000,4.9802,0.0000,0.0000,0.0000,0.0000,74.4874,0.0000,0.0000,0.0000,0.0000,0.0000
204.1500,32.4665,0.0000,0.0000,0.0000,0.0000,0.0000,0.0000,0.0000,0.0000,16.7915,0.0000,0.0000,0.0000,0.0000,3.8027,0.0000,0.0000,0.0000,0.0000,74.3391,0.0000,0.0000,0.0000,0.0000,0.0000
204.2000,31.7440,0.0000,0.0000,0.0000,0.0000,0.0000,0.0000,0.0000,0.0000,19.9057,0.0000,0.0000,0.0000,0.0000,2.9658,0.0000,0.0000,0.0000,0.0000,74.2336,0.0000,0.0000,0.0000,0.0000,0.0000
204.2500,31.0265,0.0000,0.0000,0.0000,0.0000,0.0000,0.0000,0.0000,0.0000,20.6008,0.0000,0.0000,0.0000,0.0000,2.7790,0.0000,0.0000,0.0000,0.0000,74.2101,0.0000,0.0000,0.0000,0.0000,0.0000
204.3000,30.3143,0.0000,0.0000,0.0000,0.0000,0.0000,0.0000,0.0000,0.0000,20.6008,0.0000,0.0000,0.0000,0.0000,2.7790,0.0000,0.0000,0.0000,0.0000,74.2101,0.0000,0.0000,0.0000,0.0000,0.0000
204.3500,29.6074,0.0000,0.0000,0.0000,0.0000,0.0000,0.0000,0.0000,0.0000,20.6008,0.0000,0.0000,0.0000,0.0000,2.7790,0.0000,0.0000,0.0000,0.0000,74.2101,0.0000,0.0000,0.0000,0.0000,0.0000
204.4000,28.9060,0.0000,0.0000,0.0000,0.0000,0.0000,0.0000,0.0000,0.0000,20.6008,0.0000,0.0000,0.0000,0.0000,2.7790,0.0000,0.0000,0.0000,0.0000,74.2101,0.0000,0.0000,0.0000,0.0000,0.0000
204.4500,28.2104,0.0000,0.0000,0.0000,0.0000,0.0000,0.0000,0.0000,0.0000,20.6008,0.0000,0.0000,0.0000,0.0000,2.7790,0.0000,0.0000,0.0000,0.0000,74.2101,0.0000,0.0000,0.0000,0.0000,0.0000
204.5000,27.5208,0.0000,0.0000,0.0000,0.0000,0.0000,0.0000,0.0000,0.0000,20.6008,0.0000,0.0000,0.0000,0.0000,2.7790,0.0000,0.0000,0.0000,0.0000,74.2101,0.0000,0.0000,0.0000,0.0000,0.0000
204.5500,26.8372,0.0000,0.0000,0.0000,0.0000,0.0000,0.0000,0.0000,0.0000,19.4076,0.0000,0.0000,0.0000,0.0000,2.7790,0.0000,0.0000,0.0000,0.0000,73.4527,0.0000,0.0000,0.4822,0.0000,0.0000
204.6000,26.1599,0.0000,0.0000,0.0000,0.0000,0.0000,0.0000,0.0000,0.0000,14.0613,0.0000,0.0000,0.0000,0.0000,2.7790,0.0000,0.0000,0.0000,0.0000,70.0588,0.0000,0.0000,2.6430,0.0000,0.0000
204.6500,25.4891,0.0000,0.0000,0.0000,0.0000,0.0000,0.0000,0.0000,0.0000,6.5395,0.0000,0.0000,0.0000,0.0000,2.7790,0.0000,0.0000,0.0000,0.0000,65.2840,0.0000,0.0000,5.6830,0.0000,0.0000
204.7000,24.8248,0.0000,0.0000,0.0000,0.0000,0.0000,0.0000,0.0000,0.0000,1.1932,0.0000,0.0000,0.0000,0.0000,2.7790,0.0000,0.0000,0.0000,0.0000,61.8901,0.0000,0.0000,7.8438,0.0000,0.0000
204.7500,24.1674,0.0000,0.0000,0.0000,0.0000,0.0000,0.0000,0.0000,0.0000,0.0000,0.0000,0.0000,0.0000,0.0000,2.7790,0.0000,0.0000,0.0000,0.0000,61.1327,0.0000,0.0000,8.3260,0.0000,0.0000
204.8000,23.5169,0.0000,0.0000,0.0000,0.0000,0.0000,0.0000,0.0000,0.0000,0.0000,0.0000,0.0000,0.0000,0.0000,2.7790,0.0000,0.0000,0.0000,0.0000,61.1327,0.0000,0.0000,8.3260,0.0000,0.0000
204.8500,22.8736,0.0000,0.0000,0.0000,0.0000,0.0000,0.0000,0.0000,0.0000,0.0000,0.0000,0.0000,0.0000,0.0000,2.7790,0.0000,0.0000,0.0000,0.0000,61.1327,0.0000,0.0000,8.3260,0.0000,0.0000
204.9000,22.2375,0.0000,0.0000,0.0000,0.0000,0.0000,0.0000,0.0000,0.0000,0.0000,0.0000,0.0000,0.0000,0.0000,2.7790,0.0000,0.0000,0.0000,0.0000,61.1327,0.0000,0.0000,8.3260,0.0000,0.0000
204.9500,21.6088,0.0000,0.0000,0.0000,0.0000,0.0000,0.0000,0.0000,0.0000,0.0000,0.0000,0.0000,0.0000,0.0000,2.7790,0.0000,0.0000,0.0000,0.0000,61.1327,0.0000,0.0000,8.3260,0.0000,0.0000
205.0000,20.9877,0.0000,0.0000,0.0000,0.0000,0.0000,0.0000,0.0000,0.0000,0.0000,0.0000,0.0000,0.0000,0.0000,2.7790,0.0000,0.0000,0.0000,0.0000,61.1327,0.0000,0.0000,8.3260,0.0000,0.0000
205.0500,20.3743,0.0000,0.0000,0.0000,0.0000,0.0000,0.0000,0.0000,0.0000,0.0000,0.0000,0.0000,0.0000,0.0000,2.6180,0.0000,0.0000,0.0000,0.0000,61.5797,0.0000,0.7940,8.3260,0.0000,0.0000
205.1000,19.7687,0.0000,0.0000,0.0000,0.0000,0.0000,0.0000,0.0000,0.0000,0.0000,0.0000,0.0000,0.0000,0.0000,1.8968,0.0000,0.0000,0.0000,0.0000,63.5829,0.0000,4.3514,8.3260,0.0000,0.0000
205.1500,19.1712,0.0000,0.0000,0.0000,0.0000,0.0000,0.0000,0.0000,0.0000,0.0000,0.0000,0.0000,0.0000,0.0000,0.8822,0.0000,0.0000,0.0000,0.0000,66.4011,0.0000,9.3565,8.3260,0.0000,0.0000
205.2000,18.5818,0.0000,0.0000,0.0000,0.0000,0.0000,0.0000,0.0000,0.0000,0.0000,0.0000,0.0000,0.0000,0.0000,0.1610,0.0000,0.0000,0.0000,0.0000,68.4042,0.0000,12.9139,8.3260,0.0000,0.0000
205.2500,18.0006,0.0000,0.0000,0.0000,0.0000,0.0000,0.0000,0.0000,0.0000,0.0000,0.0000,0.0000,0.0000,0.0000,0.0000,0.0000,0.0000,0.0000,0.0000,68.8513,0.0000,13.7079,8.3260,0.0000,0.0000
205.3000,17.4278,0.0000,0.0000,0.0000,0.0000,0.0000,0.0000,0.0000,0.0000,0.0000,0.0000,0.0000,0.0000,0.0000,0.0000,0.0000,0.0000,0.0000,0.0000,68.8513,0.0000,13.7079,8.3260,0.0000,0.0000
205.3500,16.8636,0.0000,0.0000,0.0000,0.0000,0.0000,0.0000,0.0000,0.0000,0.0000,0.0000,0.0000,0.0000,0.0000,0.0000,0.0000,0.0000,0.0000,0.0000,68.8513,0.0000,13.7079,8.3260,0.0000,0.0000
205.4000,16.3080,0.0000,0.0000,0.0000,0.0000,0.0000,0.0000,0.0000,0.0000,0.0000,0.0000,0.0000,0.0000,0.0000,0.0000,0.0000,0.0000,0.0000,0.0000,68.8513,0.0000,13.7079,8.3260,0.0000,0.0000
205.4500,15.7611,0.0000,0.0000,0.0000,0.0000,0.0000,0.0000,0.0000,0.0000,0.0000,0.0000,0.0000,0.0000,0.0000,0.0000,0.0000,0.0000,0.0000,0.0000,68.8513,0.0000,13.7079,8.3260,0.0000,0.0000
205.5000,15.2231,0.0000,0.0000,0.0000,0.0000,0.0000,0.0000,0.0000,0.0000,0.0000,0.0000,0.0000,0.0000,0.0000,0.0000,0.0000,0.0000,0.0000,0.0000,68.8513,0.0000,13.7079,8.3260,0.0000,0.0000
205.5500,14.6941,0.0000,0.0000,0.0000,0.0000,0.0000,0.0000,0.0000,0.0000,0.0000,0.0000,0.0000,0.0000,0.0000,0.0000,0.0000,0.0000,0.0000,0.0000,68.1946,0.0000,13.5341,8.3260,0.0000,0.0000
205.6000,14.1742,0.0000,0.0000,0.0000,0.0000,0.0000,0.0000,0.0000,0.0000,0.0000,0.0000,0.0000,0.0000,0.0000,0.0000,0.0000,0.0000,0.0000,0.0000,65.2525,0.0000,12.7556,8.3260,0.0000,0.0000
205.6500,13.6634,0.0000,0.0000,0.0000,0.0000,0.0000,0.0000,0.0000,0.0000,0.0000,0.0000,0.0000,0.0000,0.0000,0.0000,0.0000,0.0000,0.0000,0.0000,61.1132,0.0000,11.6602,8.3260,0.0000,0.0000
205.7000,13.1618,0.0000,0.0000,0.0000,0.0000,0.0000,0.0000,0.0000,0.0000,0.0000,0.0000,0.0000,0.0000,0.0000,0.0000,0.0000,0.0000,0.0000,0.0000,58.1711,0.0000,10.8817,8.3260,0.0000,0.0000
205.7500,12.6696,0.0000,0.0000,0.0000,0.0000,0.0000,0.0000,0.0000,0.0000,0.0000,0.0000,0.0000,0.0000,0.0000,0.0000,0.0000,0.0000,0.0000,0.0000,57.5145,0.0000,10.7079,8.3260,0.0000,0.0000
205.8000,12.1869,0.0000,0.0000,0.0000,0.0000,0.0000,0.0000,0.0000,0.0000,0.0000,0.0000,0.0000,0.0000,0.0000,0.0000,0.0000,0.0000,0.0000,0.0000,57.5145,0.0000,10.7079,8.3260,0.0000,0.0000
205.8500,11.7136,0.0000,0.0000,0.0000,0.0000,0.0000,0.0000,0.0000,0.0000,0.0000,0.0000,0.0000,0.0000,0.0000,0.0000,0.0000,0.0000,0.0000,0.0000,57.5145,0.0000,10.7079,8.3260,0.0000,0.0000
205.9000,11.2499,0.0000,0.0000,0.0000,0.0000,0.0000,0.0000,0.0000,0.0000,0.0000,0.0000,0.0000,0.0000,0.0000,0.0000,0.0000,0.0000,0.0000,0.0000,57.5145,0.0000,10.7079,8.3260,0.0000,0.0000
205.9500,10.7959,0.0000,0.0000,0.0000,0.0000,0.0000,0.0000,0.0000,0.0000,0.0000,0.0000,0.0000,0.0000,0.0000,0.0000,0.0000,0.0000,0.0000,0.0000,57.5145,0.0000,10.7079,8.3260,0.0000,0.0000
206.0000,10.3516,0.0000,0.0000,0.0000,0.0000,0.0000,0.0000,0.0000,0.0000,0.0000,0.0000,0.0000,0.0000,0.0000,0.0000,0.0000,0.0000,0.0000,0.0000,57.5145,0.0000,10.7079,8.3260,0.0000,0.0000
206.0500,9.9170,0.0000,0.0000,0.0000,0.0000,0.0000,0.0000,0.0000,0.0000,0.0000,0.0000,0.0000,0.0000,0.0000,0.0000,0.0000,0.0000,0.0000,0.0000,57.3407,0.0000,10.5341,8.3260,0.0000,0.0000
206.1000,9.4923,0.0000,0.0000,0.0000,0.0000,0.0000,0.0000,0.0000,0.0000,0.0000,0.0000,0.0000,0.0000,0.0000,0.0000,0.0000,0.0000,0.0000,0.0000,56.5622,0.0000,9.7556,8.3260,0.0000,0.0000
206.1500,9.0774,0.0000,0.0000,0.0000,0.0000,0.0000,0.0000,0.0000,0.0000,0.0000,0.0000,0.0000,0.0000,0.0000,0.0000,0.0000,0.0000,0.0000,0.0000,55.4668,0.0000,8.6602,8.3260,0.0000,0.0000
206.2000,8.6724,0.0000,0.0000,0.0000,0.0000,0.0000,0.0000,0.0000,0.0000,0.0000,0.0000,0.0000,0.0000,0.0000,0.0000,0.0000,0.0000,0.0000,0.0000,54.6882,0.0000,7.8817,8.3260,0.0000,0.0000
206.2500,8.2774,0.0000,0.0000,0.0000,0.0000,0.0000,0.0000,0.0000,0.0000,0.0000,0.0000,0.0000,0.0000,0.0000,0.0000,0.0000,0.0000,0.0000,0.0000,54.5145,0.0000,7.7079,8.3260,0.0000,0.0000
206.3000,7.8923,0.0000,0.0000,0.0000,0.0000,0.0000,0.0000,0.0000,0.0000,0.0000,0.0000,0.0000,0.0000,0.0000,0.0000,0.0000,0.0000,0.0000,0.0000,54.5145,0.0000,7.7079,8.3260,0.0000,0.0000
206.3500,7.5172,0.0000,0.0000,0.0000,0.0000,0.0000,0.0000,0.0000,0.0000,0.0000,0.0000,0.0000,0.0000,0.0000,0.0000,0.0000,0.0000,0.0000,0.0000,54.5145,0.0000,7.7079,8.3260,0.0000,0.0000
206.4000,7.1521,0.0000,0.0000,0.0000,0.0000,0.0000,0.0000,0.0000,0.0000,0.0000,0.0000,0.0000,0.0000,0.0000,0.0000,0.0000,0.0000,0.0000,0.0000,54.5145,0.0000,7.7079,8.3260,0.0000,0.0000
206.4500,6.7971,0.0000,0.0000,0.0000,0.0000,0.0000,0.0000,0.0000,0.0000,0.0000,0.0000,0.0000,0.0000,0.0000,0.0000,0.0000,0.0000,0.0000,0.0000,54.5145,0.0000,7.7079,8.3260,0.0000,0.0000
206.5000,6.4520,0.0000,0.0000,0.0000,0.0000,0.0000,0.0000,0.0000,0.0000,0.0000,0.0000,0.0000,0.0000,0.0000,0.0000,0.0000,0.0000,0.0000,0.0000,54.5145,0.0000,7.7079,8.3260,0.0000,0.0000
206.5500,6.1170,0.0000,0.0000,0.0000,0.0000,0.0000,0.0000,0.0000,0.0000,0.0000,0.0000,0.0000,0.0000,0.0000,0.0000,0.0000,0.0000,1.2012,0.0000,51.3570,0.0000,7.6494,8.4286,0.0000,0.0000
206.6000,5.7920,0.0000,0.0000,0.0000,0.0000,0.0000,0.0000,0.0000,0.0000,0.0000,0.0000,0.0000,0.0000,0.0000,0.0000,0.0000,0.0000,6.5833,0.0000,37.2094,0.0000,7.3873,8.8881,0.0000,0.0000
206.6500,5.4770,0.0000,0.0000,0.0000,0.0000,0.0000,0.0000,0.0000,0.0000,0.0000,0.0000,0.0000,0.0000,0.0000,0.0000,0.0000,0.0000,14.1555,0.0000,17.3051,0.0000,7.0185,9.5347,0.0000,0.0000
206.7000,5.1720,0.0000,0.0000,0.0000,0.0000,0.0000,0.0000,0.0000,0.0000,0.0000,0.0000,0.0000,0.0000,0.0000,0.0000,0.0000,0.0000,19.5376,0.0000,3.1575,0.0000,6.7564,9.9942,0.0000,0.0000
206.7500,4.8769,0.0000,0.0000,0.0000,0.0000,0.0000,0.0000,0.0000,0.0000,0.0000,0.0000,0.0000,0.0000,0.0000,0.0000,0.0000,0.0000,20.7388,0.0000,0.0000,0.0000,6.6979,10.0968,0.0000,0.0000
206.8000,4.5917,0.0000,0.0000,0.0000,0.0000,0.0000,0.0000,0.0000,0.0000,0.0000,0.0000,0.0000,0.0000,0.0000,0.0000,0.0000,0.0000,20.7388,0.0000,0.0000,0.0000,6.6979,10.0968,0.0000,0.0000
206.8500,4.3165,0.0000,0.0000,0.0000,0.0000,0.0000,0.0000,0.0000,0.0000,0.0000,0.0000,0.0000,0.0000,0.0000,0.0000,0.0000,0.0000,20.7388,0.0000,0.0000,0.0000,6.6979,10.0968,0.0000,0.0000
206.9000,4.0510,0.0000,0.0000,0.0000,0.0000,0.0000,0.0000,0.0000,0.0000,0.0000,0.0000,0.0000,0.0000,0.0000,0.0000,0.0000,0.0000,20.7388,0.0000,0.0000,0.0000,6.6979,10.0968,0.0000,0.0000
206.9500,3.7953,0.0000,0.0000,0.0000,0.0000,0.0000,0.0000,0.0000,0.0000,0.0000,0.0000,0.0000,0.0000,0.0000,0.0000,0.0000,0.0000,20.7388,0.0000,0.0000,0.0000,6.6979,10.0968,0.0000,0.0000
207.0000,3.5494,0.0000,0.0000,0.0000,0.0000,0.0000,0.0000,0.0000,0.0000,0.0000,0.0000,0.0000,0.0000,0.0000,0.0000,0.0000,0.0000,20.7388,0.0000,0.0000,0.0000,6.6979,10.0968,0.0000,0.0000
207.0500,3.3131,0.0000,0.0000,0.5488,0.0000,0.0000,0.0000,0.0000,0.0000,0.0000,0.0000,0.0000,0.0000,0.0000,0.0000,0.0000,0.0000,21.0053,0.0000,0.0000,0.0000,6.3100,10.8445,0.0000,0.0000
207.1000,3.0863,0.0000,0.0000,3.0080,0.0000,0.0000,0.0000,0.0000,0.0000,0.0000,0.0000,0.0000,0.0000,0.0000,0.0000,0.0000,0.0000,22.1995,0.0000,0.0000,0.0000,4.5717,14.1951,0.0000,0.0000
207.1500,2.8691,0.0000,0.0000,6.4678,0.0000,0.0000,0.0000,0.0000,0.0000,0.0000,0.0000,0.0000,0.0000,0.0000,0.0000,0.0000,0.0000,23.8796,0.0000,0.0000,0.0000,2.1262,18.9090,0.0000,0.0000
207.2000,2.6612,0.0000,0.0000,8.9269,0.0000,0.0000,0.0000,0.0000,0.0000,0.0000,0.0000,0.0000,0.0000,0.0000,0.0000,0.0000,0.0000,25.0737,0.0000,0.0000,0.0000,0.3879,22.2596,0.0000,0.0000
207.2500,2.4626,0.0000,0.0000,9.4758,0.0000,0.0000,0.0000,0.0000,0.0000,0.0000,0.0000,0.0000,0.0000,0.0000,0.0000,0.0000,0.0000,25.3402,0.0000,0.0000,0.0000,0.0000,23.0074,0.0000,0.0000
207.3000,2.2732,0.0000,0.0000,9.4758,0.0000,0.0000,0.0000,0.0000,0.0000,0.0000,0.0000,0.0000,0.0000,0.0000,0.0000,0.0000,0.0000,25.3402,0.0000,0.0000,0.0000,0.0000,23.0074,0.0000,0.0000
207.3500,2.0929,0.0000,0.0000,9.4758,0.0000,0.0000,0.0000,0.0000,0.0000,0.0000,0.0000,0.0000,0.0000,0.0000,0.0000,0.0000,0.0000,25.3402,0.0000,0.0000,0.0000,0.0000,23.0074,0.0000,0.0000
207.4000,1.9216,0.0000,0.0000,9.4758,0.0000,0.0000,0.0000,0.0000,0.0000,0.0000,0.0000,0.0000,0.0000,0.0000,0.0000,0.0000,0.0000,25.3402,0.0000,0.0000,0.0000,0.0000,23.0074,0.0000,0.0000
207.4500,1.7591,0.0000,0.0000,9.4758,0.0000,0.0000,0.0000,0.0000,0.0000,0.0000,0.0000,0.0000,0.0000,0.0000,0.0000,0.0000,0.0000,25.3402,0.0000,0.0000,0.0000,0.0000,23.0074,0.0000,0.0000
207.5000,1.6052,0.0000,0.0000,9.4758,0.0000,0.0000,0.0000,0.0000,0.0000,0.0000,0.0000,0.0000,0.0000,0.0000,0.0000,0.0000,0.0000,25.3402,0.0000,0.0000,0.0000,0.0000,23.0074,0.0000,0.0000
207.5500,1.4599,0.0000,0.0000,9.4584,0.0000,0.0000,0.0000,0.0000,0.0000,0.0000,0.0000,0.0000,0.0000,0.0000,0.0000,0.0000,0.0000,25.9180,0.0000,0.0000,0.0000,1.2449,21.6748,0.0000,0.0000
207.6000,1.3230,0.0000,0.0000,9.3808,0.0000,0.0000,0.0000,0.0000,0.0000,0.0000,0.0000,0.0000,0.0000,0.0000,0.0000,0.0000,0.0000,28.5067,0.0000,0.0000,0.0000,6.8228,15.7039,0.0000,0.0000
207.6500,1.1944,0.0000,0.0000,9.2715,0.0000,0.0000,0.0000,0.0000,0.0000,0.0000,0.0000,0.0000,0.0000,0.0000,0.0000,0.0000,0.0000,32.1487,0.0000,0.0000,0.0000,14.6704,7.3035,0.0000,0.0000
207.7000,1.0738,0.0000,0.0000,9.1939,0.0000,0.0000,0.0000,0.0000,0.0000,0.0000,0.0000,0.0000,0.0000,0.0000,0.0000,0.0000,0.0000,34.7374,0.0000,0.0000,0.0000,20.2483,1.3326,0.0000,0.0000
207.7500,0.9610,0.0000,0.0000,9.1766,0.0000,0.0000,0.0000,0.0000,0.0000,0.0000,0.0000,0.0000,0.0000,0.0000,0.0000,0.0000,0.0000,35.3151,0.0000,0.0000,0.0000,21.4932,0.0000,0.0000,0.0000
207.8000,0.8560,0.0000,0.0000,9.1766,0.0000,0.0000,0.0000,0.0000,0.0000,0.0000,0.0000,0.0000,0.0000,0.0000,0.0000,0.0000,0.0000,35.3151,0.0000,0.0000,0.0000,21.4932,0.0000,0.0000,0.0000
207.8500,0.7585,0.0000,0.0000,9.1766,0.0000,0.0000,0.0000,0.0000,0.0000,0.0000,0.0000,0.0000,0.0000,0.0000,0.0000,0.0000,0.0000,35.3151,0.0000,0.0000,0.0000,21.4932,0.0000,0.0000,0.0000
207.9000,0.6682,0.0000,0.0000,9.1766,0.0000,0.0000,0.0000,0.0000,0.0000,0.0000,0.0000,0.0000,0.0000,0.0000,0.0000,0.0000,0.0000,35.3151,0.0000,0.0000,0.0000,21.4932,0.0000,0.0000,0.0000
207.9500,0.5851,0.0000,0.0000,9.1766,0.0000,0.0000,0.0000,0.0000,0.0000,0.0000,0.0000,0.0000,0.0000,0.0000,0.0000,0.0000,0.0000,35.3151,0.0000,0.0000,0.0000,21.4932,0.0000,0.0000,0.0000
208.0000,0.5088,0.0000,0.0000,9.1766,0.0000,0.0000,0.0000,0.0000,0.0000,0.0000,0.0000,0.0000,0.0000,0.0000,0.0000,0.0000,0.0000,35.3151,0.0000,0.0000,0.0000,21.4932,0.0000,0.0000,0.0000
208.0500,0.4391,0.0000,0.0000,9.1766,0.0000,0.0000,0.0000,0.0000,0.0000,0.0000,0.0000,0.0000,0.0000,0.0000,0.0000,0.0000,0.0000,35.7050,0.0000,0.0000,0.0000,21.4932,0.0000,0.0000,0.0000
208.1000,0.3758,0.0000,0.0000,9.1766,0.0000,0.0000,0.0000,0.0000,0.0000,0.0000,0.0000,0.0000,0.0000,0.0000,0.0000,0.0000,0.0000,37.4520,0.0000,0.0000,0.0000,21.4932,0.0000,0.0000,0.0000
208.1500,0.3187,0.0000,0.0000,9.1766,0.0000,0.0000,0.0000,0.0000,0.0000,0.0000,0.0000,0.0000,0.0000,0.0000,0.0000,0.0000,0.0000,39.9098,0.0000,0.0000,0.0000,21.4932,0.0000,0.0000,0.0000
208.2000,0.2675,0.0000,0.0000,9.1766,0.0000,0.0000,0.0000,0.0000,0.0000,0.0000,0.0000,0.0000,0.0000,0.0000,0.0000,0.0000,0.0000,41.6567,0.0000,0.0000,0.0000,21.4932,0.0000,0.0000,0.0000
208.2500,0.2218,0.0000,0.0000,9.1766,0.0000,0.0000,0.0000,0.0000,0.0000,0.0000,0.0000,0.0000,0.0000,0.0000,0.0000,0.0000,0.0000,42.0466,0.0000,0.0000,0.0000,21.4932,0.0000,0.0000,0.0000
208.3000,0.1815,0.0000,0.0000,9.1766,0.0000,0.0000,0.0000,0.0000,0.0000,0.0000,0.0000,0.0000,0.0000,0.0000,0.0000,0.0000,0.0000,42.0466,0.0000,0.0000,0.0000,21.4932,0.0000,0.0000,0.0000
208.3500,0.1463,0.0000,0.0000,9.1766,0.0000,0.0000,0.0000,0.0000,0.0000,0.0000,0.0000,0.0000,0.0000,0.0000,0.0000,0.0000,0.0000,42.0466,0.0000,0.0000,0.0000,21.4932,0.0000,0.0000,0.0000
208.4000,0.1158,0.0000,0.0000,9.1766,0.0000,0.0000,0.0000,0.0000,0.0000,0.0000,0.0000,0.0000,0.0000,0.0000,0.0000,0.0000,0.0000,42.0466,0.0000,0.0000,0.0000,21.4932,0.0000,0.0000,0.0000
208.4500,0.0898,0.0000,0.0000,9.1766,0.0000,0.0000,0.0000,0.0000,0.0000,0.0000,0.0000,0.0000,0.0000,0.0000,0.0000,0.0000,0.0000,42.0466,0.0000,0.0000,0.0000,21.4932,0.0000,0.0000,0.0000
208.5000,0.0679,0.0000,0.0000,9.1766,0.0000,0.0000,0.0000,0.0000,0.0000,0.0000,0.0000,0.0000,0.0000,0.0000,0.0000,0.0000,0.0000,42.0466,0.0000,0.0000,0.0000,21.4932,0.0000,0.0000,0.0000
208.5500,0.0498,0.0000,0.0000,9.5241,0.0000,0.0000,0.0000,0.0000,0.0000,0.0000,0.0000,0.0000,0.0000,0.0000,0.0000,0.0000,0.0000,39.6113,0.0000,0.0000,0.0000,21.7839,3.8077,0.0000,0.0000
208.6000,0.0352,0.0000,0.0000,11.0812,0.0000,0.0000,0.0000,0.0000,0.0000,0.0000,0.0000,0.0000,0.0000,0.0000,0.0000,0.0000,0.0000,28.6993,0.0000,0.0000,0.0000,23.0862,20.8687,0.0000,0.0000
208.6500,0.0237,0.0000,0.0000,13.2719,0.0000,0.0000,0.0000,0.0000,0.0000,0.0000,0.0000,0.0000,0.0000,0.0000,0.0000,0.0000,0.0000,13.3473,0.0000,0.0000,0.0000,24.9186,44.8719,0.0000,0.0000
208.7000,0.0150,0.0000,0.0000,14.8290,0.0000,0.0000,0.0000,0.0000,0.0000,0.0000,0.0000,0.0000,0.0000,0.0000,0.0000,0.0000,0.0000,2.4353,0.0000,0.0000,0.0000,26.2209,61.9329,0.0000,0.0000
208.7500,0.0088,0.0000,0.0000,15.1766,0.0000,0.0000,0.0000,0.0000,0.0000,0.0000,0.0000,0.0000,0.0000,0.0000,0.0000,0.0000,0.0000,0.0000,0.0000,0.0000,0.0000,26.5116,65.7406,0.0000,0.0000
208.8000,0.0045,0.0000,0.0000,15.1766,0.0000,0.0000,0.0000,0.0000,0.0000,0.0000,0.0000,0.0000,0.0000,0.0000,0.0000,0.0000,0.0000,0.0000,0.0000,0.0000,0.0000,26.5116,65.7406,0.0000,0.0000
208.8500,0.0019,0.0000,0.0000,15.1766,0.0000,0.0000,0.0000,0.0000,0.0000,0.0000,0.0000,0.0000,0.0000,0.0000,0.0000,0.0000,0.0000,0.0000,0.0000,0.0000,0.0000,26.5116,65.7406,0.0000,0.0000
208.9000,0.0006,0.0000,0.0000,15.1766,0.0000,0.0000,0.0000,0.0000,0.0000,0.0000,0.0000,0.0000,0.0000,0.0000,0.0000,0.0000,0.0000,0.0000,0.0000,0.0000,0.0000,26.5116,65.7406,0.0000,0.0000
208.9500,0.0001,0.0000,0.0000,15.1766,0.0000,0.0000,0.0000,0.0000,0.0000,0.0000,0.0000,0.0000,0.0000,0.0000,0.0000,0.0000,0.0000,0.0000,0.0000,0.0000,0.0000,26.5116,65.7406,0.0000,0.0000
209.0000,0.0000,0.0000,0.0000,15.1766,0.0000,0.0000,0.0000,0.0000,0.0000,0.0000,0.0000,0.0000,0.0000,0.0000,0.0000,0.0000,0.0000,0.0000,0.0000,0.0000,0.0000,26.5116,65.7406,0.0000,0.0000
209.0500,0.0000,0.0000,0.0000,14.2975,0.0000,0.0000,0.0000,3.2144,0.0000,0.0000,0.0000,0.0000,0.0000,0.0000,0.0000,0.0000,0.0000,0.0000,0.0000,0.0000,0.0000,27.7342,67.3834,0.0000,0.0000
209.1000,0.0000,0.0000,0.0000,10.3589,0.0000,0.0000,0.0000,17.6168,0.0000,0.0000,0.0000,0.0000,0.0000,0.0000,0.0000,0.0000,0.0000,0.0000,0.0000,0.0000,0.0000,33.2121,74.7443,0.0000,0.0000
209.1500,0.0000,0.0000,0.0000,4.8176,0.0000,0.0000,0.0000,37.8797,0.0000,0.0000,0.0000,0.0000,0.0000,0.0000,0.0000,0.0000,0.0000,0.0000,0.0000,0.0000,0.0000,40.9191,85.1003,0.0000,0.0000
209.2000,0.0000,0.0000,0.0000,0.8790,0.0000,0.0000,0.0000,52.2821,0.0000,0.0000,0.0000,0.0000,0.0000,0.0000,0.0000,0.0000,0.0000,0.0000,0.0000,0.0000,0.0000,46.3970,92.4612,0.0000,0.0000
209.2500,0.0000,0.0000,0.0000,0.0000,0.0000,0.0000,0.0000,55.4965,0.0000,0.0000,0.0000,0.0000,0.0000,0.0000,0.0000,0.0000,0.0000,0.0000,0.0000,0.0000,0.0000,47.6196,94.1040,0.0000,0.0000
209.3000,0.0000,0.0000,0.0000,0.0000,0.0000,0.0000,0.0000,55.4965,0.0000,0.0000,0.0000,0.0000,0.0000,0.0000,0.0000,0.0000,0.0000,0.0000,0.0000,0.0000,0.0000,47.6196,94.1040,0.0000,0.0000
209.3500,0.0000,0.0000,0.0000,0.0000,0.0000,0.0000,0.0000,55.4965,0.0000,0.0000,0.0000,0.0000,0.0000,0.0000,0.0000,0.0000,0.0000,0.0000,0.0000,0.0000,0.0000,47.6196,94.1040,0.0000,0.0000
209.4000,0.0000,0.0000,0.0000,0.0000,0.0000,0.0000,0.0000,55.4965,0.0000,0.0000,0.0000,0.0000,0.0000,0.0000,0.0000,0.0000,0.0000,0.0000,0.0000,0.0000,0.0000,47.6196,94.1040,0.0000,0.0000
209.4500,0.0000,0.0000,0.0000,0.0000,0.0000,0.0000,0.0000,55.4965,0.0000,0.0000,0.0000,0.0000,0.0000,0.0000,0.0000,0.0000,0.0000,0.0000,0.0000,0.0000,0.0000,47.6196,94.1040,0.0000,0.0000
209.5000,0.0000,0.0000,0.0000,0.0000,0.0000,0.0000,0.0000,55.4965,0.0000,0.0000,0.0000,0.0000,0.0000,0.0000,0.0000,0.0000,0.0000,0.0000,0.0000,0.0000,0.0000,47.6196,94.1040,0.0000,0.0000
209.5500,0.0000,0.0000,0.0000,0.0000,0.0000,0.0000,0.0000,54.7608,0.0000,0.0000,0.0000,0.0000,0.0000,0.0000,0.0000,0.0000,0.0000,0.0000,0.0000,0.0000,0.0000,47.8469,94.4455,0.0000,0.0000
209.6000,0.0000,0.0000,0.0000,0.0000,0.0000,0.0000,0.0000,51.4648,0.0000,0.0000,0.0000,0.0000,0.0000,0.0000,0.0000,0.0000,0.0000,0.0000,0.0000,0.0000,0.0000,48.8653,95.9756,0.0000,0.0000
209.6500,0.0000,0.0000,0.0000,0.0000,0.0000,0.0000,0.0000,46.8276,0.0000,0.0000,0.0000,0.0000,0.0000,0.0000,0.0000,0.0000,0.0000,0.0000,0.0000,0.0000,0.0000,50.2982,98.1284,0.0000,0.0000
209.7000,0.0000,0.0000,0.0000,0.0000,0.0000,0.0000,0.0000,43.5316,0.0000,0.0000,0.0000,0.0000,0.0000,0.0000,0.0000,0.0000,0.0000,0.0000,0.0000,0.0000,0.0000,51.3166,99.6585,0.0000,0.0000
209.7500,0.0000,0.0000,0.0000,0.0000,0.0000,0.0000,0.0000,42.7960,0.0000,0.0000,0.0000,0.0000,0.0000,0.0000,0.0000,0.0000,0.0000,0.0000,0.0000,0.0000,0.0000,51.5439,100.0000,0.0000,0.0000
209.8000,0.0000,0.0000,0.0000,0.0000,0.0000,0.0000,0.0000,42.7960,0.0000,0.0000,0.0000,0.0000,0.0000,0.0000,0.0000,0.0000,0.0000,0.0000,0.0000,0.0000,0.0000,51.5439,100.0000,0.0000,0.0000
209.8500,0.0000,0.0000,0.0000,0.0000,0.0000,0.0000,0.0000,42.7960,0.0000,0.0000,0.0000,0.0000,0.0000,0.0000,0.0000,0.0000,0.0000,0.0000,0.0000,0.0000,0.0000,51.5439,100.0000,0.0000,0.0000
209.9000,0.0000,0.0000,0.0000,0.0000,0.0000,0.0000,0.0000,42.7960,0.0000,0.0000,0.0000,0.0000,0.0000,0.0000,0.0000,0.0000,0.0000,0.0000,0.0000,0.0000,0.0000,51.5439,100.0000,0.0000,0.0000
209.9500,0.0000,0.0000,0.0000,0.0000,0.0000,0.0000,0.0000,42.7960,0.0000,0.0000,0.0000,0.0000,0.0000,0.0000,0.0000,0.0000,0.0000,0.0000,0.0000,0.0000,0.0000,51.5439,100.0000,0.0000,0.0000
210.0000,0.0000,0.0000,0.0000,0.0000,0.0000,0.0000,0.0000,42.7960,0.0000,0.0000,0.0000,0.0000,0.0000,0.0000,0.0000,0.0000,0.0000,0.0000,0.0000,0.0000,0.0000,51.5439,100.0000,0.0000,0.0000
210.0500,0.0000,0.0000,0.0000,0.0000,0.0000,0.0000,0.0000,44.8069,0.0000,0.0000,0.0000,0.0000,0.0000,0.0000,0.0000,0.0000,0.0000,0.0000,0.0000,0.0000,0.0000,49.8170,100.0000,0.0000,0.0000
210.1000,0.0000,0.0000,0.0000,0.0000,0.0000,0.0000,0.0000,53.8169,0.0000,0.0000,0.0000,0.0000,0.0000,0.0000,0.0000,0.0000,0.0000,0.0000,0.0000,0.0000,0.0000,42.0795,100.0000,0.0000,0.0000
210.1500,0.0000,0.0000,0.0000,0.0000,0.0000,0.0000,0.0000,66.4932,0.0000,0.0000,0.0000,0.0000,0.0000,0.0000,0.0000,0.0000,0.0000,0.0000,0.0000,0.0000,0.0000,31.1934,100.0000,0.0000,0.0000
210.2000,0.0000,0.0000,0.0000,0.0000,0.0000,0.0000,0.0000,75.5033,0.0000,0.0000,0.0000,0.0000,0.0000,0.0000,0.0000,0.0000,0.0000,0.0000,0.0000,0.0000,0.0000,23.4559,100.0000,0.0000,0.0000
210.2500,0.0000,0.0000,0.0000,0.0000,0.0000,0.0000,0.0000,77.5141,0.0000,0.0000,0.0000,0.0000,0.0000,0.0000,0.0000,0.0000,0.0000,0.0000,0.0000,0.0000,0.0000,21.7290,100.0000,0.0000,0.0000
210.3000,0.0000,0.0000,0.0000,0.0000,0.0000,0.0000,0.0000,77.5141,0.0000,0.0000,0.0000,0.0000,0.0000,0.0000,0.0000,0.0000,0.0000,0.0000,0.0000,0.0000,0.0000,21.7290,100.0000,0.0000,0.0000
210.3500,0.0000,0.0000,0.0000,0.0000,0.0000,0.0000,0.0000,77.5141,0.0000,0.0000,0.0000,0.0000,0.0000,0.0000,0.0000,0.0000,0.0000,0.0000,0.0000,0.0000,0.0000,21.7290,100.0000,0.0000,0.0000
210.4000,0.0000,0.0000,0.0000,0.0000,0.0000,0.0000,0.0000,77.5141,0.0000,0.0000,0.0000,0.0000,0.0000,0.0000,0.0000,0.0000,0.0000,0.0000,0.0000,0.0000,0.0000,21.7290,100.0000,0.0000,0.0000
210.4500,0.0000,0.0000,0.0000,0.0000,0.0000,0.0000,0.0000,77.5141,0.0000,0.0000,0.0000,0.0000,0.0000,0.0000,0.0000,0.0000,0.0000,0.0000,0.0000,0.0000,0.0000,21.7290,100.0000,0.0000,0.0000
210.5000,0.0000,0.0000,0.0000,0.0000,0.0000,0.0000,0.0000,77.5141,0.0000,0.0000,0.0000,0.0000,0.0000,0.0000,0.0000,0.0000,0.0000,0.0000,0.0000,0.0000,0.0000,21.7290,100.0000,0.0000,0.0000
210.5500,0.0000,0.0000,0.0000,0.0000,0.0000,0.0000,0.0000,77.5141,0.0000,0.0000,0.0000,0.0000,0.0000,0.0000,0.0000,0.0000,0.0000,0.0000,0.0000,0.0000,0.0000,21.7290,100.0000,0.0000,0.0000
210.6000,0.0000,0.0000,0.0000,0.0000,0.0000,0.0000,0.0000,77.5141,0.0000,0.0000,0.0000,0.0000,0.0000,0.0000,0.0000,0.0000,0.0000,0.0000,0.0000,0.0000,0.0000,21.7290,100.0000,0.0000,0.0000
210.6500,0.0000,0.0000,0.0000,0.0000,0.0000,0.0000,0.0000,77.5141,0.0000,0.0000,0.0000,0.0000,0.0000,0.0000,0.0000,0.0000,0.0000,0.0000,0.0000,0.0000,0.0000,21.7290,100.0000,0.0000,0.0000
210.7000,0.0000,0.0000,0.0000,0.0000,0.0000,0.0000,0.0000,77.5141,0.0000,0.0000,0.0000,0.0000,0.0000,0.0000,0.0000,0.0000,0.0000,0.0000,0.0000,0.0000,0.0000,21.7290,100.0000,0.0000,0.0000
210.7500,0.0000,0.0000,0.0000,0.0000,0.0000,0.0000,0.0000,77.5141,0.0000,0.0000,0.0000,0.0000,0.0000,0.0000,0.0000,0.0000,0.0000,0.0000,0.0000,0.0000,0.0000,21.7290,100.0000,0.0000,0.0000
210.8000,0.0000,0.0000,0.0000,0.0000,0.0000,0.0000,0.0000,77.5141,0.0000,0.0000,0.0000,0.0000,0.0000,0.0000,0.0000,0.0000,0.0000,0.0000,0.0000,0.0000,0.0000,21.7290,100.0000,0.0000,0.0000
210.8500,0.0000,0.0000,0.0000,0.0000,0.0000,0.0000,0.0000,77.5141,0.0000,0.0000,0.0000,0.0000,0.0000,0.0000,0.0000,0.0000,0.0000,0.0000,0.0000,0.0000,0.0000,21.7290,100.0000,0.0000,0.0000
210.9000,0.0000,0.0000,0.0000,0.0000,0.0000,0.0000,0.0000,77.5141,0.0000,0.0000,0.0000,0.0000,0.0000,0.0000,0.0000,0.0000,0.0000,0.0000,0.0000,0.0000,0.0000,21.7290,100.0000,0.0000,0.0000
210.9500,0.0000,0.0000,0.0000,0.0000,0.0000,0.0000,0.0000,77.5141,0.0000,0.0000,0.0000,0.0000,0.0000,0.0000,0.0000,0.0000,0.0000,0.0000,0.0000,0.0000,0.0000,21.7290,100.0000,0.0000,0.0000
211.0000,0.0000,0.0000,0.0000,0.0000,0.0000,0.0000,0.0000,77.5141,0.0000,0.0000,0.0000,0.0000,0.0000,0.0000,0.0000,0.0000,0.0000,0.0000,0.0000,0.0000,0.0000,21.7290,100.0000,0.0000,0.0000
211.0500,0.0000,0.0000,0.0000,0.0000,0.0000,0.0000,0.0000,73.0245,0.0000,0.0000,0.0000,0.0000,0.0000,0.6950,0.0000,0.0000,0.0000,0.0000,0.0000,0.0000,0.0000,21.2992,100.0000,0.0000,0.0000
211.1000,0.0000,0.0000,0.0000,0.0000,0.0000,0.0000,0.0000,52.9081,0.0000,0.0000,0.0000,0.0000,0.0000,3.8093,0.0000,0.0000,0.0000,0.0000,0.0000,0.0000,0.0000,19.3733,100.0000,0.0000,0.0000
211.1500,0.0000,0.0000,0.0000,0.0000,0.0000,0.0000,0.0000,24.6061,0.0000,0.0000,0.0000,0.0000,0.0000,8.1907,0.0000,0.0000,0.0000,0.0000,0.0000,0.0000,0.0000,16.6638,100.0000,0.0000,0.0000
211.2000,0.0000,0.0000,0.0000,0.0000,0.0000,0.0000,0.0000,4.4896,0.0000,0.0000,0.0000,0.0000,0.0000,11.3050,0.0000,0.0000,0.0000,0.0000,0.0000,0.0000,0.0000,14.7379,100.0000,0.0000,0.0000
211.2500,0.0000,0.0000,0.0000,0.0000,0.0000,0.0000,0.0000,0.0000,0.0000,0.0000,0.0000,0.0000,0.0000,12.0000,0.0000,0.0000,0.0000,0.0000,0.0000,0.0000,0.0000,14.3081,100.0000,0.0000,0.0000
211.3000,0.0000,0.0000,0.0000,0.0000,0.0000,0.0000,0.0000,0.0000,0.0000,0.0000,0.0000,0.0000,0.0000,12.0000,0.0000,0.0000,0.0000,0.0000,0.0000,0.0000,0.0000,14.3081,100.0000,0.0000,0.0000
211.3500,0.0000,0.0000,0.0000,0.0000,0.0000,0.0000,0.0000,0.0000,0.0000,0.0000,0.0000,0.0000,0.0000,12.0000,0.0000,0.0000,0.0000,0.0000,0.0000,0.0000,0.0000,14.3081,100.0000,0.0000,0.0000
211.4000,0.0000,0.0000,0.0000,0.0000,0.0000,0.0000,0.0000,0.0000,0.0000,0.0000,0.0000,0.0000,0.0000,12.0000,0.0000,0.0000,0.0000,0.0000,0.0000,0.0000,0.0000,14.3081,100.0000,0.0000,0.0000
211.4500,0.0000,0.0000,0.0000,0.0000,0.0000,0.0000,0.0000,0.0000,0.0000,0.0000,0.0000,0.0000,0.0000,12.0000,0.0000,0.0000,0.0000,0.0000,0.0000,0.0000,0.0000,14.3081,100.0000,0.0000,0.0000
211.5000,0.0000,0.0000,0.0000,0.0000,0.0000,0.0000,0.0000,0.0000,0.0000,0.0000,0.0000,0.0000,0.0000,12.0000,0.0000,0.0000,0.0000,0.0000,0.0000,0.0000,0.0000,14.3081,100.0000,0.0000,0.0000
211.5500,0.0000,0.0000,0.0000,0.0000,0.0000,0.0000,0.0000,0.0000,0.0000,0.0000,0.0000,0.0000,0.0000,12.0000,0.0000,0.0000,0.0000,0.0000,0.0000,0.0000,0.0000,13.8269,100.0000,0.0000,0.0000
211.6000,0.0000,0.0000,0.0000,0.0000,0.0000,0.0000,0.0000,0.0000,0.0000,0.0000,0.0000,0.0000,0.0000,12.0000,0.0000,0.0000,0.0000,0.0000,0.0000,0.0000,0.0000,11.6708,100.0000,0.0000,0.0000
211.6500,0.0000,0.0000,0.0000,0.0000,0.0000,0.0000,0.0000,0.0000,0.0000,0.0000,0.0000,0.0000,0.0000,12.0000,0.0000,0.0000,0.0000,0.0000,0.0000,0.0000,0.0000,8.6373,100.0000,0.0000,0.0000
211.7000,0.0000,0.0000,0.0000,0.0000,0.0000,0.0000,0.0000,0.0000,0.0000,0.0000,0.0000,0.0000,0.0000,12.0000,0.0000,0.0000,0.0000,0.0000,0.0000,0.0000,0.0000,6.4812,100.0000,0.0000,0.0000
211.7500,0.0000,0.0000,0.0000,0.0000,0.0000,0.0000,0.0000,0.0000,0.0000,0.0000,0.0000,0.0000,0.0000,12.0000,0.0000,0.0000,0.0000,0.0000,0.0000,0.0000,0.0000,6.0000,100.0000,0.0000,0.0000
211.8000,0.0000,0.0000,0.0000,0.0000,0.0000,0.0000,0.0000,0.0000,0.0000,0.0000,0.0000,0.0000,0.0000,12.0000,0.0000,0.0000,0.0000,0.0000,0.0000,0.0000,0.0000,6.0000,100.0000,0.0000,0.0000
211.8500,0.0000,0.0000,0.0000,0.0000,0.0000,0.0000,0.0000,0.0000,0.0000,0.0000,0.0000,0.0000,0.0000,12.0000,0.0000,0.0000,0.0000,0.0000,0.0000,0.0000,0.0000,6.0000,100.0000,0.0000,0.0000
211.9000,0.0000,0.0000,0.0000,0.0000,0.0000,0.0000,0.0000,0.0000,0.0000,0.0000,0.0000,0.0000,0.0000,12.0000,0.0000,0.0000,0.0000,0.0000,0.0000,0.0000,0.0000,6.0000,100.0000,0.0000,0.0000
211.9500,0.0000,0.0000,0.0000,0.0000,0.0000,0.0000,0.0000,0.0000,0.0000,0.0000,0.0000,0.0000,0.0000,12.0000,0.0000,0.0000,0.0000,0.0000,0.0000,0.0000,0.0000,6.0000,100.0000,0.0000,0.0000
212.0000,0.0000,0.0000,0.0000,0.0000,0.0000,0.0000,0.0000,0.0000,0.0000,0.0000,0.0000,0.0000,0.0000,12.0000,0.0000,0.0000,0.0000,0.0000,0.0000,0.0000,0.0000,6.0000,100.0000,0.0000,0.0000
212.0500,0.0000,0.0000,0.0000,0.0000,0.0000,0.0000,0.0000,0.0000,0.0000,0.0000,0.0000,0.0000,0.0000,12.0000,0.0000,0.0000,0.0000,0.0000,0.0000,0.0000,0.0000,6.1738,100.0000,0.0000,0.0000
212.1000,0.0000,0.0000,0.0000,0.0000,0.0000,0.0000,0.0000,0.0000,0.0000,0.0000,0.0000,0.0000,0.0000,12.0000,0.0000,0.0000,0.0000,0.0000,0.0000,0.0000,0.0000,6.9523,100.0000,0.0000,0.0000
212.1500,0.0000,0.0000,0.0000,0.0000,0.0000,0.0000,0.0000,0.0000,0.0000,0.0000,0.0000,0.0000,0.0000,12.0000,0.0000,0.0000,0.0000,0.0000,0.0000,0.0000,0.0000,8.0477,100.0000,0.0000,0.0000
212.2000,0.0000,0.0000,0.0000,0.0000,0.0000,0.0000,0.0000,0.0000,0.0000,0.0000,0.0000,0.0000,0.0000,12.0000,0.0000,0.0000,0.0000,0.0000,0.0000,0.0000,0.0000,8.8262,100.0000,0.0000,0.0000
212.2500,0.0000,0.0000,0.0000,0.0000,0.0000,0.0000,0.0000,0.0000,0.0000,0.0000,0.0000,0.0000,0.0000,12.0000,0.0000,0.0000,0.0000,0.0000,0.0000,0.0000,0.0000,9.0000,100.0000,0.0000,0.0000
212.3000,0.0000,0.0000,0.0000,0.0000,0.0000,0.0000,0.0000,0.0000,0.0000,0.0000,0.0000,0.0000,0.0000,12.0000,0.0000,0.0000,0.0000,0.0000,0.0000,0.0000,0.0000,9.0000,100.0000,0.0000,0.0000
212.3500,0.0000,0.0000,0.0000,0.0000,0.0000,0.0000,0.0000,0.0000,0.0000,0.0000,0.0000,0.0000,0.0000,12.0000,0.0000,0.0000,0.0000,0.0000,0.0000,0.0000,0.0000,9.0000,100.0000,0.0000,0.0000
212.4000,0.0000,0.0000,0.0000,0.0000,0.0000,0.0000,0.0000,0.0000,0.0000,0.0000,0.0000,0.0000,0.0000,12.0000,0.0000,0.0000,0.0000,0.0000,0.0000,0.0000,0.0000,9.0000,100.0000,0.0000,0.0000
212.4500,0.0000,0.0000,0.0000,0.0000,0.0000,0.0000,0.0000,0.0000,0.0000,0.0000,0.0000,0.0000,0.0000,12.0000,0.0000,0.0000,0.0000,0.0000,0.0000,0.0000,0.0000,9.0000,100.0000,0.0000,0.0000
212.5000,0.0000,0.0000,0.0000,0.0000,0.0000,0.0000,0.0000,0.0000,0.0000,0.0000,0.0000,0.0000,0.0000,12.0000,0.0000,0.0000,0.0000,0.0000,0.0000,0.0000,0.0000,9.0000,100.0000,0.0000,0.0000
212.5500,0.0000,0.0000,0.0000,1.2314,0.0000,0.0000,0.0000,0.0000,0.0000,0.0000,0.0000,0.0000,0.0000,12.0000,0.0000,0.0000,0.0000,0.0000,0.0000,0.0000,0.0000,8.4787,99.6525,0.0000,0.0000
212.6000,0.0000,0.0000,0.0000,6.7489,0.0000,0.0000,0.0000,0.0000,0.0000,0.0000,0.0000,0.0000,0.0000,12.0000,0.0000,0.0000,0.0000,0.0000,0.0000,0.0000,0.0000,6.1430,98.0954,0.0000,0.0000
212.6500,0.0000,0.0000,0.0000,14.5114,0.0000,0.0000,0.0000,0.0000,0.0000,0.0000,0.0000,0.0000,0.0000,12.0000,0.0000,0.0000,0.0000,0.0000,0.0000,0.0000,0.0000,2.8570,95.9046,0.0000,0.0000
212.7000,0.0000,0.0000,0.0000,20.0288,0.0000,0.0000,0.0000,0.0000,0.0000,0.0000,0.0000,0.0000,0.0000,12.0000,0.0000,0.0000,0.0000,0.0000,0.0000,0.0000,0.0000,0.5213,94.3475,0.0000,0.0000
212.7500,0.0000,0.0000,0.0000,21.2602,0.0000,0.0000,0.0000,0.0000,0.0000,0.0000,0.0000,0.0000,0.0000,12.0000,0.0000,0.0000,0.0000,0.0000,0.0000,0.0000,0.0000,0.0000,94.0000,0.0000,0.0000
212.8000,0.0000,0.0000,0.0000,21.2602,0.0000,0.0000,0.0000,0.0000,0.0000,0.0000,0.0000,0.0000,0.0000,12.0000,0.0000,0.0000,0.0000,0.0000,0.0000,0.0000,0.0000,0.0000,94.0000,0.0000,0.0000
212.8500,0.0000,0.0000,0.0000,21.2602,0.0000,0.0000,0.0000,0.0000,0.0000,0.0000,0.0000,0.0000,0.0000,12.0000,0.0000,0.0000,0.0000,0.0000,0.0000,0.0000,0.0000,0.0000,94.0000,0.0000,0.0000
212.9000,0.0000,0.0000,0.0000,21.2602,0.0000,0.0000,0.0000,0.0000,0.0000,0.0000,0.0000,0.0000,0.0000,12.0000,0.0000,0.0000,0.0000,0.0000,0.0000,0.0000,0.0000,0.0000,94.0000,0.0000,0.0000
212.9500,0.0000,0.0000,0.0000,21.2602,0.0000,0.0000,0.0000,0.0000,0.0000,0.0000,0.0000,0.0000,0.0000,12.0000,0.0000,0.0000,0.0000,0.0000,0.0000,0.0000,0.0000,0.0000,94.0000,0.0000,0.0000
213.0000,0.0000,0.0000,0.0000,21.2602,0.0000,0.0000,0.0000,0.0000,0.0000,0.0000,0.0000,0.0000,0.0000,12.0000,0.0000,0.0000,0.0000,0.0000,0.0000,0.0000,0.0000,0.0000,94.0000,0.0000,0.0000
213.0500,0.0000,0.0000,0.0000,21.4340,0.0000,0.0000,0.0000,0.0000,0.0000,0.0000,0.0000,0.0000,0.0000,13.2711,0.0000,0.0000,0.0000,0.0000,0.0000,0.0000,0.0000,0.0000,94.3475,0.0000,0.0000
213.1000,0.0000,0.0000,0.0000,22.2126,0.0000,0.0000,0.0000,0.0000,0.0000,0.0000,0.0000,0.0000,0.0000,18.9662,0.0000,0.0000,0.0000,0.0000,0.0000,0.0000,0.0000,0.0000,95.9046,0.0000,0.0000
213.1500,0.0000,0.0000,0.0000,23.3079,0.0000,0.0000,0.0000,0.0000,0.0000,0.0000,0.0000,0.0000,0.0000,26.9788,0.0000,0.0000,0.0000,0.0000,0.0000,0.0000,0.0000,0.0000,98.0954,0.0000,0.0000
213.2000,0.0000,0.0000,0.0000,24.0865,0.0000,0.0000,0.0000,0.0000,0.0000,0.0000,0.0000,0.0000,0.0000,32.6739,0.0000,0.0000,0.0000,0.0000,0.0000,0.0000,0.0000,0.0000,99.6525,0.0000,0.0000
213.2500,0.0000,0.0000,0.0000,24.2602,0.0000,0.0000,0.0000,0.0000,0.0000,0.0000,0.0000,0.0000,0.0000,33.9450,0.0000,0.0000,0.0000,0.0000,0.0000,0.0000,0.0000,0.0000,100.0000,0.0000,0.0000
213.3000,0.0000,0.0000,0.0000,24.2602,0.0000,0.0000,0.0000,0.0000,0.0000,0.0000,0.0000,0.0000,0.0000,33.9450,0.0000,0.0000,0.0000,0.0000,0.0000,0.0000,0.0000,0.0000,100.0000,0.0000,0.0000
213.3500,0.0000,0.0000,0.0000,24.2602,0.0000,0.0000,0.0000,0.0000,0.0000,0.0000,0.0000,0.0000,0.0000,33.9450,0.0000,0.0000,0.0000,0.0000,0.0000,0.0000,0.0000,0.0000,100.0000,0.0000,0.0000
213.4000,0.0000,0.0000,0.0000,24.2602,0.0000,0.0000,0.0000,0.0000,0.0000,0.0000,0.0000,0.0000,0.0000,33.9450,0.0000,0.0000,0.0000,0.0000,0.0000,0.0000,0.0000,0.0000,100.0000,0.0000,0.0000
213.4500,0.0000,0.0000,0.0000,24.2602,0.0000,0.0000,0.0000,0.0000,0.0000,0.0000,0.0000,0.0000,0.0000,33.9450,0.0000,0.0000,0.0000,0.0000,0.0000,0.0000,0.0000,0.0000,100.0000,0.0000,0.0000
213.5000,0.0000,0.0000,0.0000,24.2602,0.0000,0.0000,0.0000,0.0000,0.0000,0.0000,0.0000,0.0000,0.0000,33.9450,0.0000,0.0000,0.0000,0.0000,0.0000,0.0000,0.0000,0.0000,100.0000,0.0000,0.0000
213.5500,0.0000,0.0000,0.0000,24.1099,0.0000,0.0000,0.0000,0.0000,0.0000,0.0000,0.0000,0.0000,0.0000,32.3264,0.0000,0.0000,0.0000,0.0000,0.0000,0.0000,0.0000,0.0000,100.0000,0.0000,0.0000
213.6000,0.0000,0.0000,0.0000,23.4361,0.0000,0.0000,0.0000,0.0000,0.0000,0.0000,0.0000,0.0000,0.0000,25.0741,0.0000,0.0000,0.0000,0.0000,0.0000,0.0000,0.0000,0.0000,100.0000,0.0000,0.0000
213.6500,0.0000,0.0000,0.0000,22.4882,0.0000,0.0000,0.0000,0.0000,0.0000,0.0000,0.0000,0.0000,0.0000,14.8708,0.0000,0.0000,0.0000,0.0000,0.0000,0.0000,0.0000,0.0000,100.0000,0.0000,0.0000
213.7000,0.0000,0.0000,0.0000,21.8145,0.0000,0.0000,0.0000,0.0000,0.0000,0.0000,0.0000,0.0000,0.0000,7.6186,0.0000,0.0000,0.0000,0.0000,0.0000,0.0000,0.0000,0.0000,100.0000,0.0000,0.0000
213.7500,0.0000,0.0000,0.0000,21.6641,0.0000,0.0000,0.0000,0.0000,0.0000,0.0000,0.0000,0.0000,0.0000,6.0000,0.0000,0.0000,0.0000,0.0000,0.0000,0.0000,0.0000,0.0000,100.0000,0.0000,0.0000
213.8000,0.0000,0.0000,0.0000,21.6641,0.0000,0.0000,0.0000,0.0000,0.0000,0.0000,0.0000,0.0000,0.0000,6.0000,0.0000,0.0000,0.0000,0.0000,0.0000,0.0000,0.0000,0.0000,100.0000,0.0000,0.0000
213.8500,0.0000,0.0000,0.0000,21.6641,0.0000,0.0000,0.0000,0.0000,0.0000,0.0000,0.0000,0.0000,0.0000,6.0000,0.0000,0.0000,0.0000,0.0000,0.0000,0.0000,0.0000,0.0000,100.0000,0.0000,0.0000
213.9000,0.0000,0.0000,0.0000,21.6641,0.0000,0.0000,0.0000,0.0000,0.0000,0.0000,0.0000,0.0000,0.0000,6.0000,0.0000,0.0000,0.0000,0.0000,0.0000,0.0000,0.0000,0.0000,100.0000,0.0000,0.0000
213.9500,0.0000,0.0000,0.0000,21.6641,0.0000,0.0000,0.0000,0.0000,0.0000,0.0000,0.0000,0.0000,0.0000,6.0000,0.0000,0.0000,0.0000,0.0000,0.0000,0.0000,0.0000,0.0000,100.0000,0.0000,0.0000
214.0000,0.0000,0.0000,0.0000,21.6641,0.0000,0.0000,0.0000,0.0000,0.0000,0.0000,0.0000,0.0000,0.0000,6.0000,0.0000,0.0000,0.0000,0.0000,0.0000,0.0000,0.0000,0.0000,100.0000,0.0000,0.0000
214.0500,0.0000,0.0000,0.0000,22.7067,0.0000,0.0000,0.0000,0.0000,0.0000,0.0000,0.0000,0.0000,0.0000,5.6525,0.0000,0.0000,0.0000,0.0000,0.0000,0.0000,0.0000,0.0000,98.6099,5.7920,0.0000
214.1000,0.0000,0.0000,0.0000,27.3780,0.0000,0.0000,0.0000,0.0000,0.0000,0.0000,0.0000,0.0000,0.0000,4.0954,0.0000,0.0000,0.0000,0.0000,0.0000,0.0000,0.0000,0.0000,92.3814,31.7440,0.0000
214.1500,0.0000,0.0000,0.0000,33.9502,0.0000,0.0000,0.0000,0.0000,0.0000,0.0000,0.0000,0.0000,0.0000,1.9046,0.0000,0.0000,0.0000,0.0000,0.0000,0.0000,0.0000,0.0000,83.6186,68.2560,0.0000
214.2000,0.0000,0.0000,0.0000,38.6216,0.0000,0.0000,0.0000,0.0000,0.0000,0.0000,0.0000,0.0000,0.0000,0.3475,0.0000,0.0000,0.0000,0.0000,0.0000,0.0000,0.0000,0.0000,77.3901,94.2080,0.0000
214.2500,0.0000,0.0000,0.0000,39.6641,0.0000,0.0000,0.0000,0.0000,0.0000,0.0000,0.0000,0.0000,0.0000,0.0000,0.0000,0.0000,0.0000,0.0000,0.0000,0.0000,0.0000,0.0000,76.0000,100.0000,0.0000
214.3000,0.0000,0.0000,0.0000,39.6641,0.0000,0.0000,0.0000,0.0000,0.0000,0.0000,0.0000,0.0000,0.0000,0.0000,0.0000,0.0000,0.0000,0.0000,0.0000,0.0000,0.0000,0.0000,76.0000,100.0000,0.0000
214.3500,0.0000,0.0000,0.0000,39.6641,0.0000,0.0000,0.0000,0.0000,0.0000,0.0000,0.0000,0.0000,0.0000,0.0000,0.0000,0.0000,0.0000,0.0000,0.0000,0.0000,0.0000,0.0000,76.0000,100.0000,0.0000
214.4000,0.0000,0.0000,0.0000,39.6641,0.0000,0.0000,0.0000,0.0000,0.0000,0.0000,0.0000,0.0000,0.0000,0.0000,0.0000,0.0000,0.0000,0.0000,0.0000,0.0000,0.0000,0.0000,76.0000,100.0000,0.0000
214.4500,0.0000,0.0000,0.0000,39.6641,0.0000,0.0000,0.0000,0.0000,0.0000,0.0000,0.0000,0.0000,0.0000,0.0000,0.0000,0.0000,0.0000,0.0000,0.0000,0.0000,0.0000,0.0000,76.0000,100.0000,0.0000
214.5000,0.0000,0.0000,0.0000,39.6641,0.0000,0.0000,0.0000,0.0000,0.0000,0.0000,0.0000,0.0000,0.0000,0.0000,0.0000,0.0000,0.0000,0.0000,0.0000,0.0000,0.0000,0.0000,76.0000,100.0000,0.0000
214.5500,0.0000,0.0000,0.0000,37.3668,0.0000,0.0000,0.0000,0.0000,0.0000,0.0000,0.0000,0.0000,0.0000,0.0000,0.0000,5.0970,0.0000,0.0000,0.0000,0.0000,0.0000,0.0000,75.3050,100.0000,0.0000
214.6000,0.0000,0.0000,0.0000,27.0731,0.0000,0.0000,0.0000,0.0000,0.0000,0.0000,0.0000,0.0000,0.0000,0.0000,0.0000,27.9347,0.0000,0.0000,0.0000,0.0000,0.0000,0.0000,72.1907,100.0000,0.0000
214.6500,0.0000,0.0000,0.0000,12.5910,0.0000,0.0000,0.0000,0.0000,0.0000,0.0000,0.0000,0.0000,0.0000,0.0000,0.0000,60.0653,0.0000,0.0000,0.0000,0.0000,0.0000,0.0000,67.8093,100.0000,0.0000
214.7000,0.0000,0.0000,0.0000,2.2973,0.0000,0.0000,0.0000,0.0000,0.0000,0.0000,0.0000,0.0000,0.0000,0.0000,0.0000,82.9030,0.0000,0.0000,0.0000,0.0000,0.0000,0.0000,64.6950,100.0000,0.0000
214.7500,0.0000,0.0000,0.0000,0.0000,0.0000,0.0000,0.0000,0.0000,0.0000,0.0000,0.0000,0.0000,0.0000,0.0000,0.0000,88.0000,0.0000,0.0000,0.0000,0.0000,0.0000,0.0000,64.0000,100.0000,0.0000
214.8000,0.0000,0.0000,0.0000,0.0000,0.0000,0.0000,0.0000,0.0000,0.0000,0.0000,0.0000,0.0000,0.0000,0.0000,0.0000,88.0000,0.0000,0.0000,0.0000,0.0000,0.0000,0.0000,64.0000,100.0000,0.0000
214.8500,0.0000,0.0000,0.0000,0.0000,0.0000,0.0000,0.0000,0.0000,0.0000,0.0000,0.0000,0.0000,0.0000,0.0000,0.0000,88.0000,0.0000,0.0000,0.0000,0.0000,0.0000,0.0000,64.0000,100.0000,0.0000
214.9000,0.0000,0.0000,0.0000,0.0000,0.0000,0.0000,0.0000,0.0000,0.0000,0.0000,0.0000,0.0000,0.0000,0.0000,0.0000,88.0000,0.0000,0.0000,0.0000,0.0000,0.0000,0.0000,64.0000,100.0000,0.0000
214.9500,0.0000,0.0000,0.0000,0.0000,0.0000,0.0000,0.0000,0.0000,0.0000,0.0000,0.0000,0.0000,0.0000,0.0000,0.0000,88.0000,0.0000,0.0000,0.0000,0.0000,0.0000,0.0000,64.0000,100.0000,0.0000
215.0000,0.0000,0.0000,0.0000,0.0000,0.0000,0.0000,0.0000,0.0000,0.0000,0.0000,0.0000,0.0000,0.0000,0.0000,0.0000,88.0000,0.0000,0.0000,0.0000,0.0000,0.0000,0.0000,64.0000,100.0000,0.0000
215.0500,0.0000,0.0000,0.0000,0.0000,0.0000,0.0000,0.0000,0.0000,0.0000,0.0000,0.0000,0.0000,0.0000,0.0000,0.0000,88.3475,0.0000,0.0000,0.0000,0.0000,0.0000,0.0000,64.0000,100.0000,0.0000
215.1000,0.0000,0.0000,0.0000,0.0000,0.0000,0.0000,0.0000,0.0000,0.0000,0.0000,0.0000,0.0000,0.0000,0.0000,0.0000,89.9046,0.0000,0.0000,0.0000,0.0000,0.0000,0.0000,64.0000,100.0000,0.0000
215.1500,0.0000,0.0000,0.0000,0.0000,0.0000,0.0000,0.0000,0.0000,0.0000,0.0000,0.0000,0.0000,0.0000,0.0000,0.0000,92.0954,0.0000,0.0000,0.0000,0.0000,0.0000,0.0000,64.0000,100.0000,0.0000
215.2000,0.0000,0.0000,0.0000,0.0000,0.0000,0.0000,0.0000,0.0000,0.0000,0.0000,0.0000,0.0000,0.0000,0.0000,0.0000,93.6525,0.0000,0.0000,0.0000,0.0000,0.0000,0.0000,64.0000,100.0000,0.0000
215.2500,0.0000,0.0000,0.0000,0.0000,0.0000,0.0000,0.0000,0.0000,0.0000,0.0000,0.0000,0.0000,0.0000,0.0000,0.0000,94.0000,0.0000,0.0000,0.0000,0.0000,0.0000,0.0000,64.0000,100.0000,0.0000
215.3000,0.0000,0.0000,0.0000,0.0000,0.0000,0.0000,0.0000,0.0000,0.0000,0.0000,0.0000,0.0000,0.0000,0.0000,0.0000,94.0000,0.0000,0.0000,0.0000,0.0000,0.0000,0.0000,64.0000,100.0000,0.0000
215.3500,0.0000,0.0000,0.0000,0.0000,0.0000,0.0000,0.0000,0.0000,0.0000,0.0000,0.0000,0.0000,0.0000,0.0000,0.0000,94.0000,0.0000,0.0000,0.0000,0.0000,0.0000,0.0000,64.0000,100.0000,0.0000
215.4000,0.0000,0.0000,0.0000,0.0000,0.0000,0.0000,0.0000,0.0000,0.0000,0.0000,0.0000,0.0000,0.0000,0.0000,0.0000,94.0000,0.0000,0.0000,0.0000,0.0000,0.0000,0.0000,64.0000,100.0000,0.0000
215.4500,0.0000,0.0000,0.0000,0.0000,0.0000,0.0000,0.0000,0.0000,0.0000,0.0000,0.0000,0.0000,0.0000,0.0000,0.0000,94.0000,0.0000,0.0000,0.0000,0.0000,0.0000,0.0000,64.0000,100.0000,0.0000
215.5000,0.0000,0.0000,0.0000,0.0000,0.0000,0.0000,0.0000,0.0000,0.0000,0.0000,0.0000,0.0000,0.0000,0.0000,0.0000,94.0000,0.0000,0.0000,0.0000,0.0000,0.0000,0.0000,64.0000,100.0000,0.0000
215.5500,0.0000,0.0000,0.0000,0.0000,0.0000,0.0000,0.0000,0.0000,0.0000,0.0000,0.0000,0.0000,0.0000,0.0000,0.0000,93.3050,0.0000,0.0000,0.0000,0.0000,0.0000,0.0000,64.6288,100.0000,0.0000
215.6000,0.0000,0.0000,0.0000,0.0000,0.0000,0.0000,0.0000,0.0000,0.0000,0.0000,0.0000,0.0000,0.0000,0.0000,0.0000,90.1907,0.0000,0.0000,0.0000,0.0000,0.0000,0.0000,67.4461,100.0000,0.0000
215.6500,0.0000,0.0000,0.0000,0.0000,0.0000,0.0000,0.0000,0.0000,0.0000,0.0000,0.0000,0.0000,0.0000,0.0000,0.0000,85.8093,0.0000,0.0000,0.0000,0.0000,0.0000,0.0000,71.4097,100.0000,0.0000
215.7000,0.0000,0.0000,0.0000,0.0000,0.0000,0.0000,0.0000,0.0000,0.0000,0.0000,0.0000,0.0000,0.0000,0.0000,0.0000,82.6950,0.0000,0.0000,0.0000,0.0000,0.0000,0.0000,74.2271,100.0000,0.0000
215.7500,0.0000,0.0000,0.0000,0.0000,0.0000,0.0000,0.0000,0.0000,0.0000,0.0000,0.0000,0.0000,0.0000,0.0000,0.0000,82.0000,0.0000,0.0000,0.0000,0.0000,0.0000,0.0000,74.8558,100.0000,0.0000
215.8000,0.0000,0.0000,0.0000,0.0000,0.0000,0.0000,0.0000,0.0000,0.0000,0.0000,0.0000,0.0000,0.0000,0.0000,0.0000,82.0000,0.0000,0.0000,0.0000,0.0000,0.0000,0.0000,74.8558,100.0000,0.0000
215.8500,0.0000,0.0000,0.0000,0.0000,0.0000,0.0000,0.0000,0.0000,0.0000,0.0000,0.0000,0.0000,0.0000,0.0000,0.0000,82.0000,0.0000,0.0000,0.0000,0.0000,0.0000,0.0000,74.8558,100.0000,0.0000
215.9000,0.0000,0.0000,0.0000,0.0000,0.0000,0.0000,0.0000,0.0000,0.0000,0.0000,0.0000,0.0000,0.0000,0.0000,0.0000,82.0000,0.0000,0.0000,0.0000,0.0000,0.0000,0.0000,74.8558,100.0000,0.0000
215.9500,0.0000,0.0000,0.0000,0.0000,0.0000,0.0000,0.0000,0.0000,0.0000,0.0000,0.0000,0.0000,0.0000,0.0000,0.0000,82.0000,0.0000,0.0000,0.0000,0.0000,0.0000,0.0000,74.8558,100.0000,0.0000
216.0000,0.0000,0.0000,0.0000,0.0000,0.0000,0.0000,0.0000,0.0000,0.0000,0.0000,0.0000,0.0000,0.0000,0.0000,0.0000,82.0000,0.0000,0.0000,0.0000,0.0000,0.0000,0.0000,74.8558,100.0000,0.0000
216.0500,0.0000,0.0000,0.0000,0.0000,0.0000,0.0000,0.0000,0.0000,0.0000,0.0000,0.0000,0.0000,0.0000,0.0000,0.0000,83.0426,0.0000,0.0000,0.0000,0.0000,0.0000,0.0000,75.9647,98.9263,0.0000
216.1000,0.0000,0.0000,0.0000,0.0000,0.0000,0.0000,0.0000,0.0000,0.0000,0.0000,0.0000,0.0000,0.0000,0.0000,0.0000,87.7139,0.0000,0.0000,0.0000,0.0000,0.0000,0.0000,80.9329,94.1154,0.0000
216.1500,0.0000,0.0000,0.0000,0.0000,0.0000,0.0000,0.0000,0.0000,0.0000,0.0000,0.0000,0.0000,0.0000,0.0000,0.0000,94.2861,0.0000,0.0000,0.0000,0.0000,0.0000,0.0000,87.9229,87.3469,0.0000
216.2000,0.0000,0.0000,0.0000,0.0000,0.0000,0.0000,0.0000,0.0000,0.0000,0.0000,0.0000,0.0000,0.0000,0.0000,0.0000,98.9574,0.0000,0.0000,0.0000,0.0000,0.0000,0.0000,92.8912,82.5360,0.0000
216.2500,0.0000,0.0000,0.0000,0.0000,0.0000,0.0000,0.0000,0.0000,0.0000,0.0000,0.0000,0.0000,0.0000,0.0000,0.0000,100.0000,0.0000,0.0000,0.0000,0.0000,0.0000,0.0000,94.0000,81.4623,0.0000
216.3000,0.0000,0.0000,0.0000,0.0000,0.0000,0.0000,0.0000,0.0000,0.0000,0.0000,0.0000,0.0000,0.0000,0.0000,0.0000,100.0000,0.0000,0.0000,0.0000,0.0000,0.0000,0.0000,94.0000,81.4623,0.0000
216.3500,0.0000,0.0000,0.0000,0.0000,0.0000,0.0000,0.0000,0.0000,0.0000,0.0000,0.0000,0.0000,0.0000,0.0000,0.0000,100.0000,0.0000,0.0000,0.0000,0.0000,0.0000,0.0000,94.0000,81.4623,0.0000
216.4000,0.0000,0.0000,0.0000,0.0000,0.0000,0.0000,0.0000,0.0000,0.0000,0.0000,0.0000,0.0000,0.0000,0.0000,0.0000,100.0000,0.0000,0.0000,0.0000,0.0000,0.0000,0.0000,94.0000,81.4623,0.0000
216.4500,0.0000,0.0000,0.0000,0.0000,0.0000,0.0000,0.0000,0.0000,0.0000,0.0000,0.0000,0.0000,0.0000,0.0000,0.0000,100.0000,0.0000,0.0000,0.0000,0.0000,0.0000,0.0000,94.0000,81.4623,0.0000
216.5000,0.0000,0.0000,0.0000,0.0000,0.0000,0.0000,0.0000,0.0000,0.0000,0.0000,0.0000,0.0000,0.0000,0.0000,0.0000,100.0000,0.0000,0.0000,0.0000,0.0000,0.0000,0.0000,94.0000,81.4623,0.0000
216.5500,0.0000,0.0000,0.0000,0.0000,0.0000,0.0000,0.0000,0.0000,0.0000,0.0000,0.0000,0.0000,0.0000,0.0000,0.0000,94.2080,0.0000,0.0000,0.0000,0.0000,0.0000,5.7920,92.9574,82.5360,0.0000
216.6000,0.0000,0.0000,0.0000,0.0000,0.0000,0.0000,0.0000,0.0000,0.0000,0.0000,0.0000,0.0000,0.0000,0.0000,0.0000,68.2560,0.0000,0.0000,0.0000,0.0000,0.0000,31.7440,88.2861,87.3469,0.0000
216.6500,0.0000,0.0000,0.0000,0.0000,0.0000,0.0000,0.0000,0.0000,0.0000,0.0000,0.0000,0.0000,0.0000,0.0000,0.0000,31.7440,0.0000,0.0000,0.0000,0.0000,0.0000,68.2560,81.7139,94.1154,0.0000
216.7000,0.0000,0.0000,0.0000,0.0000,0.0000,0.0000,0.0000,0.0000,0.0000,0.0000,0.0000,0.0000,0.0000,0.0000,0.0000,5.7920,0.0000,0.0000,0.0000,0.0000,0.0000,94.2080,77.0426,98.9263,0.0000
216.7500,0.0000,0.0000,0.0000,0.0000,0.0000,0.0000,0.0000,0.0000,0.0000,0.0000,0.0000,0.0000,0.0000,0.0000,0.0000,0.0000,0.0000,0.0000,0.0000,0.0000,0.0000,100.0000,76.0000,100.0000,0.0000
216.8000,0.0000,0.0000,0.0000,0.0000,0.0000,0.0000,0.0000,0.0000,0.0000,0.0000,0.0000,0.0000,0.0000,0.0000,0.0000,0.0000,0.0000,0.0000,0.0000,0.0000,0.0000,100.0000,76.0000,100.0000,0.0000
216.8500,0.0000,0.0000,0.0000,0.0000,0.0000,0.0000,0.0000,0.0000,0.0000,0.0000,0.0000,0.0000,0.0000,0.0000,0.0000,0.0000,0.0000,0.0000,0.0000,0.0000,0.0000,100.0000,76.0000,100.0000,0.0000
216.9000,0.0000,0.0000,0.0000,0.0000,0.0000,0.0000,0.0000,0.0000,0.0000,0.0000,0.0000,0.0000,0.0000,0.0000,0.0000,0.0000,0.0000,0.0000,0.0000,0.0000,0.0000,100.0000,76.0000,100.0000,0.0000
216.9500,0.0000,0.0000,0.0000,0.0000,0.0000,0.0000,0.0000,0.0000,0.0000,0.0000,0.0000,0.0000,0.0000,0.0000,0.0000,0.0000,0.0000,0.0000,0.0000,0.0000,0.0000,100.0000,76.0000,100.0000,0.0000
217.0000,0.0000,0.0000,0.0000,0.0000,0.0000,0.0000,0.0000,0.0000,0.0000,0.0000,0.0000,0.0000,0.0000,0.0000,0.0000,0.0000,0.0000,0.0000,0.0000,0.0000,0.0000,100.0000,76.0000,100.0000,0.0000
217.0500,0.0000,0.0000,0.0000,0.0000,0.0000,0.0000,0.0000,0.0000,0.0000,0.0000,0.0000,0.0000,0.0000,0.0000,0.0000,0.0000,0.0000,0.0000,0.0000,0.0000,0.0000,100.0000,74.8272,99.9909,0.0000
217.1000,0.0000,0.0000,0.0000,0.0000,0.0000,0.0000,0.0000,0.0000,0.0000,0.0000,0.0000,0.0000,0.0000,0.0000,0.0000,0.0000,0.0000,0.0000,0.0000,0.0000,0.0000,100.0000,69.5721,99.9500,0.0000
217.1500,0.0000,0.0000,0.0000,0.0000,0.0000,0.0000,0.0000,0.0000,0.0000,0.0000,0.0000,0.0000,0.0000,0.0000,0.0000,0.0000,0.0000,0.0000,0.0000,0.0000,0.0000,100.0000,62.1787,99.8924,0.0000
217.2000,0.0000,0.0000,0.0000,0.0000,0.0000,0.0000,0.0000,0.0000,0.0000,0.0000,0.0000,0.0000,0.0000,0.0000,0.0000,0.0000,0.0000,0.0000,0.0000,0.0000,0.0000,100.0000,56.9237,99.8515,0.0000
217.2500,0.0000,0.0000,0.0000,0.0000,0.0000,0.0000,0.0000,0.0000,0.0000,0.0000,0.0000,0.0000,0.0000,0.0000,0.0000,0.0000,0.0000,0.0000,0.0000,0.0000,0.0000,100.0000,55.7509,99.8424,0.0000
217.3000,0.0000,0.0000,0.0000,0.0000,0.0000,0.0000,0.0000,0.0000,0.0000,0.0000,0.0000,0.0000,0.0000,0.0000,0.0000,0.0000,0.0000,0.0000,0.0000,0.0000,0.0000,100.0000,55.7509,99.8424,0.0000
217.3500,0.0000,0.0000,0.0000,0.0000,0.0000,0.0000,0.0000,0.0000,0.0000,0.0000,0.0000,0.0000,0.0000,0.0000,0.0000,0.0000,0.0000,0.0000,0.0000,0.0000,0.0000,100.0000,55.7509,99.8424,0.0000
217.4000,0.0000,0.0000,0.0000,0.0000,0.0000,0.0000,0.0000,0.0000,0.0000,0.0000,0.0000,0.0000,0.0000,0.0000,0.0000,0.0000,0.0000,0.0000,0.0000,0.0000,0.0000,100.0000,55.7509,99.8424,0.0000
217.4500,0.0000,0.0000,0.0000,0.0000,0.0000,0.0000,0.0000,0.0000,0.0000,0.0000,0.0000,0.0000,0.0000,0.0000,0.0000,0.0000,0.0000,0.0000,0.0000,0.0000,0.0000,100.0000,55.7509,99.8424,0.0000
217.5000,0.0000,0.0000,0.0000,0.0000,0.0000,0.0000,0.0000,0.0000,0.0000,0.0000,0.0000,0.0000,0.0000,0.0000,0.0000,0.0000,0.0000,0.0000,0.0000,0.0000,0.0000,100.0000,55.7509,99.8424,0.0000
217.5500,0.0000,0.0000,0.0000,0.0000,0.0000,0.0000,0.0000,0.0000,0.0000,0.0000,0.0000,0.0000,0.0000,0.0000,0.0000,0.0000,0.0000,0.0000,0.0000,0.0000,0.0000,100.0000,55.4033,99.8515,0.0000
217.6000,0.0000,0.0000,0.0000,0.0000,0.0000,0.0000,0.0000,0.0000,0.0000,0.0000,0.0000,0.0000,0.0000,0.0000,0.0000,0.0000,0.0000,0.0000,0.0000,0.0000,0.0000,100.0000,53.8462,99.8924,0.0000
217.6500,0.0000,0.0000,0.0000,0.0000,0.0000,0.0000,0.0000,0.0000,0.0000,0.0000,0.0000,0.0000,0.0000,0.0000,0.0000,0.0000,0.0000,0.0000,0.0000,0.0000,0.0000,100.0000,51.6555,99.9500,0.0000
217.7000,0.0000,0.0000,0.0000,0.0000,0.0000,0.0000,0.0000,0.0000,0.0000,0.0000,0.0000,0.0000,0.0000,0.0000,0.0000,0.0000,0.0000,0.0000,0.0000,0.0000,0.0000,100.0000,50.0984,99.9909,0.0000
217.7500,0.0000,0.0000,0.0000,0.0000,0.0000,0.0000,0.0000,0.0000,0.0000,0.0000,0.0000,0.0000,0.0000,0.0000,0.0000,0.0000,0.0000,0.0000,0.0000,0.0000,0.0000,100.0000,49.7509,100.0000,0.0000
217.8000,0.0000,0.0000,0.0000,0.0000,0.0000,0.0000,0.0000,0.0000,0.0000,0.0000,0.0000,0.0000,0.0000,0.0000,0.0000,0.0000,0.0000,0.0000,0.0000,0.0000,0.0000,100.0000,49.7509,100.0000,0.0000
217.8500,0.0000,0.0000,0.0000,0.0000,0.0000,0.0000,0.0000,0.0000,0.0000,0.0000,0.0000,0.0000,0.0000,0.0000,0.0000,0.0000,0.0000,0.0000,0.0000,0.0000,0.0000,100.0000,49.7509,100.0000,0.0000
217.9000,0.0000,0.0000,0.0000,0.0000,0.0000,0.0000,0.0000,0.0000,0.0000,0.0000,0.0000,0.0000,0.0000,0.0000,0.0000,0.0000,0.0000,0.0000,0.0000,0.0000,0.0000,100.0000,49.7509,100.0000,0.0000
217.9500,0.0000,0.0000,0.0000,0.0000,0.0000,0.0000,0.0000,0.0000,0.0000,0.0000,0.0000,0.0000,0.0000,0.0000,0.0000,0.0000,0.0000,0.0000,0.0000,0.0000,0.0000,100.0000,49.7509,100.0000,0.0000
218.0000,0.0000,0.0000,0.0000,0.0000,0.0000,0.0000,0.0000,0.0000,0.0000,0.0000,0.0000,0.0000,0.0000,0.0000,0.0000,0.0000,0.0000,0.0000,0.0000,0.0000,0.0000,100.0000,49.7509,100.0000,0.0000
218.0500,0.0000,0.0000,0.0000,0.0000,0.0000,0.0000,0.0000,0.0000,0.0000,0.0000,0.0000,0.0000,0.0000,0.0000,0.0000,0.0000,0.0000,0.0000,0.0000,0.0000,0.0000,100.0000,49.0558,99.6525,0.0000
218.1000,0.0000,0.0000,0.0000,0.0000,0.0000,0.0000,0.0000,0.0000,0.0000,0.0000,0.0000,0.0000,0.0000,0.0000,0.0000,0.0000,0.0000,0.0000,0.0000,0.0000,0.0000,100.0000,45.9416,98.0954,0.0000
218.1500,0.0000,0.0000,0.0000,0.0000,0.0000,0.0000,0.0000,0.0000,0.0000,0.0000,0.0000,0.0000,0.0000,0.0000,0.0000,0.0000,0.0000,0.0000,0.0000,0.0000,0.0000,100.0000,41.5601,95.9046,0.0000
218.2000,0.0000,0.0000,0.0000,0.0000,0.0000,0.0000,0.0000,0.0000,0.0000,0.0000,0.0000,0.0000,0.0000,0.0000,0.0000,0.0000,0.0000,0.0000,0.0000,0.0000,0.0000,100.0000,38.4459,94.3475,0.0000
218.2500,0.0000,0.0000,0.0000,0.0000,0.0000,0.0000,0.0000,0.0000,0.0000,0.0000,0.0000,0.0000,0.0000,0.0000,0.0000,0.0000,0.0000,0.0000,0.0000,0.0000,0.0000,100.0000,37.7509,94.0000,0.0000
218.3000,0.0000,0.0000,0.0000,0.0000,0.0000,0.0000,0.0000,0.0000,0.0000,0.0000,0.0000,0.0000,0.0000,0.0000,0.0000,0.0000,0.0000,0.0000,0.0000,0.0000,0.0000,100.0000,37.7509,94.0000,0.0000
218.3500,0.0000,0.0000,0.0000,0.0000,0.0000,0.0000,0.0000,0.0000,0.0000,0.0000,0.0000,0.0000,0.0000,0.0000,0.0000,0.0000,0.0000,0.0000,0.0000,0.0000,0.0000,100.0000,37.7509,94.0000,0.0000
218.4000,0.0000,0.0000,0.0000,0.0000,0.0000,0.0000,0.0000,0.0000,0.0000,0.0000,0.0000,0.0000,0.0000,0.0000,0.0000,0.0000,0.0000,0.0000,0.0000,0.0000,0.0000,100.0000,37.7509,94.0000,0.0000
218.4500,0.0000,0.0000,0.0000,0.0000,0.0000,0.0000,0.0000,0.0000,0.0000,0.0000,0.0000,0.0000,0.0000,0.0000,0.0000,0.0000,0.0000,0.0000,0.0000,0.0000,0.0000,100.0000,37.7509,94.0000,0.0000
218.5000,0.0000,0.0000,0.0000,0.0000,0.0000,0.0000,0.0000,0.0000,0.0000,0.0000,0.0000,0.0000,0.0000,0.0000,0.0000,0.0000,0.0000,0.0000,0.0000,0.0000,0.0000,100.0000,37.7509,94.0000,0.0000
218.5500,0.0000,0.0000,0.0000,0.0000,0.0000,0.0000,0.0000,0.0000,0.0000,0.0000,0.0000,0.0000,0.0000,0.0000,0.0000,0.0000,0.0000,0.0000,0.0000,1.4474,0.0000,99.6525,35.5643,94.3296,0.0000
218.6000,0.0000,0.0000,0.0000,0.0000,0.0000,0.0000,0.0000,0.0000,0.0000,0.0000,0.0000,0.0000,0.0000,0.0000,0.0000,0.0000,0.0000,0.0000,0.0000,7.9326,0.0000,98.0954,25.7672,95.8065,0.0000
218.6500,0.0000,0.0000,0.0000,0.0000,0.0000,0.0000,0.0000,0.0000,0.0000,0.0000,0.0000,0.0000,0.0000,0.0000,0.0000,0.0000,0.0000,0.0000,0.0000,17.0567,0.0000,95.9046,11.9836,97.8843,0.0000
218.7000,0.0000,0.0000,0.0000,0.0000,0.0000,0.0000,0.0000,0.0000,0.0000,0.0000,0.0000,0.0000,0.0000,0.0000,0.0000,0.0000,0.0000,0.0000,0.0000,23.5419,0.0000,94.3475,2.1865,99.3612,0.0000
218.7500,0.0000,0.0000,0.0000,0.0000,0.0000,0.0000,0.0000,0.0000,0.0000,0.0000,0.0000,0.0000,0.0000,0.0000,0.0000,0.0000,0.0000,0.0000,0.0000,24.9893,0.0000,94.0000,0.0000,99.6908,0.0000
218.8000,0.0000,0.0000,0.0000,0.0000,0.0000,0.0000,0.0000,0.0000,0.0000,0.0000,0.0000,0.0000,0.0000,0.0000,0.0000,0.0000,0.0000,0.0000,0.0000,24.9893,0.0000,94.0000,0.0000,99.6908,0.0000
218.8500,0.0000,0.0000,0.0000,0.0000,0.0000,0.0000,0.0000,0.0000,0.0000,0.0000,0.0000,0.0000,0.0000,0.0000,0.0000,0.0000,0.0000,0.0000,0.0000,24.9893,0.0000,94.0000,0.0000,99.6908,0.0000
218.9000,0.0000,0.0000,0.0000,0.0000,0.0000,0.0000,0.0000,0.0000,0.0000,0.0000,0.0000,0.0000,0.0000,0.0000,0.0000,0.0000,0.0000,0.0000,0.0000,24.9893,0.0000,94.0000,0.0000,99.6908,0.0000
218.9500,0.0000,0.0000,0.0000,0.0000,0.0000,0.0000,0.0000,0.0000,0.0000,0.0000,0.0000,0.0000,0.0000,0.0000,0.0000,0.0000,0.0000,0.0000,0.0000,24.9893,0.0000,94.0000,0.0000,99.6908,0.0000
219.0000,0.0000,0.0000,0.0000,0.0000,0.0000,0.0000,0.0000,0.0000,0.0000,0.0000,0.0000,0.0000,0.0000,0.0000,0.0000,0.0000,0.0000,0.0000,0.0000,24.9893,0.0000,94.0000,0.0000,99.6908,0.0000
219.0500,0.0000,0.0000,0.0000,0.0000,0.0000,0.0000,0.0000,0.0000,0.0000,0.0000,0.0000,0.0000,0.0000,0.0000,0.0000,0.0000,0.0000,0.0000,0.0000,24.2942,0.0000,94.3475,0.0000,99.3433,0.0000
219.1000,0.0000,0.0000,0.0000,0.0000,0.0000,0.0000,0.0000,0.0000,0.0000,0.0000,0.0000,0.0000,0.0000,0.0000,0.0000,0.0000,0.0000,0.0000,0.0000,21.1800,0.0000,95.9046,0.0000,97.7862,0.0000
219.1500,0.0000,0.0000,0.0000,0.0000,0.0000,0.0000,0.0000,0.0000,0.0000,0.0000,0.0000,0.0000,0.0000,0.0000,0.0000,0.0000,0.0000,0.0000,0.0000,16.7985,0.0000,98.0954,0.0000,95.5955,0.0000
219.2000,0.0000,0.0000,0.0000,0.0000,0.0000,0.0000,0.0000,0.0000,0.0000,0.0000,0.0000,0.0000,0.0000,0.0000,0.0000,0.0000,0.0000,0.0000,0.0000,13.6843,0.0000,99.6525,0.0000,94.0383,0.0000
219.2500,0.0000,0.0000,0.0000,0.0000,0.0000,0.0000,0.0000,0.0000,0.0000,0.0000,0.0000,0.0000,0.0000,0.0000,0.0000,0.0000,0.0000,0.0000,0.0000,12.9893,0.0000,100.0000,0.0000,93.6908,0.0000
219.3000,0.0000,0.0000,0.0000,0.0000,0.0000,0.0000,0.0000,0.0000,0.0000,0.0000,0.0000,0.0000,0.0000,0.0000,0.0000,0.0000,0.0000,0.0000,0.0000,12.9893,0.0000,100.0000,0.0000,93.6908,0.0000
219.3500,0.0000,0.0000,0.0000,0.0000,0.0000,0.0000,0.0000,0.0000,0.0000,0.0000,0.0000,0.0000,0.0000,0.0000,0.0000,0.0000,0.0000,0.0000,0.0000,12.9893,0.0000,100.0000,0.0000,93.6908,0.0000
219.4000,0.0000,0.0000,0.0000,0.0000,0.0000,0.0000,0.0000,0.0000,0.0000,0.0000,0.0000,0.0000,0.0000,0.0000,0.0000,0.0000,0.0000,0.0000,0.0000,12.9893,0.0000,100.0000,0.0000,93.6908,0.0000
219.4500,0.0000,0.0000,0.0000,0.0000,0.0000,0.0000,0.0000,0.0000,0.0000,0.0000,0.0000,0.0000,0.0000,0.0000,0.0000,0.0000,0.0000,0.0000,0.0000,12.9893,0.0000,100.0000,0.0000,93.6908,0.0000
219.5000,0.0000,0.0000,0.0000,0.0000,0.0000,0.0000,0.0000,0.0000,0.0000,0.0000,0.0000,0.0000,0.0000,0.0000,0.0000,0.0000,0.0000,0.0000,0.0000,12.9893,0.0000,100.0000,0.0000,93.6908,0.0000
219.5500,0.0000,0.0000,0.0000,0.0000,0.0000,0.0000,0.0000,0.0000,0.0000,0.0000,0.0000,0.0000,0.0000,0.0000,0.0000,0.0000,0.0000,0.0000,0.0000,12.9926,0.0000,98.0399,0.0000,94.0562,0.0000
219.6000,0.0000,0.0000,0.0000,0.0000,0.0000,0.0000,0.0000,0.0000,0.0000,0.0000,0.0000,0.0000,0.0000,0.0000,0.0000,0.0000,0.0000,0.0000,0.0000,13.0074,0.0000,89.2571,0.0000,95.6936,0.0000
219.6500,0.0000,0.0000,0.0000,0.0000,0.0000,0.0000,0.0000,0.0000,0.0000,0.0000,0.0000,0.0000,0.0000,0.0000,0.0000,0.0000,0.0000,0.0000,0.0000,13.0283,0.0000,76.9007,0.0000,97.9972,0.0000
219.7000,0.0000,0.0000,0.0000,0.0000,0.0000,0.0000,0.0000,0.0000,0.0000,0.0000,0.0000,0.0000,0.0000,0.0000,0.0000,0.0000,0.0000,0.0000,0.0000,13.0431,0.0000,68.1180,0.0000,99.6346,0.0000
219.7500,0.0000,0.0000,0.0000,0.0000,0.0000,0.0000,0.0000,0.0000,0.0000,0.0000,0.0000,0.0000,0.0000,0.0000,0.0000,0.0000,0.0000,0.0000,0.0000,13.0464,0.0000,66.1578,0.0000,100.0000,0.0000
219.8000,0.0000,0.0000,0.0000,0.0000,0.0000,0.0000,0.0000,0.0000,0.0000,0.0000,0.0000,0.0000,0.0000,0.0000,0.0000,0.0000,0.0000,0.0000,0.0000,13.0464,0.0000,66.1578,0.0000,100.0000,0.0000
219.8500,0.0000,0.0000,0.0000,0.0000,0.0000,0.0000,0.0000,0.0000,0.0000,0.0000,0.0000,0.0000,0.0000,0.0000,0.0000,0.0000,0.0000,0.0000,0.0000,13.0464,0.0000,66.1578,0.0000,100.0000,0.0000
219.9000,0.0000,0.0000,0.0000,0.0000,0.0000,0.0000,0.0000,0.0000,0.0000,0.0000,0.0000,0.0000,0.0000,0.0000,0.0000,0.0000,0.0000,0.0000,0.0000,13.0464,0.0000,66.1578,0.0000,100.0000,0.0000
219.9500,0.0000,0.0000,0.0000,0.0000,0.0000,0.0000,0.0000,0.0000,0.0000,0.0000,0.0000,0.0000,0.0000,0.0000,0.0000,0.0000,0.0000,0.0000,0.0000,13.0464,0.0000,66.1578,0.0000,100.0000,0.0000
220.0000,0.0000,0.0000,0.0000,0.0000,0.0000,0.0000,0.0000,0.0000,0.0000,0.0000,0.0000,0.0000,0.0000,0.0000,0.0000,0.0000,0.0000,0.0000,0.0000,13.0464,0.0000,66.1578,0.0000,100.0000,0.0000
220.0500,0.0000,0.0000,0.0000,0.0000,0.0000,0.0000,0.0000,0.0000,0.0000,5.7920,0.0000,0.0000,0.0000,0.0000,0.0000,0.0000,0.0000,0.0000,0.0000,16.8219,0.0000,62.3260,0.0000,100.0000,0.0000
220.1000,0.0000,0.0000,0.0000,0.0000,0.0000,0.0000,0.0000,0.0000,0.0000,31.7440,0.0000,0.0000,0.0000,0.0000,0.0000,0.0000,0.0000,0.0000,0.0000,33.7386,0.0000,45.1567,0.0000,100.0000,0.0000
220.1500,0.0000,0.0000,0.0000,0.0000,0.0000,0.0000,0.0000,0.0000,0.0000,68.2560,0.0000,0.0000,0.0000,0.0000,0.0000,0.0000,0.0000,0.0000,0.0000,57.5388,0.0000,21.0011,0.0000,100.0000,0.0000
220.2000,0.0000,0.0000,0.0000,0.0000,0.0000,0.0000,0.0000,0.0000,0.0000,94.2080,0.0000,0.0000,0.0000,0.0000,0.0000,0.0000,0.0000,0.0000,0.0000,74.4555,0.0000,3.8319,0.0000,100.0000,0.0000
220.2500,0.0000,0.0000,0.0000,0.0000,0.0000,0.0000,0.0000,0.0000,0.0000,100.0000,0.0000,0.0000,0.0000,0.0000,0.0000,0.0000,0.0000,0.0000,0.0000,78.2310,0.0000,0.0000,0.0000,100.0000,0.0000
220.3000,0.0000,0.0000,0.0000,0.0000,0.0000,0.0000,0.0000,0.0000,0.0000,100.0000,0.0000,0.0000,0.0000,0.0000,0.0000,0.0000,0.0000,0.0000,0.0000,78.2310,0.0000,0.0000,0.0000,100.0000,0.0000
220.3500,0.0000,0.0000,0.0000,0.0000,0.0000,0.0000,0.0000,0.0000,0.0000,100.0000,0.0000,0.0000,0.0000,0.0000,0.0000,0.0000,0.0000,0.0000,0.0000,78.2310,0.0000,0.0000,0.0000,100.0000,0.0000
220.4000,0.0000,0.0000,0.0000,0.0000,0.0000,0.0000,0.0000,0.0000,0.0000,100.0000,0.0000,0.0000,0.0000,0.0000,0.0000,0.0000,0.0000,0.0000,0.0000,78.2310,0.0000,0.0000,0.0000,100.0000,0.0000
220.4500,0.0000,0.0000,0.0000,0.0000,0.0000,0.0000,0.0000,0.0000,0.0000,100.0000,0.0000,0.0000,0.0000,0.0000,0.0000,0.0000,0.0000,0.0000,0.0000,78.2310,0.0000,0.0000,0.0000,100.0000,0.0000
220.5000,0.0000,0.0000,0.0000,0.0000,0.0000,0.0000,0.0000,0.0000,0.0000,100.0000,0.0000,0.0000,0.0000,0.0000,0.0000,0.0000,0.0000,0.0000,0.0000,78.2310,0.0000,0.0000,0.0000,100.0000,0.0000
220.5500,0.0000,0.0000,0.0000,0.0000,0.0000,0.0000,0.0000,0.0000,0.0000,100.0000,0.0000,0.0000,0.0000,0.0000,0.0000,0.0000,0.0000,0.0000,0.0000,73.6998,0.0000,3.7069,0.0000,100.0000,0.0000
220.6000,0.0000,0.0000,0.0000,0.0000,0.0000,0.0000,0.0000,0.0000,0.0000,100.0000,0.0000,0.0000,0.0000,0.0000,0.0000,0.0000,0.0000,0.0000,0.0000,53.3973,0.0000,20.3162,0.0000,100.0000,0.0000
220.6500,0.0000,0.0000,0.0000,0.0000,0.0000,0.0000,0.0000,0.0000,0.0000,100.0000,0.0000,0.0000,0.0000,0.0000,0.0000,0.0000,0.0000,0.0000,0.0000,24.8336,0.0000,43.6838,0.0000,100.0000,0.0000
220.7000,0.0000,0.0000,0.0000,0.0000,0.0000,0.0000,0.0000,0.0000,0.0000,100.0000,0.0000,0.0000,0.0000,0.0000,0.0000,0.0000,0.0000,0.0000,0.0000,4.5311,0.0000,60.2931,0.0000,100.0000,0.0000
220.7500,0.0000,0.0000,0.0000,0.0000,0.0000,0.0000,0.0000,0.0000,0.0000,100.0000,0.0000,0.0000,0.0000,0.0000,0.0000,0.0000,0.0000,0.0000,0.0000,0.0000,0.0000,64.0000,0.0000,100.0000,0.0000
220.8000,0.0000,0.0000,0.0000,0.0000,0.0000,0.0000,0.0000,0.0000,0.0000,100.0000,0.0000,0.0000,0.0000,0.0000,0.0000,0.0000,0.0000,0.0000,0.0000,0.0000,0.0000,64.0000,0.0000,100.0000,0.0000
220.8500,0.0000,0.0000,0.0000,0.0000,0.0000,0.0000,0.0000,0.0000,0.0000,100.0000,0.0000,0.0000,0.0000,0.0000,0.0000,0.0000,0.0000,0.0000,0.0000,0.0000,0.0000,64.0000,0.0000,100.0000,0.0000
220.9000,0.0000,0.0000,0.0000,0.0000,0.0000,0.0000,0.0000,0.0000,0.0000,100.0000,0.0000,0.0000,0.0000,0.0000,0.0000,0.0000,0.0000,0.0000,0.0000,0.0000,0.0000,64.0000,0.0000,100.0000,0.0000
220.9500,0.0000,0.0000,0.0000,0.0000,0.0000,0.0000,0.0000,0.0000,0.0000,100.0000,0.0000,0.0000,0.0000,0.0000,0.0000,0.0000,0.0000,0.0000,0.0000,0.0000,0.0000,64.0000,0.0000,100.0000,0.0000
221.0000,0.0000,0.0000,0.0000,0.0000,0.0000,0.0000,0.0000,0.0000,0.0000,100.0000,0.0000,0.0000,0.0000,0.0000,0.0000,0.0000,0.0000,0.0000,0.0000,0.0000,0.0000,64.0000,0.0000,100.0000,0.0000
221.0500,0.0000,0.0000,0.0000,0.0000,0.0000,0.0000,0.0000,0.0000,0.0000,100.0000,0.0000,0.0000,0.0000,0.0000,0.0000,0.0000,0.0000,0.0000,0.0000,5.7920,0.0000,62.9574,0.0000,94.2080,0.0000
221.1000,0.0000,0.0000,0.0000,0.0000,0.0000,0.0000,0.0000,0.0000,0.0000,100.0000,0.0000,0.0000,0.0000,0.0000,0.0000,0.0000,0.0000,0.0000,0.0000,31.7440,0.0000,58.2861,0.0000,68.2560,0.0000
221.1500,0.0000,0.0000,0.0000,0.0000,0.0000,0.0000,0.0000,0.0000,0.0000,100.0000,0.0000,0.0000,0.0000,0.0000,0.0000,0.0000,0.0000,0.0000,0.0000,68.2560,0.0000,51.7139,0.0000,31.7440,0.0000
221.2000,0.0000,0.0000,0.0000,0.0000,0.0000,0.0000,0.0000,0.0000,0.0000,100.0000,0.0000,0.0000,0.0000,0.0000,0.0000,0.0000,0.0000,0.0000,0.0000,94.2080,0.0000,47.0426,0.0000,5.7920,0.0000
221.2500,0.0000,0.0000,0.0000,0.0000,0.0000,0.0000,0.0000,0.0000,0.0000,100.0000,0.0000,0.0000,0.0000,0.0000,0.0000,0.0000,0.0000,0.0000,0.0000,100.0000,0.0000,46.0000,0.0000,0.0000,0.0000
221.3000,0.0000,0.0000,0.0000,0.0000,0.0000,0.0000,0.0000,0.0000,0.0000,100.0000,0.0000,0.0000,0.0000,0.0000,0.0000,0.0000,0.0000,0.0000,0.0000,100.0000,0.0000,46.0000,0.0000,0.0000,0.0000
221.3500,0.0000,0.0000,0.0000,0.0000,0.0000,0.0000,0.0000,0.0000,0.0000,100.0000,0.0000,0.0000,0.0000,0.0000,0.0000,0.0000,0.0000,0.0000,0.0000,100.0000,0.0000,46.0000,0.0000,0.0000,0.0000
221.4000,0.0000,0.0000,0.0000,0.0000,0.0000,0.0000,0.0000,0.0000,0.0000,100.0000,0.0000,0.0000,0.0000,0.0000,0.0000,0.0000,0.0000,0.0000,0.0000,100.0000,0.0000,46.0000,0.0000,0.0000,0.0000
221.4500,0.0000,0.0000,0.0000,0.0000,0.0000,0.0000,0.0000,0.0000,0.0000,100.0000,0.0000,0.0000,0.0000,0.0000,0.0000,0.0000,0.0000,0.0000,0.0000,100.0000,0.0000,46.0000,0.0000,0.0000,0.0000
221.5000,0.0000,0.0000,0.0000,0.0000,0.0000,0.0000,0.0000,0.0000,0.0000,100.0000,0.0000,0.0000,0.0000,0.0000,0.0000,0.0000,0.0000,0.0000,0.0000,100.0000,0.0000,46.0000,0.0000,0.0000,0.0000
221.5500,0.0000,0.0000,0.0000,0.0000,0.0000,0.0000,0.0000,0.0000,0.0000,100.0000,0.0000,0.0000,0.0000,0.0000,0.0000,0.0000,0.0000,0.0000,0.0000,100.0000,0.0000,45.8262,0.0000,0.0000,0.0000
221.6000,0.0000,0.0000,0.0000,0.0000,0.0000,0.0000,0.0000,0.0000,0.0000,100.0000,0.0000,0.0000,0.0000,0.0000,0.0000,0.0000,0.0000,0.0000,0.0000,100.0000,0.0000,45.0477,0.0000,0.0000,0.0000
221.6500,0.0000,0.0000,0.0000,0.0000,0.0000,0.0000,0.0000,0.0000,0.0000,100.0000,0.0000,0.0000,0.0000,0.0000,0.0000,0.0000,0.0000,0.0000,0.0000,100.0000,0.0000,43.9523,0.0000,0.0000,0.0000
221.7000,0.0000,0.0000,0.0000,0.0000,0.0000,0.0000,0.0000,0.0000,0.0000,100.0000,0.0000,0.0000,0.0000,0.0000,0.0000,0.0000,0.0000,0.0000,0.0000,100.0000,0.0000,43.1738,0.0000,0.0000,0.0000
221.7500,0.0000,0.0000,0.0000,0.0000,0.0000,0.0000,0.0000,0.0000,0.0000,100.0000,0.0000,0.0000,0.0000,0.0000,0.0000,0.0000,0.0000,0.0000,0.0000,100.0000,0.0000,43.0000,0.0000,0.0000,0.0000
221.8000,0.0000,0.0000,0.0000,0.0000,0.0000,0.0000,0.0000,0.0000,0.0000,100.0000,0.0000,0.0000,0.0000,0.0000,0.0000,0.0000,0.0000,0.0000,0.0000,100.0000,0.0000,43.0000,0.0000,0.0000,0.0000
221.8500,0.0000,0.0000,0.0000,0.0000,0.0000,0.0000,0.0000,0.0000,0.0000,100.0000,0.0000,0.0000,0.0000,0.0000,0.0000,0.0000,0.0000,0.0000,0.0000,100.0000,0.0000,43.0000,0.0000,0.0000,0.0000
221.9000,0.0000,0.0000,0.0000,0.0000,0.0000,0.0000,0.0000,0.0000,0.0000,100.0000,0.0000,0.0000,0.0000,0.0000,0.0000,0.0000,0.0000,0.0000,0.0000,100.0000,0.0000,43.0000,0.0000,0.0000,0.0000
221.9500,0.0000,0.0000,0.0000,0.0000,0.0000,0.0000,0.0000,0.0000,0.0000,100.0000,0.0000,0.0000,0.0000,0.0000,0.0000,0.0000,0.0000,0.0000,0.0000,100.0000,0.0000,43.0000,0.0000,0.0000,0.0000
222.0000,0.0000,0.0000,0.0000,0.0000,0.0000,0.0000,0.0000,0.0000,0.0000,100.0000,0.0000,0.0000,0.0000,0.0000,0.0000,0.0000,0.0000,0.0000,0.0000,100.0000,0.0000,43.0000,0.0000,0.0000,0.0000
222.0500,0.0000,5.7920,0.0000,0.0000,0.0000,0.0000,0.0000,0.0000,0.0000,94.2080,0.0000,0.0000,0.0000,0.0000,0.0000,0.0000,0.0000,0.0000,0.0000,100.0000,0.0000,43.5213,0.0000,0.0000,0.0000
222.1000,0.0000,31.7440,0.0000,0.0000,0.0000,0.0000,0.0000,0.0000,0.0000,68.2560,0.0000,0.0000,0.0000,0.0000,0.0000,0.0000,0.0000,0.0000,0.0000,100.0000,0.0000,45.8570,0.0000,0.0000,0.0000
222.1500,0.0000,68.2560,0.0000,0.0000,0.0000,0.0000,0.0000,0.0000,0.0000,31.7440,0.0000,0.0000,0.0000,0.0000,0.0000,0.0000,0.0000,0.0000,0.0000,100.0000,0.0000,49.1430,0.0000,0.0000,0.0000
222.2000,0.0000,94.2080,0.0000,0.0000,0.0000,0.0000,0.0000,0.0000,0.0000,5.7920,0.0000,0.0000,0.0000,0.0000,0.0000,0.0000,0.0000,0.0000,0.0000,100.0000,0.0000,51.4787,0.0000,0.0000,0.0000
222.2500,0.0000,100.0000,0.0000,0.0000,0.0000,0.0000,0.0000,0.0000,0.0000,0.0000,0.0000,0.0000,0.0000,0.0000,0.0000,0.0000,0.0000,0.0000,0.0000,100.0000,0.0000,52.0000,0.0000,0.0000,0.0000
222.3000,0.0000,100.0000,0.0000,0.0000,0.0000,0.0000,0.0000,0.0000,0.0000,0.0000,0.0000,0.0000,0.0000,0.0000,0.0000,0.0000,0.0000,0.0000,0.0000,100.0000,0.0000,52.0000,0.0000,0.0000,0.0000
222.3500,0.0000,100.0000,0.0000,0.0000,0.0000,0.0000,0.0000,0.0000,0.0000,0.0000,0.0000,0.0000,0.0000,0.0000,0.0000,0.0000,0.0000,0.0000,0.0000,100.0000,0.0000,52.0000,0.0000,0.0000,0.0000
222.4000,0.0000,100.0000,0.0000,0.0000,0.0000,0.0000,0.0000,0.0000,0.0000,0.0000,0.0000,0.0000,0.0000,0.0000,0.0000,0.0000,0.0000,0.0000,0.0000,100.0000,0.0000,52.0000,0.0000,0.0000,0.0000
222.4500,0.0000,100.0000,0.0000,0.0000,0.0000,0.0000,0.0000,0.0000,0.0000,0.0000,0.0000,0.0000,0.0000,0.0000,0.0000,0.0000,0.0000,0.0000,0.0000,100.0000,0.0000,52.0000,0.0000,0.0000,0.0000
222.5000,0.0000,100.0000,0.0000,0.0000,0.0000,0.0000,0.0000,0.0000,0.0000,0.0000,0.0000,0.0000,0.0000,0.0000,0.0000,0.0000,0.0000,0.0000,0.0000,100.0000,0.0000,52.0000,0.0000,0.0000,0.0000
222.5500,0.0000,99.3050,0.0000,0.0000,0.0000,0.0000,0.0000,0.0000,0.0000,0.0000,0.0000,0.0000,0.0000,0.0000,0.0000,0.0000,0.0000,0.0000,0.0000,100.0000,0.0000,48.9882,5.0970,0.0000,0.0000
222.6000,0.0000,96.1907,0.0000,0.0000,0.0000,0.0000,0.0000,0.0000,0.0000,0.0000,0.0000,0.0000,0.0000,0.0000,0.0000,0.0000,0.0000,0.0000,0.0000,100.0000,0.0000,35.4931,27.9347,0.0000,0.0000
222.6500,0.0000,91.8093,0.0000,0.0000,0.0000,0.0000,0.0000,0.0000,0.0000,0.0000,0.0000,0.0000,0.0000,0.0000,0.0000,0.0000,0.0000,0.0000,0.0000,100.0000,0.0000,16.5069,60.0653,0.0000,0.0000
222.7000,0.0000,88.6950,0.0000,0.0000,0.0000,0.0000,0.0000,0.0000,0.0000,0.0000,0.0000,0.0000,0.0000,0.0000,0.0000,0.0000,0.0000,0.0000,0.0000,100.0000,0.0000,3.0118,82.9030,0.0000,0.0000
222.7500,0.0000,88.0000,0.0000,0.0000,0.0000,0.0000,0.0000,0.0000,0.0000,0.0000,0.0000,0.0000,0.0000,0.0000,0.0000,0.0000,0.0000,0.0000,0.0000,100.0000,0.0000,0.0000,88.0000,0.0000,0.0000
222.8000,0.0000,88.0000,0.0000,0.0000,0.0000,0.0000,0.0000,0.0000,0.0000,0.0000,0.0000,0.0000,0.0000,0.0000,0.0000,0.0000,0.0000,0.0000,0.0000,100.0000,0.0000,0.0000,88.0000,0.0000,0.0000
222.8500,0.0000,88.0000,0.0000,0.0000,0.0000,0.0000,0.0000,0.0000,0.0000,0.0000,0.0000,0.0000,0.0000,0.0000,0.0000,0.0000,0.0000,0.0000,0.0000,100.0000,0.0000,0.0000,88.0000,0.0000,0.0000
222.9000,0.0000,88.0000,0.0000,0.0000,0.0000,0.0000,0.0000,0.0000,0.0000,0.0000,0.0000,0.0000,0.0000,0.0000,0.0000,0.0000,0.0000,0.0000,0.0000,100.0000,0.0000,0.0000,88.0000,0.0000,0.0000
222.9500,0.0000,88.0000,0.0000,0.0000,0.0000,0.0000,0.0000,0.0000,0.0000,0.0000,0.0000,0.0000,0.0000,0.0000,0.0000,0.0000,0.0000,0.0000,0.0000,100.0000,0.0000,0.0000,88.0000,0.0000,0.0000
223.0000,0.0000,88.0000,0.0000,0.0000,0.0000,0.0000,0.0000,0.0000,0.0000,0.0000,0.0000,0.0000,0.0000,0.0000,0.0000,0.0000,0.0000,0.0000,0.0000,100.0000,0.0000,0.0000,88.0000,0.0000,0.0000
223.0500,0.0000,86.2362,0.0000,0.0000,0.0000,0.0000,0.0000,0.0000,0.0000,0.0000,0.0000,0.0000,0.0000,0.0000,0.0000,0.0000,0.0000,0.0000,0.0000,99.9988,0.0000,0.0000,88.0000,0.0000,0.0000
223.1000,0.0000,78.3332,0.0000,0.0000,0.0000,0.0000,0.0000,0.0000,0.0000,0.0000,0.0000,0.0000,0.0000,0.0000,0.0000,0.0000,0.0000,0.0000,0.0000,99.9934,0.0000,0.0000,88.0000,0.0000,0.0000
223.1500,0.0000,67.2144,0.0000,0.0000,0.0000,0.0000,0.0000,0.0000,0.0000,0.0000,0.0000,0.0000,0.0000,0.0000,0.0000,0.0000,0.0000,0.0000,0.0000,99.9859,0.0000,0.0000,88.0000,0.0000,0.0000
223.2000,0.0000,59.3113,0.0000,0.0000,0.0000,0.0000,0.0000,0.0000,0.0000,0.0000,0.0000,0.0000,0.0000,0.0000,0.0000,0.0000,0.0000,0.0000,0.0000,99.9805,0.0000,0.0000,88.0000,0.0000,0.0000
223.2500,0.0000,57.5475,0.0000,0.0000,0.0000,0.0000,0.0000,0.0000,0.0000,0.0000,0.0000,0.0000,0.0000,0.0000,0.0000,0.0000,0.0000,0.0000,0.0000,99.9793,0.0000,0.0000,88.0000,0.0000,0.0000
223.3000,0.0000,57.5475,0.0000,0.0000,0.0000,0.0000,0.0000,0.0000,0.0000,0.0000,0.0000,0.0000,0.0000,0.0000,0.0000,0.0000,0.0000,0.0000,0.0000,99.9793,0.0000,0.0000,88.0000,0.0000,0.0000
223.3500,0.0000,57.5475,0.0000,0.0000,0.0000,0.0000,0.0000,0.0000,0.0000,0.0000,0.0000,0.0000,0.0000,0.0000,0.0000,0.0000,0.0000,0.0000,0.0000,99.9793,0.0000,0.0000,88.0000,0.0000,0.0000
223.4000,0.0000,57.5475,0.0000,0.0000,0.0000,0.0000,0.0000,0.0000,0.0000,0.0000,0.0000,0.0000,0.0000,0.0000,0.0000,0.0000,0.0000,0.0000,0.0000,99.9793,0.0000,0.0000,88.0000,0.0000,0.0000
223.4500,0.0000,57.5475,0.0000,0.0000,0.0000,0.0000,0.0000,0.0000,0.0000,0.0000,0.0000,0.0000,0.0000,0.0000,0.0000,0.0000,0.0000,0.0000,0.0000,99.9793,0.0000,0.0000,88.0000,0.0000,0.0000
223.5000,0.0000,57.5475,0.0000,0.0000,0.0000,0.0000,0.0000,0.0000,0.0000,0.0000,0.0000,0.0000,0.0000,0.0000,0.0000,0.0000,0.0000,0.0000,0.0000,99.9793,0.0000,0.0000,88.0000,0.0000,0.0000
223.5500,0.0000,56.8525,0.0000,0.0000,0.0000,0.0000,0.0000,0.0000,0.0000,0.0000,0.0000,0.0000,0.0000,0.0000,0.0000,0.0000,0.0000,5.7920,0.0000,94.1885,0.0000,0.0000,87.6525,0.0000,0.0000
223.6000,0.0000,53.7382,0.0000,0.0000,0.0000,0.0000,0.0000,0.0000,0.0000,0.0000,0.0000,0.0000,0.0000,0.0000,0.0000,0.0000,0.0000,31.7440,0.0000,68.2419,0.0000,0.0000,86.0954,0.0000,0.0000
223.6500,0.0000,49.3568,0.0000,0.0000,0.0000,0.0000,0.0000,0.0000,0.0000,0.0000,0.0000,0.0000,0.0000,0.0000,0.0000,0.0000,0.0000,68.2560,0.0000,31.7374,0.0000,0.0000,83.9046,0.0000,0.0000
223.7000,0.0000,46.2426,0.0000,0.0000,0.0000,0.0000,0.0000,0.0000,0.0000,0.0000,0.0000,0.0000,0.0000,0.0000,0.0000,0.0000,0.0000,94.2080,0.0000,5.7908,0.0000,0.0000,82.3475,0.0000,0.0000
223.7500,0.0000,45.5475,0.0000,0.0000,0.0000,0.0000,0.0000,0.0000,0.0000,0.0000,0.0000,0.0000,0.0000,0.0000,0.0000,0.0000,0.0000,100.0000,0.0000,0.0000,0.0000,0.0000,82.0000,0.0000,0.0000
223.8000,0.0000,45.5475,0.0000,0.0000,0.0000,0.0000,0.0000,0.0000,0.0000,0.0000,0.0000,0.0000,0.0000,0.0000,0.0000,0.0000,0.0000,100.0000,0.0000,0.0000,0.0000,0.0000,82.0000,0.0000,0.0000
223.8500,0.0000,45.5475,0.0000,0.0000,0.0000,0.0000,0.0000,0.0000,0.0000,0.0000,0.0000,0.0000,0.0000,0.0000,0.0000,0.0000,0.0000,100.0000,0.0000,0.0000,0.0000,0.0000,82.0000,0.0000,0.0000
223.9000,0.0000,45.5475,0.0000,0.0000,0.0000,0.0000,0.0000,0.0000,0.0000,0.0000,0.0000,0.0000,0.0000,0.0000,0.0000,0.0000,0.0000,100.0000,0.0000,0.0000,0.0000,0.0000,82.0000,0.0000,0.0000
223.9500,0.0000,45.5475,0.0000,0.0000,0.0000,0.0000,0.0000,0.0000,0.0000,0.0000,0.0000,0.0000,0.0000,0.0000,0.0000,0.0000,0.0000,100.0000,0.0000,0.0000,0.0000,0.0000,82.0000,0.0000,0.0000
224.0000,0.0000,45.5475,0.0000,0.0000,0.0000,0.0000,0.0000,0.0000,0.0000,0.0000,0.0000,0.0000,0.0000,0.0000,0.0000,0.0000,0.0000,100.0000,0.0000,0.0000,0.0000,0.0000,82.0000,0.0000,0.0000
224.0500,0.0000,42.9094,0.0000,0.0000,0.0000,5.7920,0.0000,0.0000,0.0000,0.0000,0.0000,0.0000,0.0000,0.0000,0.0000,0.0000,0.0000,100.0000,0.0000,0.0000,0.0000,0.0000,82.0000,0.0000,0.0000
224.1000,0.0000,31.0889,0.0000,0.0000,0.0000,31.7440,0.0000,0.0000,0.0000,0.0000,0.0000,0.0000,0.0000,0.0000,0.0000,0.0000,0.0000,100.0000,0.0000,0.0000,0.0000,0.0000,82.0000,0.0000,0.0000
224.1500,0.0000,14.4586,0.0000,0.0000,0.0000,68.2560,0.0000,0.0000,0.0000,0.0000,0.0000,0.0000,0.0000,0.0000,0.0000,0.0000,0.0000,100.0000,0.0000,0.0000,0.0000,0.0000,82.0000,0.0000,0.0000
224.2000,0.0000,2.6381,0.0000,0.0000,0.0000,94.2080,0.0000,0.0000,0.0000,0.0000,0.0000,0.0000,0.0000,0.0000,0.0000,0.0000,0.0000,100.0000,0.0000,0.0000,0.0000,0.0000,82.0000,0.0000,0.0000
224.2500,0.0000,0.0000,0.0000,0.0000,0.0000,100.0000,0.0000,0.0000,0.0000,0.0000,0.0000,0.0000,0.0000,0.0000,0.0000,0.0000,0.0000,100.0000,0.0000,0.0000,0.0000,0.0000,82.0000,0.0000,0.0000
224.3000,0.0000,0.0000,0.0000,0.0000,0.0000,100.0000,0.0000,0.0000,0.0000,0.0000,0.0000,0.0000,0.0000,0.0000,0.0000,0.0000,0.0000,100.0000,0.0000,0.0000,0.0000,0.0000,82.0000,0.0000,0.0000
224.3500,0.0000,0.0000,0.0000,0.0000,0.0000,100.0000,0.0000,0.0000,0.0000,0.0000,0.0000,0.0000,0.0000,0.0000,0.0000,0.0000,0.0000,100.0000,0.0000,0.0000,0.0000,0.0000,82.0000,0.0000,0.0000
224.4000,0.0000,0.0000,0.0000,0.0000,0.0000,100.0000,0.0000,0.0000,0.0000,0.0000,0.0000,0.0000,0.0000,0.0000,0.0000,0.0000,0.0000,100.0000,0.0000,0.0000,0.0000,0.0000,82.0000,0.0000,0.0000
224.4500,0.0000,0.0000,0.0000,0.0000,0.0000,100.0000,0.0000,0.0000,0.0000,0.0000,0.0000,0.0000,0.0000,0.0000,0.0000,0.0000,0.0000,100.0000,0.0000,0.0000,0.0000,0.0000,82.0000,0.0000,0.0000
224.5000,0.0000,0.0000,0.0000,0.0000,0.0000,100.0000,0.0000,0.0000,0.0000,0.0000,0.0000,0.0000,0.0000,0.0000,0.0000,0.0000,0.0000,100.0000,0.0000,0.0000,0.0000,0.0000,82.0000,0.0000,0.0000
224.5500,0.0000,0.0000,0.0000,0.0000,0.0000,100.0000,0.0000,0.0000,0.0000,0.0000,0.0000,0.0000,0.0000,0.0000,0.0000,0.0000,0.0000,98.6099,0.0000,0.0000,0.0000,0.0000,77.2506,5.7920,0.0000
224.6000,0.0000,0.0000,0.0000,0.0000,0.0000,100.0000,0.0000,0.0000,0.0000,0.0000,0.0000,0.0000,0.0000,0.0000,0.0000,0.0000,0.0000,92.3814,0.0000,0.0000,0.0000,0.0000,55.9699,31.7440,0.0000
224.6500,0.0000,0.0000,0.0000,0.0000,0.0000,100.0000,0.0000,0.0000,0.0000,0.0000,0.0000,0.0000,0.0000,0.0000,0.0000,0.0000,0.0000,83.6186,0.0000,0.0000,0.0000,0.0000,26.0301,68.2560,0.0000
224.7000,0.0000,0.0000,0.0000,0.0000,0.0000,100.0000,0.0000,0.0000,0.0000,0.0000,0.0000,0.0000,0.0000,0.0000,0.0000,0.0000,0.0000,77.3901,0.0000,0.0000,0.0000,0.0000,4.7494,94.2080,0.0000
224.7500,0.0000,0.0000,0.0000,0.0000,0.0000,100.0000,0.0000,0.0000,0.0000,0.0000,0.0000,0.0000,0.0000,0.0000,0.0000,0.0000,0.0000,76.0000,0.0000,0.0000,0.0000,0.0000,0.0000,100.0000,0.0000
224.8000,0.0000,0.0000,0.0000,0.0000,0.0000,100.0000,0.0000,0.0000,0.0000,0.0000,0.0000,0.0000,0.0000,0.0000,0.0000,0.0000,0.0000,76.0000,0.0000,0.0000,0.0000,0.0000,0.0000,100.0000,0.0000
224.8500,0.0000,0.0000,0.0000,0.0000,0.0000,100.0000,0.0000,0.0000,0.0000,0.0000,0.0000,0.0000,0.0000,0.0000,0.0000,0.0000,0.0000,76.0000,0.0000,0.0000,0.0000,0.0000,0.0000,100.0000,0.0000
224.9000,0.0000,0.0000,0.0000,0.0000,0.0000,100.0000,0.0000,0.0000,0.0000,0.0000,0.0000,0.0000,0.0000,0.0000,0.0000,0.0000,0.0000,76.0000,0.0000,0.0000,0.0000,0.0000,0.0000,100.0000,0.0000
224.9500,0.0000,0.0000,0.0000,0.0000,0.0000,100.0000,0.0000,0.0000,0.0000,0.0000,0.0000,0.0000,0.0000,0.0000,0.0000,0.0000,0.0000,76.0000,0.0000,0.0000,0.0000,0.0000,0.0000,100.0000,0.0000
225.0000,0.0000,0.0000,0.0000,0.0000,0.0000,100.0000,0.0000,0.0000,0.0000,0.0000,0.0000,0.0000,0.0000,0.0000,0.0000,0.0000,0.0000,76.0000,0.0000,0.0000,0.0000,0.0000,0.0000,100.0000,0.0000
225.0500,0.0000,0.0000,0.0000,0.0000,0.0000,99.3050,0.0000,0.0000,0.0000,0.0000,0.0000,0.0000,0.0000,0.0000,0.0000,0.0000,0.0000,75.3050,0.0000,0.0000,0.0000,0.0000,0.0000,100.0000,0.0000
225.1000,0.0000,0.0000,0.0000,0.0000,0.0000,96.1907,0.0000,0.0000,0.0000,0.0000,0.0000,0.0000,0.0000,0.0000,0.0000,0.0000,0.0000,72.1907,0.0000,0.0000,0.0000,0.0000,0.0000,100.0000,0.0000
225.1500,0.0000,0.0000,0.0000,0.0000,0.0000,91.8093,0.0000,0.0000,0.0000,0.0000,0.0000,0.0000,0.0000,0.0000,0.0000,0.0000,0.0000,67.8093,0.0000,0.0000,0.0000,0.0000,0.0000,100.0000,0.0000
225.2000,0.0000,0.0000,0.0000,0.0000,0.0000,88.6950,0.0000,0.0000,0.0000,0.0000,0.0000,0.0000,0.0000,0.0000,0.0000,0.0000,0.0000,64.6950,0.0000,0.0000,0.0000,0.0000,0.0000,100.0000,0.0000
225.2500,0.0000,0.0000,0.0000,0.0000,0.0000,88.0000,0.0000,0.0000,0.0000,0.0000,0.0000,0.0000,0.0000,0.0000,0.0000,0.0000,0.0000,64.0000,0.0000,0.0000,0.0000,0.0000,0.0000,100.0000,0.0000
225.3000,0.0000,0.0000,0.0000,0.0000,0.0000,88.0000,0.0000,0.0000,0.0000,0.0000,0.0000,0.0000,0.0000,0.0000,0.0000,0.0000,0.0000,64.0000,0.0000,0.0000,0.0000,0.0000,0.0000,100.0000,0.0000
225.3500,0.0000,0.0000,0.0000,0.0000,0.0000,88.0000,0.0000,0.0000,0.0000,0.0000,0.0000,0.0000,0.0000,0.0000,0.0000,0.0000,0.0000,64.0000,0.0000,0.0000,0.0000,0.0000,0.0000,100.0000,0.0000
225.4000,0.0000,0.0000,0.0000,0.0000,0.0000,88.0000,0.0000,0.0000,0.0000,0.0000,0.0000,0.0000,0.0000,0.0000,0.0000,0.0000,0.0000,64.0000,0.0000,0.0000,0.0000,0.0000,0.0000,100.0000,0.0000
225.4500,0.0000,0.0000,0.0000,0.0000,0.0000,88.0000,0.0000,0.0000,0.0000,0.0000,0.0000,0.0000,0.0000,0.0000,0.0000,0.0000,0.0000,64.0000,0.0000,0.0000,0.0000,0.0000,0.0000,100.0000,0.0000
225.5000,0.0000,0.0000,0.0000,0.0000,0.0000,88.0000,0.0000,0.0000,0.0000,0.0000,0.0000,0.0000,0.0000,0.0000,0.0000,0.0000,0.0000,64.0000,0.0000,0.0000,0.0000,0.0000,0.0000,100.0000,0.0000
225.5500,0.0000,0.0000,0.0000,0.0000,0.0000,88.6950,0.0000,0.0000,0.0000,0.0000,0.0000,0.0000,0.0000,0.0000,0.0000,0.0000,0.0000,63.6525,0.0000,0.0000,0.0000,0.0000,0.0000,98.9574,0.0000
225.6000,0.0000,0.0000,0.0000,0.0000,0.0000,91.8093,0.0000,0.0000,0.0000,0.0000,0.0000,0.0000,0.0000,0.0000,0.0000,0.0000,0.0000,62.0954,0.0000,0.0000,0.0000,0.0000,0.0000,94.2861,0.0000
225.6500,0.0000,0.0000,0.0000,0.0000,0.0000,96.1907,0.0000,0.0000,0.0000,0.0000,0.0000,0.0000,0.0000,0.0000,0.0000,0.0000,0.0000,59.9046,0.0000,0.0000,0.0000,0.0000,0.0000,87.7139,0.0000
225.7000,0.0000,0.0000,0.0000,0.0000,0.0000,99.3050,0.0000,0.0000,0.0000,0.0000,0.0000,0.0000,0.0000,0.0000,0.0000,0.0000,0.0000,58.3475,0.0000,0.0000,0.0000,0.0000,0.0000,83.0426,0.0000
225.7500,0.0000,0.0000,0.0000,0.0000,0.0000,100.0000,0.0000,0.0000,0.0000,0.0000,0.0000,0.0000,0.0000,0.0000,0.0000,0.0000,0.0000,58.0000,0.0000,0.0000,0.0000,0.0000,0.0000,82.0000,0.0000
225.8000,0.0000,0.0000,0.0000,0.0000,0.0000,100.0000,0.0000,0.0000,0.0000,0.0000,0.0000,0.0000,0.0000,0.0000,0.0000,0.0000,0.0000,58.0000,0.0000,0.0000,0.0000,0.0000,0.0000,82.0000,0.0000
225.8500,0.0000,0.0000,0.0000,0.0000,0.0000,100.0000,0.0000,0.0000,0.0000,0.0000,0.0000,0.0000,0.0000,0.0000,0.0000,0.0000,0.0000,58.0000,0.0000,0.0000,0.0000,0.0000,0.0000,82.0000,0.0000
225.9000,0.0000,0.0000,0.0000,0.0000,0.0000,100.0000,0.0000,0.0000,0.0000,0.0000,0.0000,0.0000,0.0000,0.0000,0.0000,0.0000,0.0000,58.0000,0.0000,0.0000,0.0000,0.0000,0.0000,82.0000,0.0000
225.9500,0.0000,0.0000,0.0000,0.0000,0.0000,100.0000,0.0000,0.0000,0.0000,0.0000,0.0000,0.0000,0.0000,0.0000,0.0000,0.0000,0.0000,58.0000,0.0000,0.0000,0.0000,0.0000,0.0000,82.0000,0.0000
226.0000,0.0000,0.0000,0.0000,0.0000,0.0000,100.0000,0.0000,0.0000,0.0000,0.0000,0.0000,0.0000,0.0000,0.0000,0.0000,0.0000,0.0000,58.0000,0.0000,0.0000,0.0000,0.0000,0.0000,82.0000,0.0000
226.0500,0.0000,0.0000,0.0000,0.0000,0.0000,96.2931,0.0000,0.0000,0.0000,0.0000,0.0000,0.0000,0.0000,0.0000,0.0000,0.0000,0.0000,55.8962,0.0000,0.0000,0.0000,0.0000,0.0000,82.3475,0.0000
226.1000,0.0000,0.0000,0.0000,0.0000,0.0000,79.6838,0.0000,0.0000,0.0000,0.0000,0.0000,0.0000,0.0000,0.0000,0.0000,0.0000,0.0000,46.4700,0.0000,0.0000,0.0000,0.0000,0.0000,83.9046,0.0000
226.1500,0.0000,0.0000,0.0000,0.0000,0.0000,56.3162,0.0000,0.0000,0.0000,0.0000,0.0000,0.0000,0.0000,0.0000,0.0000,0.0000,0.0000,33.2082,0.0000,0.0000,0.0000,0.0000,0.0000,86.0954,0.0000
226.2000,0.0000,0.0000,0.0000,0.0000,0.0000,39.7069,0.0000,0.0000,0.0000,0.0000,0.0000,0.0000,0.0000,0.0000,0.0000,0.0000,0.0000,23.7820,0.0000,0.0000,0.0000,0.0000,0.0000,87.6525,0.0000
226.2500,0.0000,0.0000,0.0000,0.0000,0.0000,36.0000,0.0000,0.0000,0.0000,0.0000,0.0000,0.0000,0.0000,0.0000,0.0000,0.0000,0.0000,21.6782,0.0000,0.0000,0.0000,0.0000,0.0000,88.0000,0.0000
226.3000,0.0000,0.0000,0.0000,0.0000,0.0000,36.0000,0.0000,0.0000,0.0000,0.0000,0.0000,0.0000,0.0000,0.0000,0.0000,0.0000,0.0000,21.6782,0.0000,0.0000,0.0000,0.0000,0.0000,88.0000,0.0000
226.3500,0.0000,0.0000,0.0000,0.0000,0.0000,36.0000,0.0000,0.0000,0.0000,0.0000,0.0000,0.0000,0.0000,0.0000,0.0000,0.0000,0.0000,21.6782,0.0000,0.0000,0.0000,0.0000,0.0000,88.0000,0.0000
226.4000,0.0000,0.0000,0.0000,0.0000,0.0000,36.0000,0.0000,0.0000,0.0000,0.0000,0.0000,0.0000,0.0000,0.0000,0.0000,0.0000,0.0000,21.6782,0.0000,0.0000,0.0000,0.0000,0.0000,88.0000,0.0000
226.4500,0.0000,0.0000,0.0000,0.0000,0.0000,36.0000,0.0000,0.0000,0.0000,0.0000,0.0000,0.0000,0.0000,0.0000,0.0000,0.0000,0.0000,21.6782,0.0000,0.0000,0.0000,0.0000,0.0000,88.0000,0.0000
226.5000,0.0000,0.0000,0.0000,0.0000,0.0000,36.0000,0.0000,0.0000,0.0000,0.0000,0.0000,0.0000,0.0000,0.0000,0.0000,0.0000,0.0000,21.6782,0.0000,0.0000,0.0000,0.0000,0.0000,88.0000,0.0000
226.5500,0.0000,0.0000,0.0000,0.0000,0.0000,33.9149,4.7494,4.7899,0.0000,0.0000,0.0000,0.0000,0.0000,0.0000,0.0000,0.0000,5.0970,20.4226,0.0000,0.0000,0.0000,0.0000,0.0000,82.9030,0.0000
226.6000,0.0000,0.0000,0.0000,0.0000,0.0000,24.5722,26.0301,26.2517,0.0000,0.0000,0.0000,0.0000,0.0000,0.0000,0.0000,0.0000,27.9347,14.7967,0.0000,0.0000,0.0000,0.0000,0.0000,60.0653,0.0000
226.6500,0.0000,0.0000,0.0000,0.0000,0.0000,11.4278,55.9699,56.4465,0.0000,0.0000,0.0000,0.0000,0.0000,0.0000,0.0000,0.0000,60.0653,6.8815,0.0000,0.0000,0.0000,0.0000,0.0000,27.9347,0.0000
226.7000,0.0000,0.0000,0.0000,0.0000,0.0000,2.0851,77.2506,77.9084,0.0000,0.0000,0.0000,0.0000,0.0000,0.0000,0.0000,0.0000,82.9030,1.2556,0.0000,0.0000,0.0000,0.0000,0.0000,5.0970,0.0000
226.7500,0.0000,0.0000,0.0000,0.0000,0.0000,0.0000,82.0000,82.6983,0.0000,0.0000,0.0000,0.0000,0.0000,0.0000,0.0000,0.0000,88.0000,0.0000,0.0000,0.0000,0.0000,0.0000,0.0000,0.0000,0.0000
226.8000,0.0000,0.0000,0.0000,0.0000,0.0000,0.0000,82.0000,82.6983,0.0000,0.0000,0.0000,0.0000,0.0000,0.0000,0.0000,0.0000,88.0000,0.0000,0.0000,0.0000,0.0000,0.0000,0.0000,0.0000,0.0000
226.8500,0.0000,0.0000,0.0000,0.0000,0.0000,0.0000,82.0000,82.6983,0.0000,0.0000,0.0000,0.0000,0.0000,0.0000,0.0000,0.0000,88.0000,0.0000,0.0000,0.0000,0.0000,0.0000,0.0000,0.0000,0.0000
226.9000,0.0000,0.0000,0.0000,0.0000,0.0000,0.0000,82.0000,82.6983,0.0000,0.0000,0.0000,0.0000,0.0000,0.0000,0.0000,0.0000,88.0000,0.0000,0.0000,0.0000,0.0000,0.0000,0.0000,0.0000,0.0000
226.9500,0.0000,0.0000,0.0000,0.0000,0.0000,0.0000,82.0000,82.6983,0.0000,0.0000,0.0000,0.0000,0.0000,0.0000,0.0000,0.0000,88.0000,0.0000,0.0000,0.0000,0.0000,0.0000,0.0000,0.0000,0.0000
