time_seconds,goal,material_cello_001,material_prism_001,material_scri_001,material_stringquartet_001
0.0000,0.0000,0.0000,0.0000,0.0000,0.0000
0.0500,0.0000,0.0002,0.0000,0.0001,0.0001
0.1000,0.0000,0.0015,0.0004,0.0004,0.0011
0.1500,0.0000,0.0049,0.0012,0.0014,0.0037
0.2000,0.0000,0.0112,0.0029,0.0033,0.0087
0.2500,0.0000,0.0215,0.0056,0.0065,0.0167
0.3000,0.0000,0.0362,0.0095,0.0111,0.0284
0.3500,0.0000,0.0562,0.0148,0.0175,0.0444
0.4000,0.0000,0.0818,0.0217,0.0259,0.0652
0.4500,0.0000,0.1137,0.0305,0.0366,0.0914
0.5000,0.0000,0.1522,0.0412,0.0498,0.1235
0.5500,0.0000,0.1976,0.0539,0.0658,0.1617
0.6000,0.0000,0.2501,0.0689,0.0847,0.2067
0.6500,0.0000,0.3100,0.0862,0.1068,0.2586
0.7000,0.0000,0.3774,0.1059,0.1323,0.3178
0.7500,0.0000,0.4522,0.1282,0.1613,0.3846
0.8000,0.0000,0.5346,0.1531,0.1941,0.4593
0.8500,0.0000,0.6243,0.1807,0.2309,0.5420
0.9000,0.0000,0.7213,0.2110,0.2717,0.6329
0.9500,0.0000,0.8255,0.2440,0.3168,0.7321
1.0000,0.0000,0.9365,0.2802,0.3663,0.8398
1.0500,0.0000,1.0542,0.3198,0.4204,0.9561
1.1000,0.0000,1.1782,0.3631,0.4790,1.0809
1.1500,0.0000,1.3081,0.4107,0.5425,1.2144
1.2000,0.0000,1.4437,0.4627,0.6108,1.3566
1.2500,0.0000,1.5844,0.5194,0.6841,1.5073
1.3000,0.0000,1.7298,0.5813,0.7625,1.6666
1.3500,0.0000,1.8795,0.6485,0.8460,1.8344
1.4000,0.0000,2.0330,0.7213,0.9347,2.0106
1.4500,0.0000,2.1896,0.7999,1.0287,2.1951
1.5000,0.0000,2.3490,0.8846,1.1281,2.3877
1.5500,0.0000,2.5106,0.9757,1.2328,2.5885
1.6000,0.0000,2.6737,1.0735,1.3429,2.7978
1.6500,0.0000,2.8379,1.1785,1.4584,3.0165
1.7000,0.0000,3.0025,1.2912,1.5794,3.2449
1.7500,0.0000,3.1669,1.4118,1.7059,3.4835
1.8000,0.0000,3.3307,1.5409,1.8378,3.7327
1.8500,0.0000,3.4932,1.6786,1.9752,3.9930
1.9000,0.0000,3.6539,1.8253,2.1180,4.2644
1.9500,0.0000,3.8122,1.9812,2.2662,4.5474
2.0000,0.0000,3.9675,2.1467,2.4198,4.8421
2.0500,0.0000,4.1194,2.3218,2.5787,5.1485
2.1000,0.0000,4.2673,2.5069,2.7430,5.4667
2.1500,0.0000,4.4107,2.7021,2.9124,5.7969
2.2000,0.0000,4.5492,2.9076,3.0871,6.1389
2.2500,0.0000,4.6824,3.1234,3.2668,6.4927
2.3000,0.0000,4.8098,3.3497,3.4516,6.8582
2.3500,0.0000,4.9311,3.5866,3.6413,7.2353
2.4000,0.0000,5.0459,3.8340,3.8359,7.6237
2.4500,0.0000,5.1540,4.0922,4.0353,8.0232
2.5000,0.0000,5.2550,4.3611,4.2393,8.4336
2.5500,0.0000,5.3489,4.6406,4.4478,8.8545
2.6000,0.0000,5.4354,4.9309,4.6608,9.2857
2.6500,0.0000,5.5145,5.2318,4.8781,9.7268
2.7000,0.0000,5.5861,5.5434,5.0995,10.1775
2.7500,0.0000,5.6502,5.8655,5.3250,10.6372
2.8000,0.0000,5.7069,6.1982,5.5545,11.1056
2.8500,0.0000,5.7563,6.5412,5.7876,11.5822
2.9000,0.0000,5.7986,6.8945,6.0244,12.0665
2.9500,0.0000,5.8342,7.2581,6.2647,12.5581
3.0000,0.0000,5.8633,7.6317,6.5083,13.0564
3.0500,0.0000,5.8863,8.0152,6.7549,13.5609
3.1000,0.0000,5.9028,8.4085,7.0043,14.0715
3.1500,0.0000,5.9126,8.8114,7.2559,14.5879
3.2000,0.0000,5.9158,9.2237,7.5094,15.1099
3.2500,0.0000,5.9124,9.6453,7.7643,15.6374
3.3000,0.0000,5.9028,10.0759,8.0202,16.1700
3.3500,0.0000,5.8876,10.5154,8.2768,16.7073
3.4000,0.0000,5.8676,10.9636,8.5337,17.2491
3.4500,0.0000,5.8427,11.4201,8.7905,17.7950
3.5000,0.0000,5.8123,11.8849,9.0469,18.3446
3.5500,0.0000,5.7759,12.3577,9.3025,18.8974
3.6000,0.0000,5.7328,12.8381,9.5570,19.4530
3.6500,0.0000,5.6827,13.3261,9.8101,20.0110
3.7000,0.0000,5.6252,13.8213,10.0616,20.5708
3.7500,0.0000,5.5602,14.3236,10.3110,21.1320
3.8000,0.0000,5.4876,14.8325,10.5582,21.6939
3.8500,0.0000,5.4073,15.3479,10.8028,22.2561
3.9000,0.0000,5.3193,15.8695,11.0446,22.8181
3.9500,0.0000,5.2238,16.3970,11.2834,23.3792
4.0000,0.0000,5.1210,16.9302,11.5188,23.9389
4.0500,0.0000,5.0112,17.4688,11.7508,24.4966
4.1000,0.0000,4.8945,18.0125,11.9790,25.0517
4.1500,0.0000,4.7715,18.5610,12.2033,25.6037
4.2000,0.0000,4.6424,19.1140,12.4235,26.1519
4.2500,0.0000,4.5078,19.6713,12.6393,26.6957
4.3000,0.0000,4.3680,20.2326,12.8506,27.2345
4.3500,0.0000,4.2238,20.7976,13.0573,27.7677
4.4000,0.0000,4.0754,21.3661,13.2592,28.2948
4.4500,0.0000,3.9237,21.9376,13.4561,28.8150
4.5000,0.0000,3.7690,22.5120,13.6480,29.3279
4.5500,0.0000,3.6122,23.0890,13.8345,29.8330
4.6000,0.0000,3.4539,23.6683,14.0152,30.3303
4.6500,0.0000,3.2952,24.2496,14.1894,30.8201
4.7000,0.0000,3.1369,24.8326,14.3564,31.3025
4.7500,0.0000,2.9798,25.4172,14.5159,31.7777
4.8000,0.0000,2.8248,26.0029,14.6672,32.2457
4.8500,0.0000,2.6726,26.5896,14.8100,32.7067
4.9000,0.0000,2.5242,27.1769,14.9438,33.1606
4.9500,0.0000,2.3802,27.7647,15.0682,33.6074
5.0000,0.0000,2.2415,28.3526,15.1829,34.0470
5.0500,0.0000,2.1086,28.9404,15.2876,34.4795
5.1000,0.0000,1.9824,29.5279,15.3821,34.9048
5.1500,0.0000,1.8634,30.1148,15.4660,35.3226
5.2000,0.0000,1.7522,30.7009,15.5393,35.7329
5.2500,0.0000,1.6495,31.2859,15.6018,36.1356
5.3000,0.0000,1.5557,31.8696,15.6534,36.5304
5.3500,0.0000,1.4713,32.4518,15.6939,36.9172
5.4000,0.0000,1.3968,33.0323,15.7233,37.2957
5.4500,0.0000,1.3326,33.6107,15.7417,37.6658
5.5000,0.0000,1.2790,34.1871,15.7491,38.0273
5.5500,0.0000,1.2364,34.7610,15.7454,38.3799
5.6000,0.0000,1.2050,35.3324,15.7308,38.7234
5.6500,0.0000,1.1850,35.9010,15.7054,39.0574
5.7000,0.0000,1.1766,36.4666,15.6694,39.3819
5.7500,0.0000,1.1799,37.0291,15.6229,39.6965
5.8000,0.0000,1.1950,37.5883,15.5662,40.0010
5.8500,0.0000,1.2220,38.1441,15.4994,40.2951
5.9000,0.0000,1.2607,38.6962,15.4229,40.5786
5.9500,0.0000,1.3111,39.2444,15.3369,40.8512
6.0000,0.0000,1.3731,39.7888,15.2419,41.1127
6.0500,0.0000,1.4466,40.3291,15.1382,41.3628
6.1000,0.0000,1.5316,40.8655,15.0269,41.6013
6.1500,0.0000,1.6281,41.3980,14.9094,41.8279
6.2000,0.0000,1.7360,41.9269,14.7867,42.0425
6.2500,0.0000,1.8551,42.4521,14.6599,42.2448
6.3000,0.0000,1.9854,42.9739,14.5303,42.4346
6.3500,0.0000,2.1266,43.4924,14.3990,42.6117
6.4000,0.0000,2.2783,44.0075,14.2671,42.7759
6.4500,0.0000,2.4402,44.5194,14.1356,42.9271
6.5000,0.0000,2.6120,45.0282,14.0056,43.0650
6.5500,0.0000,2.7931,45.5340,13.8783,43.1896
6.6000,0.0000,2.9830,46.0367,13.7545,43.3006
6.6500,0.0000,3.1813,46.5365,13.6354,43.3980
6.7000,0.0000,3.3872,47.0333,13.5221,43.4816
6.7500,0.0000,3.6002,47.5273,13.4154,43.5514
6.8000,0.0000,3.8197,48.0185,13.3164,43.6073
6.8500,0.0000,4.0448,48.5069,13.2261,43.6492
6.9000,0.0000,4.2748,48.9925,13.1453,43.6770
6.9500,0.0000,4.5091,49.4753,13.0741,43.6908
7.0000,0.0000,4.7467,49.9554,13.0125,43.6904
7.0500,0.0000,4.9869,50.4328,12.9606,43.6760
7.1000,0.0000,5.2288,50.9075,12.9183,43.6475
7.1500,0.0000,5.4716,51.3796,12.8856,43.6049
7.2000,0.0000,5.7144,51.8489,12.8624,43.5484
7.2500,0.0000,5.9564,52.3155,12.8487,43.4779
7.3000,0.0000,6.1966,52.7794,12.8444,43.3936
7.3500,0.0000,6.4343,53.2406,12.8494,43.2956
7.4000,0.0000,6.6685,53.6991,12.8636,43.1840
7.4500,0.0000,6.8983,54.1549,12.8868,43.0588
7.5000,0.0000,7.1231,54.6079,12.9188,42.9204
7.5500,0.0000,7.3428,55.0582,12.9596,42.7687
7.6000,0.0000,7.5577,55.5057,13.0095,42.6041
7.6500,0.0000,7.7683,55.9504,13.0688,42.4268
7.7000,0.0000,7.9751,56.3923,13.1377,42.2368
7.7500,0.0000,8.1787,56.8314,13.2166,42.0346
7.8000,0.0000,8.3797,57.2676,13.3056,41.8206
7.8500,0.0000,8.5789,57.7009,13.4049,41.5953
7.9000,0.0000,8.7770,58.1313,13.5145,41.3592
7.9500,0.0000,8.9751,58.5587,13.6346,41.1129
8.0000,0.0000,9.1741,58.9831,13.7652,40.8567
8.0500,0.0000,9.3751,59.4045,13.9063,40.5913
8.1000,0.0000,9.5782,59.8229,14.0578,40.3171
8.1500,0.0000,9.7834,60.2381,14.2197,40.0348
8.2000,0.0000,9.9909,60.6501,14.3920,39.7447
8.2500,0.0000,10.2005,61.0590,14.5744,39.4474
8.3000,0.0000,10.4123,61.4646,14.7668,39.1434
8.3500,0.0000,10.6263,61.8669,14.9690,38.8334
8.4000,0.0000,10.8424,62.2659,15.1809,38.5176
8.4500,0.0000,11.0606,62.6615,15.4022,38.1968
8.5000,0.0000,11.2808,63.0536,15.6326,37.8713
8.5500,0.0000,11.5030,63.4421,15.8718,37.5418
8.6000,0.0000,11.7270,63.8271,16.1197,37.2086
8.6500,0.0000,11.9527,64.2084,16.3757,36.8723
8.7000,0.0000,12.1802,64.5860,16.6397,36.5334
8.7500,0.0000,12.4092,64.9598,16.9112,36.1924
8.8000,0.0000,12.6397,65.3297,17.1899,35.8496
8.8500,0.0000,12.8716,65.6957,17.4755,35.5055
8.9000,0.0000,13.1047,66.0576,17.7674,35.1606
8.9500,0.0000,13.3389,66.4153,18.0654,34.8153
9.0000,0.0000,13.5741,66.7688,18.3690,34.4700
9.0500,0.0000,13.8101,67.1180,18.6779,34.1251
9.1000,0.0000,14.0468,67.4631,18.9924,33.7809
9.1500,0.0000,14.2841,67.8041,19.3129,33.4378
9.2000,0.0000,14.5218,68.1412,19.6397,33.0960
9.2500,0.0000,14.7597,68.4745,19.9729,32.7559
9.3000,0.0000,14.9978,68.8041,20.3129,32.4178
9.3500,0.0000,15.2359,69.1300,20.6597,32.0818
9.4000,0.0000,15.4738,69.4523,21.0136,31.7482
9.4500,0.0000,15.7114,69.7710,21.3745,31.4172
9.5000,0.0000,15.9485,70.0861,21.7425,31.0889
9.5500,0.0000,16.1850,70.3975,22.1176,30.7633
9.6000,0.0000,16.4207,70.7053,22.4998,30.4406
9.6500,0.0000,16.6556,71.0093,22.8891,30.1208
9.7000,0.0000,16.8894,71.3094,23.2852,29.8038
9.7500,0.0000,17.1220,71.6055,23.6882,29.4896
9.8000,0.0000,17.3533,71.8975,24.0979,29.1781
9.8500,0.0000,17.5831,72.1852,24.5140,28.8691
9.9000,0.0000,17.8114,72.4684,24.9365,28.5624
9.9500,0.0000,18.0379,72.7468,25.3652,28.2577
10.0000,0.0000,18.2626,73.0204,25.7998,27.9548
10.0500,0.0000,18.4853,73.2888,26.2401,27.6533
10.1000,0.0000,18.7059,73.5521,26.6855,27.3537
10.1500,0.0000,18.9244,73.8101,27.1356,27.0562
10.2000,0.0000,19.1405,74.0630,27.5898,26.7614
10.2500,0.0000,19.3543,74.3107,28.0475,26.4697
10.3000,0.0000,19.5655,74.5533,28.5080,26.1814
10.3500,0.0000,19.7742,74.7906,28.9708,25.8970
10.4000,0.0000,19.9801,75.0228,29.4351,25.6167
10.4500,0.0000,20.1833,75.2497,29.9004,25.3410
10.5000,0.0000,20.3837,75.4713,30.3659,25.0702
10.5500,0.0000,20.5811,75.6876,30.8312,24.8047
10.6000,0.0000,20.7755,75.8986,31.2961,24.5452
10.6500,0.0000,20.9670,76.1041,31.7609,24.2925
10.7000,0.0000,21.1553,76.3043,32.2255,24.0473
10.7500,0.0000,21.3404,76.4989,32.6900,23.8104
10.8000,0.0000,21.5224,76.6880,33.1542,23.5822
10.8500,0.0000,21.7012,76.8715,33.6180,23.3633
10.9000,0.0000,21.8767,77.0493,34.0813,23.1543
10.9500,0.0000,22.0489,77.2213,34.5439,22.9555
11.0000,0.0000,22.2178,77.3875,35.0055,22.7673
11.0500,0.0000,22.3834,77.5477,35.4659,22.5900
11.1000,0.0000,22.5456,77.7020,35.9247,22.4237
11.1500,0.0000,22.7046,77.8501,36.3817,22.2687
11.2000,0.0000,22.8602,77.9921,36.8364,22.1251
11.2500,0.0000,23.0124,78.1278,37.2885,21.9928
11.3000,0.0000,23.1614,78.2570,37.7376,21.8717
11.3500,0.0000,23.3071,78.3798,38.1831,21.7619
11.4000,0.0000,23.4495,78.4959,38.6248,21.6630
11.4500,0.0000,23.5887,78.6053,39.0620,21.5748
11.5000,0.0000,23.7246,78.7078,39.4943,21.4969
11.5500,0.0000,23.8574,78.8034,39.9213,21.4290
11.6000,0.0000,23.9870,78.8920,40.3423,21.3715
11.6500,0.0000,24.1135,78.9740,40.7570,21.3246
11.7000,0.0000,24.2370,79.0496,41.1648,21.2886
11.7500,0.0000,24.3575,79.1188,41.5651,21.2640
11.8000,0.0000,24.4750,79.1819,41.9575,21.2508
11.8500,0.0000,24.5897,79.2391,42.3415,21.2494
11.9000,0.0000,24.7015,79.2907,42.7164,21.2601
11.9500,0.0000,24.8105,79.3369,43.0820,21.2828
12.0000,0.0000,24.9169,79.3779,43.4375,21.3180
12.0500,0.0000,25.0205,79.4142,43.7827,21.3656
12.1000,0.0000,25.1209,79.4468,44.1175,21.4263
12.1500,0.0000,25.2178,79.4767,44.4420,21.5007
12.2000,0.0000,25.3106,79.5050,44.7562,21.5894
12.2500,0.0000,25.3990,79.5327,45.0602,21.6926
12.3000,0.0000,25.4826,79.5595,45.3539,21.8110
12.3500,0.0000,25.5611,79.5849,45.6375,21.9447
12.4000,0.0000,25.6341,79.6081,45.9109,22.0940
12.4500,0.0000,25.7014,79.6285,46.1740,22.2592
12.5000,0.0000,25.7628,79.6454,46.4270,22.4404
12.5500,0.0000,25.8179,79.6584,46.6697,22.6377
12.6000,0.0000,25.8667,79.6669,46.9022,22.8510
12.6500,0.0000,25.9088,79.6705,47.1245,23.0804
12.7000,0.0000,25.9442,79.6687,47.3366,23.3257
12.7500,0.0000,25.9727,79.6611,47.5386,23.5867
12.8000,0.0000,25.9941,79.6474,47.7304,23.8633
12.8500,0.0000,26.0083,79.6273,47.9121,24.1551
12.9000,0.0000,26.0153,79.6005,48.0838,24.4616
12.9500,0.0000,26.0149,79.5668,48.2455,24.7826
13.0000,0.0000,26.0071,79.5260,48.3973,25.1176
13.0500,0.0000,25.9918,79.4779,48.5394,25.4659
13.1000,0.0000,25.9691,79.4224,48.6716,25.8274
13.1500,0.0000,25.9391,79.3594,48.7938,26.2019
13.2000,0.0000,25.9020,79.2889,48.9058,26.5891
13.2500,0.0000,25.8578,79.2107,49.0076,26.9887
13.3000,0.0000,25.8068,79.1250,49.0990,27.4004
13.3500,0.0000,25.7490,79.0318,49.1798,27.8238
13.4000,0.0000,25.6848,78.9312,49.2502,28.2585
13.4500,0.0000,25.6142,78.8231,49.3098,28.7042
13.5000,0.0000,25.5374,78.7078,49.3588,29.1601
13.5500,0.0000,25.4546,78.5854,49.3973,29.6261
13.6000,0.0000,25.3659,78.4561,49.4258,30.1019
13.6500,0.0000,25.2710,78.3200,49.4453,30.5876
13.7000,0.0000,25.1701,78.1775,49.4564,31.0829
13.7500,0.0000,25.0630,78.0286,49.4599,31.5877
13.8000,0.0000,24.9499,77.8738,49.4566,32.1017
13.8500,0.0000,24.8306,77.7132,49.4471,32.6245
13.9000,0.0000,24.7054,77.5473,49.4320,33.1557
13.9500,0.0000,24.5741,77.3762,49.4122,33.6950
14.0000,0.0000,24.4369,77.2003,49.3881,34.2416
14.0500,0.0000,24.2938,77.0201,49.3604,34.7951
14.1000,0.0000,24.1449,76.8357,49.3298,35.3547
14.1500,0.0000,23.9903,76.6477,49.2968,35.9197
14.2000,0.0000,23.8300,76.4564,49.2620,36.4892
14.2500,0.0000,23.6642,76.2622,49.2261,37.0626
14.3000,0.0000,23.4930,76.0654,49.1894,37.6387
14.3500,0.0000,23.3163,75.8666,49.1528,38.2166
14.4000,0.0000,23.1343,75.6661,49.1166,38.7953
14.4500,0.0000,22.9471,75.4643,49.0816,39.3736
14.5000,0.0000,22.7547,75.2616,49.0481,39.9504
14.5500,0.0000,22.5573,75.0585,49.0168,40.5246
14.6000,0.0000,22.3552,74.8554,48.9876,41.0955
14.6500,0.0000,22.1486,74.6527,48.9605,41.6628
14.7000,0.0000,21.9381,74.4508,48.9354,42.2261
14.7500,0.0000,21.7239,74.2501,48.9122,42.7848
14.8000,0.0000,21.5064,74.0511,48.8907,43.3387
14.8500,0.0000,21.2860,73.8540,48.8707,43.8871
14.9000,0.0000,21.0630,73.6593,48.8520,44.4297
14.9500,0.0000,20.8379,73.4674,48.8343,44.9661
15.0000,0.0000,20.6110,73.2786,48.8173,45.4957
15.0500,0.0000,20.3826,73.0932,48.8007,46.0181
15.1000,0.0000,20.1529,72.9115,48.7847,46.5329
15.1500,0.0000,19.9220,72.7340,48.7694,47.0396
15.2000,0.0000,19.6900,72.5608,48.7548,47.5378
15.2500,0.0000,19.4569,72.3922,48.7409,48.0270
15.3000,0.0000,19.2229,72.2284,48.7277,48.5068
15.3500,0.0000,18.9882,72.0697,48.7149,48.9769
15.4000,0.0000,18.7529,71.9162,48.7023,49.4367
15.4500,0.0000,18.5171,71.7681,48.6898,49.8859
15.5000,0.0000,18.2810,71.6255,48.6772,50.3241
15.5500,0.0000,18.0446,71.4884,48.6645,50.7509
15.6000,0.0000,17.8082,71.3570,48.6514,51.1660
15.6500,0.0000,17.5718,71.2313,48.6377,51.5689
15.7000,0.0000,17.3356,71.1112,48.6233,51.9594
15.7500,0.0000,17.0998,70.9966,48.6077,52.3371
15.8000,0.0000,16.8643,70.8874,48.5905,52.7016
15.8500,0.0000,16.6294,70.7835,48.5714,53.0528
15.9000,0.0000,16.3951,70.6847,48.5497,53.3903
15.9500,0.0000,16.1615,70.5908,48.5249,53.7138
16.0000,0.0000,15.9286,70.5013,48.4963,54.0232
16.0500,0.0000,15.6966,70.4160,48.4635,54.3182
16.1000,0.0000,15.4658,70.3347,48.4263,54.5985
16.1500,0.0000,15.2364,70.2573,48.3849,54.8640
16.2000,0.0000,15.0089,70.1836,48.3393,55.1146
16.2500,0.0000,14.7835,70.1132,48.2897,55.3500
16.3000,0.0000,14.5605,70.0460,48.2361,55.5702
16.3500,0.0000,14.3404,69.9815,48.1786,55.7751
16.4000,0.0000,14.1233,69.9194,48.1173,55.9646
16.4500,0.0000,13.9096,69.8593,48.0520,56.1386
16.5000,0.0000,13.6997,69.8006,47.9829,56.2971
16.5500,0.0000,13.4937,69.7429,47.9102,56.4400
16.6000,0.0000,13.2920,69.6863,47.8344,56.5675
16.6500,0.0000,13.0950,69.6309,47.7564,56.6796
16.7000,0.0000,12.9027,69.5768,47.6769,56.7763
16.7500,0.0000,12.7155,69.5237,47.5964,56.8577
16.8000,0.0000,12.5337,69.4716,47.5156,56.9239
16.8500,0.0000,12.3574,69.4201,47.4351,56.9751
16.9000,0.0000,12.1870,69.3688,47.3551,57.0114
16.9500,0.0000,12.0225,69.3170,47.2762,57.0331
17.0000,0.0000,11.8642,69.2641,47.1986,57.0402
17.0500,0.0000,11.7122,69.2094,47.1227,57.0323
17.1000,0.0000,11.5668,69.1528,47.0486,57.0087
17.1500,0.0000,11.4279,69.0953,46.9766,56.9687
17.2000,0.0000,11.2959,69.0378,46.9065,56.9118
17.2500,0.0000,11.1707,68.9814,46.8386,56.8374
17.3000,0.0000,11.0525,68.9268,46.7728,56.7452
17.3500,0.0000,10.9414,68.8750,46.7090,56.6347
17.4000,0.0000,10.8372,68.8267,46.6470,56.5057
17.4500,0.0000,10.7402,68.7826,46.5866,56.3580
17.5000,0.0000,10.6502,68.7436,46.5275,56.1914
17.5500,0.0000,10.5674,68.7102,46.4696,56.0057
17.6000,0.0000,10.4919,68.6830,46.4128,55.8009
17.6500,0.0000,10.4239,68.6626,46.3575,55.5770
17.7000,0.0000,10.3638,68.6496,46.3036,55.3341
17.7500,0.0000,10.3116,68.6444,46.2513,55.0723
17.8000,0.0000,10.2678,68.6475,46.2007,54.7917
17.8500,0.0000,10.2324,68.6593,46.1519,54.4926
17.9000,0.0000,10.2057,68.6801,46.1048,54.1753
17.9500,0.0000,10.1879,68.7102,46.0595,53.8399
18.0000,0.0000,10.1793,68.7501,46.0159,53.4870
18.0500,0.0000,10.1800,68.7999,45.9741,53.1168
18.1000,0.0000,10.1907,68.8598,45.9341,52.7299
18.1500,0.0000,10.2119,68.9300,45.8960,52.3268
18.2000,0.0000,10.2439,69.0107,45.8601,51.9078
18.2500,0.0000,10.2870,69.1020,45.8263,51.4736
18.3000,0.0000,10.3414,69.2039,45.7946,51.0248
18.3500,0.0000,10.4073,69.3166,45.7650,50.5621
18.4000,0.0000,10.4849,69.4400,45.7374,50.0859
18.4500,0.0000,10.5744,69.5741,45.7116,49.5971
18.5000,0.0000,10.6757,69.7189,45.6875,49.0963
18.5500,0.0000,10.7891,69.8743,45.6648,48.5842
18.6000,0.0000,10.9145,70.0401,45.6431,48.0616
18.6500,0.0000,11.0519,70.2163,45.6222,47.5293
18.7000,0.0000,11.2014,70.4026,45.6017,46.9881
18.7500,0.0000,11.3627,70.5989,45.5810,46.4387
18.8000,0.0000,11.5359,70.8049,45.5597,45.8820
18.8500,0.0000,11.7208,71.0203,45.5372,45.3187
18.9000,0.0000,11.9173,71.2450,45.5129,44.7498
18.9500,0.0000,12.1252,71.4784,45.4861,44.1760
19.0000,0.0000,12.3442,71.7204,45.4561,43.5982
19.0500,0.0000,12.5742,71.9705,45.4221,43.0172
19.1000,0.0000,12.8150,72.2286,45.3842,42.4340
19.1500,0.0000,13.0661,72.4946,45.3423,41.8492
19.2000,0.0000,13.3274,72.7683,45.2964,41.2638
19.2500,0.0000,13.5984,73.0496,45.2464,40.6786
19.3000,0.0000,13.8790,73.3384,45.1925,40.0944
19.3500,0.0000,14.1686,73.6344,45.1345,39.5119
19.4000,0.0000,14.4669,73.9375,45.0724,38.9321
19.4500,0.0000,14.7736,74.2475,45.0062,38.3556
19.5000,0.0000,15.0882,74.5642,44.9357,37.7831
19.5500,0.0000,15.4104,74.8875,44.8611,37.2155
19.6000,0.0000,15.7405,75.2173,44.7829,36.6535
19.6500,0.0000,16.0788,75.5538,44.7017,36.0976
19.7000,0.0000,16.4255,75.8969,44.6182,35.5485
19.7500,0.0000,16.7809,76.2466,44.5330,35.0068
19.8000,0.0000,17.1452,76.6029,44.4464,34.4732
19.8500,0.0000,17.5184,76.9657,44.3590,33.9480
19.9000,0.0000,17.9005,77.3350,44.2709,33.4319
19.9500,0.0000,18.2916,77.7107,44.1825,32.9252
20.0000,0.0000,18.6916,78.0926,44.0941,32.4283
20.0500,0.0000,19.1005,78.4806,44.0056,31.9417
20.1000,0.0000,19.5180,78.8746,43.9173,31.4655
20.1500,0.0000,19.9439,79.2743,43.8291,31.0000
20.2000,0.0000,20.3782,79.6796,43.7409,30.5454
20.2500,0.0000,20.8204,80.0902,43.6526,30.1017
20.3000,0.0000,21.2704,80.5060,43.5640,29.6691
20.3500,0.0000,21.7277,80.9265,43.4749,29.2475
20.4000,0.0000,22.1920,81.3516,43.3848,28.8369
20.4500,0.0000,22.6630,81.7809,43.2935,28.4369
20.5000,0.0000,23.1403,82.2142,43.2004,28.0475
20.5500,0.0000,23.6233,82.6510,43.1051,27.6683
20.6000,0.0000,24.1117,83.0910,43.0077,27.2995
20.6500,0.0000,24.6050,83.5340,42.9085,26.9412
20.7000,0.0000,25.1027,83.9793,42.8077,26.5934
20.7500,0.0000,25.6042,84.4267,42.7056,26.2563
20.8000,0.0000,26.1092,84.8757,42.6022,25.9296
20.8500,0.0000,26.6170,85.3258,42.4978,25.6135
20.9000,0.0000,27.1271,85.7766,42.3925,25.3076
20.9500,0.0000,27.6391,86.2275,42.2865,25.0117
21.0000,0.0000,28.1523,86.6781,42.1798,24.7257
21.0500,0.0000,28.6664,87.1278,42.0726,24.4490
21.1000,0.0000,29.1814,87.5758,41.9654,24.1813
21.1500,0.0000,29.6978,88.0213,41.8589,23.9221
21.2000,0.0000,30.2156,88.4633,41.7534,23.6707
21.2500,0.0000,30.7351,88.9011,41.6496,23.4271
21.3000,0.0000,31.2564,89.3339,41.5477,23.1914
21.3500,0.0000,31.7796,89.7607,41.4481,22.9638
21.4000,0.0000,32.3048,90.1806,41.3512,22.7444
21.4500,0.0000,32.8319,90.5929,41.2571,22.5332
21.5000,0.0000,33.3611,90.9966,41.1661,22.3304
21.5500,0.0000,33.8923,91.3909,41.0783,22.1359
21.6000,0.0000,34.4255,91.7747,40.9937,21.9498
21.6500,0.0000,34.9608,92.1473,40.9125,21.7720
21.7000,0.0000,35.4980,92.5076,40.8345,21.6024
21.7500,0.0000,36.0371,92.8548,40.7598,21.4409
21.8000,0.0000,36.5780,93.1878,40.6881,21.2873
21.8500,0.0000,37.1208,93.5057,40.6193,21.1414
21.9000,0.0000,37.6654,93.8075,40.5532,21.0030
21.9500,0.0000,38.2117,94.0922,40.4894,20.8717
22.0000,0.0000,38.7597,94.3587,40.4276,20.7473
22.0500,0.0000,39.3094,94.6061,40.3675,20.6294
22.1000,0.0000,39.8601,94.8341,40.3090,20.5181
22.1500,0.0000,40.4113,95.0426,40.2524,20.4135
22.2000,0.0000,40.9624,95.2314,40.1977,20.3158
22.2500,0.0000,41.5128,95.4004,40.1448,20.2251
22.3000,0.0000,42.0617,95.5496,40.0940,20.1415
22.3500,0.0000,42.6086,95.6789,40.0451,20.0650
22.4000,0.0000,43.1528,95.7882,39.9981,19.9958
22.4500,0.0000,43.6936,95.8777,39.9531,19.9338
22.5000,0.0000,44.2304,95.9474,39.9098,19.8791
22.5500,0.0000,44.7626,95.9974,39.8684,19.8315
22.6000,0.0000,45.2900,96.0277,39.8288,19.7903
22.6500,0.0000,45.8125,96.0385,39.7913,19.7548
22.7000,0.0000,46.3300,96.0301,39.7558,19.7240
22.7500,0.0000,46.8422,96.0025,39.7224,19.6973
22.8000,0.0000,47.3489,95.9560,39.6911,19.6739
22.8500,0.0000,47.8500,95.8909,39.6618,19.6530
22.9000,0.0000,48.3452,95.8075,39.6344,19.6340
22.9500,0.0000,48.8343,95.7060,39.6087,19.6161
23.0000,0.0000,49.3171,95.5869,39.5846,19.5987
23.0500,0.0000,49.7932,95.4505,39.5618,19.5811
23.1000,0.0000,50.2624,95.2972,39.5401,19.5627
23.1500,0.0000,50.7244,95.1274,39.5189,19.5428
23.2000,0.0000,51.1791,94.9417,39.4981,19.5207
23.2500,0.0000,51.6260,94.7404,39.4771,19.4960
23.3000,0.0000,52.0651,94.5241,39.4554,19.4679
23.3500,0.0000,52.4959,94.2935,39.4324,19.4358
23.4000,0.0000,52.9184,94.0489,39.4077,19.3992
23.4500,0.0000,53.3322,93.7911,39.3804,19.3573
23.5000,0.0000,53.7371,93.5206,39.3500,19.3096
23.5500,0.0000,54.1330,93.2381,39.3157,19.2555
23.6000,0.0000,54.5193,92.9444,39.2775,19.1949
23.6500,0.0000,54.8957,92.6400,39.2355,19.1278
23.7000,0.0000,55.2616,92.3257,39.1896,19.0541
23.7500,0.0000,55.6167,92.0023,39.1400,18.9740
23.8000,0.0000,55.9604,91.6706,39.0866,18.8875
23.8500,0.0000,56.2923,91.3313,39.0294,18.7946
23.9000,0.0000,56.6120,90.9854,38.9686,18.6954
23.9500,0.0000,56.9192,90.6335,38.9041,18.5902
24.0000,0.0000,57.2133,90.2767,38.8358,18.4789
24.0500,0.0000,57.4941,89.9159,38.7638,18.3619
24.1000,0.0000,57.7618,89.5518,38.6887,18.2391
24.1500,0.0000,58.0165,89.1856,38.6108,18.1110
24.2000,0.0000,58.2583,88.8181,38.5307,17.9775
24.2500,0.0000,58.4875,88.4504,38.4486,17.8391
24.3000,0.0000,58.7041,88.0834,38.3650,17.6959
24.3500,0.0000,58.9084,87.7181,38.2801,17.5481
24.4000,0.0000,59.1005,87.3550,38.1942,17.3961
24.4500,0.0000,59.2804,86.9944,38.1076,17.2400
24.5000,0.0000,59.4485,86.6363,38.0203,17.0803
24.5500,0.0000,59.6047,86.2808,37.9326,16.9172
24.6000,0.0000,59.7492,85.9282,37.8444,16.7509
24.6500,0.0000,59.8822,85.5786,37.7559,16.5819
24.7000,0.0000,60.0039,85.2320,37.6669,16.4105
24.7500,0.0000,60.1143,84.8887,37.5775,16.2369
24.8000,0.0000,60.2138,84.5488,37.4875,16.0615
24.8500,0.0000,60.3024,84.2123,37.3967,15.8847
24.9000,0.0000,60.3803,83.8795,37.3049,15.7068
24.9500,0.0000,60.4478,83.5504,37.2119,15.5281
25.0000,0.0000,60.5051,83.2251,37.1173,15.3490
25.0500,0.0000,60.5523,82.9037,37.0209,15.1700
25.1000,0.0000,60.5896,82.5863,36.9227,14.9912
25.1500,0.0000,60.6168,82.2729,36.8229,14.8132
25.2000,0.0000,60.6340,81.9637,36.7216,14.6362
25.2500,0.0000,60.6410,81.6585,36.6190,14.4607
25.3000,0.0000,60.6380,81.3576,36.5151,14.2869
25.3500,0.0000,60.6248,81.0608,36.4100,14.1153
25.4000,0.0000,60.6015,80.7682,36.3038,13.9463
25.4500,0.0000,60.5680,80.4797,36.1964,13.7801
25.5000,0.0000,60.5244,80.1952,36.0879,13.6172
25.5500,0.0000,60.4707,79.9148,35.9784,13.4579
25.6000,0.0000,60.4078,79.6382,35.8683,13.3026
25.6500,0.0000,60.3363,79.3654,35.7581,13.1515
25.7000,0.0000,60.2572,79.0962,35.6482,13.0052
25.7500,0.0000,60.1711,78.8305,35.5388,12.8638
25.8000,0.0000,60.0786,78.5680,35.4305,12.7278
25.8500,0.0000,59.9805,78.3085,35.3232,12.5974
25.9000,0.0000,59.8773,78.0517,35.2173,12.4731
25.9500,0.0000,59.7697,77.7974,35.1129,12.3550
26.0000,0.0000,59.6582,77.5453,35.0101,12.2436
26.0500,0.0000,59.5433,77.2948,34.9087,12.1391
26.1000,0.0000,59.4254,77.0458,34.8089,12.0418
26.1500,0.0000,59.3051,76.7976,34.7105,11.9521
26.2000,0.0000,59.1827,76.5499,34.6133,11.8701
26.2500,0.0000,59.0587,76.3022,34.5171,11.7962
26.3000,0.0000,58.9334,76.0538,34.4216,11.7306
26.3500,0.0000,58.8071,75.8041,34.3265,11.6736
26.4000,0.0000,58.6802,75.5526,34.2313,11.6255
26.4500,0.0000,58.5529,75.2986,34.1357,11.5864
26.5000,0.0000,58.4255,75.0412,34.0390,11.5565
26.5500,0.0000,58.2982,74.7799,33.9407,11.5362
26.6000,0.0000,58.1713,74.5146,33.8411,11.5256
26.6500,0.0000,58.0449,74.2453,33.7403,11.5248
26.7000,0.0000,57.9192,73.9721,33.6385,11.5342
26.7500,0.0000,57.7942,73.6950,33.5359,11.5537
26.8000,0.0000,57.6702,73.4141,33.4327,11.5837
26.8500,0.0000,57.5472,73.1295,33.3290,11.6241
26.9000,0.0000,57.4252,72.8412,33.2250,11.6753
26.9500,0.0000,57.3044,72.5493,33.1208,11.7372
27.0000,0.0000,57.1846,72.2538,33.0166,11.8101
27.0500,0.0000,57.0660,71.9548,32.9124,11.8938
27.1000,0.0000,56.9484,71.6524,32.8081,11.9881
27.1500,0.0000,56.8318,71.3466,32.7035,12.0924
27.2000,0.0000,56.7161,71.0374,32.5985,12.2064
27.2500,0.0000,56.6013,70.7250,32.4929,12.3296
27.3000,0.0000,56.4870,70.4094,32.3865,12.4616
27.3500,0.0000,56.3733,70.0906,32.2792,12.6020
27.4000,0.0000,56.2599,69.7687,32.1708,12.7505
27.4500,0.0000,56.1465,69.4437,32.0611,12.9068
27.5000,0.0000,56.0330,69.1158,31.9500,13.0704
27.5500,0.0000,55.9189,68.7848,31.8373,13.2411
27.6000,0.0000,55.8041,68.4510,31.7229,13.4186
27.6500,0.0000,55.6882,68.1143,31.6065,13.6025
27.7000,0.0000,55.5708,67.7748,31.4880,13.7927
27.7500,0.0000,55.4517,67.4324,31.3672,13.9888
27.8000,0.0000,55.3314,67.0873,31.2439,14.1905
27.8500,0.0000,55.2098,66.7395,31.1178,14.3977
27.9000,0.0000,55.0871,66.3890,30.9889,14.6100
27.9500,0.0000,54.9634,66.0358,30.8568,14.8273
28.0000,0.0000,54.8385,65.6799,30.7214,15.0493
28.0500,0.0000,54.7127,65.3214,30.5823,15.2758
28.1000,0.0000,54.5860,64.9602,30.4396,15.5065
28.1500,0.0000,54.4591,64.5965,30.2934,15.7414
28.2000,0.0000,54.3322,64.2301,30.1435,15.9801
28.2500,0.0000,54.2058,63.8611,29.9902,16.2226
28.3000,0.0000,54.0801,63.4895,29.8333,16.4685
28.3500,0.0000,53.9554,63.1152,29.6729,16.7177
28.4000,0.0000,53.8321,62.7383,29.5091,16.9701
28.4500,0.0000,53.7102,62.3587,29.3417,17.2254
28.5000,0.0000,53.5900,61.9763,29.1709,17.4836
28.5500,0.0000,53.4718,61.5911,28.9963,17.7442
28.6000,0.0000,53.3559,61.2022,28.8172,18.0070
28.6500,0.0000,53.2430,60.8086,28.6324,18.2716
28.7000,0.0000,53.1333,60.4097,28.4412,18.5375
28.7500,0.0000,53.0273,60.0048,28.2428,18.8043
28.8000,0.0000,52.9253,59.5934,28.0364,19.0716
28.8500,0.0000,52.8275,59.1749,27.8214,19.3391
28.9000,0.0000,52.7340,58.7490,27.5975,19.6064
28.9500,0.0000,52.6450,58.3154,27.3640,19.8733
29.0000,0.0000,52.5606,57.8738,27.1206,20.1393
29.0500,0.0000,52.4807,57.4241,26.8671,20.4042
29.1000,0.0000,52.4052,56.9662,26.6031,20.6677
29.1500,0.0000,52.3340,56.5000,26.3283,20.9295
29.2000,0.0000,52.2669,56.0256,26.0427,21.1893
29.2500,0.0000,52.2035,55.5429,25.7459,21.4469
29.3000,0.0000,52.1437,55.0521,25.4379,21.7021
29.3500,0.0000,52.0869,54.5533,25.1185,21.9545
29.4000,0.0000,52.0326,54.0467,24.7876,22.2041
29.4500,0.0000,51.9804,53.5324,24.4451,22.4505
29.5000,0.0000,51.9295,53.0106,24.0908,22.6936
29.5500,0.0000,51.8795,52.4816,23.7246,22.9332
29.6000,0.0000,51.8303,51.9459,23.3473,23.1691
29.6500,0.0000,51.7819,51.4041,22.9595,23.4012
29.7000,0.0000,51.7346,50.8567,22.5619,23.6292
29.7500,0.0000,51.6882,50.3042,22.1554,23.8530
29.8000,0.0000,51.6428,49.7474,21.7408,24.0725
29.8500,0.0000,51.5985,49.1869,21.3189,24.2875
29.9000,0.0000,51.5551,48.6233,20.8904,24.4979
29.9500,0.0000,51.5128,48.0572,20.4563,24.7036
30.0000,0.0000,51.4712,47.4893,20.0172,24.9045
30.0500,0.0000,51.4307,46.9200,19.5740,25.1004
30.1000,0.0000,51.3917,46.3492,19.1275,25.2913
30.1500,0.0000,51.3549,45.7765,18.6785,25.4771
30.2000,0.0000,51.3209,45.2017,18.2278,25.6576
30.2500,0.0000,51.2901,44.6248,17.7762,25.8329
30.3000,0.0000,51.2627,44.0458,17.3245,26.0029
30.3500,0.0000,51.2389,43.4648,16.8733,26.1675
30.4000,0.0000,51.2185,42.8821,16.4234,26.3266
30.4500,0.0000,51.2017,42.2979,15.9755,26.4803
30.5000,0.0000,51.1880,41.7126,15.5301,26.6285
30.5500,0.0000,51.1773,41.1266,15.0878,26.7712
30.6000,0.0000,51.1689,40.5405,14.6491,26.9083
30.6500,0.0000,51.1626,39.9547,14.2145,27.0399
30.7000,0.0000,51.1575,39.3699,13.7844,27.1661
30.7500,0.0000,51.1529,38.7867,13.3592,27.2867
30.8000,0.0000,51.1482,38.2059,12.9391,27.4020
30.8500,0.0000,51.1423,37.6279,12.5244,27.5118
30.9000,0.0000,51.1343,37.0537,12.1153,27.6162
30.9500,0.0000,51.1232,36.4840,11.7119,27.7154
31.0000,0.0000,51.1077,35.9195,11.3143,27.8095
31.0500,0.0000,51.0870,35.3609,10.9224,27.8984
31.1000,0.0000,51.0605,34.8089,10.5367,27.9823
31.1500,0.0000,51.0277,34.2638,10.1577,28.0614
31.2000,0.0000,50.9882,33.7262,9.7858,28.1357
31.2500,0.0000,50.9418,33.1965,9.4214,28.2055
31.3000,0.0000,50.8879,32.6750,9.0648,28.2709
31.3500,0.0000,50.8261,32.1623,8.7163,28.3321
31.4000,0.0000,50.7561,31.6586,8.3763,28.3893
31.4500,0.0000,50.6774,31.1644,8.0449,28.4427
31.5000,0.0000,50.5895,30.6798,7.7223,28.4926
31.5500,0.0000,50.4923,30.2052,7.4088,28.5391
31.6000,0.0000,50.3851,29.7406,7.1044,28.5823
31.6500,0.0000,50.2678,29.2858,6.8091,28.6223
31.7000,0.0000,50.1398,28.8408,6.5232,28.6592
31.7500,0.0000,50.0010,28.4055,6.2464,28.6930
31.8000,0.0000,49.8509,27.9798,5.9790,28.7239
31.8500,0.0000,49.6893,27.5634,5.7207,28.7522
31.9000,0.0000,49.5159,27.1563,5.4714,28.7779
31.9500,0.0000,49.3303,26.7582,5.2312,28.8015
32.0000,0.0000,49.1325,26.3689,4.9997,28.8233
32.0500,0.0000,48.9221,25.9881,4.7768,28.8435
32.1000,0.0000,48.6991,25.6156,4.5624,28.8627
32.1500,0.0000,48.4631,25.2510,4.3561,28.8812
32.2000,0.0000,48.2140,24.8941,4.1577,28.8995
32.2500,0.0000,47.9518,24.5446,3.9669,28.9182
32.3000,0.0000,47.6763,24.2020,3.7834,28.9379
32.3500,0.0000,47.3874,23.8661,3.6069,28.9592
32.4000,0.0000,47.0851,23.5364,3.4371,28.9827
32.4500,0.0000,46.7694,23.2125,3.2736,29.0092
32.5000,0.0000,46.4401,22.8942,3.1159,29.0395
32.5500,0.0001,46.0975,22.5809,2.9639,29.0742
32.6000,0.0002,45.7419,22.2723,2.8174,29.1134
32.6500,0.0004,45.3741,21.9680,2.6762,29.1572
32.7000,0.0008,44.9948,21.6677,2.5405,29.2055
32.7500,0.0013,44.6047,21.3710,2.4100,29.2583
32.8000,0.0020,44.2046,21.0775,2.2849,29.3156
32.8500,0.0029,43.7954,20.7870,2.1652,29.3773
32.9000,0.0040,43.3779,20.4991,2.0508,29.4434
32.9500,0.0054,42.9531,20.2135,1.9420,29.5139
33.0000,0.0071,42.5220,19.9302,1.8389,29.5887
33.0500,0.0091,42.0855,19.6489,1.7416,29.6677
33.1000,0.0118,41.6445,19.3698,1.6501,29.7502
33.1500,0.0154,41.1998,19.0931,1.5645,29.8352
33.2000,0.0201,40.7522,18.8191,1.4848,29.9220
33.2500,0.0263,40.3026,18.5481,1.4112,30.0099
33.3000,0.0341,39.8521,18.2804,1.3441,30.0982
33.3500,0.0439,39.4013,18.0165,1.2838,30.1861
33.4000,0.0557,38.9497,17.7570,1.2307,30.2731
33.4500,0.0698,38.4968,17.5025,1.1853,30.3586
33.5000,0.0864,38.0418,17.2537,1.1485,30.4421
33.5500,0.1057,37.5844,17.0114,1.1207,30.5230
33.6000,0.1277,37.1240,16.7753,1.1017,30.6009
33.6500,0.1527,36.6603,16.5453,1.0913,30.6753
33.7000,0.1808,36.1930,16.3211,1.0890,30.7459
33.7500,0.2120,35.7217,16.1023,1.0944,30.8122
33.8000,0.2465,35.2462,15.8887,1.1071,30.8739
33.8500,0.2843,34.7663,15.6800,1.1266,30.9308
33.9000,0.3256,34.2818,15.4758,1.1524,30.9824
33.9500,0.3705,33.7924,15.2759,1.1839,31.0287
34.0000,0.4189,33.2981,15.0799,1.2206,31.0692
34.0500,0.4709,32.7986,14.8877,1.2619,31.1040
34.1000,0.5266,32.2943,14.6988,1.3077,31.1326
34.1500,0.5859,31.7856,14.5132,1.3579,31.1551
34.2000,0.6490,31.2730,14.3305,1.4125,31.1713
34.2500,0.7158,30.7568,14.1507,1.4714,31.1811
34.3000,0.7863,30.2375,13.9735,1.5344,31.1843
34.3500,0.8606,29.7154,13.7988,1.6015,31.1810
34.4000,0.9385,29.1910,13.6266,1.6726,31.1711
34.4500,1.0202,28.6647,13.4568,1.7475,31.1545
34.5000,1.1054,28.1366,13.2895,1.8262,31.1314
34.5500,1.1944,27.6072,13.1247,1.9087,31.1015
34.6000,1.2872,27.0765,12.9624,1.9954,31.0645
34.6500,1.3841,26.5448,12.8026,2.0870,31.0199
34.7000,1.4853,26.0121,12.6452,2.1841,30.9672
34.7500,1.5909,25.4784,12.4904,2.2872,30.9062
34.8000,1.7011,24.9436,12.3386,2.3967,30.8365
34.8500,1.8160,24.4075,12.1901,2.5129,30.7577
34.9000,1.9358,23.8697,12.0454,2.6363,30.6697
34.9500,2.0604,23.3299,11.9051,2.7671,30.5723
35.0000,2.1901,22.7874,11.7699,2.9054,30.4653
35.0500,2.3248,22.2418,11.6405,3.0513,30.3485
35.1000,2.4647,21.6932,11.5169,3.2051,30.2217
35.1500,2.6096,21.1419,11.3989,3.3666,30.0848
35.2000,2.7597,20.5883,11.2863,3.5359,29.9378
35.2500,2.9148,20.0326,11.1789,3.7128,29.7804
35.3000,3.0751,19.4752,11.0765,3.8972,29.6128
35.3500,3.2404,18.9162,10.9788,4.0888,29.4350
35.4000,3.4108,18.3559,10.8857,4.2875,29.2469
35.4500,3.5860,17.7945,10.7970,4.4928,29.0488
35.5000,3.7662,17.2320,10.7125,4.7044,28.8406
35.5500,3.9511,16.6687,10.6320,4.9219,28.6225
35.6000,4.1408,16.1054,10.5552,5.1454,28.3948
35.6500,4.3350,15.5429,10.4820,5.3749,28.1575
35.7000,4.5337,14.9823,10.4122,5.6104,27.9110
35.7500,4.7368,14.4243,10.3455,5.8520,27.6555
35.8000,4.9441,13.8700,10.2818,6.0998,27.3913
35.8500,5.1554,13.3203,10.2208,6.3537,27.1187
35.9000,5.3707,12.7759,10.1623,6.6137,26.8381
35.9500,5.5897,12.2379,10.1061,6.8798,26.5498
36.0000,5.8124,11.7071,10.0519,7.1520,26.2542
36.0500,6.0387,11.1842,9.9997,7.4302,25.9518
36.1000,6.2698,10.6699,9.9501,7.7144,25.6429
36.1500,6.5068,10.1648,9.9036,8.0044,25.3278
36.2000,6.7508,9.6693,9.8606,8.3003,25.0069
36.2500,7.0026,9.1840,9.8215,8.6019,24.6806
36.3000,7.2629,8.7094,9.7869,8.9091,24.3493
36.3500,7.5323,8.2461,9.7580,9.2219,24.0137
36.4000,7.8113,7.7944,9.7358,9.5402,23.6741
36.4500,8.1003,7.3549,9.7215,9.8638,23.3310
36.5000,8.3995,6.9280,9.7159,10.1927,22.9852
36.5500,8.7090,6.5141,9.7199,10.5268,22.6372
36.6000,9.0289,6.1136,9.7341,10.8659,22.2876
36.6500,9.3591,5.7269,9.7592,11.2100,21.9371
36.7000,9.6996,5.3542,9.7956,11.5590,21.5865
36.7500,10.0500,4.9959,9.8438,11.9127,21.2363
36.8000,10.4102,4.6523,9.9040,12.2711,20.8876
36.8500,10.7797,4.3234,9.9766,12.6342,20.5409
36.9000,11.1582,4.0095,10.0617,13.0017,20.1972
36.9500,11.5451,3.7107,10.1594,13.3737,19.8574
37.0000,11.9401,3.4270,10.2699,13.7501,19.5222
37.0500,12.3425,3.1584,10.3929,14.1309,19.1927
37.1000,12.7517,2.9050,10.5286,14.5156,18.8692
37.1500,13.1670,2.6666,10.6768,14.9040,18.5520
37.2000,13.5879,2.4431,10.8372,15.2957,18.2417
37.2500,14.0137,2.2342,11.0098,15.6905,17.9385
37.3000,14.4435,2.0396,11.1942,16.0878,17.6428
37.3500,14.8768,1.8590,11.3902,16.4874,17.3550
37.4000,15.3127,1.6919,11.5974,16.8889,17.0754
37.4500,15.7505,1.5380,11.8155,17.2919,16.8044
37.5000,16.1894,1.3965,12.0441,17.6961,16.5423
37.5500,16.6288,1.2668,12.2830,18.1011,16.2896
37.6000,17.0681,1.1482,12.5321,18.5068,16.0467
37.6500,17.5069,1.0399,12.7917,18.9132,15.8143
37.7000,17.9445,0.9410,13.0616,19.3200,15.5930
37.7500,18.3807,0.8505,13.3420,19.7271,15.3833
37.8000,18.8148,0.7674,13.6329,20.1344,15.1858
37.8500,19.2463,0.6903,13.9340,20.5416,15.0009
37.9000,19.6748,0.6182,14.2454,20.9487,14.8292
37.9500,20.0998,0.5506,14.5669,21.3555,14.6711
38.0000,20.5208,0.4878,14.8983,21.7616,14.5271
38.0500,20.9373,0.4302,15.2395,22.1669,14.3977
38.1000,21.3490,0.3779,15.5903,22.5712,14.2832
38.1500,21.7554,0.3313,15.9503,22.9742,14.1840
38.2000,22.1560,0.2906,16.3195,23.3757,14.1006
38.2500,22.5506,0.2558,16.6975,23.7755,14.0332
38.3000,22.9387,0.2271,17.0841,24.1732,13.9823
38.3500,23.3200,0.2046,17.4789,24.5686,13.9482
38.4000,23.6942,0.1884,17.8817,24.9614,13.9312
38.4500,24.0610,0.1784,18.2921,25.3514,13.9316
38.5000,24.4203,0.1745,18.7099,25.7382,13.9497
38.5500,24.7717,0.1769,19.1347,26.1217,13.9858
38.6000,25.1151,0.1856,19.5664,26.5015,14.0398
38.6500,25.4503,0.2012,20.0047,26.8772,14.1117
38.7000,25.7772,0.2238,20.4496,27.2487,14.2014
38.7500,26.0957,0.2537,20.9007,27.6157,14.3089
38.8000,26.4057,0.2913,21.3581,27.9778,14.4339
38.8500,26.7073,0.3367,21.8215,28.3347,14.5763
38.9000,27.0004,0.3902,22.2907,28.6862,14.7359
38.9500,27.2850,0.4520,22.7657,29.0320,14.9125
39.0000,27.5613,0.5224,23.2464,29.3717,15.1059
39.0500,27.8294,0.6016,23.7325,29.7053,15.3157
39.1000,28.0902,0.6897,24.2240,30.0325,15.5414
39.1500,28.3447,0.7869,24.7209,30.3534,15.7825
39.2000,28.5937,0.8935,25.2229,30.6681,16.0383
39.2500,28.8382,1.0095,25.7300,30.9763,16.3083
39.3000,29.0790,1.1351,26.2421,31.2781,16.5918
39.3500,29.3170,1.2704,26.7592,31.5735,16.8883
39.4000,29.5530,1.4156,27.2811,31.8623,17.1972
39.4500,29.7880,1.5708,27.8078,32.1445,17.5179
39.5000,30.0225,1.7361,28.3393,32.4201,17.8496
39.5500,30.2575,1.9116,28.8753,32.6889,18.1919
39.6000,30.4936,2.0973,29.4160,32.9508,18.5441
39.6500,30.7316,2.2934,29.9612,33.2057,18.9056
39.7000,30.9722,2.4999,30.5107,33.4537,19.2757
39.7500,31.2159,2.7169,31.0646,33.6944,19.6538
39.8000,31.4635,2.9444,31.6228,33.9279,20.0393
39.8500,31.7155,3.1825,32.1851,34.1541,20.4315
39.9000,31.9724,3.4313,32.7513,34.3728,20.8298
39.9500,32.2348,3.6907,33.3215,34.5839,21.2336
40.0000,32.5032,3.9609,33.8953,34.7874,21.6422
40.0500,32.7779,4.2417,34.4727,34.9830,22.0550
40.1000,33.0594,4.5332,35.0535,35.1708,22.4714
40.1500,33.3480,4.8352,35.6373,35.3506,22.8908
40.2000,33.6439,5.1475,36.2240,35.5224,23.3125
40.2500,33.9473,5.4700,36.8132,35.6860,23.7358
40.3000,34.2585,5.8024,37.4046,35.8413,24.1603
40.3500,34.5775,6.1447,37.9979,35.9882,24.5853
40.4000,34.9043,6.4967,38.5926,36.1268,25.0102
40.4500,35.2389,6.8580,39.1882,36.2568,25.4343
40.5000,35.5812,7.2285,39.7843,36.3783,25.8572
40.5500,35.9310,7.6080,40.3802,36.4913,26.2783
40.6000,36.2889,7.9956,40.9753,36.5958,26.6972
40.6500,36.6551,8.3907,41.5689,36.6922,27.1137
40.7000,37.0301,8.7924,42.1602,36.7806,27.5275
40.7500,37.4138,9.2001,42.7484,36.8612,27.9383
40.8000,37.8062,9.6131,43.3325,36.9342,28.3458
40.8500,38.2072,10.0306,43.9115,36.9999,28.7497
40.9000,38.6163,10.4521,44.4843,37.0584,29.1498
40.9500,39.0331,10.8769,45.0497,37.1098,29.5457
41.0000,39.4569,11.3045,45.6063,37.1544,29.9371
41.0500,39.8870,11.7341,46.1530,37.1924,30.3239
41.1000,40.3234,12.1653,46.6892,37.2238,30.7057
41.1500,40.7661,12.5976,47.2147,37.2489,31.0822
41.2000,41.2154,13.0303,47.7293,37.2678,31.4534
41.2500,41.6712,13.4630,48.2326,37.2807,31.8188
41.3000,42.1337,13.8952,48.7245,37.2878,32.1784
41.3500,42.6027,14.3265,49.2048,37.2892,32.5319
41.4000,43.0782,14.7564,49.6734,37.2851,32.8792
41.4500,43.5601,15.1845,50.1302,37.2757,33.2202
41.5000,44.0485,15.6104,50.5751,37.2611,33.5546
41.5500,44.5430,16.0337,51.0080,37.2415,33.8824
41.6000,45.0435,16.4540,51.4287,37.2171,34.2032
41.6500,45.5499,16.8710,51.8369,37.1881,34.5167
41.7000,46.0619,17.2843,52.2323,37.1546,34.8226
41.7500,46.5793,17.6938,52.6148,37.1169,35.1205
41.8000,47.1018,18.0990,52.9840,37.0751,35.4101
41.8500,47.6291,18.4997,53.3399,37.0294,35.6912
41.9000,48.1610,18.8956,53.6821,36.9801,35.9634
41.9500,48.6971,19.2865,54.0107,36.9273,36.2265
42.0000,49.2370,19.6723,54.3253,36.8714,36.4802
42.0500,49.7805,20.0526,54.6261,36.8124,36.7244
42.1000,50.3277,20.4274,54.9131,36.7506,36.9589
42.1500,50.8786,20.7964,55.1866,36.6862,37.1836
42.2000,51.4334,21.1596,55.4467,36.6196,37.3983
42.2500,51.9921,21.5167,55.6938,36.5509,37.6028
42.3000,52.5547,21.8678,55.9280,36.4804,37.7973
42.3500,53.1211,22.2126,56.1495,36.4084,37.9816
42.4000,53.6912,22.5512,56.3587,36.3352,38.1558
42.4500,54.2649,22.8835,56.5559,36.2609,38.3199
42.5000,54.8419,23.2095,56.7412,36.1859,38.4740
42.5500,55.4221,23.5291,56.9151,36.1106,38.6182
42.6000,56.0052,23.8424,57.0779,36.0351,38.7528
42.6500,56.5909,24.1495,57.2298,35.9599,38.8778
42.7000,57.1788,24.4503,57.3713,35.8852,38.9938
42.7500,57.7685,24.7449,57.5028,35.8113,39.1008
42.8000,58.3597,25.0335,57.6246,35.7385,39.1994
42.8500,58.9520,25.3161,57.7371,35.6671,39.2899
42.9000,59.5447,25.5930,57.8408,35.5973,39.3728
42.9500,60.1375,25.8641,57.9362,35.5294,39.4487
43.0000,60.7298,26.1298,58.0238,35.4636,39.5181
43.0500,61.3211,26.3902,58.1040,35.4002,39.5816
43.1000,61.9110,26.6452,58.1777,35.3391,39.6391
43.1500,62.4992,26.8949,58.2450,35.2804,39.6905
43.2000,63.0853,27.1391,58.3060,35.2239,39.7357
43.2500,63.6692,27.3777,58.3605,35.1697,39.7745
43.3000,64.2503,27.6108,58.4086,35.1176,39.8069
43.3500,64.8283,27.8383,58.4502,35.0676,39.8326
43.4000,65.4030,28.0601,58.4853,35.0196,39.8517
43.4500,65.9738,28.2763,58.5139,34.9733,39.8640
43.5000,66.5405,28.4867,58.5359,34.9288,39.8696
43.5500,67.1025,28.6916,58.5515,34.8858,39.8684
43.6000,67.6588,28.8918,58.5604,34.8444,39.8604
43.6500,68.2083,29.0883,58.5627,34.8047,39.8456
43.7000,68.7501,29.2819,58.5582,34.7666,39.8240
43.7500,69.2831,29.4734,58.5468,34.7303,39.7958
43.8000,69.8067,29.6632,58.5286,34.6955,39.7610
43.8500,70.3202,29.8520,58.5035,34.6623,39.7196
43.9000,70.8229,30.0401,58.4716,34.6304,39.6719
43.9500,71.3142,30.2278,58.4329,34.5998,39.6180
44.0000,71.7938,30.4155,58.3874,34.5701,39.5581
44.0500,72.2612,30.6033,58.3352,34.5411,39.4924
44.1000,72.7161,30.7913,58.2765,34.5126,39.4211
44.1500,73.1581,30.9795,58.2113,34.4841,39.3445
44.2000,73.5870,31.1679,58.1399,34.4552,39.2629
44.2500,74.0027,31.3565,58.0623,34.4256,39.1766
44.3000,74.4049,31.5451,57.9789,34.3947,39.0860
44.3500,74.7936,31.7336,57.8898,34.3620,38.9916
44.4000,75.1686,31.9218,57.7952,34.3270,38.8936
44.4500,75.5299,32.1094,57.6956,34.2888,38.7927
44.5000,75.8775,32.2962,57.5910,34.2470,38.6892
44.5500,76.2113,32.4820,57.4820,34.2009,38.5837
44.6000,76.5316,32.6664,57.3685,34.1505,38.4762
44.6500,76.8387,32.8491,57.2506,34.0958,38.3667
44.7000,77.1330,33.0298,57.1285,34.0369,38.2553
44.7500,77.4147,33.2083,57.0021,33.9741,38.1418
44.8000,77.6843,33.3841,56.8716,33.9072,38.0262
44.8500,77.9421,33.5569,56.7372,33.8366,37.9087
44.9000,78.1885,33.7265,56.5988,33.7622,37.7892
44.9500,78.4240,33.8925,56.4567,33.6842,37.6677
45.0000,78.6488,34.0547,56.3110,33.6026,37.5443
45.0500,78.8635,34.2130,56.1617,33.5176,37.4189
45.1000,79.0686,34.3678,56.0092,33.4292,37.2917
45.1500,79.2648,34.5198,55.8534,33.3377,37.1629
45.2000,79.4528,34.6694,55.6945,33.2430,37.0326
45.2500,79.6330,34.8172,55.5328,33.1452,36.9010
45.3000,79.8061,34.9635,55.3683,33.0446,36.7682
45.3500,79.9726,35.1085,55.2014,32.9411,36.6344
45.4000,80.1329,35.2525,55.0321,32.8349,36.4997
45.4500,80.2876,35.3957,54.8606,32.7260,36.3642
45.5000,80.4370,35.5382,54.6871,32.6147,36.2282
45.5500,80.5816,35.6803,54.5119,32.5010,36.0917
45.6000,80.7215,35.8219,54.3351,32.3850,35.9549
45.6500,80.8572,35.9632,54.1569,32.2667,35.8178
45.7000,80.9889,36.1043,53.9776,32.1464,35.6808
45.7500,81.1167,36.2453,53.7973,32.0241,35.5438
45.8000,81.2408,36.3861,53.6163,31.8999,35.4070
45.8500,81.3612,36.5270,53.4347,31.7740,35.2706
45.9000,81.4781,36.6680,53.2529,31.6463,35.1346
45.9500,81.5915,36.8093,53.0711,31.5171,34.9992
46.0000,81.7012,36.9510,52.8893,31.3864,34.8646
46.0500,81.8071,37.0933,52.7080,31.2544,34.7309
46.1000,81.9096,37.2361,52.5271,31.1210,34.5980
46.1500,82.0089,37.3795,52.3467,30.9864,34.4660
46.2000,82.1050,37.5232,52.1669,30.8508,34.3347
46.2500,82.1984,37.6666,51.9877,30.7141,34.2043
46.3000,82.2890,37.8092,51.8093,30.5764,34.0746
46.3500,82.3770,37.9505,51.6315,30.4379,33.9455
46.4000,82.4625,38.0899,51.4544,30.2987,33.8171
46.4500,82.5456,38.2272,51.2781,30.1587,33.6893
46.5000,82.6262,38.3616,51.1025,30.0180,33.5619
46.5500,82.7045,38.4929,50.9276,29.8768,33.4349
46.6000,82.7807,38.6202,50.7533,29.7350,33.3082
46.6500,82.8550,38.7425,50.5797,29.5927,33.1818
46.7000,82.9274,38.8591,50.4065,29.4500,33.0554
46.7500,82.9983,38.9693,50.2338,29.3068,32.9290
46.8000,83.0677,39.0723,50.0614,29.1632,32.8025
46.8500,83.1355,39.1677,49.8893,29.0193,32.6757
46.9000,83.2020,39.2548,49.7172,28.8750,32.5484
46.9500,83.2669,39.3332,49.5450,28.7302,32.4206
47.0000,83.3304,39.4025,49.3726,28.5851,32.2921
47.0500,83.3922,39.4624,49.1996,28.4396,32.1626
47.1000,83.4524,39.5125,49.0259,28.2936,32.0321
47.1500,83.5107,39.5526,48.8513,28.1471,31.9003
47.2000,83.5670,39.5826,48.6754,28.0000,31.7671
47.2500,83.6211,39.6023,48.4980,27.8522,31.6322
47.3000,83.6729,39.6116,48.3187,27.7037,31.4954
47.3500,83.7221,39.6106,48.1371,27.5544,31.3566
47.4000,83.7684,39.5993,47.9530,27.4040,31.2154
47.4500,83.8116,39.5776,47.7658,27.2526,31.0716
47.5000,83.8515,39.5458,47.5751,27.0999,30.9249
47.5500,83.8879,39.5039,47.3806,26.9458,30.7752
47.6000,83.9207,39.4520,47.1822,26.7903,30.6225
47.6500,83.9499,39.3903,46.9801,26.6337,30.4666
47.7000,83.9756,39.3191,46.7743,26.4758,30.3078
47.7500,83.9980,39.2384,46.5649,26.3170,30.1460
47.8000,84.0171,39.1486,46.3520,26.1571,29.9812
47.8500,84.0330,39.0497,46.1358,25.9965,29.8136
47.9000,84.0459,38.9421,45.9163,25.8350,29.6432
47.9500,84.0561,38.8258,45.6936,25.6728,29.4700
48.0000,84.0638,38.7011,45.4679,25.5100,29.2942
48.0500,84.0693,38.5680,45.2392,25.3467,29.1158
48.1000,84.0731,38.4269,45.0077,25.1829,28.9351
48.1500,84.0757,38.2779,44.7734,25.0191,28.7524
48.2000,84.0778,38.1211,44.5366,24.8552,28.5678
48.2500,84.0798,37.9566,44.2972,24.6914,28.3816
48.3000,84.0826,37.7845,44.0555,24.5279,28.1940
48.3500,84.0869,37.6046,43.8115,24.3649,28.0053
48.4000,84.0936,37.4168,43.5654,24.2023,27.8158
48.4500,84.1035,37.2208,43.3172,24.0404,27.6256
48.5000,84.1176,37.0162,43.0672,23.8791,27.4351
48.5500,84.1368,36.8028,42.8153,23.7185,27.2445
48.6000,84.1613,36.5810,42.5619,23.5587,27.0541
48.6500,84.1909,36.3515,42.3069,23.3996,26.8641
48.7000,84.2255,36.1148,42.0504,23.2413,26.6748
48.7500,84.2648,35.8715,41.7928,23.0837,26.4866
48.8000,84.3085,35.6225,41.5339,22.9267,26.2995
48.8500,84.3564,35.3682,41.2740,22.7704,26.1141
48.9000,84.4081,35.1093,41.0132,22.6146,25.9305
48.9500,84.4630,34.8465,40.7516,22.4592,25.7491
49.0000,84.5208,34.5804,40.4893,22.3040,25.5702
49.0500,84.5809,34.3116,40.2265,22.1490,25.3940
49.1000,84.6434,34.0406,39.9633,21.9942,25.2207
49.1500,84.7087,33.7681,39.6997,21.8398,25.0502
49.2000,84.7768,33.4945,39.4360,21.6857,24.8825
49.2500,84.8481,33.2205,39.1722,21.5322,24.7178
49.3000,84.9226,32.9464,38.9085,21.3793,24.5559
49.3500,85.0005,32.6727,38.6449,21.2270,24.3968
49.4000,85.0820,32.3998,38.3815,21.0754,24.2406
49.4500,85.1672,32.1281,38.1186,20.9247,24.0871
49.5000,85.2562,31.8577,37.8562,20.7748,23.9364
49.5500,85.3490,31.5891,37.5943,20.6258,23.7883
49.6000,85.4458,31.3232,37.3331,20.4777,23.6431
49.6500,85.5467,31.0607,37.0728,20.3306,23.5006
49.7000,85.6520,30.8021,36.8133,20.1844,23.3609
49.7500,85.7615,30.5481,36.5548,20.0392,23.2240
49.8000,85.8755,30.2987,36.2974,19.8949,23.0901
49.8500,85.9938,30.0541,36.0412,19.7516,22.9589
49.9000,86.1164,29.8141,35.7862,19.6092,22.8305
49.9500,86.2432,29.5784,35.5326,19.4676,22.7047
50.0000,86.3741,29.3467,35.2803,19.3269,22.5817
50.0500,86.5090,29.1184,35.0296,19.1869,22.4611
50.1000,86.6476,28.8937,34.7804,19.0476,22.3429
50.1500,86.7896,28.6729,34.5328,18.9089,22.2270
50.2000,86.9347,28.4565,34.2868,18.7707,22.1132
50.2500,87.0826,28.2446,34.0426,18.6329,22.0013
50.3000,87.2328,28.0375,33.8002,18.4953,21.8912
50.3500,87.3848,27.8355,33.5596,18.3578,21.7825
50.4000,87.5382,27.6388,33.3208,18.2203,21.6751
50.4500,87.6924,27.4477,33.0839,18.0825,21.5687
50.5000,87.8467,27.2623,32.8489,17.9443,21.4630
50.5500,88.0005,27.0828,32.6158,17.8055,21.3578
50.6000,88.1539,26.9090,32.3847,17.6661,21.2530
50.6500,88.3070,26.7404,32.1555,17.5263,21.1486
50.7000,88.4599,26.5767,31.9282,17.3861,21.0445
50.7500,88.6126,26.4174,31.7029,17.2455,20.9408
50.8000,88.7654,26.2621,31.4795,17.1046,20.8373
50.8500,88.9182,26.1104,31.2579,16.9636,20.7341
50.9000,89.0711,25.9619,31.0383,16.8225,20.6311
50.9500,89.2241,25.8160,30.8204,16.6813,20.5282
51.0000,89.3774,25.6723,30.6043,16.5401,20.4255
51.0500,89.5309,25.5304,30.3899,16.3991,20.3229
51.1000,89.6847,25.3897,30.1772,16.2582,20.2204
51.1500,89.8386,25.2496,29.9660,16.1176,20.1183
51.2000,89.9928,25.1096,29.7564,15.9773,20.0164
51.2500,90.1471,24.9691,29.5481,15.8373,19.9150
51.3000,90.3016,24.8277,29.3411,15.6979,19.8141
51.3500,90.4560,24.6848,29.1353,15.5589,19.7137
51.4000,90.6104,24.5400,28.9305,15.4205,19.6139
51.4500,90.7646,24.3928,28.7266,15.2828,19.5147
51.5000,90.9184,24.2429,28.5236,15.1458,19.4162
51.5500,91.0717,24.0898,28.3211,15.0096,19.3183
51.6000,91.2244,23.9332,28.1191,14.8741,19.2211
51.6500,91.3761,23.7727,27.9173,14.7396,19.1247
51.7000,91.5267,23.6082,27.7157,14.6060,19.0290
51.7500,91.6758,23.4393,27.5139,14.4734,18.9340
51.8000,91.8233,23.2658,27.3118,14.3418,18.8397
51.8500,91.9688,23.0874,27.1090,14.2113,18.7462
51.9000,92.1118,22.9042,26.9055,14.0819,18.6533
51.9500,92.2521,22.7158,26.7009,13.9537,18.5612
52.0000,92.3893,22.5223,26.4950,13.8266,18.4698
52.0500,92.5229,22.3235,26.2875,13.7007,18.3791
52.1000,92.6530,22.1195,26.0784,13.5761,18.2889
52.1500,92.7797,21.9102,25.8677,13.4527,18.1995
52.2000,92.9032,21.6958,25.6554,13.3306,18.1106
52.2500,93.0234,21.4762,25.4415,13.2098,18.0222
52.3000,93.1406,21.2516,25.2260,13.0902,17.9344
52.3500,93.2549,21.0221,25.0090,12.9719,17.8471
52.4000,93.3662,20.7879,24.7904,12.8548,17.7602
52.4500,93.4749,20.5492,24.5703,12.7390,17.6738
52.5000,93.5808,20.3062,24.3487,12.6244,17.5877
52.5500,93.6842,20.0592,24.1257,12.5110,17.5020
52.6000,93.7851,19.8085,23.9013,12.3987,17.4165
52.6500,93.8836,19.5543,23.6755,12.2876,17.3313
52.7000,93.9798,19.2970,23.4484,12.1775,17.2463
52.7500,94.0737,19.0370,23.2201,12.0683,17.1615
52.8000,94.1654,18.7745,22.9906,11.9601,17.0767
52.8500,94.2550,18.5101,22.7600,11.8528,16.9920
52.9000,94.3425,18.2440,22.5283,11.7462,16.9074
52.9500,94.4280,17.9768,22.2956,11.6402,16.8226
53.0000,94.5114,17.7088,22.0621,11.5347,16.7378
53.0500,94.5929,17.4405,21.8278,11.4297,16.6529
53.1000,94.6724,17.1723,21.5928,11.3250,16.5678
53.1500,94.7498,16.9046,21.3572,11.2204,16.4824
53.2000,94.8253,16.6379,21.1211,11.1158,16.3968
53.2500,94.8988,16.3727,20.8847,11.0110,16.3108
53.3000,94.9701,16.1093,20.6480,10.9058,16.2245
53.3500,95.0394,15.8482,20.4112,10.8001,16.1377
53.4000,95.1064,15.5898,20.1745,10.6936,16.0504
53.4500,95.1712,15.3345,19.9380,10.5862,15.9627
53.5000,95.2336,15.0827,19.7018,10.4775,15.8743
53.5500,95.2935,14.8347,19.4661,10.3674,15.7853
53.6000,95.3510,14.5908,19.2310,10.2559,15.6956
53.6500,95.4064,14.3514,18.9964,10.1430,15.6052
53.7000,95.4597,14.1167,18.7624,10.0287,15.5140
53.7500,95.5111,13.8869,18.5290,9.9131,15.4220
53.8000,95.5607,13.6622,18.2963,9.7963,15.3291
53.8500,95.6088,13.4427,18.0642,9.6781,15.2353
53.9000,95.6553,13.2285,17.8329,9.5588,15.1406
53.9500,95.7005,13.0197,17.6022,9.4383,15.0448
54.0000,95.7445,12.8161,17.3723,9.3167,14.9479
54.0500,95.7873,12.6177,17.1432,9.1941,14.8499
54.1000,95.8292,12.4243,16.9149,9.0705,14.7507
54.1500,95.8702,12.2357,16.6874,8.9458,14.6503
54.2000,95.9104,12.0514,16.4607,8.8203,14.5486
54.2500,95.9499,11.8711,16.2349,8.6940,14.4456
54.3000,95.9888,11.6942,16.0100,8.5668,14.3412
54.3500,96.0272,11.5201,15.7860,8.4390,14.2354
54.4000,96.0650,11.3482,15.5630,8.3104,14.1280
54.4500,96.1025,11.1774,15.3409,8.1812,14.0191
54.5000,96.1395,11.0070,15.1198,8.0515,13.9085
54.5500,96.1762,10.8360,14.8998,7.9213,13.7962
54.6000,96.2125,10.6643,14.6807,7.7907,13.6822
54.6500,96.2484,10.4918,14.4627,7.6597,13.5664
54.7000,96.2840,10.3187,14.2458,7.5284,13.4487
54.7500,96.3191,10.1449,14.0300,7.3969,13.3290
54.8000,96.3538,9.9706,13.8154,7.2653,13.2072
54.8500,96.3880,9.7957,13.6019,7.1335,13.0834
54.9000,96.4215,9.6205,13.3895,7.0018,12.9573
54.9500,96.4544,9.4449,13.1784,6.8701,12.8289
55.0000,96.4864,9.2691,12.9684,6.7385,12.6982
55.0500,96.5175,9.0932,12.7597,6.6071,12.5650
55.1000,96.5478,8.9172,12.5523,6.4760,12.4294
55.1500,96.5774,8.7411,12.3461,6.3452,12.2914
55.2000,96.6064,8.5650,12.1412,6.2148,12.1510
55.2500,96.6350,8.3888,11.9377,6.0849,12.0084
55.3000,96.6632,8.2126,11.7355,5.9556,11.8637
55.3500,96.6912,8.0363,11.5347,5.8268,11.7168
55.4000,96.7191,7.8602,11.3352,5.6988,11.5678
55.4500,96.7470,7.6841,11.1371,5.5716,11.4169
55.5000,96.7750,7.5082,10.9405,5.4451,11.2641
55.5500,96.8031,7.3326,10.7453,5.3196,11.1094
55.6000,96.8314,7.1574,10.5516,5.1951,10.9530
55.6500,96.8601,6.9826,10.3593,5.0716,10.7950
55.7000,96.8891,6.8084,10.1685,4.9492,10.6355
55.7500,96.9185,6.6349,9.9793,4.8280,10.4744
55.8000,96.9483,6.4624,9.7915,4.7081,10.3120
55.8500,96.9787,6.2908,9.6053,4.5894,10.1484
55.9000,97.0095,6.1205,9.4207,4.4721,9.9836
55.9500,97.0408,5.9516,9.2377,4.3563,9.8177
56.0000,97.0725,5.7843,9.0562,4.2420,9.6509
56.0500,97.1048,5.6190,8.8764,4.1292,9.4832
56.1000,97.1374,5.4558,8.6982,4.0180,9.3148
56.1500,97.1704,5.2950,8.5217,3.9086,9.1458
56.2000,97.2038,5.1369,8.3468,3.8008,8.9762
56.2500,97.2373,4.9819,8.1736,3.6948,8.8063
56.3000,97.2710,4.8303,8.0021,3.5906,8.6360
56.3500,97.3047,4.6824,7.8323,3.4882,8.4656
56.4000,97.3383,4.5387,7.6642,3.3878,8.2951
56.4500,97.3717,4.3996,7.4978,3.2893,8.1247
56.5000,97.4046,4.2655,7.3332,3.1928,7.9544
56.5500,97.4370,4.1368,7.1703,3.0984,7.7844
56.6000,97.4689,4.0134,7.0092,3.0059,7.6147
56.6500,97.5003,3.8954,6.8499,2.9156,7.4456
56.7000,97.5315,3.7826,6.6924,2.8273,7.2770
56.7500,97.5623,3.6748,6.5367,2.7412,7.1092
56.8000,97.5930,3.5720,6.3828,2.6572,6.9421
56.8500,97.6236,3.4740,6.2308,2.5753,6.7760
56.9000,97.6542,3.3808,6.0805,2.4956,6.6109
56.9500,97.6849,3.2921,5.9322,2.4180,6.4470
57.0000,97.7156,3.2078,5.7856,2.3426,6.2842
57.0500,97.7465,3.1278,5.6410,2.2694,6.1227
57.1000,97.7776,3.0519,5.4982,2.1983,5.9627
57.1500,97.8090,2.9799,5.3573,2.1293,5.8041
57.2000,97.8407,2.9117,5.2183,2.0624,5.6470
57.2500,97.8728,2.8472,5.0813,1.9976,5.4916
57.3000,97.9052,2.7861,4.9461,1.9348,5.3379
57.3500,97.9381,2.7282,4.8128,1.8740,5.1860
57.4000,97.9713,2.6734,4.6814,1.8152,5.0358
57.4500,98.0050,2.6214,4.5520,1.7583,4.8876
57.5000,98.0391,2.5721,4.4245,1.7033,4.7413
57.5500,98.0737,2.5253,4.2989,1.6500,4.5969
57.6000,98.1086,2.4807,4.1753,1.5985,4.4545
57.6500,98.1440,2.4381,4.0536,1.5486,4.3142
57.7000,98.1797,2.3973,3.9339,1.5002,4.1759
57.7500,98.2157,2.3582,3.8161,1.4534,4.0396
57.8000,98.2520,2.3203,3.7003,1.4079,3.9054
57.8500,98.2885,2.2836,3.5864,1.3636,3.7732
57.9000,98.3251,2.2478,3.4745,1.3205,3.6430
57.9500,98.3618,2.2126,3.3645,1.2784,3.5148
58.0000,98.3985,2.1778,3.2565,1.2372,3.3886
58.0500,98.4350,2.1432,3.1505,1.1968,3.2642
58.1000,98.4715,2.1086,3.0464,1.1572,3.1419
58.1500,98.5078,2.0740,2.9443,1.1183,3.0216
58.2000,98.5442,2.0392,2.8441,1.0801,2.9034
58.2500,98.5805,2.0041,2.7459,1.0427,2.7874
58.3000,98.6169,1.9687,2.6496,1.0061,2.6738
58.3500,98.6533,1.9330,2.5553,0.9702,2.5624
58.4000,98.6897,1.8967,2.4629,0.9350,2.4535
58.4500,98.7262,1.8600,2.3725,0.9006,2.3471
58.5000,98.7627,1.8227,2.2840,0.8669,2.2432
58.5500,98.7993,1.7847,2.1975,0.8340,2.1418
58.6000,98.8359,1.7461,2.1129,0.8018,2.0431
58.6500,98.8726,1.7069,2.0302,0.7704,1.9470
58.7000,98.9093,1.6669,1.9494,0.7396,1.8537
58.7500,98.9461,1.6263,1.8705,0.7096,1.7630
58.8000,98.9828,1.5850,1.7935,0.6804,1.6750
58.8500,99.0195,1.5430,1.7184,0.6518,1.5898
58.9000,99.0562,1.5004,1.6452,0.6240,1.5074
58.9500,99.0927,1.4572,1.5739,0.5969,1.4276
59.0000,99.1291,1.4135,1.5045,0.5705,1.3507
59.0500,99.1653,1.3694,1.4369,0.5448,1.2764
59.1000,99.2012,1.3249,1.3711,0.5198,1.2048
59.1500,99.2368,1.2801,1.3072,0.4956,1.1358
59.2000,99.2720,1.2351,1.2451,0.4720,1.0695
59.2500,99.3067,1.1902,1.1848,0.4491,1.0056
59.3000,99.3409,1.1453,1.1262,0.4268,0.9443
59.3500,99.3744,1.1007,1.0695,0.4053,0.8854
59.4000,99.4071,1.0566,1.0145,0.3844,0.8288
59.4500,99.4390,1.0131,0.9613,0.3642,0.7744
59.5000,99.4699,0.9706,0.9098,0.3447,0.7221
59.5500,99.4997,0.9290,0.8601,0.3258,0.6718
59.6000,99.5285,0.8885,0.8120,0.3076,0.6236
59.6500,99.5562,0.8491,0.7656,0.2900,0.5774
59.7000,99.5828,0.8106,0.7209,0.2730,0.5332
59.7500,99.6083,0.7731,0.6778,0.2567,0.4910
59.8000,99.6329,0.7364,0.6364,0.2410,0.4509
59.8500,99.6564,0.7007,0.5965,0.2259,0.4129
59.9000,99.6790,0.6658,0.5583,0.2114,0.3769
59.9500,99.7006,0.6317,0.5216,0.1974,0.3429
60.0000,99.7212,0.5984,0.4864,0.1841,0.3109
60.0500,99.7409,0.5659,0.4527,0.1714,0.2809
60.1000,99.7597,0.5342,0.4206,0.1592,0.2529
60.1500,99.7776,0.5032,0.3899,0.1476,0.2268
60.2000,99.7946,0.4730,0.3607,0.1365,0.2026
60.2500,99.8108,0.4435,0.3328,0.1259,0.1803
60.3000,99.8261,0.4147,0.3064,0.1159,0.1598
60.3500,99.8405,0.3867,0.2814,0.1064,0.1410
60.4000,99.8542,0.3594,0.2576,0.0975,0.1240
60.4500,99.8671,0.3330,0.2352,0.0890,0.1086
60.5000,99.8792,0.3073,0.2141,0.0810,0.0948
60.5500,99.8906,0.2824,0.1942,0.0734,0.0825
60.6000,99.9013,0.2584,0.1755,0.0664,0.0716
60.6500,99.9113,0.2353,0.1580,0.0598,0.0620
60.7000,99.9206,0.2130,0.1417,0.0536,0.0536
60.7500,99.9292,0.1918,0.1265,0.0478,0.0464
60.8000,99.9372,0.1716,0.1124,0.0425,0.0401
60.8500,99.9446,0.1524,0.0993,0.0375,0.0347
60.9000,99.9514,0.1344,0.0873,0.0330,0.0301
60.9500,99.9576,0.1176,0.0762,0.0288,0.0261
61.0000,99.9633,0.1021,0.0661,0.0250,0.0226
61.0500,99.9684,0.0880,0.0569,0.0215,0.0195
61.1000,99.9731,0.0752,0.0486,0.0184,0.0166
61.1500,99.9773,0.0637,0.0411,0.0155,0.0140
61.2000,99.9810,0.0533,0.0344,0.0130,0.0117
61.2500,99.9843,0.0442,0.0285,0.0108,0.0097
61.3000,99.9872,0.0361,0.0232,0.0088,0.0079
61.3500,99.9897,0.0290,0.0187,0.0071,0.0063
61.4000,99.9919,0.0229,0.0148,0.0056,0.0050
61.4500,99.9937,0.0178,0.0114,0.0043,0.0039
61.5000,99.9953,0.0134,0.0086,0.0033,0.0029
61.5500,99.9966,0.0098,0.0063,0.0024,0.0021
61.6000,99.9976,0.0069,0.0044,0.0017,0.0015
61.6500,99.9984,0.0047,0.0030,0.0011,0.0010
61.7000,99.9990,0.0030,0.0019,0.0007,0.0006
61.7500,99.9994,0.0017,0.0011,0.0004,0.0004
61.8000,99.9997,0.0009,0.0006,0.0002,0.0002
61.8500,99.9999,0.0004,0.0002,0.0001,0.0001
61.9000,100.0000,0.0001,0.0001,0.0000,0.0000
61.9500,100.0000,0.0000,0.0000,0.0000,0.0000
62.0000,100.0000,0.0000,0.0000,0.0000,0.0000
62.0500,100.0000,0.0000,0.0000,0.0000,0.0000
62.1000,100.0000,0.0000,0.0000,0.0000,0.0000
62.1500,100.0000,0.0000,0.0000,0.0000,0.0000
62.2000,100.0000,0.0000,0.0000,0.0000,0.0000
62.2500,100.0000,0.0000,0.0000,0.0000,0.0000
62.3000,100.0000,0.0000,0.0000,0.0000,0.0000
62.3500,100.0000,0.0000,0.0000,0.0000,0.0000
62.4000,100.0000,0.0000,0.0000,0.0000,0.0000
62.4500,100.0000,0.0000,0.0000,0.0000,0.0000
62.5000,100.0000,0.0000,0.0000,0.0000,0.0000
62.5500,100.0000,0.0000,0.0000,0.0000,0.0000
62.6000,100.0000,0.0000,0.0000,0.0000,0.0000
62.6500,100.0000,0.0000,0.0000,0.0000,0.0000
62.7000,100.0000,0.0000,0.0000,0.0000,0.0000
62.7500,100.0000,0.0000,0.0000,0.0000,0.0000
62.8000,100.0000,0.0000,0.0000,0.0000,0.0000
62.8500,100.0000,0.0000,0.0000,0.0000,0.0000
62.9000,100.0000,0.0000,0.0000,0.0000,0.0000
62.9500,100.0000,0.0000,0.0000,0.0000,0.0000
63.0000,100.0000,0.0000,0.0000,0.0000,0.0000
63.0500,100.0000,0.0000,0.0000,0.0000,0.0000
63.1000,100.0000,0.0000,0.0000,0.0000,0.0000
63.1500,100.0000,0.0000,0.0000,0.0000,0.0000
63.2000,100.0000,0.0000,0.0000,0.0000,0.0000
63.2500,100.0000,0.0000,0.0000,0.0000,0.0000
63.3000,100.0000,0.0000,0.0000,0.0000,0.0000
63.3500,100.0000,0.0000,0.0000,0.0000,0.0000
63.4000,100.0000,0.0000,0.0000,0.0000,0.0000
63.4500,100.0000,0.0000,0.0000,0.0000,0.0000
63.5000,100.0000,0.0000,0.0000,0.0000,0.0000
63.5500,100.0000,0.0000,0.0000,0.0000,0.0000
63.6000,100.0000,0.0000,0.0000,0.0000,0.0000
63.6500,100.0000,0.0000,0.0000,0.0000,0.0000
63.7000,100.0000,0.0000,0.0000,0.0000,0.0000
63.7500,100.0000,0.0000,0.0000,0.0000,0.0000
63.8000,100.0000,0.0000,0.0000,0.0000,0.0000
63.8500,100.0000,0.0000,0.0000,0.0000,0.0000
63.9000,100.0000,0.0000,0.0000,0.0000,0.0000
63.9500,100.0000,0.0000,0.0000,0.0000,0.0000
64.0000,100.0000,0.0000,0.0000,0.0000,0.0000
64.0500,100.0000,0.0000,0.0000,0.0000,0.0000
64.1000,100.0000,0.0000,0.0000,0.0000,0.0000
64.1500,100.0000,0.0000,0.0000,0.0000,0.0000
64.2000,100.0000,0.0000,0.0000,0.0000,0.0000
64.2500,100.0000,0.0000,0.0000,0.0000,0.0000
64.3000,100.0000,0.0000,0.0000,0.0000,0.0000
64.3500,100.0000,0.0000,0.0000,0.0000,0.0000
64.4000,100.0000,0.0000,0.0000,0.0000,0.0000
64.4500,100.0000,0.0000,0.0000,0.0000,0.0000
64.5000,100.0000,0.0000,0.0000,0.0000,0.0000
64.5500,100.0000,0.0000,0.0000,0.0000,0.0000
64.6000,100.0000,0.0000,0.0000,0.0000,0.0000
64.6500,100.0000,0.0000,0.0000,0.0000,0.0000
64.7000,100.0000,0.0000,0.0000,0.0000,0.0000
64.7500,100.0000,0.0000,0.0000,0.0000,0.0000
64.8000,100.0000,0.0000,0.0000,0.0000,0.0000
64.8500,100.0000,0.0000,0.0000,0.0000,0.0000
64.9000,100.0000,0.0000,0.0000,0.0000,0.0000
64.9500,100.0000,0.0000,0.0000,0.0000,0.0000
65.0000,100.0000,0.0000,0.0000,0.0000,0.0000
65.0500,100.0000,0.0000,0.0000,0.0000,0.0000
65.1000,100.0000,0.0000,0.0000,0.0000,0.0000
65.1500,100.0000,0.0000,0.0000,0.0000,0.0000
65.2000,100.0000,0.0000,0.0000,0.0000,0.0000
65.2500,100.0000,0.0000,0.0000,0.0000,0.0000
65.3000,100.0000,0.0000,0.0000,0.0000,0.0000
65.3500,100.0000,0.0000,0.0000,0.0000,0.0000
65.4000,100.0000,0.0000,0.0000,0.0000,0.0000
65.4500,100.0000,0.0000,0.0000,0.0000,0.0000
65.5000,100.0000,0.0000,0.0000,0.0000,0.0000
65.5500,100.0000,0.0000,0.0000,0.0000,0.0000
65.6000,100.0000,0.0000,0.0000,0.0000,0.0000
65.6500,100.0000,0.0000,0.0000,0.0000,0.0000
65.7000,100.0000,0.0000,0.0000,0.0000,0.0000
65.7500,100.0000,0.0000,0.0000,0.0000,0.0000
65.8000,100.0000,0.0000,0.0000,0.0000,0.0000
65.8500,100.0000,0.0000,0.0000,0.0000,0.0000
65.9000,100.0000,0.0000,0.0000,0.0000,0.0000
65.9500,100.0000,0.0000,0.0000,0.0000,0.0000
66.0000,100.0000,0.0000,0.0000,0.0000,0.0000
66.0500,100.0000,0.0000,0.0000,0.0000,0.0000
66.1000,100.0000,0.0000,0.0000,0.0000,0.0000
66.1500,100.0000,0.0000,0.0000,0.0000,0.0000
66.2000,100.0000,0.0000,0.0000,0.0000,0.0000
66.2500,100.0000,0.0000,0.0000,0.0000,0.0000
66.3000,100.0000,0.0000,0.0000,0.0000,0.0000
66.3500,100.0000,0.0000,0.0000,0.0000,0.0000
66.4000,100.0000,0.0000,0.0000,0.0000,0.0000
66.4500,100.0000,0.0000,0.0000,0.0000,0.0000
66.5000,100.0000,0.0000,0.0000,0.0000,0.0000
66.5500,100.0000,0.0000,0.0000,0.0000,0.0000
66.6000,100.0000,0.0000,0.0000,0.0000,0.0000
66.6500,100.0000,0.0000,0.0000,0.0000,0.0000
66.7000,100.0000,0.0000,0.0000,0.0000,0.0000
66.7500,100.0000,0.0000,0.0000,0.0000,0.0000
66.8000,100.0000,0.0000,0.0000,0.0000,0.0000
66.8500,100.0000,0.0000,0.0000,0.0000,0.0000
66.9000,100.0000,0.0000,0.0000,0.0000,0.0000
66.9500,100.0000,0.0000,0.0000,0.0000,0.0000
67.0000,100.0000,0.0000,0.0000,0.0000,0.0000
67.0500,100.0000,0.0001,0.0001,0.0000,0.0000
67.1000,99.9999,0.0004,0.0005,0.0000,0.0000
67.1500,99.9998,0.0015,0.0015,0.0000,0.0000
67.2000,99.9996,0.0035,0.0036,0.0000,0.0000
67.2500,99.9992,0.0068,0.0069,0.0000,0.0000
67.3000,99.9986,0.0117,0.0118,0.0000,0.0000
67.3500,99.9978,0.0185,0.0186,0.0000,0.0000
67.4000,99.9968,0.0274,0.0275,0.0000,0.0000
67.4500,99.9954,0.0387,0.0387,0.0000,0.0000
67.5000,99.9938,0.0526,0.0526,0.0000,0.0000
67.5500,99.9917,0.0695,0.0693,0.0000,0.0000
67.6000,99.9893,0.0895,0.0891,0.0000,0.0000
67.6500,99.9864,0.1129,0.1121,0.0000,0.0000
67.7000,99.9830,0.1399,0.1386,0.0000,0.0000
67.7500,99.9792,0.1707,0.1687,0.0000,0.0000
67.8000,99.9748,0.2055,0.2026,0.0000,0.0000
67.8500,99.9699,0.2445,0.2405,0.0000,0.0000
67.9000,99.9644,0.2880,0.2825,0.0000,0.0000
67.9500,99.9582,0.3359,0.3288,0.0000,0.0000
68.0000,99.9514,0.3887,0.3795,0.0000,0.0000
68.0500,99.9439,0.4463,0.4347,0.0000,0.0000
68.1000,99.9357,0.5089,0.4946,0.0000,0.0000
68.1500,99.9267,0.5768,0.5593,0.0000,0.0000
68.2000,99.9170,0.6499,0.6287,0.0000,0.0000
68.2500,99.9064,0.7286,0.7032,0.0000,0.0000
68.3000,99.8951,0.8127,0.7826,0.0000,0.0000
68.3500,99.8828,0.9026,0.8672,0.0000,0.0000
68.4000,99.8697,0.9983,0.9569,0.0000,0.0000
68.4500,99.8556,1.0998,1.0518,0.0000,0.0000
68.5000,99.8407,1.2073,1.1520,0.0000,0.0000
68.5500,99.8247,1.3208,1.2574,0.0000,0.0000
68.6000,99.8077,1.4399,1.3679,0.0000,0.0000
68.6500,99.7897,1.5640,1.4833,0.0000,0.0000
68.7000,99.7707,1.6929,1.6033,0.0000,0.0000
68.7500,99.7506,1.8260,1.7276,0.0000,0.0000
68.8000,99.7294,1.9630,1.8562,0.0000,0.0000
68.8500,99.7071,2.1036,1.9887,0.0000,0.0000
68.9000,99.6836,2.2473,2.1250,0.0000,0.0000
68.9500,99.6590,2.3940,2.2650,0.0000,0.0000
69.0000,99.6332,2.5432,2.4084,0.0000,0.0000
69.0500,99.6061,2.6947,2.5552,0.0000,0.0000
69.1000,99.5778,2.8484,2.7050,0.0000,0.0000
69.1500,99.5483,3.0039,2.8579,0.0000,0.0000
69.2000,99.5175,3.1610,3.0136,0.0000,0.0000
69.2500,99.4853,3.3195,3.1721,0.0000,0.0000
69.3000,99.4519,3.4793,3.3331,0.0000,0.0000
69.3500,99.4171,3.6402,3.4966,0.0000,0.0000
69.4000,99.3809,3.8021,3.6626,0.0000,0.0000
69.4500,99.3434,3.9648,3.8307,0.0000,0.0000
69.5000,99.3044,4.1282,4.0011,0.0000,0.0000
69.5500,99.2640,4.2922,4.1735,0.0000,0.0000
69.6000,99.2222,4.4567,4.3479,0.0000,0.0000
69.6500,99.1789,4.6218,4.5242,0.0000,0.0000
69.7000,99.1342,4.7872,4.7024,0.0000,0.0000
69.7500,99.0879,4.9530,4.8823,0.0000,0.0000
69.8000,99.0402,5.1191,5.0640,0.0000,0.0000
69.8500,98.9909,5.2855,5.2473,0.0000,0.0000
69.9000,98.9400,5.4522,5.4322,0.0000,0.0000
69.9500,98.8876,5.6192,5.6186,0.0000,0.0000
70.0000,98.8336,5.7864,5.8065,0.0000,0.0000
70.0500,98.7780,5.9540,5.9958,0.0000,0.0000
70.1000,98.7212,6.1216,6.1860,0.0000,0.0000
70.1500,98.6632,6.2890,6.3765,0.0000,0.0000
70.2000,98.6044,6.4560,6.5667,0.0000,0.0000
70.2500,98.5449,6.6225,6.7563,0.0000,0.0000
70.3000,98.4850,6.7883,6.9447,0.0000,0.0000
70.3500,98.4248,6.9531,7.1316,0.0000,0.0000
70.4000,98.3646,7.1170,7.3165,0.0000,0.0000
70.4500,98.3044,7.2798,7.4991,0.0000,0.0000
70.5000,98.2445,7.4415,7.6791,0.0000,0.0000
70.5500,98.1849,7.6019,7.8561,0.0000,0.0000
70.6000,98.1258,7.7610,8.0300,0.0000,0.0000
70.6500,98.0672,7.9188,8.2005,0.0000,0.0000
70.7000,98.0093,8.0753,8.3674,0.0000,0.0000
70.7500,97.9521,8.2305,8.5304,0.0000,0.0000
70.8000,97.8958,8.3843,8.6895,0.0000,0.0000
70.8500,97.8403,8.5369,8.8445,0.0000,0.0000
70.9000,97.7858,8.6882,8.9953,0.0000,0.0000
70.9500,97.7322,8.8383,9.1418,0.0000,0.0000
71.0000,97.6796,8.9873,9.2840,0.0000,0.0000
71.0500,97.6280,9.1352,9.4217,0.0000,0.0000
71.1000,97.5774,9.2822,9.5551,0.0000,0.0000
71.1500,97.5278,9.4283,9.6840,0.0000,0.0000
71.2000,97.4793,9.5736,9.8085,0.0000,0.0000
71.2500,97.4317,9.7182,9.9286,0.0000,0.0000
71.3000,97.3851,9.8622,10.0444,0.0000,0.0000
71.3500,97.3394,10.0058,10.1560,0.0000,0.0000
71.4000,97.2947,10.1491,10.2634,0.0000,0.0000
71.4500,97.2507,10.2922,10.3667,0.0000,0.0000
71.5000,97.2076,10.4352,10.4660,0.0000,0.0000
71.5500,97.1653,10.5783,10.5614,0.0000,0.0000
71.6000,97.1239,10.7215,10.6529,0.0004,0.0000
71.6500,97.0836,10.8648,10.7402,0.0012,0.0000
71.7000,97.0447,11.0083,10.8233,0.0029,0.0000
71.7500,97.0072,11.1519,10.9022,0.0056,0.0000
71.8000,96.9714,11.2958,10.9768,0.0095,0.0000
71.8500,96.9372,11.4399,11.0471,0.0148,0.0000
71.9000,96.9048,11.5844,11.1130,0.0217,0.0000
71.9500,96.8743,11.7293,11.1748,0.0305,0.0000
72.0000,96.8457,11.8747,11.2323,0.0412,0.0000
72.0500,96.8191,12.0206,11.2857,0.0539,0.0000
72.1000,96.7944,12.1672,11.3351,0.0689,0.0000
72.1500,96.7718,12.3146,11.3805,0.0862,0.0000
72.2000,96.7510,12.4628,11.4222,0.1059,0.0000
72.2500,96.7323,12.6120,11.4602,0.1282,0.0000
72.3000,96.7154,12.7622,11.4947,0.1531,0.0000
72.3500,96.7004,12.9135,11.5259,0.1807,0.0000
72.4000,96.6873,13.0662,11.5540,0.2110,0.0000
72.4500,96.6758,13.2202,11.5792,0.2440,0.0000
72.5000,96.6659,13.3757,11.6017,0.2799,0.0000
72.5500,96.6576,13.5327,11.6216,0.3187,0.0000
72.6000,96.6507,13.6915,11.6394,0.3603,0.0000
72.6500,96.6451,13.8522,11.6551,0.4048,0.0000
72.7000,96.6407,14.0147,11.6691,0.4522,0.0000
72.7500,96.6373,14.1793,11.6816,0.5024,0.0000
72.8000,96.6348,14.3461,11.6928,0.5555,0.0000
72.8500,96.6331,14.5150,11.7031,0.6115,0.0000
72.9000,96.6319,14.6864,11.7127,0.6702,0.0000
72.9500,96.6312,14.8602,11.7220,0.7317,0.0000
73.0000,96.6307,15.0365,11.7311,0.7959,0.0000
73.0500,96.6301,15.2155,11.7405,0.8628,0.0000
73.1000,96.6284,15.3969,11.7513,0.9328,0.0002
73.1500,96.6247,15.5806,11.7647,1.0061,0.0006
73.2000,96.6181,15.7664,11.7815,1.0831,0.0014
73.2500,96.6076,15.9541,11.8028,1.1639,0.0028
73.3000,96.5928,16.1437,11.8292,1.2490,0.0047
73.3500,96.5729,16.3350,11.8615,1.3384,0.0074
73.4000,96.5475,16.5278,11.9003,1.4324,0.0109
73.4500,96.5161,16.7221,11.9461,1.5310,0.0152
73.5000,96.4784,16.9177,11.9992,1.6346,0.0206
73.5500,96.4341,17.1145,12.0600,1.7431,0.0270
73.6000,96.3830,17.3125,12.1289,1.8567,0.0344
73.6500,96.3251,17.5116,12.2059,1.9754,0.0431
73.7000,96.2601,17.7117,12.2913,2.0993,0.0530
73.7500,96.1881,17.9126,12.3851,2.2284,0.0641
73.8000,96.1092,18.1144,12.4873,2.3626,0.0765
73.8500,96.0233,18.3170,12.5980,2.5021,0.0903
73.9000,95.9306,18.5204,12.7169,2.6467,0.1055
73.9500,95.8312,18.7243,12.8441,2.7964,0.1220
74.0000,95.7254,18.9289,12.9794,2.9512,0.1400
74.0500,95.6133,19.1341,13.1225,3.1109,0.1593
74.1000,95.4952,19.3398,13.2732,3.2754,0.1802
74.1500,95.3713,19.5459,13.4314,3.4447,0.2024
74.2000,95.2419,19.7525,13.5966,3.6186,0.2261
74.2500,95.1074,19.9595,13.7687,3.7970,0.2512
74.3000,94.9679,20.1668,13.9473,3.9796,0.2778
74.3500,94.8239,20.3744,14.1321,4.1665,0.3057
74.4000,94.6756,20.5823,14.3227,4.3573,0.3351
74.4500,94.5233,20.7905,14.5188,4.5519,0.3659
74.5000,94.3675,20.9988,14.7201,4.7501,0.3980
74.5500,94.2084,21.2073,14.9260,4.9518,0.4315
74.6000,94.0470,21.4156,15.1361,5.1572,0.4672
74.6500,93.8839,21.6235,15.3497,5.3666,0.5058
74.7000,93.7200,21.8306,15.5662,5.5803,0.5480
74.7500,93.5561,22.0367,15.7851,5.7986,0.5945
74.8000,93.3928,22.2417,16.0057,6.0216,0.6458
74.8500,93.2309,22.4451,16.2275,6.2494,0.7025
74.9000,93.0708,22.6468,16.4500,6.4822,0.7651
74.9500,92.9133,22.8466,16.6727,6.7201,0.8341
75.0000,92.7587,23.0443,16.8952,6.9630,0.9099
75.0500,92.6076,23.2397,17.1171,7.2111,0.9929
75.1000,92.4604,23.4326,17.3379,7.4644,1.0834
75.1500,92.3174,23.6230,17.5573,7.7227,1.1817
75.2000,92.1790,23.8105,17.7749,7.9860,1.2880
75.2500,92.0454,23.9952,17.9904,8.2543,1.4027
75.3000,91.9169,24.1769,18.2036,8.5274,1.5258
75.3500,91.7936,24.3554,18.4142,8.8052,1.6575
75.4000,91.6757,24.5307,18.6219,9.0876,1.7980
75.4500,91.5632,24.7027,18.8267,9.3743,1.9473
75.5000,91.4561,24.8714,19.0284,9.6652,2.1054
75.5500,91.3545,25.0365,19.2268,9.9601,2.2725
75.6000,91.2583,25.1982,19.4219,10.2590,2.4484
75.6500,91.1673,25.3563,19.6136,10.5617,2.6332
75.7000,91.0814,25.5107,19.8019,10.8683,2.8267
75.7500,91.0005,25.6616,19.9867,11.1784,3.0290
75.8000,90.9242,25.8089,20.1683,11.4921,3.2398
75.8500,90.8522,25.9525,20.3465,11.8091,3.4591
75.9000,90.7843,26.0924,20.5214,12.1293,3.6866
75.9500,90.7201,26.2288,20.6933,12.4524,3.9223
76.0000,90.6592,26.3615,20.8623,12.7784,4.1658
76.0500,90.6012,26.4906,21.0284,13.1069,4.4172
76.1000,90.5456,26.6160,21.1919,13.4377,4.6765
76.1500,90.4919,26.7373,21.3530,13.7707,4.9441
76.2000,90.4396,26.8545,21.5119,14.1056,5.2202
76.2500,90.3882,26.9673,21.6689,14.4421,5.5050
76.3000,90.3371,27.0756,21.8242,14.7799,5.7985
76.3500,90.2856,27.1795,21.9781,15.1189,6.1009
76.4000,90.2333,27.2787,22.1308,15.4588,6.4123
76.4500,90.1794,27.3732,22.2827,15.7993,6.7325
76.5000,90.1234,27.4630,22.4340,16.1401,7.0616
76.5500,90.0645,27.5481,22.5850,16.4809,7.3995
76.6000,90.0023,27.6286,22.7360,16.8216,7.7461
76.6500,89.9359,27.7045,22.8874,17.1617,8.1013
76.7000,89.8648,27.7759,23.0394,17.5010,8.4648
76.7500,89.7883,27.8429,23.1922,17.8393,8.8364
76.8000,89.7058,27.9056,23.3461,18.1763,9.2160
76.8500,89.6166,27.9642,23.5015,18.5117,9.6033
76.9000,89.5202,28.0189,23.6585,18.8452,9.9978
76.9500,89.4159,28.0699,23.8173,19.1765,10.3995
77.0000,89.3032,28.1169,23.9782,19.5054,10.8078
77.0500,89.1816,28.1598,24.1412,19.8317,11.2225
77.1000,89.0505,28.1980,24.3067,20.1550,11.6432
77.1500,88.9095,28.2314,24.4749,20.4751,12.0694
77.2000,88.7582,28.2596,24.6461,20.7918,12.5007
77.2500,88.5961,28.2824,24.8203,21.1048,12.9368
77.3000,88.4230,28.2996,24.9977,21.4139,13.3771
77.3500,88.2385,28.3109,25.1785,21.7189,13.8212
77.4000,88.0425,28.3163,25.3627,22.0195,14.2686
77.4500,87.8347,28.3155,25.5502,22.3155,14.7188
77.5000,87.6152,28.3084,25.7410,22.6067,15.1714
77.5500,87.3841,28.2949,25.9351,22.8929,15.6257
77.6000,87.1418,28.2750,26.1328,23.1737,16.0811
77.6500,86.8891,28.2485,26.3343,23.4485,16.5366
77.7000,86.6267,28.2156,26.5397,23.7171,16.9917
77.7500,86.3554,28.1762,26.7491,23.9790,17.4454
77.8000,86.0762,28.1303,26.9624,24.2338,17.8971
77.8500,85.7900,28.0780,27.1795,24.4812,18.3460
77.9000,85.4979,28.0194,27.4000,24.7210,18.7914
77.9500,85.2011,27.9546,27.6234,24.9527,19.2326
78.0000,84.9008,27.8839,27.8492,25.1762,19.6689
78.0500,84.5983,27.8073,28.0767,25.3911,20.0995
78.1000,84.2938,27.7251,28.3062,25.5974,20.5239
78.1500,83.9879,27.6375,28.5380,25.7948,20.9413
78.2000,83.6805,27.5449,28.7724,25.9831,21.3512
78.2500,83.3721,27.4475,29.0098,26.1622,21.7529
78.3000,83.0627,27.3457,29.2504,26.3320,22.1459
78.3500,82.7525,27.2399,29.4946,26.4924,22.5295
78.4000,82.4418,27.1304,29.7427,26.6433,22.9032
78.4500,82.1306,27.0179,29.9951,26.7846,23.2664
78.5000,81.8192,26.9028,30.2520,26.9164,23.6187
78.5500,81.5075,26.7854,30.5138,27.0386,23.9595
78.6000,81.1957,26.6659,30.7806,27.1513,24.2883
78.6500,80.8839,26.5443,31.0523,27.2545,24.6046
78.7000,80.5721,26.4206,31.3288,27.3482,24.9081
78.7500,80.2605,26.2947,31.6091,27.4325,25.1983
78.8000,79.9490,26.1666,31.8924,27.5076,25.4748
78.8500,79.6377,26.0365,32.1779,27.5735,25.7371
78.9000,79.3266,25.9042,32.4649,27.6304,25.9850
78.9500,79.0156,25.7698,32.7527,27.6784,26.2181
79.0000,78.7048,25.6333,33.0406,27.7177,26.4361
79.0500,78.3942,25.4948,33.3280,27.7484,26.6387
79.1000,78.0840,25.3543,33.6145,27.7706,26.8256
79.1500,77.7744,25.2118,33.8995,27.7842,26.9966
79.2000,77.4656,25.0674,34.1827,27.7891,27.1514
79.2500,77.1577,24.9211,34.4635,27.7854,27.2898
79.3000,76.8508,24.7731,34.7416,27.7732,27.4117
79.3500,76.5451,24.6233,35.0169,27.7526,27.5169
79.4000,76.2405,24.4719,35.2890,27.7236,27.6051
79.4500,75.9372,24.3189,35.5577,27.6863,27.6765
79.5000,75.6352,24.1645,35.8229,27.6410,27.7307
79.5500,75.3344,24.0087,36.0846,27.5879,27.7678
79.6000,75.0348,23.8517,36.3426,27.5271,27.7877
79.6500,74.7363,23.6936,36.5970,27.4589,27.7904
79.7000,74.4388,23.5346,36.8478,27.3836,27.7758
79.7500,74.1422,23.3747,37.0952,27.3014,27.7440
79.8000,73.8464,23.2142,37.3393,27.2126,27.6951
79.8500,73.5512,23.0532,37.5803,27.1176,27.6290
79.9000,73.2564,22.8919,37.8186,27.0166,27.5459
79.9500,72.9617,22.7306,38.0543,26.9101,27.4459
80.0000,72.6669,22.5693,38.2879,26.7983,27.3291
80.0500,72.3717,22.4084,38.5197,26.6817,27.1956
80.1000,72.0762,22.2478,38.7497,26.5607,27.0456
80.1500,71.7803,22.0874,38.9778,26.4356,26.8793
80.2000,71.4839,21.9272,39.2038,26.3069,26.6969
80.2500,71.1870,21.7672,39.4277,26.1750,26.4986
80.3000,70.8896,21.6072,39.6494,26.0403,26.2847
80.3500,70.5917,21.4473,39.8690,25.9033,26.0554
80.4000,70.2931,21.2873,40.0863,25.7644,25.8110
80.4500,69.9938,21.1272,40.3013,25.6240,25.5518
80.5000,69.6937,20.9669,40.5140,25.4826,25.2782
80.5500,69.3929,20.8065,40.7245,25.3406,24.9907
80.6000,69.0919,20.6460,40.9327,25.1979,24.6898
80.6500,68.7915,20.4858,41.1387,25.0544,24.3764
80.7000,68.4923,20.3260,41.3425,24.9102,24.0513
80.7500,68.1949,20.1667,41.5441,24.7651,23.7151
80.8000,67.8998,20.0081,41.7436,24.6193,23.3687
80.8500,67.6074,19.8505,41.9410,24.4726,23.0128
80.9000,67.3182,19.6939,42.1365,24.3253,22.6482
80.9500,67.0325,19.5384,42.3301,24.1773,22.2755
81.0000,66.7507,19.3842,42.5218,24.0288,21.8955
81.0500,66.4730,19.2313,42.7117,23.8798,21.5090
81.1000,66.1996,19.0800,42.9000,23.7305,21.1167
81.1500,65.9307,18.9302,43.0868,23.5809,20.7193
81.2000,65.6665,18.7821,43.2720,23.4314,20.3176
81.2500,65.4069,18.6357,43.4559,23.2819,19.9122
81.3000,65.1520,18.4912,43.6385,23.1326,19.5039
81.3500,64.9019,18.3486,43.8199,22.9837,19.0934
81.4000,64.6564,18.2079,44.0003,22.8353,18.6813
81.4500,64.4154,18.0693,44.1797,22.6877,18.2685
81.5000,64.1789,17.9328,44.3582,22.5408,17.8555
81.5500,63.9466,17.7985,44.5359,22.3950,17.4431
81.6000,63.7186,17.6663,44.7126,22.2505,17.0319
81.6500,63.4950,17.5361,44.8882,22.1079,16.6226
81.7000,63.2757,17.4079,45.0624,21.9675,16.2159
81.7500,63.0608,17.2815,45.2349,21.8298,15.8124
81.8000,62.8503,17.1569,45.4054,21.6953,15.4127
81.8500,62.6440,17.0339,45.5737,21.5643,15.0176
81.9000,62.4420,16.9125,45.7394,21.4374,14.6275
81.9500,62.2442,16.7925,45.9022,21.3149,14.2432
82.0000,62.0505,16.6739,46.0617,21.1973,13.8652
82.0500,61.8608,16.5567,46.2175,21.0849,13.4941
82.1000,61.6752,16.4411,46.3691,20.9777,13.1305
82.1500,61.4939,16.3277,46.5161,20.8755,12.7749
82.2000,61.3169,16.2168,46.6579,20.7783,12.4279
82.2500,61.1442,16.1088,46.7941,20.6858,12.0900
82.3000,60.9761,16.0040,46.9241,20.5982,11.7617
82.3500,60.8123,15.9028,47.0473,20.5153,11.4435
82.4000,60.6529,15.8054,47.1630,20.4371,11.1359
82.4500,60.4978,15.7121,47.2706,20.3635,10.8393
82.5000,60.3469,15.6232,47.3694,20.2945,10.5542
82.5500,60.2002,15.5390,47.4586,20.2301,10.2810
82.6000,60.0574,15.4595,47.5381,20.1701,10.0201
82.6500,59.9184,15.3851,47.6087,20.1147,9.7718
82.7000,59.7831,15.3159,47.6711,20.0638,9.5365
82.7500,59.6511,15.2521,47.7262,20.0172,9.3146
82.8000,59.5224,15.1939,47.7749,19.9750,9.1063
82.8500,59.3965,15.1414,47.8179,19.9370,8.9118
82.9000,59.2732,15.0949,47.8561,19.9033,8.7315
82.9500,59.1522,15.0544,47.8901,19.8736,8.5656
83.0000,59.0332,15.0201,47.9209,19.8479,8.4142
83.0500,58.9158,14.9922,47.9490,19.8260,8.2774
83.1000,58.7998,14.9705,47.9750,19.8083,8.1557
83.1500,58.6850,14.9549,47.9997,19.7949,8.0491
83.2000,58.5710,14.9452,48.0234,19.7861,7.9579
83.2500,58.4577,14.9412,48.0467,19.7823,7.8823
83.3000,58.3447,14.9427,48.0701,19.7836,7.8225
83.3500,58.2317,14.9496,48.0941,19.7903,7.7786
83.4000,58.1185,14.9616,48.1193,19.8027,7.7506
83.4500,58.0047,14.9786,48.1459,19.8209,7.7388
83.5000,57.8899,15.0002,48.1746,19.8453,7.7430
83.5500,57.7741,15.0265,48.2057,19.8761,7.7632
83.6000,57.6575,15.0578,48.2400,19.9137,7.7990
83.6500,57.5406,15.0947,48.2780,19.9585,7.8497
83.7000,57.4237,15.1379,48.3204,20.0110,7.9147
83.7500,57.3071,15.1876,48.3679,20.0714,7.9935
83.8000,57.1910,15.2443,48.4211,20.1403,8.0853
83.8500,57.0757,15.3085,48.4804,20.2177,8.1897
83.9000,56.9613,15.3804,48.5465,20.3041,8.3060
83.9500,56.8479,15.4603,48.6199,20.3996,8.4334
84.0000,56.7354,15.5485,48.7010,20.5043,8.5715
84.0500,56.6239,15.6452,48.7904,20.6185,8.7193
84.1000,56.5132,15.7507,48.8885,20.7422,8.8764
84.1500,56.4032,15.8651,48.9957,20.8754,9.0419
84.2000,56.2937,15.9885,49.1126,21.0181,9.2150
84.2500,56.1845,16.1211,49.2395,21.1704,9.3951
84.3000,56.0752,16.2630,49.3767,21.3320,9.5812
84.3500,55.9656,16.4143,49.5248,21.5029,9.7726
84.4000,55.8552,16.5750,49.6840,21.6828,9.9683
84.4500,55.7437,16.7452,49.8548,21.8716,10.1674
84.5000,55.6304,16.9249,50.0375,22.0688,10.3690
84.5500,55.5149,17.1142,50.2324,22.2743,10.5723
84.6000,55.3972,17.3128,50.4396,22.4882,10.7768
84.6500,55.2773,17.5204,50.6591,22.7106,10.9825
84.7000,55.1551,17.7367,50.8909,22.9417,11.1893
84.7500,55.0307,17.9614,51.1350,23.1817,11.3970
84.8000,54.9039,18.1941,51.3913,23.4306,11.6054
84.8500,54.7747,18.4344,51.6598,23.6885,11.8145
84.9000,54.6430,18.6821,51.9403,23.9556,12.0240
84.9500,54.5089,18.9367,52.2328,24.2319,12.2340
85.0000,54.3722,19.1978,52.5371,24.5174,12.4442
85.0500,54.2331,19.4651,52.8532,24.8123,12.6546
85.1000,54.0920,19.7389,53.1810,25.1164,12.8649
85.1500,53.9498,20.0196,53.5206,25.4298,13.0751
85.2000,53.8071,20.3075,53.8722,25.7525,13.2850
85.2500,53.6644,20.6028,54.2356,26.0844,13.4945
85.3000,53.5224,20.9058,54.6108,26.4255,13.7034
85.3500,53.3815,21.2167,54.9979,26.7757,13.9116
85.4000,53.2423,21.5355,55.3967,27.1349,14.1189
85.4500,53.1050,21.8623,55.8070,27.5030,14.3252
85.5000,52.9702,22.1972,56.2287,27.8799,14.5301
85.5500,52.8381,22.5402,56.6617,28.2655,14.7336
85.6000,52.7091,22.8914,57.1057,28.6596,14.9355
85.6500,52.5833,23.2505,57.5605,29.0621,15.1354
85.7000,52.4611,23.6176,58.0257,29.4728,15.3332
85.7500,52.3426,23.9925,58.5012,29.8915,15.5286
85.8000,52.2279,24.3752,58.9866,30.3179,15.7214
85.8500,52.1172,24.7655,59.4815,30.7520,15.9112
85.9000,52.0106,25.1632,59.9857,31.1934,16.0977
85.9500,51.9081,25.5681,60.4986,31.6420,16.2807
86.0000,51.8098,25.9800,61.0199,32.0974,16.4597
86.0500,51.7156,26.3988,61.5491,32.5595,16.6345
86.1000,51.6255,26.8239,62.0858,33.0280,16.8053
86.1500,51.5395,27.2548,62.6295,33.5025,16.9721
86.2000,51.4574,27.6909,63.1797,33.9829,17.1353
86.2500,51.3793,28.1318,63.7358,34.4688,17.2950
86.3000,51.3049,28.5766,64.2974,34.9600,17.4516
86.3500,51.2341,29.0250,64.8639,35.4561,17.6052
86.4000,51.1667,29.4761,65.4346,35.9568,17.7562
86.4500,51.1025,29.9295,66.0091,36.4618,17.9048
86.5000,51.0412,30.3843,66.5866,36.9709,18.0513
86.5500,50.9828,30.8400,67.1667,37.4837,18.1959
86.6000,50.9274,31.2959,67.7491,38.0001,18.3382
86.6500,50.8753,31.7512,68.3337,38.5202,18.4777
86.7000,50.8266,32.2054,68.9203,39.0438,18.6140
86.7500,50.7814,32.6575,69.5087,39.5709,18.7468
86.8000,50.7398,33.1071,70.0985,40.1013,18.8757
86.8500,50.7019,33.5532,70.6895,40.6349,19.0006
86.9000,50.6677,33.9953,71.2813,41.1717,19.1213
86.9500,50.6369,34.4325,71.8735,41.7114,19.2376
87.0000,50.6096,34.8643,72.4655,42.2540,19.3494
87.0500,50.5855,35.2897,73.0569,42.7992,19.4568
87.1000,50.5644,35.7082,73.6472,43.3470,19.5598
87.1500,50.5460,36.1190,74.2357,43.8972,19.6584
87.2000,50.5300,36.5213,74.8219,44.4495,19.7527
87.2500,50.5161,36.9146,75.4050,45.0040,19.8430
87.3000,50.5038,37.2979,75.9844,45.5603,19.9294
87.3500,50.4927,37.6707,76.5593,46.1183,20.0123
87.4000,50.4822,38.0323,77.1290,46.6779,20.0918
87.4500,50.4719,38.3819,77.6927,47.2389,20.1684
87.5000,50.4610,38.7189,78.2495,47.8013,20.2424
87.5500,50.4491,39.0426,78.7987,48.3647,20.3142
87.6000,50.4360,39.3523,79.3399,48.9288,20.3840
87.6500,50.4215,39.6479,79.8727,49.4932,20.4521
87.7000,50.4056,39.9292,80.3969,50.0575,20.5186
87.7500,50.3881,40.1963,80.9121,50.6212,20.5837
87.8000,50.3689,40.4491,81.4181,51.1838,20.6477
87.8500,50.3477,40.6877,81.9147,51.7450,20.7109
87.9000,50.3246,40.9119,82.4016,52.3043,20.7735
87.9500,50.2992,41.1218,82.8784,52.8613,20.8359
88.0000,50.2715,41.3175,83.3451,53.4154,20.8982
88.0500,50.2413,41.4987,83.8015,53.9665,20.9608
88.1000,50.2083,41.6652,84.2478,54.5144,21.0234
88.1500,50.1724,41.8165,84.6844,55.0594,21.0860
88.2000,50.1334,41.9520,85.1116,55.6015,21.1482
88.2500,50.0910,42.0714,85.5299,56.1407,21.2101
88.3000,50.0452,42.1744,85.9394,56.6771,21.2715
88.3500,49.9955,42.2606,86.3405,57.2107,21.3323
88.4000,49.9419,42.3298,86.7335,57.7414,21.3926
88.4500,49.8840,42.3818,87.1188,58.2694,21.4523
88.5000,49.8217,42.4163,87.4965,58.7945,21.5116
88.5500,49.7547,42.4333,87.8672,59.3168,21.5704
88.6000,49.6827,42.4327,88.2310,59.8361,21.6288
88.6500,49.6054,42.4142,88.5883,60.3525,21.6870
88.7000,49.5227,42.3781,88.9395,60.8658,21.7452
88.7500,49.4341,42.3242,89.2848,61.3761,21.8033
88.8000,49.3395,42.2526,89.6246,61.8832,21.8617
88.8500,49.2384,42.1633,89.9594,62.3872,21.9205
88.9000,49.1306,42.0566,90.2895,62.8880,21.9799
88.9500,49.0158,41.9325,90.6153,63.3855,22.0401
89.0000,48.8935,41.7912,90.9373,63.8798,22.1013
89.0500,48.7636,41.6330,91.2558,64.3708,22.1638
89.1000,48.6258,41.4580,91.5714,64.8582,22.2279
89.1500,48.4801,41.2666,91.8846,65.3418,22.2937
89.2000,48.3264,41.0589,92.1959,65.8212,22.3615
89.2500,48.1647,40.8355,92.5058,66.2962,22.4316
89.3000,47.9949,40.5965,92.8149,66.7665,22.5042
89.3500,47.8168,40.3424,93.1230,67.2318,22.5796
89.4000,47.6305,40.0736,93.4291,67.6919,22.6581
89.4500,47.4358,39.7904,93.7327,68.1466,22.7398
89.5000,47.2327,39.4934,94.0329,68.5954,22.8251
89.5500,47.0210,39.1829,94.3291,69.0385,22.9141
89.6000,46.8007,38.8591,94.6207,69.4759,23.0063
89.6500,46.5718,38.5223,94.9075,69.9080,23.1011
89.7000,46.3340,38.1727,95.1889,70.3352,23.1981
89.7500,46.0872,37.8107,95.4646,70.7577,23.2967
89.8000,45.8314,37.4365,95.7340,71.1759,23.3965
89.8500,45.5664,37.0504,95.9969,71.5898,23.4972
89.9000,45.2921,36.6529,96.2528,71.9990,23.5983
89.9500,45.0082,36.2442,96.5013,72.4033,23.6994
90.0000,44.7147,35.8249,96.7419,72.8025,23.8004
90.0500,44.4112,35.3952,96.9744,73.1961,23.9008
90.1000,44.0977,34.9558,97.1983,73.5841,24.0004
90.1500,43.7738,34.5068,97.4133,73.9661,24.0989
90.2000,43.4394,34.0490,97.6189,74.3420,24.1961
90.2500,43.0941,33.5826,97.8150,74.7117,24.2918
90.3000,42.7376,33.1082,98.0010,75.0749,24.3858
90.3500,42.3696,32.6262,98.1767,75.4316,24.4778
90.4000,41.9897,32.1372,98.3417,75.7818,24.5677
90.4500,41.5976,31.6415,98.4959,76.1254,24.6553
90.5000,41.1928,31.1397,98.6388,76.4624,24.7404
90.5500,40.7751,30.6323,98.7701,76.7928,24.8229
90.6000,40.3446,30.1199,98.8897,77.1162,24.9028
90.6500,39.9018,29.6034,98.9973,77.4321,24.9804
90.7000,39.4470,29.0835,99.0926,77.7401,25.0557
90.7500,38.9809,28.5610,99.1754,78.0398,25.1290
90.8000,38.5037,28.0367,99.2455,78.3306,25.2004
90.8500,38.0159,27.5113,99.3028,78.6122,25.2701
90.9000,37.5181,26.9856,99.3470,78.8842,25.3384
90.9500,37.0107,26.4605,99.3779,79.1462,25.4055
91.0000,36.4941,25.9365,99.3956,79.3979,25.4715
91.0500,35.9689,25.4145,99.3999,79.6389,25.5367
91.1000,35.4356,24.8947,99.3914,79.8689,25.6009
91.1500,34.8947,24.3773,99.3709,80.0877,25.6637
91.2000,34.3466,23.8625,99.3390,80.2949,25.7250
91.2500,33.7920,23.3506,99.2963,80.4904,25.7845
91.3000,33.2312,22.8418,99.2434,80.6740,25.8421
91.3500,32.6648,22.3364,99.1810,80.8454,25.8976
91.4000,32.0933,21.8347,99.1095,81.0046,25.9511
91.4500,31.5173,21.3369,99.0295,81.1515,26.0023
91.5000,30.9371,20.8434,98.9415,81.2858,26.0514
91.5500,30.3533,20.3543,98.8459,81.4078,26.0982
91.6000,29.7664,19.8699,98.7432,81.5172,26.1428
91.6500,29.1769,19.3905,98.6337,81.6142,26.1853
91.7000,28.5851,18.9164,98.5180,81.6987,26.2257
91.7500,27.9916,18.4477,98.3964,81.7710,26.2641
91.8000,27.3968,17.9846,98.2692,81.8312,26.3006
91.8500,26.8011,17.5275,98.1368,81.8794,26.3354
91.9000,26.2049,17.0763,97.9996,81.9159,26.3687
91.9500,25.6085,16.6312,97.8577,81.9409,26.4006
92.0000,25.0124,16.1924,97.7116,81.9548,26.4312
92.0500,24.4169,15.7600,97.5614,81.9578,26.4609
92.1000,23.8226,15.3345,97.4075,81.9498,26.4899
92.1500,23.2301,14.9165,97.2500,81.9306,26.5183
92.2000,22.6398,14.5067,97.0892,81.9001,26.5466
92.2500,22.0525,14.1056,96.9254,81.8581,26.5748
92.3000,21.4687,13.7138,96.7587,81.8043,26.6034
92.3500,20.8889,13.3318,96.5892,81.7388,26.6326
92.4000,20.3136,12.9603,96.4173,81.6614,26.6627
92.4500,19.7433,12.5997,96.2430,81.5718,26.6942
92.5000,19.1785,12.2506,96.0664,81.4701,26.7272
92.5500,18.6197,11.9134,95.8879,81.3561,26.7621
92.6000,18.0673,11.5885,95.7079,81.2297,26.7984
92.6500,17.5216,11.2765,95.5272,81.0908,26.8358
92.7000,16.9831,10.9776,95.3462,80.9393,26.8740
92.7500,16.4522,10.6922,95.1656,80.7753,26.9126
92.8000,15.9290,10.4207,94.9859,80.5985,26.9514
92.8500,15.4140,10.1633,94.8075,80.4089,26.9902
92.9000,14.9073,9.9202,94.6308,80.2066,27.0289
92.9500,14.4091,9.6917,94.4562,79.9914,27.0674
93.0000,13.9196,9.4778,94.2840,79.7634,27.1058
93.0500,13.4389,9.2787,94.1146,79.5224,27.1440
93.1000,12.9671,9.0944,93.9481,79.2685,27.1821
93.1500,12.5041,8.9248,93.7848,79.0016,27.2202
93.2000,12.0501,8.7700,93.6249,78.7217,27.2587
93.2500,11.6048,8.6297,93.4685,78.4289,27.2976
93.3000,11.1681,8.5038,93.3157,78.1230,27.3373
93.3500,10.7399,8.3919,93.1665,77.8041,27.3780
93.4000,10.3199,8.2939,93.0210,77.4722,27.4203
93.4500,9.9078,8.2092,92.8792,77.1273,27.4644
93.5000,9.5032,8.1374,92.7410,76.7693,27.5109
93.5500,9.1058,8.0781,92.6064,76.3984,27.5602
93.6000,8.7158,8.0315,92.4754,76.0147,27.6124
93.6500,8.3337,7.9976,92.3483,75.6185,27.6674
93.7000,7.9596,7.9769,92.2251,75.2102,27.7252
93.7500,7.5940,7.9694,92.1060,74.7902,27.7858
93.8000,7.2372,7.9753,91.9910,74.3587,27.8492
93.8500,6.8894,7.9947,91.8803,73.9161,27.9154
93.9000,6.5508,8.0278,91.7738,73.4629,27.9844
93.9500,6.2217,8.0745,91.6716,72.9993,28.0563
94.0000,5.9023,8.1348,91.5737,72.5259,28.1311
94.0500,5.5928,8.2088,91.4801,72.0429,28.2088
94.1000,5.2934,8.2963,91.3910,71.5508,28.2899
94.1500,5.0042,8.3970,91.3063,71.0497,28.3747
94.2000,4.7253,8.5107,91.2262,70.5402,28.4636
94.2500,4.4567,8.6371,91.1507,70.0224,28.5571
94.3000,4.1986,8.7758,91.0797,69.4967,28.6555
94.3500,3.9508,8.9266,91.0133,68.9636,28.7591
94.4000,3.7134,9.0890,90.9514,68.4234,28.8682
94.4500,3.4862,9.2625,90.8939,67.8765,28.9831
94.5000,3.2692,9.4468,90.8407,67.3234,29.1042
94.5500,3.0621,9.6412,90.7917,66.7645,29.2315
94.6000,2.8647,9.8453,90.7466,66.2002,29.3654
94.6500,2.6768,10.0584,90.7054,65.6310,29.5061
94.7000,2.4980,10.2799,90.6677,65.0574,29.6538
94.7500,2.3279,10.5091,90.6333,64.4797,29.8086
94.8000,2.1661,10.7453,90.6019,63.8986,29.9706
94.8500,2.0122,10.9876,90.5732,63.3146,30.1401
94.9000,1.8656,11.2353,90.5469,62.7280,30.3172
94.9500,1.7257,11.4875,90.5225,62.1394,30.5019
95.0000,1.5918,11.7433,90.4996,61.5493,30.6944
95.0500,1.4634,12.0017,90.4778,60.9582,30.8947
95.1000,1.3404,12.2625,90.4569,60.3667,31.1029
95.1500,1.2230,12.5256,90.4366,59.7752,31.3191
95.2000,1.1111,12.7908,90.4168,59.1842,31.5433
95.2500,1.0049,13.0580,90.3971,58.5942,31.7756
95.3000,0.9044,13.3269,90.3773,58.0058,32.0161
95.3500,0.8096,13.5975,90.3572,57.4194,32.2646
95.4000,0.7206,13.8696,90.3363,56.8355,32.5214
95.4500,0.6374,14.1430,90.3143,56.2547,32.7863
95.5000,0.5599,14.4176,90.2910,55.6773,33.0595
95.5500,0.4881,14.6932,90.2657,55.1039,33.3409
95.6000,0.4219,14.9700,90.2379,54.5358,33.6306
95.6500,0.3613,15.2480,90.2065,53.9740,33.9287
95.7000,0.3062,15.5274,90.1709,53.4194,34.2351
95.7500,0.2564,15.8082,90.1302,52.8731,34.5499
95.8000,0.2119,16.0904,90.0834,52.3358,34.8731
95.8500,0.1724,16.3743,90.0298,51.8081,35.2049
95.9000,0.1378,16.6597,89.9686,51.2907,35.5453
95.9500,0.1078,16.9467,89.8988,50.7839,35.8943
96.0000,0.0823,17.2354,89.8195,50.2882,36.2522
96.0500,0.0610,17.5258,89.7300,49.8038,36.6189
96.1000,0.0435,17.8178,89.6301,49.3308,36.9948
96.1500,0.0296,18.1116,89.5203,48.8695,37.3799
96.2000,0.0189,18.4070,89.4012,48.4199,37.7744
96.2500,0.0111,18.7040,89.2731,47.9818,38.1786
96.3000,0.0058,19.0028,89.1364,47.5551,38.5927
96.3500,0.0025,19.3032,88.9912,47.1396,39.0170
96.4000,0.0007,19.6053,88.8377,46.7351,39.4517
96.4500,0.0001,19.9090,88.6760,46.3412,39.8974
96.5000,0.0000,20.2143,88.5060,45.9575,40.3542
96.5500,0.0000,20.5212,88.3276,45.5835,40.8227
96.6000,0.0000,20.8298,88.1413,45.2191,41.3023
96.6500,0.0000,21.1400,87.9472,44.8638,41.7929
96.7000,0.0000,21.4518,87.7458,44.5175,42.2938
96.7500,0.0000,21.7653,87.5372,44.1797,42.8047
96.8000,0.0000,22.0805,87.3217,43.8500,43.3252
96.8500,0.0000,22.3974,87.0995,43.5281,43.8548
96.9000,0.0000,22.7160,86.8707,43.2134,44.3930
96.9500,0.0000,23.0365,86.6353,42.9056,44.9394
97.0000,0.0000,23.3589,86.3935,42.6041,45.4933
97.0500,0.0000,23.6834,86.1453,42.3084,46.0539
97.1000,0.0000,24.0102,85.8906,42.0179,46.6208
97.1500,0.0000,24.3395,85.6295,41.7320,47.1932
97.2000,0.0000,24.6711,85.3618,41.4501,47.7706
97.2500,0.0000,25.0050,85.0875,41.1717,48.3523
97.3000,0.0000,25.3413,84.8064,40.8960,48.9378
97.3500,0.0000,25.6799,84.5184,40.6229,49.5264
97.4000,0.0000,26.0207,84.2233,40.3529,50.1177
97.4500,0.0000,26.3637,83.9209,40.0863,50.7110
97.5000,0.0000,26.7088,83.6110,39.8235,51.3058
97.5500,0.0000,27.0559,83.2933,39.5648,51.9017
97.6000,0.0000,27.4051,82.9676,39.3105,52.4981
97.6500,0.0000,27.7561,82.6336,39.0607,53.0946
97.7000,0.0000,28.1089,82.2909,38.8156,53.6908
97.7500,0.0000,28.4636,81.9394,38.5752,54.2863
97.8000,0.0000,28.8200,81.5785,38.3398,54.8807
97.8500,0.0000,29.1781,81.2080,38.1091,55.4738
97.9000,0.0000,29.5380,80.8275,37.8833,56.0651
97.9500,0.0000,29.8995,80.4366,37.6621,56.6545
98.0000,0.0000,30.2627,80.0349,37.4455,57.2418
98.0500,0.0000,30.6276,79.6221,37.2334,57.8267
98.1000,0.0000,30.9938,79.1983,37.0259,58.4085
98.1500,0.0000,31.3606,78.7637,36.8236,58.9867
98.2000,0.0000,31.7275,78.3185,36.6267,59.5604
98.2500,0.0000,32.0941,77.8629,36.4354,60.1290
98.3000,0.0000,32.4596,77.3973,36.2502,60.6920
98.3500,0.0000,32.8237,76.9219,36.0713,61.2485
98.4000,0.0000,33.1856,76.4370,35.8990,61.7982
98.4500,0.0000,33.5449,75.9432,35.7336,62.3402
98.5000,0.0000,33.9010,75.4408,35.5753,62.8742
98.5500,0.0000,34.2535,74.9302,35.4243,63.3996
98.6000,0.0000,34.6025,74.4122,35.2809,63.9167
98.6500,0.0000,34.9482,73.8876,35.1453,64.4258
98.7000,0.0000,35.2910,73.3572,35.0176,64.9272
98.7500,0.0000,35.6309,72.8219,34.8981,65.4211
98.8000,0.0000,35.9681,72.2825,34.7869,65.9079
98.8500,0.0000,36.3026,71.7399,34.6840,66.3877
98.9000,0.0000,36.6346,71.1951,34.5897,66.8608
98.9500,0.0000,36.9641,70.6489,34.5039,67.3275
99.0000,0.0000,37.2911,70.1025,34.4268,67.7880
99.0500,0.0000,37.6157,69.5569,34.3583,68.2426
99.1000,0.0000,37.9377,69.0131,34.2985,68.6915
99.1500,0.0000,38.2571,68.4722,34.2473,69.1350
99.2000,0.0000,38.5739,67.9355,34.2045,69.5734
99.2500,0.0000,38.8881,67.4040,34.1702,70.0071
99.3000,0.0000,39.1995,66.8791,34.1441,70.4362
99.3500,0.0000,39.5082,66.3620,34.1259,70.8612
99.4000,0.0000,39.8139,65.8541,34.1156,71.2825
99.4500,0.0000,40.1167,65.3567,34.1126,71.7004
99.5000,0.0000,40.4164,64.8709,34.1168,72.1154
99.5500,0.0000,40.7130,64.3969,34.1276,72.5278
99.6000,0.0000,41.0061,63.9349,34.1453,72.9374
99.6500,0.0000,41.2953,63.4852,34.1697,73.3438
99.7000,0.0000,41.5803,63.0480,34.2011,73.7467
99.7500,0.0000,41.8608,62.6234,34.2393,74.1455
99.8000,0.0000,42.1362,62.2119,34.2844,74.5400
99.8500,0.0000,42.4063,61.8134,34.3362,74.9298
99.9000,0.0000,42.6707,61.4282,34.3947,75.3143
99.9500,0.0000,42.9290,61.0563,34.4597,75.6933
100.0000,0.0000,43.1808,60.6979,34.5309,76.0664
100.0500,0.0000,43.4260,60.3530,34.6080,76.4331
100.1000,0.0000,43.6645,60.0217,34.6904,76.7932
100.1500,0.0000,43.8966,59.7039,34.7775,77.1462
100.2000,0.0000,44.1225,59.3996,34.8684,77.4918
100.2500,0.0000,44.3423,59.1087,34.9625,77.8296
100.3000,0.0000,44.5561,58.8312,35.0588,78.1595
100.3500,0.0000,44.7642,58.5669,35.1564,78.4810
100.4000,0.0000,44.9667,58.3156,35.2543,78.7939
100.4500,0.0000,45.1635,58.0770,35.3515,79.0980
100.5000,0.0000,45.3550,57.8509,35.4466,79.3930
100.5500,0.0000,45.5412,57.6370,35.5388,79.6787
100.6000,0.0000,45.7221,57.4349,35.6276,79.9551
100.6500,0.0000,45.8981,57.2441,35.7129,80.2219
100.7000,0.0000,46.0691,57.0644,35.7947,80.4792
100.7500,0.0000,46.2353,56.8950,35.8729,80.7267
100.8000,0.0000,46.3970,56.7354,35.9477,80.9646
100.8500,0.0000,46.5542,56.5851,36.0190,81.1928
100.9000,0.0000,46.7071,56.4433,36.0870,81.4115
100.9500,0.0000,46.8561,56.3093,36.1518,81.6206
101.0000,0.0000,47.0012,56.1824,36.2137,81.8205
101.0500,0.0000,47.1426,56.0617,36.2730,82.0112
101.1000,0.0000,47.2802,55.9471,36.3299,82.1925
101.1500,0.0000,47.4136,55.8385,36.3848,82.3641
101.2000,0.0000,47.5424,55.7360,36.4381,82.5257
101.2500,0.0000,47.6665,55.6394,36.4904,82.6770
101.3000,0.0000,47.7853,55.5486,36.5421,82.8178
101.3500,0.0000,47.8987,55.4635,36.5938,82.9479
101.4000,0.0000,48.0061,55.3841,36.6454,83.0671
101.4500,0.0000,48.1074,55.3101,36.6967,83.1752
101.5000,0.0000,48.2022,55.2414,36.7475,83.2720
101.5500,0.0000,48.2903,55.1778,36.7977,83.3575
101.6000,0.0000,48.3721,55.1192,36.8472,83.4316
101.6500,0.0000,48.4479,55.0654,36.8960,83.4943
101.7000,0.0000,48.5183,55.0160,36.9444,83.5454
101.7500,0.0000,48.5837,54.9709,36.9923,83.5851
101.8000,0.0000,48.6443,54.9298,37.0398,83.6134
101.8500,0.0000,48.7004,54.8924,37.0868,83.6304
101.9000,0.0000,48.7525,54.8583,37.1334,83.6362
101.9500,0.0000,48.8005,54.8273,37.1797,83.6310
102.0000,0.0000,48.8449,54.7990,37.2256,83.6149
102.0500,0.0000,48.8857,54.7729,37.2712,83.5882
102.1000,0.0000,48.9230,54.7488,37.3163,83.5513
102.1500,0.0000,48.9571,54.7261,37.3611,83.5044
102.2000,0.0000,48.9880,54.7044,37.4055,83.4479
102.2500,0.0000,49.0158,54.6831,37.4494,83.3823
102.3000,0.0000,49.0404,54.6619,37.4929,83.3079
102.3500,0.0000,49.0621,54.6401,37.5358,83.2254
102.4000,0.0000,49.0807,54.6171,37.5782,83.1353
102.4500,0.0000,49.0963,54.5923,37.6201,83.0381
102.5000,0.0000,49.1088,54.5652,37.6613,82.9346
102.5500,0.0000,49.1183,54.5351,37.7018,82.8253
102.6000,0.0000,49.1246,54.5017,37.7415,82.7103
102.6500,0.0000,49.1277,54.4651,37.7805,82.5894
102.7000,0.0000,49.1276,54.4251,37.8186,82.4625
102.7500,0.0000,49.1242,54.3816,37.8558,82.3295
102.8000,0.0000,49.1174,54.3345,37.8920,82.1903
102.8500,0.0000,49.1071,54.2837,37.9271,82.0448
102.9000,0.0000,49.0932,54.2291,37.9612,81.8927
102.9500,0.0000,49.0756,54.1705,37.9940,81.7341
103.0000,0.0000,49.0543,54.1080,38.0257,81.5688
103.0500,0.0000,49.0291,54.0415,38.0560,81.3967
103.1000,0.0000,48.9996,53.9721,38.0855,81.2175
103.1500,0.0000,48.9654,53.9006,38.1143,81.0309
103.2000,0.0000,48.9263,53.8281,38.1428,80.8368
103.2500,0.0000,48.8819,53.7551,38.1713,80.6348
103.3000,0.0000,48.8318,53.6824,38.2001,80.4248
103.3500,0.0000,48.7758,53.6105,38.2293,80.2064
103.4000,0.0000,48.7136,53.5397,38.2594,79.9795
103.4500,0.0000,48.6450,53.4703,38.2904,79.7439
103.5000,0.0000,48.5695,53.4027,38.3225,79.4992
103.5500,0.0000,48.4872,53.3368,38.3560,79.2453
103.6000,0.0000,48.3976,53.2728,38.3910,78.9820
103.6500,0.0000,48.3006,53.2107,38.4278,78.7089
103.7000,0.0000,48.1961,53.1503,38.4663,78.4259
103.7500,0.0000,48.0839,53.0915,38.5069,78.1328
103.8000,0.0000,47.9637,53.0340,38.5495,77.8293
103.8500,0.0000,47.8356,52.9777,38.5944,77.5151
103.9000,0.0000,47.6993,52.9222,38.6417,77.1901
103.9500,0.0000,47.5548,52.8671,38.6914,76.8539
104.0000,0.0000,47.4020,52.8120,38.7437,76.5063
104.0500,0.0000,47.2408,52.7566,38.7987,76.1471
104.1000,0.0000,47.0709,52.7005,38.8563,75.7765
104.1500,0.0000,46.8923,52.6433,38.9165,75.3945
104.2000,0.0000,46.7046,52.5848,38.9792,75.0014
104.2500,0.0000,46.5078,52.5246,39.0444,74.5974
104.3000,0.0000,46.3016,52.4623,39.1119,74.1827
104.3500,0.0000,46.0857,52.3976,39.1817,73.7577
104.4000,0.0000,45.8602,52.3301,39.2537,73.3225
104.4500,0.0000,45.6246,52.2596,39.3279,72.8774
104.5000,0.0000,45.3789,52.1856,39.4040,72.4227
104.5500,0.0000,45.1228,52.1079,39.4822,71.9588
104.6000,0.0000,44.8565,52.0264,39.5627,71.4859
104.6500,0.0000,44.5799,51.9412,39.6459,71.0045
104.7000,0.0000,44.2931,51.8522,39.7324,70.5147
104.7500,0.0000,43.9961,51.7595,39.8224,70.0170
104.8000,0.0000,43.6889,51.6630,39.9162,69.5118
104.8500,0.0000,43.3714,51.5629,40.0142,68.9994
104.9000,0.0000,43.0436,51.4590,40.1167,68.4802
104.9500,0.0000,42.7053,51.3517,40.2238,67.9547
105.0000,0.0000,42.3566,51.2409,40.3359,67.4232
105.0500,0.0000,41.9978,51.1268,40.4530,66.8861
105.1000,0.0000,41.6295,51.0095,40.5755,66.3440
105.1500,0.0000,41.2520,50.8893,40.7035,65.7971
105.2000,0.0000,40.8660,50.7664,40.8371,65.2460
105.2500,0.0000,40.4718,50.6411,40.9765,64.6911
105.3000,0.0000,40.0699,50.5136,41.1218,64.1329
105.3500,0.0000,39.6607,50.3843,41.2732,63.5719
105.4000,0.0000,39.2446,50.2536,41.4306,63.0084
105.4500,0.0000,38.8221,50.1219,41.5943,62.4430
105.5000,0.0000,38.3933,49.9897,41.7644,61.8762
105.5500,0.0000,37.9588,49.8575,41.9408,61.3084
105.6000,0.0000,37.5192,49.7254,42.1233,60.7401
105.6500,0.0000,37.0749,49.5935,42.3119,60.1718
105.7000,0.0000,36.6266,49.4621,42.5062,59.6040
105.7500,0.0000,36.1748,49.3312,42.7059,59.0372
105.8000,0.0000,35.7202,49.2011,42.9107,58.4719
105.8500,0.0000,35.2632,49.0719,43.1205,57.9085
105.9000,0.0000,34.8045,48.9440,43.3347,57.3475
105.9500,0.0000,34.3445,48.8175,43.5532,56.7895
106.0000,0.0000,33.8837,48.6927,43.7756,56.2348
106.0500,0.0000,33.4227,48.5699,44.0014,55.6842
106.1000,0.0000,32.9616,48.4497,44.2295,55.1388
106.1500,0.0000,32.5009,48.3325,44.4589,54.5996
106.2000,0.0000,32.0408,48.2190,44.6887,54.0678
106.2500,0.0000,31.5817,48.1097,44.9180,53.5443
106.3000,0.0000,31.1236,48.0050,45.1459,53.0299
106.3500,0.0000,30.6670,47.9057,45.3719,52.5254
106.4000,0.0000,30.2119,47.8120,45.5953,52.0314
106.4500,0.0000,29.7586,47.7247,45.8155,51.5484
106.5000,0.0000,29.3072,47.6440,46.0321,51.0770
106.5500,0.0000,28.8579,47.5705,46.2446,50.6175
106.6000,0.0000,28.4106,47.5047,46.4528,50.1702
106.6500,0.0000,27.9655,47.4469,46.6564,49.7354
106.7000,0.0000,27.5226,47.3975,46.8551,49.3132
106.7500,0.0000,27.0819,47.3569,47.0487,48.9038
106.8000,0.0000,26.6432,47.3254,47.2371,48.5072
106.8500,0.0000,26.2065,47.3033,47.4202,48.1235
106.9000,0.0000,25.7716,47.2909,47.5979,47.7525
106.9500,0.0000,25.3383,47.2883,47.7703,47.3942
107.0000,0.0000,24.9064,47.2957,47.9372,47.0484
107.0500,0.0000,24.4756,47.3133,48.0988,46.7149
107.1000,0.0000,24.0464,47.3411,48.2551,46.3936
107.1500,0.0000,23.6192,47.3791,48.4062,46.0841
107.2000,0.0000,23.1945,47.4273,48.5521,45.7862
107.2500,0.0000,22.7729,47.4854,48.6930,45.4994
107.3000,0.0000,22.3548,47.5534,48.8290,45.2235
107.3500,0.0000,21.9407,47.6310,48.9601,44.9581
107.4000,0.0000,21.5310,47.7182,49.0867,44.7028
107.4500,0.0000,21.1261,47.8151,49.2087,44.4571
107.5000,0.0000,20.7265,47.9216,49.3264,44.2205
107.5500,0.0000,20.3326,48.0375,49.4399,43.9926
107.6000,0.0000,19.9450,48.1629,49.5495,43.7727
107.6500,0.0000,19.5644,48.2977,49.6558,43.5598
107.7000,0.0000,19.1912,48.4417,49.7590,43.3534
107.7500,0.0000,18.8260,48.5946,49.8596,43.1526
107.8000,0.0000,18.4694,48.7559,49.9578,42.9566
107.8500,0.0000,18.1216,48.9251,50.0540,42.7646
107.9000,0.0000,17.7832,49.1014,50.1484,42.5760
107.9500,0.0000,17.4545,49.2839,50.2414,42.3899
108.0000,0.0000,17.1357,49.4716,50.3330,42.2056
108.0500,0.0000,16.8271,49.6636,50.4235,42.0224
108.1000,0.0000,16.5289,49.8594,50.5131,41.8394
108.1500,0.0000,16.2412,50.0590,50.6019,41.6559
108.2000,0.0000,15.9640,50.2620,50.6901,41.4711
108.2500,0.0000,15.6975,50.4684,50.7776,41.2844
108.3000,0.0000,15.4414,50.6779,50.8646,41.0949
108.3500,0.0000,15.1958,50.8901,50.9511,40.9019
108.4000,0.0000,14.9605,51.1049,51.0370,40.7046
108.4500,0.0000,14.7351,51.3217,51.1224,40.5022
108.5000,0.0000,14.5194,51.5404,51.2071,40.2940
108.5500,0.0000,14.3132,51.7606,51.2911,40.0794
108.6000,0.0000,14.1168,51.9821,51.3742,39.8583
108.6500,0.0000,13.9305,52.2048,51.4564,39.6308
108.7000,0.0000,13.7548,52.4286,51.5373,39.3971
108.7500,0.0000,13.5900,52.6534,51.6169,39.1574
108.8000,0.0000,13.4364,52.8790,51.6950,38.9120
108.8500,0.0000,13.2945,53.1053,51.7711,38.6613
108.9000,0.0000,13.1645,53.3322,51.8453,38.4054
108.9500,0.0000,13.0466,53.5594,51.9170,38.1448
109.0000,0.0000,12.9412,53.7869,51.9861,37.8799
109.0500,0.0000,12.8483,54.0147,52.0522,37.6111
109.1000,0.0000,12.7680,54.2432,52.1151,37.3386
109.1500,0.0000,12.7001,54.4732,52.1743,37.0626
109.2000,0.0000,12.6445,54.7052,52.2295,36.7834
109.2500,0.0000,12.6010,54.9397,52.2804,36.5013
109.3000,0.0000,12.5696,55.1772,52.3266,36.2167
109.3500,0.0000,12.5500,55.4181,52.3678,35.9299
109.4000,0.0000,12.5421,55.6630,52.4035,35.6413
109.4500,0.0000,12.5455,55.9120,52.4335,35.3515
109.5000,0.0000,12.5602,56.1656,52.4574,35.0608
109.5500,0.0000,12.5858,56.4239,52.4748,34.7698
109.6000,0.0000,12.6219,56.6874,52.4854,34.4789
109.6500,0.0000,12.6684,56.9560,52.4888,34.1888
109.7000,0.0000,12.7249,57.2300,52.4849,33.8998
109.7500,0.0000,12.7908,57.5096,52.4732,33.6126
109.8000,0.0000,12.8660,57.7949,52.4536,33.3277
109.8500,0.0000,12.9498,58.0858,52.4258,33.0457
109.9000,0.0000,13.0418,58.3825,52.3896,32.7670
109.9500,0.0000,13.1415,58.6850,52.3449,32.4923
110.0000,0.0000,13.2483,58.9933,52.2914,32.2220
110.0500,0.0000,13.3617,59.3073,52.2292,31.9567
110.1000,0.0000,13.4815,59.6270,52.1579,31.6968
110.1500,0.0000,13.6077,59.9522,52.0772,31.4428
110.2000,0.0000,13.7401,60.2830,51.9869,31.1951
110.2500,0.0000,13.8787,60.6191,51.8867,30.9540
110.3000,0.0000,14.0234,60.9605,51.7764,30.7200
110.3500,0.0000,14.1740,61.3069,51.6561,30.4932
110.4000,0.0000,14.3304,61.6583,51.5255,30.2741
110.4500,0.0000,14.4925,62.0143,51.3847,30.0626
110.5000,0.0000,14.6600,62.3749,51.2337,29.8590
110.5500,0.0000,14.8328,62.7399,51.0726,29.6632
110.6000,0.0000,15.0104,63.1097,50.9015,29.4751
110.6500,0.0000,15.1923,63.4850,50.7202,29.2941
110.7000,0.0000,15.3779,63.8663,50.5290,29.1199
110.7500,0.0000,15.5669,64.2539,50.3280,28.9519
110.8000,0.0000,15.7587,64.6482,50.1175,28.7896
110.8500,0.0000,15.9527,65.0495,49.8980,28.6322
110.9000,0.0000,16.1484,65.4582,49.6701,28.4789
110.9500,0.0000,16.3453,65.8744,49.4345,28.3289
111.0000,0.0000,16.5429,66.2983,49.1919,28.1811
111.0500,0.0000,16.7405,66.7300,48.9431,28.0345
111.1000,0.0000,16.9375,67.1696,48.6882,27.8889
111.1500,0.0000,17.1333,67.6171,48.4271,27.7444
111.2000,0.0000,17.3274,68.0726,48.1600,27.6008
111.2500,0.0000,17.5190,68.5360,47.8870,27.4582
111.3000,0.0000,17.7075,69.0072,47.6084,27.3165
111.3500,0.0000,17.8921,69.4861,47.3243,27.1758
111.4000,0.0000,18.0722,69.9726,47.0349,27.0361
111.4500,0.0000,18.2470,70.4665,46.7403,26.8978
111.5000,0.0000,18.4156,70.9675,46.4406,26.7612
111.5500,0.0000,18.5775,71.4755,46.1361,26.6264
111.6000,0.0000,18.7325,71.9901,45.8271,26.4939
111.6500,0.0000,18.8806,72.5112,45.5140,26.3639
111.7000,0.0000,19.0220,73.0383,45.1972,26.2366
111.7500,0.0000,19.1567,73.5712,44.8772,26.1123
111.8000,0.0000,19.2849,74.1094,44.5543,25.9915
111.8500,0.0000,19.4067,74.6526,44.2290,25.8742
111.9000,0.0000,19.5221,75.2004,43.9017,25.7608
111.9500,0.0000,19.6315,75.7524,43.5728,25.6516
112.0000,0.0000,19.7349,76.3081,43.2427,25.5469
112.0500,0.0000,19.8325,76.8672,42.9117,25.4470
112.1000,0.0000,19.9240,77.4290,42.5803,25.3524
112.1500,0.0000,20.0091,77.9932,42.2488,25.2636
112.2000,0.0000,20.0876,78.5592,41.9176,25.1812
112.2500,0.0000,20.1592,79.1266,41.5871,25.1057
112.3000,0.0000,20.2238,79.6948,41.2576,25.0375
112.3500,0.0000,20.2814,80.2633,40.9293,24.9772
112.4000,0.0000,20.3317,80.8315,40.6028,24.9251
112.4500,0.0000,20.3749,81.3990,40.2781,24.8818
112.5000,0.0000,20.4108,81.9651,39.9556,24.8476
112.5500,0.0000,20.4397,82.5293,39.6356,24.8229
112.6000,0.0000,20.4615,83.0910,39.3183,24.8082
112.6500,0.0000,20.4765,83.6497,39.0039,24.8037
112.7000,0.0000,20.4847,84.2047,38.6925,24.8099
112.7500,0.0000,20.4865,84.7556,38.3845,24.8271
112.8000,0.0000,20.4820,85.3016,38.0798,24.8556
112.8500,0.0000,20.4716,85.8423,37.7786,24.8957
112.9000,0.0000,20.4556,86.3769,37.4810,24.9477
112.9500,0.0000,20.4342,86.9049,37.1870,25.0119
113.0000,0.0000,20.4081,87.4258,36.8967,25.0887
113.0500,0.0000,20.3774,87.9388,36.6101,25.1781
113.1000,0.0000,20.3423,88.4435,36.3274,25.2804
113.1500,0.0000,20.3032,88.9396,36.0492,25.3956
113.2000,0.0000,20.2601,89.4264,35.7757,25.5238
113.2500,0.0000,20.2133,89.9036,35.5074,25.6651
113.3000,0.0000,20.1628,90.3708,35.2444,25.8194
113.3500,0.0000,20.1091,90.8274,34.9873,25.9867
113.4000,0.0000,20.0522,91.2732,34.7362,26.1671
113.4500,0.0000,19.9923,91.7076,34.4915,26.3605
113.5000,0.0000,19.9298,92.1303,34.2534,26.5669
113.5500,0.0000,19.8648,92.5410,34.0222,26.7862
113.6000,0.0000,19.7973,92.9398,33.7975,27.0180
113.6500,0.0000,19.7272,93.3267,33.5791,27.2619
113.7000,0.0000,19.6546,93.7019,33.3666,27.5177
113.7500,0.0000,19.5794,94.0656,33.1598,27.7850
113.8000,0.0000,19.5017,94.4177,32.9584,28.0634
113.8500,0.0000,19.4215,94.7584,32.7620,28.3525
113.9000,0.0000,19.3388,95.0877,32.5705,28.6521
113.9500,0.0000,19.2537,95.4055,32.3834,28.9617
114.0000,0.0000,19.1662,95.7119,32.2007,29.2809
114.0500,0.0000,19.0764,96.0068,32.0218,29.6096
114.1000,0.0000,18.9844,96.2902,31.8467,29.9472
114.1500,0.0000,18.8902,96.5620,31.6749,30.2934
114.2000,0.0000,18.7939,96.8222,31.5061,30.6480
114.2500,0.0000,18.6955,97.0705,31.3401,31.0105
114.3000,0.0000,18.5952,97.3069,31.1765,31.3806
114.3500,0.0000,18.4930,97.5313,31.0150,31.7580
114.4000,0.0000,18.3889,97.7435,30.8551,32.1423
114.4500,0.0000,18.2831,97.9432,30.6965,32.5332
114.5000,0.0000,18.1755,98.1304,30.5389,32.9304
114.5500,0.0000,18.0663,98.3047,30.3817,33.3335
114.6000,0.0000,17.9558,98.4663,30.2252,33.7422
114.6500,0.0000,17.8442,98.6152,30.0694,34.1563
114.7000,0.0000,17.7320,98.7515,29.9146,34.5754
114.7500,0.0000,17.6195,98.8752,29.7607,34.9991
114.8000,0.0000,17.5071,98.9864,29.6081,35.4272
114.8500,0.0000,17.3951,99.0852,29.4569,35.8594
114.9000,0.0000,17.2838,99.1715,29.3072,36.2954
114.9500,0.0000,17.1737,99.2456,29.1592,36.7350
115.0000,0.0000,17.0652,99.3074,29.0130,37.1777
115.0500,0.0000,16.9586,99.3571,28.8690,37.6234
115.1000,0.0000,16.8542,99.3952,28.7271,38.0716
115.1500,0.0000,16.7526,99.4224,28.5876,38.5216
115.2000,0.0000,16.6539,99.4392,28.4506,38.9731
115.2500,0.0000,16.5587,99.4461,28.3162,39.4256
115.3000,0.0000,16.4673,99.4436,28.1847,39.8786
115.3500,0.0000,16.3801,99.4323,28.0561,40.3318
115.4000,0.0000,16.2974,99.4124,27.9305,40.7847
115.4500,0.0000,16.2196,99.3846,27.8081,41.2370
115.5000,0.0000,16.1471,99.3490,27.6890,41.6884
115.5500,0.0000,16.0803,99.3062,27.5733,42.1385
115.6000,0.0000,16.0194,99.2564,27.4610,42.5872
115.6500,0.0000,15.9649,99.1998,27.3522,43.0341
115.7000,0.0000,15.9171,99.1369,27.2470,43.4791
115.7500,0.0000,15.8763,99.0678,27.1453,43.9219
115.8000,0.0000,15.8430,98.9928,27.0472,44.3623
115.8500,0.0000,15.8173,98.9120,26.9527,44.8004
115.9000,0.0000,15.7997,98.8256,26.8617,45.2359
115.9500,0.0000,15.7904,98.7338,26.7742,45.6688
116.0000,0.0000,15.7898,98.6366,26.6902,46.0990
116.0500,0.0000,15.7982,98.5341,26.6095,46.5266
116.1000,0.0000,15.8157,98.4268,26.5324,46.9512
116.1500,0.0000,15.8424,98.3149,26.4589,47.3726
116.2000,0.0000,15.8785,98.1987,26.3892,47.7906
116.2500,0.0000,15.9241,98.0786,26.3236,48.2049
116.3000,0.0000,15.9792,97.9548,26.2621,48.6153
116.3500,0.0000,16.0439,97.8278,26.2048,49.0216
116.4000,0.0000,16.1183,97.6977,26.1520,49.4237
116.4500,0.0000,16.2023,97.5649,26.1036,49.8214
116.5000,0.0000,16.2960,97.4295,26.0599,50.2144
116.5500,0.0000,16.3994,97.2919,26.0210,50.6026
116.6000,0.0000,16.5125,97.1521,25.9880,50.9851
116.6500,0.0000,16.6354,97.0100,25.9618,51.3612
116.7000,0.0000,16.7683,96.8656,25.9434,51.7302
116.7500,0.0000,16.9110,96.7188,25.9334,52.0915
116.8000,0.0000,17.0636,96.5698,25.9326,52.4446
116.8500,0.0000,17.2261,96.4184,25.9413,52.7894
116.9000,0.0000,17.3983,96.2647,25.9601,53.1255
116.9500,0.0000,17.5802,96.1086,25.9890,53.4527
117.0000,0.0000,17.7717,95.9502,26.0284,53.7712
117.0500,0.0000,17.9725,95.7894,26.0783,54.0808
117.1000,0.0000,18.1825,95.6262,26.1387,54.3818
117.1500,0.0000,18.4016,95.4606,26.2094,54.6743
117.2000,0.0000,18.6294,95.2927,26.2903,54.9586
117.2500,0.0000,18.8657,95.1222,26.3811,55.2351
117.3000,0.0000,19.1101,94.9494,26.4814,55.5042
117.3500,0.0000,19.3625,94.7740,26.5908,55.7663
117.4000,0.0000,19.6223,94.5960,26.7089,56.0221
117.4500,0.0000,19.8892,94.4154,26.8351,56.2719
117.5000,0.0000,20.1629,94.2321,26.9688,56.5166
117.5500,0.0000,20.4429,94.0460,27.1094,56.7568
117.6000,0.0000,20.7290,93.8574,27.2565,56.9928
117.6500,0.0000,21.0211,93.6663,27.4095,57.2252
117.7000,0.0000,21.3189,93.4730,27.5681,57.4544
117.7500,0.0000,21.6223,93.2776,27.7318,57.6809
117.8000,0.0000,21.9311,93.0804,27.9001,57.9052
117.8500,0.0000,22.2450,92.8815,28.0724,58.1278
117.9000,0.0000,22.5638,92.6811,28.2484,58.3492
117.9500,0.0000,22.8874,92.4793,28.4273,58.5699
118.0000,0.0000,23.2155,92.2763,28.6088,58.7904
118.0500,0.0000,23.5480,92.0721,28.7924,59.0110
118.1000,0.0002,23.8849,91.8659,28.9779,59.2313
118.1500,0.0006,24.2265,91.6569,29.1652,59.4506
118.2000,0.0014,24.5729,91.4443,29.3542,59.6686
118.2500,0.0028,24.9242,91.2276,29.5446,59.8848
118.3000,0.0047,25.2805,91.0061,29.7365,60.0990
118.3500,0.0074,25.6420,90.7795,29.9296,60.3111
118.4000,0.0109,26.0085,90.5474,30.1238,60.5210
118.4500,0.0152,26.3802,90.3094,30.3189,60.7288
118.5000,0.0206,26.7572,90.0652,30.5147,60.9347
118.5500,0.0270,27.1394,89.8143,30.7112,61.1388
118.6000,0.0344,27.5268,89.5566,30.9081,61.3414
118.6500,0.0431,27.9193,89.2916,31.1054,61.5427
118.7000,0.0530,28.3171,89.0192,31.3030,61.7433
118.7500,0.0641,28.7201,88.7392,31.5006,61.9434
118.8000,0.0765,29.1281,88.4514,31.6984,62.1436
118.8500,0.0903,29.5412,88.1555,31.8961,62.3443
118.9000,0.1055,29.9594,87.8513,32.0937,62.5461
118.9500,0.1220,30.3826,87.5387,32.2912,62.7496
119.0000,0.1400,30.8107,87.2174,32.4887,62.9552
119.0500,0.1593,31.2437,86.8873,32.6860,63.1636
119.1000,0.1802,31.6812,86.5489,32.8833,63.3752
119.1500,0.2024,32.1230,86.2029,33.0807,63.5901
119.2000,0.2261,32.5687,85.8499,33.2781,63.8088
119.2500,0.2512,33.0179,85.4905,33.4758,64.0315
119.3000,0.2778,33.4702,85.1256,33.6739,64.2585
119.3500,0.3057,33.9254,84.7556,33.8726,64.4900
119.4000,0.3351,34.3829,84.3814,34.0720,64.7263
119.4500,0.3659,34.8424,84.0035,34.2723,64.9675
119.5000,0.3980,35.3036,83.6226,34.4732,65.2139
119.5500,0.4315,35.7660,83.2393,34.6745,65.4656
119.6000,0.4672,36.2293,82.8537,34.8759,65.7227
119.6500,0.5058,36.6931,82.4659,35.0773,65.9853
119.7000,0.5480,37.1569,82.0759,35.2783,66.2535
119.7500,0.5945,37.6205,81.6838,35.4790,66.5274
119.8000,0.6458,38.0834,81.2896,35.6791,66.8069
119.8500,0.7025,38.5454,80.8935,35.8786,67.0921
119.9000,0.7651,39.0060,80.4954,36.0775,67.3828
119.9500,0.8341,39.4649,80.0955,36.2756,67.6789
120.0000,0.9099,39.9217,79.6935,36.4731,67.9805
120.0500,0.9929,40.3763,79.2896,36.6700,68.2873
120.1000,1.0834,40.8282,78.8837,36.8662,68.5991
120.1500,1.1817,41.2773,78.4757,37.0619,68.9159
120.2000,1.2880,41.7224,78.0655,37.2571,69.2373
120.2500,1.4027,42.1625,77.6529,37.4520,69.5632
120.3000,1.5258,42.5961,77.2376,37.6466,69.8933
120.3500,1.6575,43.0223,76.8195,37.8411,70.2274
120.4000,1.7980,43.4398,76.3982,38.0356,70.5652
120.4500,1.9473,43.8478,75.9733,38.2303,70.9064
120.5000,2.1054,44.2454,75.5446,38.4252,71.2507
120.5500,2.2725,44.6317,75.1115,38.6206,71.5978
120.6000,2.4484,45.0058,74.6743,38.8162,71.9473
120.6500,2.6332,45.3668,74.2335,39.0119,72.2985
120.7000,2.8267,45.7138,73.7892,39.2076,72.6508
120.7500,3.0290,46.0461,73.3419,39.4028,73.0037
120.8000,3.2398,46.3629,72.8919,39.5974,73.3567
120.8500,3.4591,46.6636,72.4393,39.7911,73.7091
120.9000,3.6866,46.9476,71.9846,39.9834,74.0604
120.9500,3.9223,47.2145,71.5280,40.1740,74.4102
121.0000,4.1658,47.4638,71.0698,40.3624,74.7578
121.0500,4.4172,47.6951,70.6102,40.5483,75.1030
121.1000,4.6769,47.9082,70.1497,40.7316,75.4452
121.1500,4.9455,48.1027,69.6887,40.9125,75.7841
121.2000,5.2235,48.2787,69.2278,41.0911,76.1195
121.2500,5.5114,48.4359,68.7673,41.2673,76.4511
121.3000,5.8094,48.5744,68.3076,41.4406,76.7787
121.3500,6.1180,48.6941,67.8491,41.6109,77.1023
121.4000,6.4375,48.7952,67.3921,41.7775,77.4218
121.4500,6.7679,48.8778,66.9370,41.9397,77.7374
121.5000,7.1095,48.9422,66.4839,42.0968,78.0493
121.5500,7.4624,48.9887,66.0332,42.2480,78.3576
121.6000,7.8267,49.0176,65.5852,42.3930,78.6618
121.6500,8.2023,49.0292,65.1400,42.5321,78.9610
121.7000,8.5892,49.0242,64.6978,42.6652,79.2546
121.7500,8.9873,49.0031,64.2589,42.7924,79.5416
121.8000,9.3966,48.9663,63.8235,42.9136,79.8214
121.8500,9.8168,48.9147,63.3917,43.0289,80.0931
121.9000,10.2477,48.8489,62.9637,43.1382,80.3559
121.9500,10.6892,48.7697,62.5397,43.2415,80.6092
122.0000,11.1409,48.6779,62.1198,43.3389,80.8521
122.0500,11.6026,48.5744,61.7043,43.4301,81.0839
122.1000,12.0739,48.4596,61.2932,43.5153,81.3042
122.1500,12.5544,48.3338,60.8869,43.5942,81.5127
122.2000,13.0438,48.1975,60.4854,43.6669,81.7089
122.2500,13.5417,48.0512,60.0890,43.7334,81.8926
122.3000,14.0476,47.8951,59.6980,43.7935,82.0637
122.3500,14.5611,47.7299,59.3125,43.8472,82.2218
122.4000,15.0816,47.5560,58.9329,43.8944,82.3671
122.4500,15.6088,47.3739,58.5596,43.9352,82.4994
122.5000,16.1420,47.1841,58.1927,43.9694,82.6189
122.5500,16.6808,46.9869,57.8328,43.9971,82.7256
122.6000,17.2249,46.7823,57.4803,44.0181,82.8196
122.6500,17.7739,46.5698,57.1356,44.0326,82.9009
122.7000,18.3276,46.3495,56.7993,44.0405,82.9698
122.7500,18.8857,46.1210,56.4719,44.0419,83.0267
122.8000,19.4476,45.8844,56.1542,44.0367,83.0718
122.8500,20.0131,45.6396,55.8468,44.0250,83.1060
122.9000,20.5817,45.3865,55.5506,44.0069,83.1299
122.9500,21.1530,45.1254,55.2663,43.9825,83.1445
123.0000,21.7264,44.8561,54.9951,43.9518,83.1507
123.0500,22.3017,44.5790,54.7376,43.9151,83.1497
123.1000,22.8781,44.2941,54.4941,43.8725,83.1418
123.1500,23.4554,44.0017,54.2643,43.8241,83.1272
123.2000,24.0328,43.7019,54.0482,43.7703,83.1061
123.2500,24.6100,43.3952,53.8454,43.7111,83.0789
123.3000,25.1864,43.0817,53.6558,43.6469,83.0459
123.3500,25.7614,42.7618,53.4789,43.5780,83.0073
123.4000,26.3345,42.4357,53.3145,43.5048,82.9635
123.4500,26.9052,42.1040,53.1620,43.4275,82.9146
123.5000,27.4728,41.7669,53.0211,43.3466,82.8609
123.5500,28.0369,41.4248,52.8913,43.2625,82.8025
123.6000,28.5969,41.0778,52.7725,43.1751,82.7396
123.6500,29.1523,40.7261,52.6647,43.0842,82.6720
123.7000,29.7024,40.3697,52.5678,42.9899,82.5999
123.7500,30.2468,40.0087,52.4818,42.8919,82.5232
123.8000,30.7848,39.6431,52.4066,42.7902,82.4420
123.8500,31.3160,39.2730,52.3421,42.6846,82.3564
123.9000,31.8398,38.8984,52.2881,42.5752,82.2664
123.9500,32.3556,38.5192,52.2446,42.4618,82.1721
124.0000,32.8631,38.1355,52.2113,42.3442,82.0737
124.0500,33.3617,37.7472,52.1882,42.2226,81.9712
124.1000,33.8517,37.3544,52.1754,42.0970,81.8645
124.1500,34.3334,36.9572,52.1732,41.9677,81.7535
124.2000,34.8071,36.5557,52.1819,41.8348,81.6382
124.2500,35.2729,36.1500,52.2016,41.6986,81.5183
124.3000,35.7310,35.7399,52.2324,41.5591,81.3940
124.3500,36.1817,35.3253,52.2744,41.4166,81.2652
124.4000,36.6250,34.9060,52.3275,41.2713,81.1319
124.4500,37.0611,34.4818,52.3916,41.1232,80.9942
124.5000,37.4900,34.0524,52.4666,40.9725,80.8522
124.5500,37.9118,33.6178,52.5524,40.8193,80.7059
124.6000,38.3265,33.1789,52.6486,40.6639,80.5556
124.6500,38.7341,32.7365,52.7551,40.5062,80.4014
124.7000,39.1347,32.2913,52.8714,40.3465,80.2433
124.7500,39.5281,31.8443,52.9971,40.1848,80.0818
124.8000,39.9144,31.3960,53.1319,40.0212,79.9169
124.8500,40.2935,30.9474,53.2751,39.8560,79.7490
124.9000,40.6653,30.4992,53.4261,39.6890,79.5782
124.9500,41.0298,30.0522,53.5845,39.5206,79.4050
125.0000,41.3868,29.6072,53.7495,39.3507,79.2296
125.0500,41.7364,29.1648,53.9205,39.1795,79.0524
125.1000,42.0782,28.7258,54.0972,39.0070,78.8734
125.1500,42.4124,28.2909,54.2794,38.8333,78.6927
125.2000,42.7387,27.8608,54.4669,38.6586,78.5104
125.2500,43.0571,27.4363,54.6594,38.4828,78.3266
125.3000,43.3673,27.0179,54.8568,38.3062,78.1413
125.3500,43.6694,26.6064,55.0588,38.1287,77.9547
125.4000,43.9632,26.2024,55.2651,37.9504,77.7667
125.4500,44.2485,25.8065,55.4754,37.7715,77.5776
125.5000,44.5253,25.4194,55.6896,37.5919,77.3873
125.5500,44.7935,25.0415,55.9072,37.4119,77.1959
125.6000,45.0539,24.6733,56.1283,37.2316,77.0032
125.6500,45.3070,24.3150,56.3529,37.0515,76.8090
125.7000,45.5535,23.9669,56.5808,36.8718,76.6132
125.7500,45.7940,23.6293,56.8120,36.6928,76.4156
125.8000,46.0290,23.3024,57.0465,36.5148,76.2160
125.8500,46.2591,22.9866,57.2841,36.3381,76.0142
125.9000,46.4848,22.6822,57.5246,36.1629,75.8102
125.9500,46.7065,22.3893,57.7681,35.9893,75.6037
126.0000,46.9247,22.1082,58.0143,35.8177,75.3947
126.0500,47.1397,21.8392,58.2631,35.6482,75.1830
126.1000,47.3518,21.5824,58.5143,35.4809,74.9685
126.1500,47.5615,21.3381,58.7677,35.3160,74.7510
126.2000,47.7689,21.1065,59.0233,35.1536,74.5304
126.2500,47.9745,20.8878,59.2808,34.9939,74.3067
126.3000,48.1784,20.6821,59.5401,34.8370,74.0796
126.3500,48.3809,20.4895,59.8010,34.6828,73.8491
126.4000,48.5821,20.3102,60.0633,34.5316,73.6150
126.4500,48.7824,20.1444,60.3269,34.3832,73.3772
126.5000,48.9818,19.9920,60.5916,34.2379,73.1355
126.5500,49.1805,19.8532,60.8573,34.0955,72.8899
126.6000,49.3787,19.7282,61.1234,33.9561,72.6405
126.6500,49.5764,19.6171,61.3896,33.8196,72.3874
126.7000,49.7738,19.5201,61.6555,33.6860,72.1308
126.7500,49.9710,19.4373,61.9205,33.5552,71.8708
126.8000,50.1680,19.3688,62.1842,33.4272,71.6077
126.8500,50.3649,19.3148,62.4461,33.3018,71.3416
126.9000,50.5618,19.2754,62.7058,33.1790,71.0728
126.9500,50.7587,19.2507,62.9627,33.0585,70.8014
127.0000,50.9556,19.2406,63.2165,32.9403,70.5277
127.0500,51.1528,19.2451,63.4666,32.8240,70.2518
127.1000,51.3508,19.2634,63.7128,32.7093,69.9734
127.1500,51.5506,19.2949,63.9550,32.5958,69.6923
127.2000,51.7528,19.3386,64.1929,32.4827,69.4082
127.2500,51.9581,19.3940,64.4262,32.3698,69.1210
127.3000,52.1671,19.4601,64.6548,32.2565,68.8303
127.3500,52.3804,19.5364,64.8783,32.1422,68.5362
127.4000,52.5985,19.6221,65.0965,32.0265,68.2384
127.4500,52.8218,19.7166,65.3092,31.9088,67.9369
127.5000,53.0509,19.8191,65.5160,31.7885,67.6317
127.5500,53.2859,19.9291,65.7168,31.6652,67.3228
127.6000,53.5273,20.0459,65.9111,31.5382,67.0101
127.6500,53.7753,20.1689,66.0987,31.4069,66.6937
127.7000,54.0301,20.2975,66.2794,31.2707,66.3737
127.7500,54.2919,20.4310,66.4529,31.1296,66.0502
127.8000,54.5608,20.5688,66.6188,30.9835,65.7234
127.8500,54.8369,20.7104,66.7770,30.8326,65.3933
127.9000,55.1203,20.8551,66.9271,30.6770,65.0602
127.9500,55.4108,21.0022,67.0689,30.5165,64.7242
128.0000,55.7086,21.1513,67.2021,30.3513,64.3857
128.0500,56.0134,21.3017,67.3265,30.1814,64.0447
128.1000,56.3254,21.4531,67.4419,30.0071,63.7015
128.1500,56.6444,21.6055,67.5479,29.8289,63.3563
128.2000,56.9704,21.7587,67.6445,29.6471,63.0090
128.2500,57.3034,21.9125,67.7314,29.4621,62.6599
128.3000,57.6432,22.0668,67.8085,29.2744,62.3092
128.3500,57.9897,22.2215,67.8754,29.0843,61.9571
128.4000,58.3427,22.3766,67.9322,28.8923,61.6036
128.4500,58.7019,22.5319,67.9787,28.6988,61.2491
128.5000,59.0672,22.6874,68.0146,28.5041,60.8936
128.5500,59.4384,22.8430,68.0401,28.3086,60.5374
128.6000,59.8159,22.9985,68.0553,28.1125,60.1804
128.6500,60.2000,23.1534,68.0603,27.9159,59.8225
128.7000,60.5913,23.3077,68.0554,27.7189,59.4638
128.7500,60.9899,23.4609,68.0407,27.5217,59.1042
128.8000,61.3961,23.6129,68.0167,27.3244,58.7437
128.8500,61.8100,23.7636,67.9833,27.1273,58.3823
128.9000,62.2316,23.9126,67.9410,26.9305,58.0200
128.9500,62.6609,24.0599,67.8900,26.7342,57.6569
129.0000,63.0978,24.2053,67.8306,26.5385,57.2931
129.0500,63.5421,24.3488,67.7630,26.3437,56.9286
129.1000,63.9934,24.4901,67.6877,26.1500,56.5635
129.1500,64.4516,24.6292,67.6048,25.9576,56.1979
129.2000,64.9160,24.7660,67.5148,25.7667,55.8319
129.2500,65.3863,24.9006,67.4181,25.5774,55.4656
129.3000,65.8619,25.0328,67.3150,25.3901,55.0992
129.3500,66.3420,25.1626,67.2060,25.2048,54.7326
129.4000,66.8261,25.2900,67.0915,25.0219,54.3662
129.4500,67.3131,25.4150,66.9720,24.8415,53.9999
129.5000,67.8024,25.5375,66.8480,24.6637,53.6340
129.5500,68.2929,25.6578,66.7199,24.4888,53.2687
129.6000,68.7846,25.7756,66.5878,24.3170,52.9039
129.6500,69.2770,25.8912,66.4516,24.1484,52.5400
129.7000,69.7701,26.0045,66.3113,23.9832,52.1770
129.7500,70.2637,26.1155,66.1668,23.8215,51.8152
129.8000,70.7574,26.2245,66.0181,23.6635,51.4546
129.8500,71.2509,26.3314,65.8652,23.5092,51.0954
129.9000,71.7440,26.4363,65.7079,23.3589,50.7378
129.9500,72.2363,26.5392,65.5461,23.2125,50.3820
130.0000,72.7276,26.6404,65.3799,23.0702,50.0281
130.0500,73.2174,26.7398,65.2092,22.9318,49.6761
130.1000,73.7058,26.8374,65.0338,22.7971,49.3258
130.1500,74.1930,26.9329,64.8537,22.6654,48.9768
130.2000,74.6790,27.0262,64.6688,22.5362,48.6287
130.2500,75.1637,27.1173,64.4790,22.4091,48.2813
130.3000,75.6472,27.2061,64.2842,22.2836,47.9341
130.3500,76.1293,27.2924,64.0843,22.1591,47.5871
130.4000,76.6098,27.3762,63.8792,22.0352,47.2399
130.4500,77.0884,27.4575,63.6688,21.9114,46.8924
130.5000,77.5650,27.5364,63.4531,21.7872,46.5443
130.5500,78.0392,27.6127,63.2318,21.6621,46.1955
130.6000,78.5105,27.6866,63.0048,21.5355,45.8459
130.6500,78.9786,27.7581,62.7720,21.4070,45.4953
130.7000,79.4430,27.8272,62.5334,21.2760,45.1437
130.7500,79.9030,27.8940,62.2887,21.1420,44.7909
130.8000,80.3582,27.9586,62.0378,21.0043,44.4369
130.8500,80.8079,28.0212,61.7805,20.8625,44.0817
130.9000,81.2513,28.0818,61.5168,20.7159,43.7252
130.9500,81.6877,28.1407,61.2463,20.5639,43.3675
131.0000,82.1163,28.1979,60.9690,20.4058,43.0085
131.0500,82.5364,28.2536,60.6847,20.2410,42.6483
131.1000,82.9478,28.3081,60.3935,20.0697,42.2869
131.1500,83.3505,28.3616,60.0955,19.8919,41.9244
131.2000,83.7444,28.4143,59.7907,19.7079,41.5608
131.2500,84.1295,28.4663,59.4794,19.5180,41.1961
131.3000,84.5058,28.5181,59.1616,19.3223,40.8306
131.3500,84.8732,28.5698,58.8376,19.1212,40.4643
131.4000,85.2317,28.6218,58.5074,18.9148,40.0973
131.4500,85.5812,28.6744,58.1712,18.7035,39.7298
131.5000,85.9218,28.7279,57.8292,18.4877,39.3618
131.5500,86.2534,28.7824,57.4815,18.2674,38.9936
131.6000,86.5764,28.8378,57.1283,18.0426,38.6252
131.6500,86.8915,28.8935,56.7699,17.8130,38.2570
131.7000,87.1989,28.9492,56.4063,17.5786,37.8889
131.7500,87.4992,29.0047,56.0379,17.3392,37.5214
131.8000,87.7927,29.0598,55.6647,17.0947,37.1544
131.8500,88.0798,29.1142,55.2870,16.8451,36.7884
131.9000,88.3607,29.1680,54.9050,16.5905,36.4234
131.9500,88.6359,29.2212,54.5189,16.3307,36.0597
132.0000,88.9056,29.2737,54.1289,16.0660,35.6976
132.0500,89.1699,29.3257,53.7353,15.7964,35.3373
132.1000,89.4291,29.3774,53.3382,15.5220,34.9791
132.1500,89.6834,29.4291,52.9379,15.2429,34.6232
132.2000,89.9330,29.4809,52.5346,14.9595,34.2699
132.2500,90.1778,29.5333,52.1285,14.6718,33.9196
132.3000,90.4181,29.5868,51.7198,14.3800,33.5725
132.3500,90.6539,29.6417,51.3089,14.0845,33.2290
132.4000,90.8852,29.6987,50.8957,13.7854,32.8893
132.4500,91.1120,29.7583,50.4807,13.4832,32.5538
132.5000,91.3342,29.8212,50.0641,13.1779,32.2230
132.5500,91.5519,29.8880,49.6459,12.8701,31.8970
132.6000,91.7652,29.9588,49.2265,12.5599,31.5761
132.6500,91.9743,30.0333,48.8060,12.2478,31.2602
132.7000,92.1794,30.1117,48.3847,11.9340,30.9496
132.7500,92.3805,30.1936,47.9626,11.6190,30.6442
132.8000,92.5779,30.2792,47.5401,11.3031,30.3441
132.8500,92.7717,30.3682,47.1173,10.9866,30.0494
132.9000,92.9619,30.4606,46.6943,10.6700,29.7602
132.9500,93.1487,30.5564,46.2714,10.3536,29.4764
133.0000,93.3321,30.6553,45.8485,10.0378,29.1982
133.0500,93.5122,30.7574,45.4260,9.7231,28.9256
133.1000,93.6893,30.8623,45.0039,9.4107,28.6584
133.1500,93.8636,30.9697,44.5823,9.1019,28.3964
133.2000,94.0354,31.0791,44.1614,8.7976,28.1393
133.2500,94.2048,31.1903,43.7411,8.4988,27.8871
133.3000,94.3721,31.3029,43.3216,8.2065,27.6395
133.3500,94.5373,31.4167,42.9028,7.9213,27.3963
133.4000,94.7005,31.5312,42.4850,7.6440,27.1575
133.4500,94.8617,31.6463,42.0679,7.3750,26.9230
133.5000,95.0210,31.7616,41.6516,7.1149,26.6925
133.5500,95.1782,31.8767,41.2362,6.8640,26.4661
133.6000,95.3333,31.9915,40.8214,6.6226,26.2436
133.6500,95.4861,32.1057,40.4073,6.3910,26.0251
133.7000,95.6364,32.2188,39.9938,6.1693,25.8103
133.7500,95.7839,32.3307,39.5806,5.9577,25.5995
133.8000,95.9285,32.4410,39.1676,5.7560,25.3924
133.8500,96.0696,32.5495,38.7547,5.5643,25.1892
133.9000,96.2070,32.6558,38.3416,5.3825,24.9899
133.9500,96.3402,32.7596,37.9280,5.2104,24.7945
134.0000,96.4686,32.8607,37.5137,5.0478,24.6030
134.0500,96.5919,32.9587,37.0985,4.8945,24.4156
134.1000,96.7100,33.0536,36.6824,4.7504,24.2321
134.1500,96.8234,33.1454,36.2658,4.6155,24.0523
134.2000,96.9322,33.2341,35.8487,4.4898,23.8760
134.2500,97.0367,33.3196,35.4316,4.3733,23.7030
134.3000,97.1370,33.4021,35.0145,4.2657,23.5332
134.3500,97.2335,33.4815,34.5978,4.1670,23.3664
134.4000,97.3262,33.5578,34.1815,4.0772,23.2024
134.4500,97.4153,33.6312,33.7661,3.9960,23.0411
134.5000,97.5010,33.7017,33.3515,3.9235,22.8823
134.5500,97.5836,33.7693,32.9381,3.8595,22.7259
134.6000,97.6631,33.8339,32.5260,3.8049,22.5717
134.6500,97.7399,33.8953,32.1154,3.7603,22.4195
134.7000,97.8142,33.9534,31.7065,3.7263,22.2694
134.7500,97.8861,34.0081,31.2995,3.7034,22.1211
134.8000,97.9558,34.0593,30.8944,3.6920,21.9745
134.8500,98.0234,34.1069,30.4915,3.6925,21.8295
134.9000,98.0890,34.1510,30.0909,3.7047,21.6860
134.9500,98.1527,34.1915,29.6926,3.7284,21.5440
135.0000,98.2144,34.2285,29.2969,3.7631,21.4034
135.0500,98.2742,34.2620,28.9038,3.8086,21.2641
135.1000,98.3319,34.2923,28.5133,3.8641,21.1260
135.1500,98.3876,34.3192,28.1256,3.9292,20.9892
135.2000,98.4409,34.3431,27.7407,4.0032,20.8536
135.2500,98.4918,34.3642,27.3586,4.0854,20.7192
135.3000,98.5399,34.3826,26.9794,4.1752,20.5860
135.3500,98.5851,34.3985,26.6030,4.2719,20.4540
135.4000,98.6269,34.4124,26.2294,4.3745,20.3234
135.4500,98.6651,34.4244,25.8586,4.4824,20.1941
135.5000,98.6990,34.4350,25.4905,4.5948,20.0662
135.5500,98.7284,34.4445,25.1250,4.7108,19.9398
135.6000,98.7535,34.4530,24.7624,4.8298,19.8148
135.6500,98.7746,34.4607,24.4028,4.9514,19.6910
135.7000,98.7920,34.4677,24.0464,5.0749,19.5682
135.7500,98.8061,34.4743,23.6933,5.1999,19.4463
135.8000,98.8170,34.4806,23.3437,5.3259,19.3252
135.8500,98.8251,34.4868,22.9978,5.4525,19.2047
135.9000,98.8307,34.4932,22.6556,5.5791,19.0846
135.9500,98.8340,34.5000,22.3174,5.7054,18.9649
136.0000,98.8352,34.5075,21.9833,5.8310,18.8455
136.0500,98.8347,34.5158,21.6534,5.9555,18.7262
136.1000,98.8324,34.5247,21.3277,6.0783,18.6070
136.1500,98.8288,34.5336,21.0065,6.1990,18.4877
136.2000,98.8238,34.5422,20.6897,6.3170,18.3684
136.2500,98.8177,34.5502,20.3775,6.4319,18.2490
136.3000,98.8105,34.5569,20.0698,6.5434,18.1295
136.3500,98.8024,34.5617,19.7668,6.6511,18.0098
136.4000,98.7934,34.5641,19.4685,6.7548,17.8900
136.4500,98.7835,34.5634,19.1749,6.8542,17.7701
136.5000,98.7727,34.5592,18.8859,6.9492,17.6502
136.5500,98.7610,34.5511,18.6016,7.0398,17.5302
136.6000,98.7483,34.5389,18.3220,7.1258,17.4104
136.6500,98.7345,34.5224,18.0470,7.2073,17.2908
136.7000,98.7194,34.5014,17.7765,7.2844,17.1715
136.7500,98.7028,34.4759,17.5104,7.3571,17.0528
136.8000,98.6846,34.4458,17.2487,7.4257,16.9348
136.8500,98.6643,34.4114,16.9911,7.4903,16.8178
136.9000,98.6417,34.3727,16.7376,7.5512,16.7019
136.9500,98.6165,34.3301,16.4880,7.6086,16.5876
137.0000,98.5880,34.2838,16.2421,7.6629,16.4751
137.0500,98.5561,34.2342,15.9998,7.7145,16.3646
137.1000,98.5209,34.1811,15.7610,7.7633,16.2561
137.1500,98.4827,34.1239,15.5258,7.8096,16.1493
137.2000,98.4419,34.0625,15.2942,7.8535,16.0441
137.2500,98.3987,33.9965,15.0663,7.8950,15.9402
137.3000,98.3536,33.9256,14.8422,7.9342,15.8374
137.3500,98.3067,33.8496,14.6218,7.9714,15.7357
137.4000,98.2584,33.7682,14.4051,8.0064,15.6347
137.4500,98.2089,33.6812,14.1922,8.0395,15.5343
137.5000,98.1584,33.5884,13.9831,8.0705,15.4343
137.5500,98.1073,33.4895,13.7777,8.0996,15.3345
137.6000,98.0557,33.3833,13.5760,8.1267,15.2348
137.6500,98.0037,33.2686,13.3781,8.1517,15.1351
137.7000,97.9517,33.1442,13.1838,8.1745,15.0351
137.7500,97.8997,33.0094,12.9931,8.1948,14.9348
137.8000,97.8478,32.8634,12.8059,8.2125,14.8340
137.8500,97.7961,32.7057,12.6223,8.2272,14.7326
137.9000,97.7447,32.5357,12.4420,8.2384,14.6305
137.9500,97.6936,32.3532,12.2649,8.2458,14.5277
138.0000,97.6429,32.1581,12.0911,8.2486,14.4240
138.0500,97.5925,31.9502,11.9203,8.2464,14.3194
138.1000,97.5422,31.7296,11.7524,8.2394,14.2138
138.1500,97.4921,31.4964,11.5873,8.2280,14.1073
138.2000,97.4420,31.2510,11.4248,8.2127,13.9997
138.2500,97.3917,30.9936,11.2647,8.1939,13.8912
138.3000,97.3408,30.7246,11.1068,8.1721,13.7817
138.3500,97.2893,30.4446,10.9510,8.1478,13.6713
138.4000,97.2367,30.1542,10.7969,8.1215,13.5601
138.4500,97.1827,29.8539,10.6444,8.0938,13.4481
138.5000,97.1268,29.5445,10.4932,8.0650,13.3355
138.5500,97.0687,29.2266,10.3431,8.0357,13.2223
138.6000,97.0086,28.9010,10.1940,8.0062,13.1086
138.6500,96.9468,28.5680,10.0459,7.9767,12.9940
138.7000,96.8838,28.2282,9.8989,7.9472,12.8787
138.7500,96.8197,27.8823,9.7529,7.9180,12.7623
138.8000,96.7550,27.5309,9.6079,7.8892,12.6450
138.8500,96.6900,27.1745,9.4641,7.8608,12.5264
138.9000,96.6249,26.8137,9.3212,7.8329,12.4067
138.9500,96.5600,26.4493,9.1795,7.8055,12.2858
139.0000,96.4956,26.0818,9.0388,7.7784,12.1635
139.0500,96.4321,25.7118,8.8991,7.7514,12.0399
139.1000,96.3695,25.3398,8.7606,7.7234,11.9150
139.1500,96.3082,24.9664,8.6231,7.6934,11.7888
139.2000,96.2484,24.5919,8.4867,7.6603,11.6612
139.2500,96.1902,24.2169,8.3514,7.6230,11.5324
139.3000,96.1338,23.8418,8.2172,7.5807,11.4024
139.3500,96.0794,23.4671,8.0841,7.5326,11.2713
139.4000,96.0271,23.0933,7.9521,7.4776,11.1391
139.4500,95.9770,22.7208,7.8212,7.4149,11.0061
139.5000,95.9292,22.3500,7.6914,7.3437,10.8722
139.5500,95.8837,21.9813,7.5627,7.2634,10.7378
139.6000,95.8406,21.6152,7.4352,7.1739,10.6030
139.6500,95.7998,21.2520,7.3087,7.0757,10.4679
139.7000,95.7613,20.8920,7.1834,6.9692,10.3329
139.7500,95.7250,20.5357,7.0592,6.8552,10.1982
139.8000,95.6909,20.1833,6.9361,6.7341,10.0641
139.8500,95.6587,19.8352,6.8141,6.6068,9.9309
139.9000,95.6283,19.4916,6.6933,6.4741,9.7990
139.9500,95.5995,19.1528,6.5736,6.3367,9.6687
140.0000,95.5720,18.8192,6.4551,6.1957,9.5405
140.0500,95.5456,18.4908,6.3377,6.0519,9.4146
140.1000,95.5204,18.1677,6.2214,5.9059,9.2912
140.1500,95.4968,17.8498,6.1063,5.7581,9.1700
140.2000,95.4748,17.5370,5.9923,5.6089,9.0510
140.2500,95.4548,17.2291,5.8795,5.4589,8.9341
140.3000,95.4369,16.9259,5.7678,5.3085,8.8190
140.3500,95.4214,16.6273,5.6573,5.1582,8.7057
140.4000,95.4083,16.3331,5.5479,5.0085,8.5941
140.4500,95.3979,16.0430,5.4397,4.8597,8.4841
140.5000,95.3903,15.7567,5.3326,4.7124,8.3755
140.5500,95.3856,15.4741,5.2267,4.5669,8.2683
140.6000,95.3839,15.1948,5.1219,4.4237,8.1626
140.6500,95.3853,14.9185,5.0184,4.2832,8.0584
140.7000,95.3899,14.6451,4.9159,4.1457,7.9559
140.7500,95.3976,14.3742,4.8146,4.0117,7.8551
140.8000,95.4087,14.1056,4.7145,3.8814,7.7561
140.8500,95.4230,13.8389,4.6156,3.7551,7.6589
140.9000,95.4405,13.5740,4.5178,3.6333,7.5635
140.9500,95.4611,13.3107,4.4212,3.5161,7.4700
141.0000,95.4849,13.0486,4.3257,3.4038,7.3783
141.0500,95.5116,12.7877,4.2314,3.2967,7.2883
141.1000,95.5412,12.5279,4.1383,3.1948,7.2002
141.1500,95.5735,12.2690,4.0463,3.0986,7.1137
141.2000,95.6084,12.0109,3.9555,3.0081,7.0289
141.2500,95.6455,11.7537,3.8658,2.9235,6.9457
141.3000,95.6846,11.4975,3.7773,2.8449,6.8640
141.3500,95.7255,11.2423,3.6899,2.7725,6.7836
141.4000,95.7678,10.9884,3.6038,2.7064,6.7046
141.4500,95.8111,10.7361,3.5187,2.6468,6.6268
141.5000,95.8551,10.4857,3.4349,2.5937,6.5502
141.5500,95.8995,10.2374,3.3521,2.5472,6.4745
141.6000,95.9441,9.9912,3.2706,2.5069,6.3998
141.6500,95.9893,9.7468,3.1902,2.4724,6.3258
141.7000,96.0349,9.5039,3.1109,2.4430,6.2525
141.7500,96.0812,9.2624,3.0328,2.4183,6.1798
141.8000,96.1283,9.0222,2.9558,2.3977,6.1076
141.8500,96.1762,8.7834,2.8800,2.3807,6.0357
141.9000,96.2250,8.5460,2.8053,2.3666,5.9641
141.9500,96.2747,8.3103,2.7317,2.3548,5.8927
142.0000,96.3255,8.0766,2.6593,2.3448,5.8213
142.0500,96.3773,7.8454,2.5880,2.3361,5.7499
142.1000,96.4302,7.6171,2.5179,2.3280,5.6783
142.1500,96.4843,7.3925,2.4489,2.3200,5.6066
142.2000,96.5395,7.1724,2.3809,2.3116,5.5347
142.2500,96.5959,6.9578,2.3142,2.3023,5.4624
142.3000,96.6534,6.7497,2.2485,2.2916,5.3897
142.3500,96.7120,6.5481,2.1839,2.2791,5.3167
142.4000,96.7718,6.3529,2.1205,2.2645,5.2432
142.4500,96.8326,6.1641,2.0582,2.2475,5.1693
142.5000,96.8944,5.9815,1.9969,2.2278,5.0950
142.5500,96.9571,5.8050,1.9368,2.2052,5.0202
142.6000,97.0207,5.6345,1.8777,2.1798,4.9450
142.6500,97.0850,5.4700,1.8198,2.1514,4.8694
142.7000,97.1500,5.3114,1.7629,2.1202,4.7936
142.7500,97.2154,5.1585,1.7071,2.0864,4.7175
142.8000,97.2812,5.0115,1.6524,2.0503,4.6412
142.8500,97.3471,4.8701,1.5987,2.0125,4.5649
142.9000,97.4131,4.7343,1.5461,1.9734,4.4887
142.9500,97.4789,4.6042,1.4946,1.9339,4.4128
143.0000,97.5442,4.4797,1.4441,1.8947,4.3372
143.0500,97.6089,4.3608,1.3947,1.8569,4.2622
143.1000,97.6729,4.2471,1.3463,1.8205,4.1877
143.1500,97.7364,4.1386,1.2989,1.7853,4.1137
143.2000,97.7993,4.0348,1.2525,1.7512,4.0399
143.2500,97.8617,3.9354,1.2072,1.7182,3.9664
143.3000,97.9235,3.8403,1.1629,1.6861,3.8931
143.3500,97.9848,3.7491,1.1196,1.6548,3.8200
143.4000,98.0456,3.6616,1.0773,1.6242,3.7469
143.4500,98.1060,3.5774,1.0360,1.5943,3.6738
143.5000,98.1659,3.4964,0.9957,1.5649,3.6007
143.5500,98.2253,3.4182,0.9564,1.5360,3.5276
143.6000,98.2843,3.3425,0.9180,1.5074,3.4543
143.6500,98.3428,3.2693,0.8806,1.4790,3.3808
143.7000,98.4008,3.1981,0.8442,1.4509,3.3072
143.7500,98.4583,3.1288,0.8087,1.4229,3.2333
143.8000,98.5153,3.0612,0.7741,1.3950,3.1593
143.8500,98.5717,2.9951,0.7405,1.3671,3.0850
143.9000,98.6276,2.9301,0.7078,1.3392,3.0105
143.9500,98.6829,2.8663,0.6760,1.3112,2.9358
144.0000,98.7375,2.8034,0.6452,1.2831,2.8608
144.0500,98.7914,2.7412,0.6152,1.2548,2.7856
144.1000,98.8446,2.6797,0.5861,1.2264,2.7103
144.1500,98.8970,2.6186,0.5578,1.1978,2.6347
144.2000,98.9484,2.5580,0.5305,1.1691,2.5590
144.2500,98.9989,2.4977,0.5040,1.1402,2.4832
144.3000,99.0484,2.4377,0.4783,1.1112,2.4073
144.3500,99.0967,2.3780,0.4535,1.0821,2.3314
144.4000,99.1439,2.3184,0.4295,1.0529,2.2555
144.4500,99.1897,2.2592,0.4064,1.0238,2.1796
144.5000,99.2340,2.2002,0.3840,0.9947,2.1039
144.5500,99.2768,2.1416,0.3624,0.9657,2.0283
144.6000,99.3181,2.0832,0.3416,0.9368,1.9530
144.6500,99.3579,2.0248,0.3216,0.9079,1.8780
144.7000,99.3961,1.9662,0.3024,0.8791,1.8034
144.7500,99.4329,1.9073,0.2838,0.8502,1.7292
144.8000,99.4683,1.8479,0.2661,0.8212,1.6556
144.8500,99.5022,1.7880,0.2490,0.7921,1.5826
144.9000,99.5347,1.7274,0.2327,0.7628,1.5103
144.9500,99.5658,1.6660,0.2171,0.7334,1.4387
145.0000,99.5956,1.6038,0.2021,0.7039,1.3681
145.0500,99.6240,1.5408,0.1879,0.6742,1.2984
145.1000,99.6511,1.4769,0.1743,0.6443,1.2297
145.1500,99.6770,1.4122,0.1613,0.6143,1.1622
145.2000,99.7016,1.3466,0.1490,0.5842,1.0959
145.2500,99.7249,1.2803,0.1373,0.5540,1.0310
145.3000,99.7471,1.2132,0.1262,0.5237,0.9674
145.3500,99.7680,1.1456,0.1157,0.4934,0.9053
145.4000,99.7879,1.0775,0.1058,0.4632,0.8448
145.4500,99.8065,1.0092,0.0964,0.4332,0.7860
145.5000,99.8241,0.9408,0.0876,0.4033,0.7290
145.5500,99.8407,0.8725,0.0794,0.3737,0.6738
145.6000,99.8562,0.8047,0.0716,0.3445,0.6205
145.6500,99.8706,0.7377,0.0644,0.3158,0.5691
145.7000,99.8841,0.6717,0.0577,0.2877,0.5199
145.7500,99.8967,0.6072,0.0514,0.2604,0.4727
145.8000,99.9083,0.5446,0.0456,0.2339,0.4277
145.8500,99.9191,0.4844,0.0402,0.2086,0.3850
145.9000,99.9290,0.4270,0.0353,0.1845,0.3445
145.9500,99.9380,0.3730,0.0308,0.1618,0.3064
146.0000,99.9463,0.3230,0.0267,0.1407,0.2706
146.0500,99.9538,0.2774,0.0229,0.1214,0.2371
146.1000,99.9606,0.2363,0.0196,0.1039,0.2061
146.1500,99.9667,0.1994,0.0165,0.0881,0.1774
146.2000,99.9722,0.1666,0.0138,0.0739,0.1512
146.2500,99.9770,0.1375,0.0114,0.0613,0.1273
146.3000,99.9813,0.1119,0.0093,0.0502,0.1057
146.3500,99.9849,0.0898,0.0075,0.0404,0.0865
146.4000,99.9881,0.0707,0.0059,0.0320,0.0695
146.4500,99.9908,0.0545,0.0045,0.0248,0.0547
146.5000,99.9931,0.0410,0.0034,0.0188,0.0420
146.5500,99.9949,0.0299,0.0025,0.0138,0.0312
146.6000,99.9964,0.0210,0.0018,0.0097,0.0224
146.6500,99.9976,0.0141,0.0012,0.0066,0.0153
146.7000,99.9985,0.0089,0.0007,0.0042,0.0099
146.7500,99.9991,0.0052,0.0004,0.0024,0.0058
146.8000,99.9995,0.0026,0.0002,0.0012,0.0030
146.8500,99.9998,0.0011,0.0001,0.0005,0.0013
146.9000,99.9999,0.0003,0.0000,0.0002,0.0004
146.9500,100.0000,0.0000,0.0000,0.0000,0.0001
147.0000,100.0000,0.0000,0.0000,0.0000,0.0000
147.0500,100.0000,0.0000,0.0000,0.0000,0.0000
147.1000,100.0000,0.0000,0.0000,0.0000,0.0000
147.1500,100.0000,0.0000,0.0000,0.0000,0.0000
147.2000,100.0000,0.0000,0.0000,0.0000,0.0000
147.2500,100.0000,0.0000,0.0000,0.0000,0.0000
147.3000,100.0000,0.0000,0.0000,0.0000,0.0000
147.3500,100.0000,0.0000,0.0000,0.0000,0.0000
147.4000,100.0000,0.0000,0.0000,0.0000,0.0000
147.4500,100.0000,0.0000,0.0000,0.0000,0.0000
147.5000,100.0000,0.0000,0.0000,0.0000,0.0000
147.5500,100.0000,0.0000,0.0000,0.0000,0.0000
147.6000,100.0000,0.0000,0.0000,0.0000,0.0000
147.6500,100.0000,0.0000,0.0000,0.0000,0.0000
147.7000,100.0000,0.0000,0.0000,0.0000,0.0000
147.7500,100.0000,0.0000,0.0000,0.0000,0.0000
147.8000,100.0000,0.0000,0.0000,0.0000,0.0000
147.8500,100.0000,0.0000,0.0000,0.0000,0.0000
147.9000,100.0000,0.0000,0.0000,0.0000,0.0000
147.9500,100.0000,0.0000,0.0000,0.0000,0.0000
148.0000,100.0000,0.0000,0.0000,0.0000,0.0000
148.0500,100.0000,0.0000,0.0000,0.0000,0.0000
148.1000,100.0000,0.0000,0.0000,0.0000,0.0000
148.1500,100.0000,0.0000,0.0000,0.0000,0.0000
148.2000,100.0000,0.0000,0.0000,0.0000,0.0000
148.2500,100.0000,0.0000,0.0000,0.0000,0.0000
148.3000,100.0000,0.0000,0.0000,0.0000,0.0000
148.3500,100.0000,0.0000,0.0000,0.0000,0.0000
148.4000,100.0000,0.0000,0.0000,0.0000,0.0000
148.4500,100.0000,0.0000,0.0000,0.0000,0.0000
148.5000,100.0000,0.0000,0.0000,0.0000,0.0000
148.5500,100.0000,0.0000,0.0000,0.0000,0.0000
148.6000,100.0000,0.0000,0.0000,0.0000,0.0000
148.6500,100.0000,0.0000,0.0000,0.0000,0.0000
148.7000,100.0000,0.0000,0.0000,0.0000,0.0000
148.7500,100.0000,0.0000,0.0000,0.0000,0.0000
148.8000,100.0000,0.0000,0.0000,0.0000,0.0000
148.8500,100.0000,0.0000,0.0000,0.0000,0.0000
148.9000,100.0000,0.0000,0.0000,0.0000,0.0000
148.9500,100.0000,0.0000,0.0000,0.0000,0.0000
149.0000,100.0000,0.0000,0.0000,0.0000,0.0000
149.0500,100.0000,0.0000,0.0000,0.0000,0.0000
149.1000,100.0000,0.0000,0.0000,0.0000,0.0000
149.1500,100.0000,0.0000,0.0000,0.0000,0.0000
149.2000,100.0000,0.0000,0.0000,0.0000,0.0000
149.2500,100.0000,0.0000,0.0000,0.0000,0.0000
149.3000,100.0000,0.0000,0.0000,0.0000,0.0000
149.3500,100.0000,0.0000,0.0000,0.0000,0.0000
149.4000,100.0000,0.0000,0.0000,0.0000,0.0000
149.4500,100.0000,0.0000,0.0000,0.0000,0.0000
149.5000,100.0000,0.0000,0.0000,0.0000,0.0000
149.5500,100.0000,0.0000,0.0000,0.0000,0.0000
149.6000,100.0000,0.0000,0.0000,0.0000,0.0000
149.6500,100.0000,0.0000,0.0000,0.0000,0.0000
149.7000,100.0000,0.0000,0.0000,0.0000,0.0000
149.7500,100.0000,0.0000,0.0000,0.0000,0.0000
149.8000,100.0000,0.0000,0.0000,0.0000,0.0000
149.8500,100.0000,0.0000,0.0000,0.0000,0.0000
149.9000,100.0000,0.0000,0.0000,0.0000,0.0000
149.9500,100.0000,0.0000,0.0000,0.0000,0.0000
150.0000,100.0000,0.0000,0.0000,0.0000,0.0000
150.0500,100.0000,0.0000,0.0000,0.0000,0.0000
150.1000,100.0000,0.0000,0.0000,0.0000,0.0000
150.1500,100.0000,0.0000,0.0000,0.0000,0.0000
150.2000,100.0000,0.0000,0.0000,0.0000,0.0000
150.2500,100.0000,0.0000,0.0000,0.0000,0.0000
150.3000,100.0000,0.0000,0.0000,0.0000,0.0000
150.3500,100.0000,0.0000,0.0000,0.0000,0.0000
150.4000,100.0000,0.0000,0.0000,0.0000,0.0000
150.4500,100.0000,0.0000,0.0000,0.0000,0.0000
150.5000,100.0000,0.0000,0.0000,0.0000,0.0000
150.5500,100.0000,0.0000,0.0000,0.0000,0.0000
150.6000,100.0000,0.0000,0.0000,0.0000,0.0000
150.6500,100.0000,0.0000,0.0000,0.0000,0.0000
150.7000,100.0000,0.0000,0.0000,0.0000,0.0000
150.7500,100.0000,0.0000,0.0000,0.0000,0.0000
150.8000,100.0000,0.0000,0.0000,0.0000,0.0000
150.8500,100.0000,0.0000,0.0000,0.0000,0.0000
150.9000,100.0000,0.0000,0.0000,0.0000,0.0000
150.9500,100.0000,0.0000,0.0000,0.0000,0.0000
151.0000,100.0000,0.0000,0.0000,0.0000,0.0000
151.0500,100.0000,0.0000,0.0000,0.0000,0.0000
151.1000,100.0000,0.0000,0.0000,0.0000,0.0000
151.1500,100.0000,0.0000,0.0000,0.0000,0.0000
151.2000,100.0000,0.0000,0.0000,0.0000,0.0000
151.2500,100.0000,0.0000,0.0000,0.0000,0.0000
151.3000,100.0000,0.0000,0.0000,0.0000,0.0000
151.3500,100.0000,0.0000,0.0000,0.0000,0.0000
151.4000,100.0000,0.0000,0.0000,0.0000,0.0000
151.4500,100.0000,0.0000,0.0000,0.0000,0.0000
151.5000,100.0000,0.0000,0.0000,0.0000,0.0000
151.5500,100.0000,0.0000,0.0000,0.0000,0.0000
151.6000,100.0000,0.0000,0.0000,0.0000,0.0000
151.6500,100.0000,0.0000,0.0000,0.0000,0.0000
151.7000,100.0000,0.0000,0.0000,0.0000,0.0000
151.7500,100.0000,0.0000,0.0000,0.0000,0.0000
151.8000,100.0000,0.0000,0.0000,0.0000,0.0000
151.8500,100.0000,0.0000,0.0000,0.0000,0.0000
151.9000,100.0000,0.0000,0.0000,0.0000,0.0000
151.9500,100.0000,0.0000,0.0000,0.0000,0.0000
152.0000,100.0000,0.0000,0.0000,0.0000,0.0000
152.0500,100.0000,0.0000,0.0002,0.0000,0.0000
152.1000,100.0000,0.0000,0.0013,0.0000,0.0000
152.1500,99.9999,0.0001,0.0045,0.0000,0.0001
152.2000,99.9997,0.0002,0.0104,0.0000,0.0002
152.2500,99.9994,0.0005,0.0199,0.0000,0.0004
152.3000,99.9989,0.0009,0.0337,0.0000,0.0008
152.3500,99.9983,0.0016,0.0526,0.0000,0.0014
152.4000,99.9975,0.0025,0.0771,0.0000,0.0024
152.4500,99.9964,0.0038,0.1078,0.0000,0.0038
152.5000,99.9951,0.0056,0.1451,0.0000,0.0056
152.5500,99.9935,0.0078,0.1895,0.0000,0.0081
152.6000,99.9916,0.0107,0.2414,0.0000,0.0114
152.6500,99.9893,0.0142,0.3011,0.0000,0.0154
152.7000,99.9867,0.0185,0.3688,0.0000,0.0205
152.7500,99.9837,0.0237,0.4448,0.0000,0.0266
152.8000,99.9802,0.0299,0.5293,0.0000,0.0341
152.8500,99.9763,0.0372,0.6223,0.0000,0.0429
152.9000,99.9720,0.0457,0.7240,0.0000,0.0532
152.9500,99.9672,0.0555,0.8344,0.0000,0.0653
153.0000,99.9618,0.0667,0.9535,0.0000,0.0793
153.0500,99.9559,0.0795,1.0812,0.0000,0.0952
153.1000,99.9494,0.0940,1.2175,0.0000,0.1134
153.1500,99.9423,0.1103,1.3622,0.0000,0.1340
153.2000,99.9347,0.1285,1.5151,0.0000,0.1571
153.2500,99.9263,0.1488,1.6761,0.0000,0.1829
153.3000,99.9174,0.1713,1.8450,0.0000,0.2116
153.3500,99.9077,0.1961,2.0215,0.0000,0.2433
153.4000,99.8973,0.2234,2.2052,0.0000,0.2783
153.4500,99.8862,0.2533,2.3960,0.0000,0.3168
153.5000,99.8744,0.2859,2.5934,0.0000,0.3588
153.5500,99.8618,0.3212,2.7971,0.0000,0.4045
153.6000,99.8484,0.3590,3.0067,0.0000,0.4536
153.6500,99.8342,0.3989,3.2218,0.0000,0.5058
153.7000,99.8191,0.4404,3.4420,0.0000,0.5606
153.7500,99.8032,0.4833,3.6668,0.0000,0.6180
153.8000,99.7864,0.5272,3.8958,0.0000,0.6774
153.8500,99.7688,0.5720,4.1286,0.0000,0.7389
153.9000,99.7502,0.6173,4.3645,0.0000,0.8021
153.9500,99.7306,0.6630,4.6032,0.0000,0.8668
154.0000,99.7102,0.7088,4.8442,0.0000,0.9330
154.0500,99.6887,0.7546,5.0868,0.0000,1.0004
154.1000,99.6663,0.8003,5.3307,0.0000,1.0690
154.1500,99.6429,0.8458,5.5753,0.0000,1.1386
154.2000,99.6184,0.8909,5.8200,0.0000,1.2093
154.2500,99.5929,0.9356,6.0644,0.0000,1.2809
154.3000,99.5663,0.9799,6.3080,0.0000,1.3535
154.3500,99.5387,1.0237,6.5501,0.0000,1.4270
154.4000,99.5099,1.0670,6.7904,0.0000,1.5014
154.4500,99.4801,1.1099,7.0282,0.0000,1.5768
154.5000,99.4491,1.1523,7.2631,0.0000,1.6531
154.5500,99.4170,1.1943,7.4947,0.0000,1.7305
154.6000,99.3837,1.2359,7.7224,0.0000,1.8090
154.6500,99.3492,1.2773,7.9457,0.0000,1.8886
154.7000,99.3136,1.3186,8.1643,0.0000,1.9695
154.7500,99.2767,1.3597,8.3776,0.0000,2.0517
154.8000,99.2387,1.4009,8.5853,0.0000,2.1353
154.8500,99.1994,1.4422,8.7870,0.0000,2.2206
154.9000,99.1588,1.4839,8.9822,0.0000,2.3074
154.9500,99.1170,1.5259,9.1707,0.0000,2.3961
155.0000,99.0739,1.5686,9.3521,0.0000,2.4868
155.0500,99.0295,1.6120,9.5261,0.0001,2.5795
155.1000,98.9842,1.6557,9.6924,0.0007,2.6741
155.1500,98.9380,1.6995,9.8507,0.0025,2.7705
155.2000,98.8913,1.7430,10.0010,0.0058,2.8687
155.2500,98.8443,1.7860,10.1429,0.0111,2.9686
155.3000,98.7972,1.8281,10.2763,0.0189,3.0701
155.3500,98.7501,1.8694,10.4012,0.0296,3.1731
155.4000,98.7033,1.9095,10.5174,0.0435,3.2777
155.4500,98.6568,1.9483,10.6249,0.0610,3.3838
155.5000,98.6109,1.9858,10.7238,0.0823,3.4915
155.5500,98.5657,2.0218,10.8140,0.1078,3.6007
155.6000,98.5212,2.0564,10.8956,0.1378,3.7115
155.6500,98.4777,2.0895,10.9689,0.1724,3.8240
155.7000,98.4351,2.1211,11.0339,0.2119,3.9381
155.7500,98.3936,2.1512,11.0910,0.2564,4.0540
155.8000,98.3533,2.1800,11.1404,0.3062,4.1717
155.8500,98.3142,2.2074,11.1824,0.3613,4.2913
155.9000,98.2763,2.2336,11.2175,0.4219,4.4128
155.9500,98.2397,2.2588,11.2460,0.4881,4.5364
156.0000,98.2044,2.2829,11.2686,0.5599,4.6622
156.0500,98.1705,2.3063,11.2857,0.6374,4.7903
156.1000,98.1379,2.3290,11.2981,0.7206,4.9206
156.1500,98.1066,2.3512,11.3063,0.8096,5.0535
156.2000,98.0767,2.3732,11.3112,0.9044,5.1890
156.2500,98.0481,2.3952,11.3136,1.0049,5.3271
156.3000,98.0209,2.4173,11.3143,1.1111,5.4680
156.3500,97.9948,2.4398,11.3144,1.2230,5.6119
156.4000,97.9701,2.4629,11.3144,1.3404,5.7588
156.4500,97.9465,2.4869,11.3143,1.4634,5.9088
156.5000,97.9240,2.5121,11.3140,1.5918,6.0621
156.5500,97.9026,2.5385,11.3135,1.7256,6.2187
156.6000,97.8822,2.5661,11.3128,1.8649,6.3782
156.6500,97.8628,2.5945,11.3117,2.0097,6.5402
156.7000,97.8442,2.6235,11.3102,2.1603,6.7044
156.7500,97.8264,2.6531,11.3083,2.3168,6.8702
156.8000,97.8092,2.6829,11.3059,2.4790,7.0375
156.8500,97.7927,2.7129,11.3030,2.6472,7.2060
156.9000,97.7767,2.7430,11.2995,2.8212,7.3752
156.9500,97.7611,2.7732,11.2953,3.0011,7.5451
157.0000,97.7458,2.8033,11.2904,3.1869,7.7152
157.0500,97.7307,2.8335,11.2848,3.3784,7.8856
157.1000,97.7157,2.8637,11.2785,3.5756,8.0558
157.1500,97.7007,2.8940,11.2713,3.7784,8.2258
157.2000,97.6855,2.9244,11.2632,3.9867,8.3955
157.2500,97.6701,2.9550,11.2543,4.2003,8.5646
157.3000,97.6543,2.9859,11.2445,4.4191,8.7331
157.3500,97.6380,3.0172,11.2336,4.6429,8.9008
157.4000,97.6211,3.0490,11.2218,4.8715,9.0677
157.4500,97.6034,3.0815,11.2089,5.1047,9.2337
157.5000,97.5848,3.1149,11.1950,5.3424,9.3987
157.5500,97.5653,3.1493,11.1800,5.5843,9.5627
157.6000,97.5446,3.1849,11.1639,5.8302,9.7256
157.6500,97.5226,3.2219,11.1466,6.0797,9.8874
157.7000,97.4993,3.2605,11.1282,6.3328,10.0482
157.7500,97.4744,3.3009,11.1086,6.5890,10.2078
157.8000,97.4479,3.3432,11.0878,6.8482,10.3664
157.8500,97.4196,3.3878,11.0657,7.1100,10.5238
157.9000,97.3894,3.4348,11.0424,7.3742,10.6801
157.9500,97.3571,3.4845,11.0178,7.6404,10.8355
158.0000,97.3227,3.5371,10.9919,7.9084,10.9897
158.0500,97.2861,3.5927,10.9647,8.1779,11.1430
158.1000,97.2475,3.6511,10.9362,8.4491,11.2951
158.1500,97.2076,3.7120,10.9064,8.7222,11.4457
158.2000,97.1665,3.7751,10.8752,8.9975,11.5947
158.2500,97.1247,3.8402,10.8427,9.2749,11.7419
158.3000,97.0824,3.9071,10.8088,9.5547,11.8872
158.3500,97.0399,3.9756,10.7736,9.8368,12.0304
158.4000,96.9975,4.0455,10.7369,10.1214,12.1714
158.4500,96.9554,4.1167,10.6989,10.4085,12.3101
158.5000,96.9138,4.1892,10.6595,10.6980,12.4465
158.5500,96.8729,4.2627,10.6188,10.9900,12.5804
158.6000,96.8328,4.3374,10.5766,11.2842,12.7119
158.6500,96.7937,4.4130,10.5331,11.5808,12.8409
158.7000,96.7556,4.4895,10.4881,11.8795,12.9673
158.7500,96.7187,4.5670,10.4418,12.1802,13.0913
158.8000,96.6830,4.6455,10.3941,12.4827,13.2127
158.8500,96.6485,4.7249,10.3450,12.7870,13.3317
158.9000,96.6154,4.8053,10.2945,13.0928,13.4482
158.9500,96.5835,4.8867,10.2426,13.4002,13.5623
159.0000,96.5530,4.9691,10.1894,13.7092,13.6742
159.0500,96.5237,5.0527,10.1348,14.0197,13.7838
159.1000,96.4956,5.1374,10.0788,14.3317,13.8912
159.1500,96.4687,5.2234,10.0215,14.6452,13.9966
159.2000,96.4429,5.3106,9.9629,14.9600,14.1001
159.2500,96.4181,5.3993,9.9030,15.2761,14.2018
159.3000,96.3942,5.4894,9.8417,15.5933,14.3019
159.3500,96.3712,5.5811,9.7791,15.9116,14.4005
159.4000,96.3489,5.6745,9.7153,16.2309,14.4977
159.4500,96.3272,5.7696,9.6502,16.5509,14.5937
159.5000,96.3059,5.8665,9.5838,16.8715,14.6888
159.5500,96.2850,5.9655,9.5162,17.1927,14.7833
159.6000,96.2645,6.0667,9.4473,17.5142,14.8777
159.6500,96.2445,6.1707,9.3773,17.8358,14.9729
159.7000,96.2251,6.2776,9.3060,18.1573,15.0696
159.7500,96.2064,6.3880,9.2336,18.4787,15.1684
159.8000,96.1884,6.5019,9.1600,18.7997,15.2702
159.8500,96.1711,6.6199,9.0853,19.1201,15.3756
159.9000,96.1546,6.7420,9.0095,19.4397,15.4851
159.9500,96.1387,6.8687,8.9326,19.7584,15.5996
160.0000,96.1234,7.0001,8.8546,20.0759,15.7196
160.0500,96.1088,7.1364,8.7756,20.3920,15.8457
160.1000,96.0946,7.2779,8.6956,20.7066,15.9786
160.1500,96.0809,7.4247,8.6145,21.0195,16.1189
160.2000,96.0675,7.5771,8.5325,21.3304,16.2671
160.2500,96.0543,7.7352,8.4495,21.6392,16.4238
160.3000,96.0412,7.8991,8.3656,21.9456,16.5897
160.3500,96.0281,8.0690,8.2808,22.2496,16.7653
160.4000,96.0147,8.2450,8.1952,22.5509,16.9508
160.4500,96.0010,8.4272,8.1087,22.8493,17.1461
160.5000,95.9868,8.6157,8.0213,23.1447,17.3512
160.5500,95.9718,8.8105,7.9332,23.4369,17.5660
160.6000,95.9560,9.0118,7.8443,23.7257,17.7903
160.6500,95.9391,9.2195,7.7547,24.0111,18.0239
160.7000,95.9209,9.4338,7.6644,24.2928,18.2668
160.7500,95.9013,9.6546,7.5734,24.5707,18.5187
160.8000,95.8800,9.8820,7.4818,24.8447,18.7794
160.8500,95.8567,10.1160,7.3895,25.1146,19.0488
160.9000,95.8314,10.3566,7.2967,25.3804,19.3267
160.9500,95.8038,10.6037,7.2033,25.6419,19.6128
161.0000,95.7736,10.8574,7.1094,25.8990,19.9069
161.0500,95.7406,11.1177,7.0150,26.1519,20.2089
161.1000,95.7038,11.3849,6.9201,26.4013,20.5187
161.1500,95.6623,11.6590,6.8248,26.6482,20.8364
161.2000,95.6153,11.9405,6.7292,26.8932,21.1620
161.2500,95.5621,12.2293,6.6331,27.1371,21.4955
161.3000,95.5022,12.5259,6.5367,27.3804,21.8369
161.3500,95.4350,12.8302,6.4400,27.6236,22.1862
161.4000,95.3600,13.1425,6.3431,27.8671,22.5433
161.4500,95.2770,13.4628,6.2459,28.1111,22.9083
161.5000,95.1856,13.7914,6.1485,28.3559,23.2811
161.5500,95.0858,14.1283,6.0510,28.6016,23.6616
161.6000,94.9773,14.4737,5.9533,28.8483,24.0499
161.6500,94.8600,14.8277,5.8555,29.0961,24.4458
161.7000,94.7341,15.1902,5.7577,29.3448,24.8494
161.7500,94.5994,15.5616,5.6598,29.5944,25.2606
161.8000,94.4562,15.9418,5.5619,29.8448,25.6795
161.8500,94.3045,16.3310,5.4640,30.0958,26.1059
161.9000,94.1445,16.7292,5.3662,30.3473,26.5400
161.9500,93.9765,17.1366,5.2686,30.5989,26.9818
162.0000,93.8007,17.5532,5.1710,30.8505,27.4313
162.0500,93.6173,17.9792,5.0736,31.1017,27.8885
162.1000,93.4267,18.4145,4.9764,31.3523,28.3530
162.1500,93.2292,18.8587,4.8795,31.6019,28.8243
162.2000,93.0250,19.3119,4.7828,31.8503,29.3018
162.2500,92.8147,19.7738,4.6864,32.0970,29.7851
162.3000,92.5985,20.2442,4.5903,32.3419,30.2736
162.3500,92.3768,20.7230,4.4946,32.5845,30.7668
162.4000,92.1500,21.2100,4.3993,32.8245,31.2642
162.4500,91.9184,21.7049,4.3044,33.0617,31.7652
162.5000,91.6826,22.2076,4.2099,33.2956,32.2693
162.5500,91.4428,22.7176,4.1160,33.5260,32.7760
162.6000,91.2000,23.2343,4.0226,33.7524,33.2847
162.6500,90.9551,23.7573,3.9297,33.9741,33.7950
162.7000,90.7088,24.2861,3.8374,34.1908,34.3063
162.7500,90.4621,24.8201,3.7458,34.4020,34.8181
162.8000,90.2156,25.3590,3.6548,34.6072,35.3300
162.8500,89.9702,25.9022,3.5644,34.8061,35.8416
162.9000,89.7263,26.4493,3.4747,34.9982,36.3522
162.9500,89.4848,26.9998,3.3858,35.1835,36.8616
163.0000,89.2461,27.5534,3.2977,35.3615,37.3693
163.0500,89.0107,28.1096,3.2103,35.5320,37.8749
163.1000,88.7792,28.6680,3.1238,35.6949,38.3779
163.1500,88.5520,29.2282,3.0380,35.8501,38.8782
163.2000,88.3294,29.7900,2.9532,35.9975,39.3754
163.2500,88.1117,30.3529,2.8693,36.1370,39.8691
163.3000,87.8992,30.9168,2.7862,36.2686,40.3591
163.3500,87.6922,31.4813,2.7042,36.3924,40.8451
163.4000,87.4908,32.0462,2.6231,36.5084,41.3271
163.4500,87.2951,32.6112,2.5430,36.6168,41.8047
163.5000,87.1053,33.1764,2.4639,36.7178,42.2779
163.5500,86.9212,33.7413,2.3859,36.8116,42.7466
163.6000,86.7429,34.3055,2.3089,36.8984,43.2101
163.6500,86.5702,34.8682,2.2330,36.9785,43.6678
163.7000,86.4032,35.4289,2.1583,37.0522,44.1191
163.7500,86.2416,35.9868,2.0846,37.1199,44.5635
163.8000,86.0851,36.5413,2.0122,37.1820,45.0002
163.8500,85.9335,37.0918,1.9408,37.2388,45.4288
163.9000,85.7865,37.6376,1.8707,37.2909,45.8486
163.9500,85.6438,38.1782,1.8018,37.3388,46.2591
164.0000,85.5050,38.7129,1.7341,37.3829,46.6597
164.0500,85.3695,39.2414,1.6678,37.4236,47.0500
164.1000,85.2370,39.7631,1.6036,37.4611,47.4297
164.1500,85.1070,40.2779,1.5423,37.4953,47.7985
164.2000,84.9789,40.7856,1.4846,37.5264,48.1563
164.2500,84.8521,41.2858,1.4313,37.5545,48.5027
164.3000,84.7261,41.7784,1.3830,37.5797,48.8377
164.3500,84.6001,42.2630,1.3403,37.6023,49.1610
164.4000,84.4737,42.7396,1.3038,37.6224,49.4724
164.4500,84.3460,43.2078,1.2740,37.6403,49.7717
164.5000,84.2163,43.6676,1.2513,37.6564,50.0588
164.5500,84.0840,44.1187,1.2363,37.6708,50.3335
164.6000,83.9484,44.5611,1.2293,37.6839,50.5956
164.6500,83.8086,44.9946,1.2307,37.6960,50.8451
164.7000,83.6640,45.4192,1.2407,37.7073,51.0818
164.7500,83.5137,45.8347,1.2597,37.7182,51.3056
164.8000,83.3570,46.2412,1.2880,37.7290,51.5166
164.8500,83.1931,46.6387,1.3256,37.7400,51.7146
164.9000,83.0214,47.0272,1.3729,37.7513,51.8997
164.9500,82.8409,47.4068,1.4299,37.7633,52.0719
165.0000,82.6510,47.7776,1.4968,37.7761,52.2311
165.0500,82.4509,48.1397,1.5736,37.7899,52.3775
165.1000,82.2403,48.4928,1.6604,37.8053,52.5110
165.1500,82.0187,48.8366,1.7572,37.8231,52.6312
165.2000,81.7858,49.1706,1.8640,37.8438,52.7381
165.2500,81.5413,49.4945,1.9808,37.8681,52.8315
165.3000,81.2850,49.8080,2.1075,37.8965,52.9113
165.3500,81.0167,50.1108,2.2441,37.9297,52.9774
165.4000,80.7363,50.4025,2.3904,37.9680,53.0298
165.4500,80.4437,50.6829,2.5463,38.0120,53.0683
165.5000,80.1390,50.9516,2.7116,38.0620,53.0929
165.5500,79.8223,51.2086,2.8863,38.1181,53.1037
165.6000,79.4940,51.4539,3.0700,38.1800,53.1009
165.6500,79.1547,51.6874,3.2627,38.2468,53.0848
165.7000,78.8050,51.9093,3.4640,38.3180,53.0557
165.7500,78.4456,52.1196,3.6737,38.3929,53.0139
165.8000,78.0772,52.3185,3.8915,38.4706,52.9598
165.8500,77.7008,52.5061,4.1173,38.5502,52.8938
165.9000,77.3174,52.6825,4.3506,38.6308,52.8161
165.9500,76.9280,52.8478,4.5912,38.7115,52.7273
166.0000,76.5338,53.0023,4.8387,38.7910,52.6276
166.0500,76.1361,53.1460,5.0929,38.8683,52.5176
166.1000,75.7352,53.2794,5.3533,38.9432,52.3977
166.1500,75.3314,53.4024,5.6197,39.0155,52.2683
166.2000,74.9248,53.5156,5.8916,39.0852,52.1300
166.2500,74.5158,53.6190,6.1687,39.1521,51.9833
166.3000,74.1045,53.7132,6.4505,39.2163,51.8287
166.3500,73.6911,53.7984,6.7368,39.2778,51.6669
166.4000,73.2759,53.8750,7.0271,39.3364,51.4984
166.4500,72.8589,53.9434,7.3209,39.3921,51.3239
166.5000,72.4404,54.0042,7.6180,39.4450,51.1441
166.5500,72.0205,54.0578,7.9178,39.4950,50.9596
166.6000,71.5994,54.1041,8.2199,39.5424,50.7706
166.6500,71.1772,54.1432,8.5240,39.5875,50.5774
166.7000,70.7541,54.1750,8.8295,39.6305,50.3800
166.7500,70.3302,54.1996,9.1360,39.6718,50.1787
166.8000,69.9055,54.2169,9.4432,39.7117,49.9737
166.8500,69.4802,54.2269,9.7505,39.7505,49.7650
166.9000,69.0543,54.2297,10.0576,39.7885,49.5529
166.9500,68.6280,54.2252,10.3639,39.8260,49.3376
167.0000,68.2013,54.2136,10.6691,39.8634,49.1192
167.0500,67.7743,54.1950,10.9727,39.9009,48.8981
167.1000,67.3478,54.1696,11.2746,39.9393,48.6745
167.1500,66.9226,54.1378,11.5745,39.9789,48.4491
167.2000,66.4995,54.1000,11.8723,40.0204,48.2222
167.2500,66.0790,54.0566,12.1678,40.0643,47.9943
167.3000,65.6618,54.0079,12.4609,40.1110,47.7659
167.3500,65.2485,53.9543,12.7513,40.1610,47.5374
167.4000,64.8394,53.8962,13.0390,40.2147,47.3091
167.4500,64.4352,53.8339,13.3238,40.2725,47.0816
167.5000,64.0360,53.7680,13.6054,40.3348,46.8551
167.5500,63.6422,53.6987,13.8837,40.4018,46.6303
167.6000,63.2540,53.6264,14.1585,40.4740,46.4073
167.6500,62.8716,53.5518,14.4296,40.5514,46.1867
167.7000,62.4951,53.4750,14.6968,40.6343,45.9687
167.7500,62.1245,53.3968,14.9598,40.7229,45.7539
167.8000,61.7599,53.3174,15.2191,40.8172,45.5426
167.8500,61.4010,53.2374,15.4750,40.9174,45.3351
167.9000,61.0479,53.1574,15.7279,41.0235,45.1318
167.9500,60.7004,53.0778,15.9782,41.1354,44.9331
168.0000,60.3580,52.9992,16.2262,41.2532,44.7394
168.0500,60.0207,52.9220,16.4722,41.3767,44.5510
168.1000,59.6886,52.8464,16.7165,41.5063,44.3680
168.1500,59.3617,52.7724,16.9594,41.6424,44.1905
168.2000,59.0404,52.6999,17.2012,41.7854,44.0185
168.2500,58.7247,52.6289,17.4421,41.9357,43.8519
168.3000,58.4147,52.5594,17.6823,42.0937,43.6909
168.3500,58.1105,52.4912,17.9221,42.2597,43.5354
168.4000,57.8123,52.4244,18.1615,42.4339,43.3852
168.4500,57.5200,52.3587,18.4009,42.6168,43.2405
168.5000,57.2336,52.2943,18.6403,42.8086,43.1010
168.5500,56.9532,52.2309,18.8798,43.0095,42.9665
168.6000,56.6790,52.1689,19.1193,43.2199,42.8365
168.6500,56.4112,52.1084,19.3584,43.4399,42.7101
168.7000,56.1500,52.0498,19.5970,43.6698,42.5867
168.7500,55.8955,51.9933,19.8346,43.9097,42.4658
168.8000,55.6479,51.9389,20.0712,44.1598,42.3469
168.8500,55.4072,51.8868,20.3065,44.4203,42.2296
168.9000,55.1734,51.8371,20.5403,44.6914,42.1134
168.9500,54.9466,51.7898,20.7724,44.9730,41.9980
169.0000,54.7267,51.7450,21.0026,45.2654,41.8831
169.0500,54.5136,51.7026,21.2308,45.5685,41.7685
169.1000,54.3073,51.6627,21.4568,45.8825,41.6540
169.1500,54.1076,51.6250,21.6804,46.2074,41.5392
169.2000,53.9143,51.5896,21.9016,46.5431,41.4241
169.2500,53.7273,51.5563,22.1202,46.8897,41.3084
169.3000,53.5463,51.5248,22.3361,47.2472,41.1921
169.3500,53.3711,51.4951,22.5493,47.6156,41.0748
169.4000,53.2013,51.4668,22.7597,47.9946,40.9565
169.4500,53.0367,51.4396,22.9671,48.3844,40.8370
169.5000,52.8768,51.4134,23.1716,48.7847,40.7161
169.5500,52.7215,51.3877,23.3731,49.1955,40.5937
169.6000,52.5704,51.3625,23.5716,49.6165,40.4701
169.6500,52.4235,51.3377,23.7670,50.0478,40.3456
169.7000,52.2805,51.3133,23.9595,50.4890,40.2207
169.7500,52.1414,51.2890,24.1489,50.9401,40.0956
169.8000,52.0060,51.2648,24.3352,51.4007,39.9709
169.8500,51.8741,51.2405,24.5187,51.8707,39.8469
169.9000,51.7455,51.2161,24.6992,52.3499,39.7240
169.9500,51.6200,51.1913,24.8768,52.8379,39.6026
170.0000,51.4973,51.1660,25.0516,53.3345,39.4829
170.0500,51.3774,51.1402,25.2236,53.8394,39.3654
170.1000,51.2604,51.1140,25.3930,54.3523,39.2503
170.1500,51.1466,51.0878,25.5599,54.8730,39.1381
170.2000,51.0363,51.0620,25.7242,55.4010,39.0289
170.2500,50.9296,51.0367,25.8862,55.9360,38.9230
170.3000,50.8267,51.0122,26.0460,56.4777,38.8207
170.3500,50.7276,50.9886,26.2037,57.0257,38.7222
170.4000,50.6325,50.9660,26.3594,57.5796,38.6275
170.4500,50.5414,50.9446,26.5134,58.1391,38.5369
170.5000,50.4542,50.9244,26.6656,58.7036,38.4505
170.5500,50.3709,50.9054,26.8163,59.2730,38.3684
170.6000,50.2913,50.8876,26.9657,59.8466,38.2905
170.6500,50.2154,50.8709,27.1139,60.4240,38.2169
170.7000,50.1429,50.8553,27.2611,61.0050,38.1474
170.7500,50.0738,50.8405,27.4075,61.5889,38.0822
170.8000,50.0076,50.8266,27.5533,62.1754,38.0209
170.8500,49.9441,50.8132,27.6987,62.7639,37.9634
170.9000,49.8831,50.8002,27.8438,63.3541,37.9096
170.9500,49.8241,50.7873,27.9889,63.9455,37.8591
171.0000,49.7667,50.7742,28.1342,64.5376,37.8117
171.0500,49.7107,50.7607,28.2799,65.1300,37.7670
171.1000,49.6557,50.7467,28.4261,65.7221,37.7249
171.1500,49.6015,50.7321,28.5732,66.3135,37.6853
171.2000,49.5481,50.7168,28.7213,66.9038,37.6480
171.2500,49.4951,50.7009,28.8706,67.4925,37.6129
171.3000,49.4423,50.6841,29.0214,68.0791,37.5797
171.3500,49.3895,50.6665,29.1739,68.6631,37.5482
171.4000,49.3364,50.6478,29.3282,69.2442,37.5182
171.4500,49.2828,50.6281,29.4846,69.8218,37.4893
171.5000,49.2283,50.6072,29.6434,70.3955,37.4613
171.5500,49.1727,50.5850,29.8045,70.9649,37.4339
171.6000,49.1164,50.5616,29.9675,71.5289,37.4066
171.6500,49.0599,50.5372,30.1318,72.0867,37.3792
171.7000,49.0036,50.5119,30.2969,72.6373,37.3512
171.7500,48.9477,50.4858,30.4622,73.1800,37.3223
171.8000,48.8925,50.4590,30.6273,73.7139,37.2920
171.8500,48.8383,50.4315,30.7919,74.2382,37.2600
171.9000,48.7851,50.4033,30.9554,74.7522,37.2257
171.9500,48.7330,50.3746,31.1176,75.2553,37.1888
172.0000,48.6821,50.3453,31.2782,75.7469,37.1488
172.0500,48.6323,50.3155,31.4369,76.2263,37.1053
172.1000,48.5835,50.2850,31.5934,76.6930,37.0577
172.1500,48.5356,50.2540,31.7476,77.1466,37.0058
172.2000,48.4884,50.2223,31.8991,77.5866,36.9489
172.2500,48.4417,50.1900,32.0480,78.0126,36.8867
172.3000,48.3950,50.1569,32.1939,78.4243,36.8188
172.3500,48.3482,50.1229,32.3369,78.8215,36.7447
172.4000,48.3007,50.0881,32.4767,79.2038,36.6641
172.4500,48.2521,50.0523,32.6134,79.5711,36.5765
172.5000,48.2020,50.0155,32.7468,79.9234,36.4817
172.5500,48.1498,49.9775,32.8768,80.2603,36.3794
172.6000,48.0955,49.9382,33.0035,80.5818,36.2691
172.6500,48.0390,49.8975,33.1268,80.8875,36.1507
172.7000,47.9804,49.8552,33.2467,81.1771,36.0239
172.7500,47.9195,49.8113,33.3630,81.4506,35.8886
172.8000,47.8562,49.7656,33.4759,81.7076,35.7447
172.8500,47.7907,49.7180,33.5853,81.9482,35.5920
172.9000,47.7227,49.6683,33.6912,82.1721,35.4306
172.9500,47.6522,49.6163,33.7935,82.3794,35.2605
173.0000,47.5791,49.5619,33.8923,82.5701,35.0818
173.0500,47.5035,49.5050,33.9876,82.7442,34.8946
173.1000,47.4254,49.4462,34.0792,82.9018,34.6993
173.1500,47.3453,49.3859,34.1671,83.0430,34.4961
173.2000,47.2632,49.3246,34.2514,83.1680,34.2854
173.2500,47.1795,49.2628,34.3319,83.2769,34.0679
173.3000,47.0944,49.2007,34.4086,83.3692,33.8439
173.3500,47.0079,49.1388,34.4813,83.4448,33.6144
173.4000,46.9202,49.0773,34.5500,83.5036,33.3800
173.4500,46.8315,49.0165,34.6145,83.5453,33.1417
173.5000,46.7418,48.9564,34.6747,83.5700,32.9005
173.5500,46.6513,48.8972,34.7304,83.5776,32.6574
173.6000,46.5599,48.8391,34.7814,83.5681,32.4126
173.6500,46.4678,48.7820,34.8274,83.5416,32.1662
173.7000,46.3750,48.7260,34.8683,83.4984,31.9183
173.7500,46.2815,48.6709,34.9038,83.4386,31.6688
173.8000,46.1874,48.6168,34.9334,83.3624,31.4178
173.8500,46.0925,48.5634,34.9570,83.2703,31.1653
173.9000,45.9969,48.5106,34.9740,83.1626,30.9113
173.9500,45.9005,48.4583,34.9841,83.0398,30.6557
174.0000,45.8034,48.4060,34.9868,82.9024,30.3987
174.0500,45.7055,48.3537,34.9817,82.7509,30.1401
174.1000,45.6067,48.3012,34.9691,82.5855,29.8801
174.1500,45.5069,48.2485,34.9493,82.4063,29.6190
174.2000,45.4061,48.1956,34.9227,82.2133,29.3570
174.2500,45.3041,48.1422,34.8896,82.0067,29.0943
174.3000,45.2010,48.0885,34.8504,81.7868,28.8311
174.3500,45.0966,48.0341,34.8055,81.5537,28.5678
174.4000,44.9907,47.9790,34.7553,81.3077,28.3044
174.4500,44.8834,47.9231,34.7002,81.0491,28.0413
174.5000,44.7743,47.8662,34.6405,80.7782,27.7785
174.5500,44.6636,47.8081,34.5768,80.4951,27.5165
174.6000,44.5509,47.7487,34.5093,80.1991,27.2560
174.6500,44.4361,47.6877,34.4386,79.8895,26.9977
174.7000,44.3192,47.6249,34.3650,79.5656,26.7424
174.7500,44.1999,47.5601,34.2890,79.2269,26.4909
174.8000,44.0781,47.4932,34.2110,78.8730,26.2436
174.8500,43.9537,47.4238,34.1314,78.5036,26.0012
174.9000,43.8264,47.3517,34.0506,78.1186,25.7642
174.9500,43.6960,47.2766,33.9692,77.7181,25.5330
175.0000,43.5625,47.1984,33.8875,77.3020,25.3081
175.0500,43.4255,47.1166,33.8060,76.8706,25.0898
175.1000,43.2848,47.0310,33.7252,76.4243,24.8783
175.1500,43.1403,46.9413,33.6454,75.9635,24.6741
175.2000,42.9917,46.8473,33.5672,75.4887,24.4771
175.2500,42.8388,46.7485,33.4910,75.0007,24.2877
175.3000,42.6813,46.6447,33.4172,74.5001,24.1059
175.3500,42.5190,46.5355,33.3464,73.9879,23.9317
175.4000,42.3516,46.4206,33.2789,73.4650,23.7652
175.4500,42.1787,46.2996,33.2152,72.9324,23.6063
175.5000,42.0001,46.1722,33.1559,72.3914,23.4550
175.5500,41.8155,46.0381,33.1013,71.8429,23.3111
175.6000,41.6248,45.8970,33.0519,71.2877,23.1747
175.6500,41.4280,45.7490,33.0082,70.7262,23.0459
175.7000,41.2251,45.5939,32.9707,70.1588,22.9247
175.7500,41.0159,45.4317,32.9398,69.5862,22.8112
175.8000,40.8005,45.2623,32.9160,69.0089,22.7055
175.8500,40.5787,45.0857,32.8998,68.4275,22.6074
175.9000,40.3506,44.9018,32.8916,67.8426,22.5169
175.9500,40.1161,44.7106,32.8919,67.2548,22.4341
176.0000,39.8750,44.5120,32.9013,66.6648,22.3586
176.0500,39.6275,44.3062,32.9201,66.0732,22.2906
176.1000,39.3733,44.0935,32.9489,65.4807,22.2297
176.1500,39.1123,43.8747,32.9881,64.8879,22.1759
176.2000,38.8446,43.6501,33.0383,64.2956,22.1290
176.2500,38.5699,43.4202,33.0997,63.7043,22.0888
176.3000,38.2882,43.1853,33.1713,63.1147,22.0551
176.3500,37.9993,42.9459,33.2518,62.5276,22.0281
176.4000,37.7031,42.7023,33.3400,61.9436,22.0076
176.4500,37.3994,42.4546,33.4346,61.3632,21.9935
176.5000,37.0880,42.2030,33.5342,60.7872,21.9859
176.5500,36.7687,41.9478,33.6379,60.2161,21.9845
176.6000,36.4414,41.6890,33.7444,59.6506,21.9892
176.6500,36.1057,41.4267,33.8526,59.0912,21.9998
176.7000,35.7614,41.1610,33.9614,58.5385,22.0161
176.7500,35.4082,40.8918,34.0698,57.9931,22.0378
176.8000,35.0457,40.6192,34.1768,57.4554,22.0648
176.8500,34.6738,40.3430,34.2814,56.9259,22.0966
176.9000,34.2918,40.0632,34.3827,56.4052,22.1330
176.9500,33.8995,39.7797,34.4796,55.8935,22.1736
177.0000,33.4965,39.4922,34.5714,55.3914,22.2181
177.0500,33.0822,39.2006,34.6573,54.8992,22.2660
177.1000,32.6571,38.9050,34.7365,54.4175,22.3172
177.1500,32.2214,38.6054,34.8086,53.9469,22.3715
177.2000,31.7756,38.3019,34.8732,53.4880,22.4288
177.2500,31.3201,37.9945,34.9299,53.0413,22.4889
177.3000,30.8553,37.6833,34.9781,52.6073,22.5516
177.3500,30.3816,37.3683,35.0178,52.1867,22.6167
177.4000,29.8995,37.0496,35.0484,51.7798,22.6840
177.4500,29.4093,36.7270,35.0698,51.3871,22.7534
177.5000,28.9117,36.4008,35.0818,51.0091,22.8245
177.5500,28.4069,36.0708,35.0841,50.6461,22.8974
177.6000,27.8955,35.7371,35.0767,50.2986,22.9723
177.6500,27.3780,35.3997,35.0595,49.9668,23.0496
177.7000,26.8547,35.0586,35.0323,49.6511,23.1297
177.7500,26.3263,34.7137,34.9951,49.3518,23.2128
177.8000,25.7931,34.3651,34.9481,49.0691,23.2988
177.8500,25.2557,34.0128,34.8911,48.8033,23.3879
177.9000,24.7144,33.6568,34.8244,48.5545,23.4800
177.9500,24.1698,33.2969,34.7480,48.3229,23.5749
178.0000,23.6224,32.9333,34.6622,48.1087,23.6725
178.0500,23.0725,32.5658,34.5670,47.9118,23.7723
178.1000,22.5207,32.1945,34.4628,47.7325,23.8742
178.1500,21.9673,31.8192,34.3499,47.5706,23.9776
178.2000,21.4129,31.4401,34.2284,47.4263,24.0821
178.2500,20.8577,31.0569,34.0989,47.2994,24.1872
178.3000,20.3024,30.6697,33.9616,47.1900,24.2923
178.3500,19.7471,30.2784,33.8170,47.0979,24.3968
178.4000,19.1923,29.8829,33.6656,47.0229,24.5001
178.4500,18.6385,29.4831,33.5078,46.9650,24.6014
178.5000,18.0858,29.0789,33.3442,46.9239,24.7001
178.5500,17.5347,28.6704,33.1752,46.8994,24.7955
178.6000,16.9857,28.2576,33.0012,46.8912,24.8871
178.6500,16.4394,27.8411,32.8222,46.8990,24.9746
178.7000,15.8964,27.4210,32.6385,46.9226,25.0577
178.7500,15.3573,26.9978,32.4502,46.9616,25.1361
178.8000,14.8226,26.5719,32.2575,47.0156,25.2094
178.8500,14.2928,26.1436,32.0607,47.0841,25.2773
178.9000,13.7686,25.7132,31.8599,47.1669,25.3396
178.9500,13.2503,25.2813,31.6554,47.2633,25.3959
179.0000,12.7386,24.8481,31.4473,47.3730,25.4460
179.0500,12.2339,24.4140,31.2360,47.4955,25.4896
179.1000,11.7367,23.9795,31.0216,47.6301,25.5266
179.1500,11.2474,23.5449,30.8044,47.7764,25.5567
179.2000,10.7664,23.1107,30.5847,47.9337,25.5797
179.2500,10.2941,22.6772,30.3626,48.1016,25.5956
179.3000,9.8310,22.2448,30.1385,48.2793,25.6042
179.3500,9.3773,21.8139,29.9126,48.4662,25.6055
179.4000,8.9333,21.3848,29.6851,48.6618,25.5993
179.4500,8.4994,20.9581,29.4563,48.8653,25.5856
179.5000,8.0758,20.5338,29.2266,49.0761,25.5645
179.5500,7.6626,20.1126,28.9961,49.2934,25.5360
179.6000,7.2602,19.6945,28.7651,49.5166,25.5002
179.6500,6.8686,19.2800,28.5338,49.7450,25.4571
179.7000,6.4878,18.8694,28.3027,49.9779,25.4069
179.7500,6.1181,18.4628,28.0719,50.2146,25.3499
179.8000,5.7593,18.0606,27.8417,50.4542,25.2860
179.8500,5.4114,17.6630,27.6123,50.6962,25.2157
179.9000,5.0745,17.2701,27.3841,50.9398,25.1392
179.9500,4.7482,16.8820,27.1573,51.1843,25.0567
180.0000,4.4324,16.4990,26.9323,51.4290,24.9686
180.0500,4.1270,16.1211,26.7091,51.6731,24.8752
180.1000,3.8322,15.7489,26.4883,51.9160,24.7770
180.1500,3.5482,15.3830,26.2699,52.1570,24.6742
180.2000,3.2753,15.0240,26.0543,52.3953,24.5674
180.2500,3.0138,14.6726,25.8417,52.6305,24.4569
180.3000,2.7637,14.3292,25.6324,52.8617,24.3433
180.3500,2.5252,13.9945,25.4267,53.0884,24.2270
180.4000,2.2985,13.6690,25.2248,53.3101,24.1085
180.4500,2.0837,13.3532,25.0270,53.5260,23.9884
180.5000,1.8808,13.0477,24.8335,53.7357,23.8671
180.5500,1.6898,12.7528,24.6447,53.9387,23.7453
180.6000,1.5108,12.4690,24.4607,54.1345,23.6234
180.6500,1.3437,12.1967,24.2817,54.3226,23.5019
180.7000,1.1883,11.9363,24.1082,54.5027,23.3815
180.7500,1.0447,11.6882,23.9402,54.6743,23.2627
180.8000,0.9125,11.4525,23.7781,54.8372,23.1459
180.8500,0.7916,11.2296,23.6221,54.9911,23.0318
180.9000,0.6817,11.0196,23.4724,55.1357,22.9207
180.9500,0.5825,10.8227,23.3292,55.2710,22.8133
181.0000,0.4936,10.6390,23.1929,55.3967,22.7100
181.0500,0.4147,10.4685,23.0636,55.5129,22.6111
181.1000,0.3452,10.3112,22.9416,55.6196,22.5172
181.1500,0.2846,10.1669,22.8270,55.7168,22.4286
181.2000,0.2324,10.0356,22.7202,55.8047,22.3457
181.2500,0.1879,9.9170,22.6213,55.8835,22.2686
181.3000,0.1504,9.8108,22.5306,55.9536,22.1977
181.3500,0.1192,9.7166,22.4483,56.0153,22.1332
181.4000,0.0936,9.6339,22.3746,56.0690,22.0751
181.4500,0.0727,9.5622,22.3097,56.1155,22.0236
181.5000,0.0555,9.5009,22.2539,56.1552,21.9786
181.5500,0.0412,9.4492,22.2073,56.1888,21.9400
181.6000,0.0294,9.4066,22.1692,56.2167,21.9077
181.6500,0.0201,9.3725,22.1390,56.2393,21.8814
181.7000,0.0128,9.3461,22.1158,56.2568,21.8608
181.7500,0.0076,9.3266,22.0990,56.2698,21.8454
181.8000,0.0039,9.3132,22.0875,56.2789,21.8346
181.8500,0.0017,9.3049,22.0803,56.2845,21.8278
181.9000,0.0005,9.3004,22.0766,56.2875,21.8241
181.9500,0.0001,9.2988,22.0752,56.2887,21.8227
