time_seconds,goal,material_cello_001,material_prism_001,material_scri_001,material_stringquartet_001
0.0000,0.0000,0.0000,0.0000,0.0000,0.0000
0.0500,0.0000,0.0000,0.0000,0.0002,0.0000
0.1000,0.0000,0.0000,0.0002,0.0014,0.0004
0.1500,0.0000,0.0000,0.0006,0.0047,0.0012
0.2000,0.0000,0.0000,0.0014,0.0109,0.0029
0.2500,0.0000,0.0000,0.0028,0.0206,0.0056
0.3000,0.0000,0.0000,0.0047,0.0344,0.0095
0.3500,0.0000,0.0000,0.0074,0.0530,0.0148
0.4000,0.0000,0.0000,0.0109,0.0765,0.0217
0.4500,0.0000,0.0000,0.0152,0.1055,0.0305
0.5000,0.0000,0.0000,0.0206,0.1400,0.0412
0.5500,0.0000,0.0000,0.0270,0.1802,0.0539
0.6000,0.0000,0.0000,0.0344,0.2261,0.0689
0.6500,0.0000,0.0000,0.0431,0.2778,0.0862
0.7000,0.0000,0.0000,0.0530,0.3351,0.1059
0.7500,0.0000,0.0000,0.0641,0.3980,0.1282
0.8000,0.0000,0.0000,0.0765,0.4661,0.1531
0.8500,0.0000,0.0000,0.0903,0.5394,0.1807
0.9000,0.0000,0.0000,0.1055,0.6174,0.2110
0.9500,0.0000,0.0000,0.1220,0.6999,0.2440
1.0000,0.0000,0.0000,0.1400,0.7864,0.2799
1.0500,0.0000,0.0000,0.1593,0.8767,0.3187
1.1000,0.0000,0.0000,0.1802,0.9702,0.3603
1.1500,0.0000,0.0000,0.2024,1.0665,0.4048
1.2000,0.0000,0.0000,0.2261,1.1651,0.4522
1.2500,0.0000,0.0000,0.2512,1.2656,0.5024
1.3000,0.0000,0.0000,0.2778,1.3675,0.5555
1.3500,0.0000,0.0000,0.3057,1.4701,0.6115
1.4000,0.0000,0.0000,0.3351,1.5732,0.6702
1.4500,0.0000,0.0000,0.3659,1.6760,0.7317
1.5000,0.0000,0.0000,0.3980,1.7781,0.7959
1.5500,0.0000,0.0000,0.4314,1.8792,0.8626
1.6000,0.0000,0.0000,0.4663,1.9797,0.9312
1.6500,0.0000,0.0000,0.5027,2.0800,1.0008
1.7000,0.0000,0.0000,0.5408,2.1804,1.0707
1.7500,0.0000,0.0000,0.5806,2.2813,1.1406
1.8000,0.0000,0.0000,0.6221,2.3827,1.2098
1.8500,0.0000,0.0000,0.6655,2.4848,1.2780
1.9000,0.0000,0.0000,0.7107,2.5874,1.3449
1.9500,0.0000,0.0000,0.7579,2.6906,1.4103
2.0000,0.0000,0.0000,0.8070,2.7942,1.4741
2.0500,0.0000,0.0000,0.8581,2.8979,1.5360
2.1000,0.0000,0.0000,0.9111,3.0015,1.5962
2.1500,0.0000,0.0000,0.9662,3.1048,1.6545
2.2000,0.0000,0.0000,1.0232,3.2074,1.7112
2.2500,0.0000,0.0000,1.0821,3.3089,1.7663
2.3000,0.0000,0.0000,1.1430,3.4089,1.8200
2.3500,0.0000,0.0000,1.2059,3.5071,1.8724
2.4000,0.0000,0.0000,1.2706,3.6030,1.9238
2.4500,0.0000,0.0000,1.3372,3.6963,1.9745
2.5000,0.0000,0.0000,1.4056,3.7864,2.0248
2.5500,0.0000,0.0000,1.4758,3.8731,2.0748
2.6000,0.0000,0.0000,1.5476,3.9558,2.1251
2.6500,0.0000,0.0000,1.6211,4.0342,2.1758
2.7000,0.0000,0.0000,1.6962,4.1079,2.2274
2.7500,0.0000,0.0000,1.7729,4.1765,2.2801
2.8000,0.0000,0.0000,1.8509,4.2397,2.3344
2.8500,0.0000,0.0000,1.9304,4.2972,2.3906
2.9000,0.0000,0.0000,2.0111,4.3486,2.4490
2.9500,0.0000,0.0000,2.0930,4.3937,2.5101
3.0000,0.0000,0.0000,2.1761,4.4323,2.5740
3.0500,0.0000,0.0000,2.2602,4.4642,2.6414
3.1000,0.0000,0.0000,2.3455,4.4891,2.7132
3.1500,0.0000,0.0000,2.4322,4.5070,2.7905
3.2000,0.0000,0.0000,2.5205,4.5178,2.8743
3.2500,0.0000,0.0000,2.6104,4.5214,2.9657
3.3000,0.0000,0.0000,2.7021,4.5178,3.0654
3.3500,0.0000,0.0000,2.7956,4.5070,3.1743
3.4000,0.0000,0.0000,2.8912,4.4891,3.2932
3.4500,0.0000,0.0000,2.9887,4.4642,3.4227
3.5000,0.0000,0.0000,3.0883,4.4323,3.5635
3.5500,0.0000,0.0000,3.1900,4.3937,3.7162
3.6000,0.0000,0.0000,3.2938,4.3486,3.8811
3.6500,0.0000,0.0000,3.3998,4.2972,4.0588
3.7000,0.0000,0.0000,3.5079,4.2397,4.2495
3.7500,0.0000,0.0000,3.6182,4.1765,4.4536
3.8000,0.0000,0.0000,3.7305,4.1079,4.6713
3.8500,0.0000,0.0000,3.8448,4.0342,4.9026
3.9000,0.0000,0.0000,3.9612,3.9558,5.1478
3.9500,0.0000,0.0000,4.0797,3.8731,5.4067
4.0000,0.0000,0.0000,4.2003,3.7864,5.6795
4.0500,0.0000,0.0000,4.3230,3.6963,5.9659
4.1000,0.0000,0.0000,4.4479,3.6030,6.2657
4.1500,0.0000,0.0000,4.5749,3.5071,6.5789
4.2000,0.0000,0.0000,4.7042,3.4089,6.9050
4.2500,0.0000,0.0000,4.8357,3.3089,7.2438
4.3000,0.0000,0.0000,4.9694,3.2074,7.5948
4.3500,0.0000,0.0000,5.1052,3.1048,7.9576
4.4000,0.0000,0.0000,5.2432,3.0015,8.3317
4.4500,0.0000,0.0000,5.3833,2.8980,8.7165
4.5000,0.0000,0.0000,5.5255,2.7949,9.1115
4.5500,0.0000,0.0001,5.6698,2.6929,9.5162
4.6000,0.0000,0.0011,5.8166,2.5927,9.9302
4.6500,0.0000,0.0037,5.9665,2.4952,10.3534
4.7000,0.0000,0.0087,6.1198,2.4009,10.7856
4.7500,0.0000,0.0167,6.2769,2.3105,11.2264
4.8000,0.0000,0.0284,6.4383,2.2243,11.6754
4.8500,0.0000,0.0444,6.6042,2.1427,12.1323
4.9000,0.0000,0.0652,6.7749,2.0660,12.5964
4.9500,0.0000,0.0914,6.9507,1.9940,13.0672
5.0000,0.0000,0.1235,7.1318,1.9269,13.5442
5.0500,0.0000,0.1617,7.3185,1.8645,14.0267
5.1000,0.0000,0.2067,7.5108,1.8076,14.5140
5.1500,0.0000,0.2586,7.7090,1.7568,15.0055
5.2000,0.0000,0.3178,7.9132,1.7130,15.5004
5.2500,0.0000,0.3846,8.1234,1.6770,15.9979
5.3000,0.0000,0.4593,8.3398,1.6495,16.4972
5.3500,0.0000,0.5420,8.5623,1.6312,16.9976
5.4000,0.0000,0.6329,8.7911,1.6227,17.4983
5.4500,0.0000,0.7321,9.0261,1.6246,17.9985
5.5000,0.0000,0.8398,9.2673,1.6376,18.4974
5.5500,0.0000,0.9561,9.5147,1.6622,18.9942
5.6000,0.0000,1.0809,9.7682,1.6988,19.4880
5.6500,0.0000,1.2144,10.0278,1.7478,19.9783
5.7000,0.0000,1.3566,10.2934,1.8097,20.4641
5.7500,0.0000,1.5073,10.5648,1.8848,20.9449
5.8000,0.0000,1.6666,10.8421,1.9733,21.4199
5.8500,0.0000,1.8344,11.1249,2.0753,21.8886
5.9000,0.0000,2.0106,11.4133,2.1910,22.3502
5.9500,0.0000,2.1951,11.7071,2.3204,22.8045
6.0000,0.0000,2.3877,12.0060,2.4635,23.2507
6.0500,0.0000,2.5884,12.3100,2.6202,23.6886
6.1000,0.0000,2.7971,12.6189,2.7910,24.1176
6.1500,0.0000,3.0140,12.9323,2.9764,24.5371
6.2000,0.0000,3.2391,13.2503,3.1767,24.9467
6.2500,0.0000,3.4724,13.5725,3.3919,25.3463
6.3000,0.0000,3.7138,13.8988,3.6222,25.7355
6.3500,0.0000,3.9634,14.2289,3.8673,26.1144
6.4000,0.0000,4.2210,14.5626,4.1269,26.4829
6.4500,0.0000,4.4865,14.8997,4.4005,26.8415
6.5000,0.0000,4.7598,15.2399,4.6874,27.1903
6.5500,0.0000,5.0407,15.5831,4.9869,27.5297
6.6000,0.0000,5.3293,15.9290,5.2990,27.8594
6.6500,0.0000,5.6252,16.2773,5.6237,28.1787
6.7000,0.0000,5.9284,16.6278,5.9613,28.4873
6.7500,0.0000,6.2386,16.9803,6.3116,28.7846
6.8000,0.0000,6.5556,17.3346,6.6747,29.0701
6.8500,0.0000,6.8791,17.6903,7.0504,29.3434
6.9000,0.0000,7.2090,18.0473,7.4388,29.6040
6.9500,0.0000,7.5450,18.4053,7.8396,29.8516
7.0000,0.0000,7.8867,18.7640,8.2526,30.0858
7.0500,0.0000,8.2338,19.1233,8.6778,30.3062
7.1000,0.0000,8.5861,19.4830,9.1147,30.5125
7.1500,0.0000,8.9431,19.8427,9.5632,30.7044
7.2000,0.0000,9.3047,20.2022,10.0229,30.8815
7.2500,0.0000,9.6703,20.5615,10.4934,31.0436
7.3000,0.0000,10.0397,20.9201,10.9745,31.1905
7.3500,0.0000,10.4125,21.2779,11.4657,31.3219
7.4000,0.0000,10.7882,21.6347,11.9666,31.4377
7.4500,0.0000,11.1666,21.9903,12.4768,31.5376
7.5000,0.0000,11.5472,22.3445,12.9958,31.6216
7.5500,0.0000,11.9294,22.6970,13.5231,31.6894
7.6000,0.0000,12.3127,23.0474,14.0584,31.7410
7.6500,0.0000,12.6962,23.3949,14.6012,31.7763
7.7000,0.0000,13.0790,23.7391,15.1512,31.7953
7.7500,0.0000,13.4605,24.0795,15.7079,31.7978
7.8000,0.0000,13.8399,24.4156,16.2708,31.7839
7.8500,0.0000,14.2165,24.7468,16.8395,31.7535
7.9000,0.0000,14.5895,25.0729,17.4135,31.7068
7.9500,0.0000,14.9584,25.3934,17.9923,31.6437
8.0000,0.0000,15.3224,25.7079,18.5753,31.5643
8.0500,0.0000,15.6809,26.0161,19.1620,31.4687
8.1000,0.0000,16.0334,26.3177,19.7518,31.3570
8.1500,0.0000,16.3792,26.6124,20.3441,31.2293
8.2000,0.0000,16.7178,26.8999,20.9385,31.0858
8.2500,0.0000,17.0487,27.1801,21.5342,30.9267
8.3000,0.0000,17.3713,27.4526,22.1307,30.7521
8.3500,0.0000,17.6851,27.7173,22.7274,30.5622
8.4000,0.0000,17.9897,27.9741,23.3237,30.3572
8.4500,0.0000,18.2846,28.2228,23.9189,30.1374
8.5000,0.0000,18.5693,28.4633,24.5125,29.9031
8.5500,0.0000,18.8436,28.6955,25.1038,29.6544
8.6000,0.0000,19.1070,28.9193,25.6922,29.3918
8.6500,0.0000,19.3591,29.1347,26.2771,29.1154
8.7000,0.0000,19.5997,29.3417,26.8579,28.8256
8.7500,0.0000,19.8283,29.5402,27.4339,28.5227
8.8000,0.0000,20.0448,29.7302,28.0046,28.2070
8.8500,0.0000,20.2488,29.9119,28.5694,27.8789
8.9000,0.0000,20.4401,30.0851,29.1276,27.5388
8.9500,0.0000,20.6185,30.2501,29.6787,27.1869
9.0000,0.0000,20.7838,30.4068,30.2220,26.8238
9.0500,0.0000,20.9357,30.5555,30.7573,26.4497
9.1000,0.0000,21.0742,30.6964,31.2845,26.0651
9.1500,0.0000,21.1991,30.8299,31.8039,25.6703
9.2000,0.0000,21.3103,30.9565,32.3158,25.2658
9.2500,0.0000,21.4077,31.0764,32.8203,24.8519
9.3000,0.0000,21.4912,31.1902,33.3176,24.4291
9.3500,0.0000,21.5607,31.2981,33.8076,23.9978
9.4000,0.0000,21.6164,31.4005,34.2906,23.5584
9.4500,0.0000,21.6580,31.4978,34.7666,23.1113
9.5000,0.0000,21.6857,31.5903,35.2355,22.6569
9.5500,0.0000,21.6994,31.6784,35.6974,22.1956
9.6000,0.0000,21.6993,31.7625,36.1524,21.7278
9.6500,0.0000,21.6853,31.8429,36.6002,21.2540
9.7000,0.0000,21.6576,31.9199,37.0410,20.7745
9.7500,0.0000,21.6163,31.9938,37.4746,20.2898
9.8000,0.0000,21.5615,32.0650,37.9009,19.8001
9.8500,0.0000,21.4934,32.1337,38.3199,19.3059
9.9000,0.0000,21.4121,32.2003,38.7315,18.8076
9.9500,0.0000,21.3178,32.2651,39.1355,18.3054
10.0000,0.0000,21.2106,32.3283,39.5319,17.7998
10.0500,0.0000,21.0909,32.3903,39.9205,17.2913
10.1000,0.0000,20.9588,32.4513,40.3012,16.7806
10.1500,0.0000,20.8147,32.5119,40.6740,16.2684
10.2000,0.0000,20.6586,32.5725,41.0386,15.7555
10.2500,0.0000,20.4911,32.6333,41.3950,15.2425
10.3000,0.0000,20.3122,32.6949,41.7430,14.7302
10.3500,0.0000,20.1224,32.7575,42.0827,14.2193
10.4000,0.0000,19.9219,32.8217,42.4137,13.7105
10.4500,0.0000,19.7112,32.8877,42.7362,13.2045
10.5000,0.0000,19.4905,32.9560,43.0499,12.7019
10.5500,0.0000,19.2602,33.0268,43.3550,12.2035
10.6000,0.0000,19.0208,33.1000,43.6522,11.7101
10.6500,0.0000,18.7725,33.1754,43.9420,11.2227
10.7000,0.0000,18.5158,33.2529,44.2254,10.7421
10.7500,0.0000,18.2511,33.3324,44.5029,10.2691
10.8000,0.0000,17.9789,33.4137,44.7751,9.8045
10.8500,0.0000,17.6995,33.4968,45.0428,9.3492
10.9000,0.0000,17.4134,33.5816,45.3066,8.9037
10.9500,0.0000,17.1211,33.6681,45.5669,8.4688
11.0000,0.0000,16.8230,33.7562,45.8244,8.0452
11.0500,0.0000,16.5196,33.8460,46.0795,7.6334
11.1000,0.0000,16.2113,33.9373,46.3329,7.2341
11.1500,0.0000,15.8988,34.0303,46.5845,6.8477
11.2000,0.0000,15.5823,34.1249,46.8341,6.4747
11.2500,0.0000,15.2625,34.2213,47.0812,6.1156
11.3000,0.0000,14.9399,34.3193,47.3254,5.7709
11.3500,0.0000,14.6148,34.4191,47.5663,5.4407
11.4000,0.0000,14.2880,34.5208,47.8036,5.1255
11.4500,0.0000,13.9598,34.6243,48.0369,4.8255
11.5000,0.0000,13.6308,34.7298,48.2658,4.5410
11.5500,0.0000,13.3015,34.8372,48.4899,4.2720
11.6000,0.0000,12.9724,34.9469,48.7089,4.0191
11.6500,0.0000,12.6440,35.0590,48.9224,3.7825
11.7000,0.0000,12.3169,35.1737,49.1300,3.5627
11.7500,0.0000,11.9916,35.2913,49.3315,3.3598
11.8000,0.0000,11.6686,35.4119,49.5264,3.1742
11.8500,0.0000,11.3483,35.5359,49.7144,3.0062
11.9000,0.0000,11.0314,35.6633,49.8953,2.8558
11.9500,0.0000,10.7183,35.7946,50.0687,2.7232
12.0000,0.0000,10.4096,35.9298,50.2343,2.6086
12.0500,0.0000,10.1057,36.0692,50.3918,2.5121
12.1000,0.0000,9.8074,36.2130,50.5413,2.4338
12.1500,0.0000,9.5154,36.3615,50.6828,2.3742
12.2000,0.0000,9.2305,36.5148,50.8162,2.3332
12.2500,0.0000,8.9534,36.6731,50.9416,2.3111
12.3000,0.0000,8.6847,36.8366,51.0589,2.3078
12.3500,0.0000,8.4250,37.0055,51.1682,2.3235
12.4000,0.0000,8.1751,37.1800,51.2694,2.3580
12.4500,0.0000,7.9355,37.3602,51.3626,2.4111
12.5000,0.0000,7.7067,37.5462,51.4477,2.4827
12.5500,0.0000,7.4894,37.7381,51.5247,2.5726
12.6000,0.0000,7.2839,37.9361,51.5938,2.6802
12.6500,0.0000,7.0909,38.1402,51.6547,2.8054
12.7000,0.0000,6.9108,38.3505,51.7077,2.9474
12.7500,0.0000,6.7439,38.5670,51.7526,3.1060
12.8000,0.0000,6.5907,38.7898,51.7895,3.2803
12.8500,0.0000,6.4516,39.0189,51.8185,3.4697
12.9000,0.0000,6.3269,39.2541,51.8395,3.6735
12.9500,0.0000,6.2169,39.4955,51.8525,3.8908
13.0000,0.0000,6.1218,39.7430,51.8577,4.1207
13.0500,0.0000,6.0420,39.9965,51.8550,4.3623
13.1000,0.0000,5.9775,40.2561,51.8445,4.6154
13.1500,0.0000,5.9287,40.5219,51.8262,4.8797
13.2000,0.0000,5.8956,40.7942,51.8001,5.1550
13.2500,0.0000,5.8783,41.0729,51.7664,5.4410
13.3000,0.0000,5.8769,41.3582,51.7250,5.7376
13.3500,0.0000,5.8915,41.6501,51.6761,6.0443
13.4000,0.0000,5.9219,41.9488,51.6196,6.3608
13.4500,0.0000,5.9682,42.2542,51.5557,6.6868
13.5000,0.0000,6.0303,42.5664,51.4844,7.0220
13.5500,0.0000,6.1080,42.8852,51.4057,7.3659
13.6000,0.0000,6.2009,43.2106,51.3198,7.7190
13.6500,0.0000,6.3085,43.5421,51.2267,8.0816
13.7000,0.0000,6.4303,43.8794,51.1264,8.4539
13.7500,0.0000,6.5658,44.2222,51.0191,8.8361
13.8000,0.0000,6.7145,44.5702,50.9047,9.2283
13.8500,0.0000,6.8757,44.9230,50.7834,9.6305
13.9000,0.0000,7.0489,45.2803,50.6552,10.0429
13.9500,0.0000,7.2334,45.6417,50.5201,10.4652
14.0000,0.0000,7.4285,46.0068,50.3782,10.8973
14.0500,0.0000,7.6335,46.3752,50.2296,11.3391
14.1000,0.0000,7.8476,46.7465,50.0741,11.7901
14.1500,0.0000,8.0701,47.1202,49.9120,12.2502
14.2000,0.0000,8.3000,47.4960,49.7432,12.7188
14.2500,0.0000,8.5367,47.8733,49.5676,13.1955
14.3000,0.0000,8.7790,48.2516,49.3854,13.6798
14.3500,0.0000,9.0261,48.6304,49.1964,14.1710
14.4000,0.0000,9.2770,49.0093,49.0006,14.6686
14.4500,0.0000,9.5306,49.3875,48.7980,15.1719
14.5000,0.0000,9.7858,49.7645,48.5884,15.6800
14.5500,0.0000,10.0417,50.1398,48.3719,16.1923
14.6000,0.0000,10.2977,50.5132,48.1486,16.7083
14.6500,0.0000,10.5536,50.8846,47.9187,17.2279
14.7000,0.0000,10.8090,51.2541,47.6823,17.7506
14.7500,0.0000,11.0637,51.6216,47.4395,18.2762
14.8000,0.0000,11.3173,51.9871,47.1907,18.8043
14.8500,0.0000,11.5696,52.3504,46.9359,19.3346
14.9000,0.0000,11.8203,52.7116,46.6752,19.8667
14.9500,0.0000,12.0689,53.0707,46.4087,20.4003
15.0000,0.0000,12.3154,53.4276,46.1367,20.9349
15.0500,0.0000,12.5592,53.7824,45.8593,21.4702
15.1000,0.0000,12.8003,54.1356,45.5773,22.0061
15.1500,0.0000,13.0381,54.4876,45.2915,22.5424
15.2000,0.0000,13.2725,54.8390,45.0028,23.0791
15.2500,0.0000,13.5031,55.1903,44.7118,23.6158
15.3000,0.0000,13.7296,55.5417,44.4192,24.1526
15.3500,0.0000,13.9517,55.8938,44.1255,24.6891
15.4000,0.0000,14.1692,56.2470,43.8313,25.2252
15.4500,0.0000,14.3816,56.6015,43.5369,25.7608
15.5000,0.0000,14.5887,56.9577,43.2427,26.2954
15.5500,0.0000,14.7902,57.3159,42.9491,26.8291
15.6000,0.0000,14.9858,57.6764,42.6561,27.3615
15.6500,0.0000,15.1751,58.0394,42.3640,27.8924
15.7000,0.0000,15.3579,58.4051,42.0728,28.4216
15.7500,0.0000,15.5337,58.7739,41.7824,28.9489
15.8000,0.0000,15.7024,59.1458,41.4927,29.4741
15.8500,0.0000,15.8635,59.5210,41.2037,29.9970
15.9000,0.0000,16.0168,59.8998,40.9149,30.5174
15.9500,0.0000,16.1619,60.2822,40.6261,31.0350
16.0000,0.0000,16.2984,60.6683,40.3369,31.5498
16.0500,0.0000,16.4262,61.0582,40.0467,32.0614
16.1000,0.0000,16.5451,61.4521,39.7559,32.5696
16.1500,0.0000,16.6551,61.8501,39.4647,33.0737
16.2000,0.0000,16.7562,62.2521,39.1733,33.5735
16.2500,0.0000,16.8484,62.6582,38.8818,34.0684
16.3000,0.0000,16.9317,63.0685,38.5904,34.5579
16.3500,0.0000,17.0062,63.4829,38.2993,35.0416
16.4000,0.0000,17.0718,63.9016,38.0085,35.5191
16.4500,0.0000,17.1288,64.3244,37.7180,35.9900
16.5000,0.0000,17.1772,64.7515,37.4279,36.4536
16.5500,0.0000,17.2170,65.1828,37.1383,36.9097
16.6000,0.0000,17.2485,65.6184,36.8493,37.3576
16.6500,0.0000,17.2717,66.0585,36.5622,37.7968
16.7000,0.0000,17.2868,66.5031,36.2783,38.2268
16.7500,0.0000,17.2941,66.9523,35.9989,38.6469
16.8000,0.0000,17.2937,67.4062,35.7251,39.0568
16.8500,0.0000,17.2859,67.8648,35.4581,39.4558
16.9000,0.0000,17.2708,68.3283,35.1990,39.8436
16.9500,0.0000,17.2488,68.7967,34.9488,40.2197
17.0000,0.0000,17.2201,69.2699,34.7084,40.5835
17.0500,0.0000,17.1851,69.7482,34.4786,40.9348
17.1000,0.0000,17.1441,70.2314,34.2603,41.2731
17.1500,0.0000,17.0974,70.7197,34.0543,41.5980
17.2000,0.0000,17.0455,71.2131,33.8611,41.9091
17.2500,0.0000,16.9887,71.7115,33.6814,42.2062
17.3000,0.0000,16.9275,72.2152,33.5157,42.4888
17.3500,0.0000,16.8623,72.7240,33.3646,42.7567
17.4000,0.0000,16.7936,73.2380,33.2283,43.0097
17.4500,0.0000,16.7218,73.7573,33.1073,43.2473
17.5000,0.0000,16.6477,74.2820,33.0020,43.4695
17.5500,0.0000,16.5715,74.8120,32.9124,43.6760
17.6000,0.0000,16.4936,75.3470,32.8389,43.8665
17.6500,0.0000,16.4140,75.8866,32.7818,44.0410
17.7000,0.0000,16.3330,76.4305,32.7413,44.1992
17.7500,0.0000,16.2506,76.9782,32.7175,44.3411
17.8000,0.0000,16.1671,77.5292,32.7106,44.4664
17.8500,0.0000,16.0825,78.0831,32.7206,44.5753
17.9000,0.0000,15.9970,78.6395,32.7475,44.6675
17.9500,0.0000,15.9108,79.1979,32.7912,44.7431
18.0000,0.0000,15.8240,79.7577,32.8517,44.8019
18.0500,0.0000,15.7367,80.3186,32.9289,44.8442
18.1000,0.0000,15.6492,80.8798,33.0230,44.8697
18.1500,0.0000,15.5615,81.4410,33.1343,44.8787
18.2000,0.0000,15.4739,82.0016,33.2630,44.8711
18.2500,0.0000,15.3864,82.5610,33.4092,44.8471
18.3000,0.0000,15.2992,83.1188,33.5728,44.8067
18.3500,0.0000,15.2125,83.6742,33.7539,44.7501
18.4000,0.0000,15.1264,84.2268,33.9523,44.6775
18.4500,0.0000,15.0412,84.7760,34.1676,44.5890
18.5000,0.0000,14.9568,85.3211,34.3997,44.4849
18.5500,0.0000,14.8735,85.8616,34.6481,44.3653
18.6000,0.0000,14.7915,86.3969,34.9122,44.2304
18.6500,0.0000,14.7108,86.9263,35.1917,44.0806
18.7000,0.0000,14.6316,87.4493,35.4856,43.9160
18.7500,0.0000,14.5542,87.9653,35.7935,43.7371
18.8000,0.0000,14.4785,88.4736,36.1144,43.5440
18.8500,0.0000,14.4048,88.9735,36.4474,43.3372
18.9000,0.0000,14.3332,89.4645,36.7916,43.1169
18.9500,0.0000,14.2639,89.9460,37.1458,42.8836
19.0000,0.0000,14.1969,90.4172,37.5090,42.6375
19.0500,0.0000,14.1325,90.8776,37.8801,42.3792
19.1000,0.0000,14.0707,91.3269,38.2584,42.1090
19.1500,0.0000,14.0117,91.7647,38.6436,41.8273
19.2000,0.0000,13.9557,92.1906,39.0351,41.5345
19.2500,0.0000,13.9026,92.6045,39.4325,41.2312
19.3000,0.0000,13.8526,93.0060,39.8351,40.9177
19.3500,0.0000,13.8050,93.3949,40.2424,40.5946
19.4000,0.0000,13.7596,93.7710,40.6539,40.2623
19.4500,0.0000,13.7160,94.1340,41.0688,39.9214
19.5000,0.0000,13.6737,94.4839,41.4866,39.5717
19.5500,0.0000,13.6327,94.8204,41.9065,39.2125
19.6000,0.0000,13.5938,95.1436,42.3282,38.8430
19.6500,0.0000,13.5583,95.4535,42.7511,38.4627
19.7000,0.0000,13.5268,95.7502,43.1747,38.0710
19.7500,0.0000,13.5002,96.0336,43.5985,37.6675
19.8000,0.0000,13.4792,96.3040,44.0219,37.2520
19.8500,0.0000,13.4643,96.5614,44.4443,36.8243
19.9000,0.0000,13.4560,96.8060,44.8649,36.3843
19.9500,0.0000,13.4545,97.0379,45.2831,35.9320
20.0000,0.0000,13.4602,97.2574,45.6981,35.4676
20.0500,0.0000,13.4731,97.4646,46.1092,34.9913
20.1000,0.0000,13.4934,97.6598,46.5154,34.5032
20.1500,0.0000,13.5210,97.8433,46.9161,34.0038
20.2000,0.0000,13.5559,98.0154,47.3102,33.4934
20.2500,0.0000,13.5979,98.1765,47.6968,32.9726
20.3000,0.0000,13.6469,98.3268,48.0750,32.4417
20.3500,0.0000,13.7024,98.4669,48.4437,31.9015
20.4000,0.0000,13.7643,98.5972,48.8019,31.3525
20.4500,0.0000,13.8322,98.7181,49.1486,30.7953
20.5000,0.0000,13.9056,98.8302,49.4826,30.2307
20.5500,0.0000,13.9841,98.9340,49.8029,29.6594
20.6000,0.0000,14.0672,99.0295,50.1091,29.0823
20.6500,0.0000,14.1545,99.1168,50.4009,28.5006
20.7000,0.0000,14.2453,99.1958,50.6780,27.9153
20.7500,0.0000,14.3392,99.2667,50.9402,27.3275
20.8000,0.0000,14.4355,99.3295,51.1873,26.7384
20.8500,0.0000,14.5336,99.3842,51.4191,26.1491
20.9000,0.0000,14.6330,99.4308,51.6353,25.5608
20.9500,0.0000,14.7330,99.4694,51.8359,24.9745
21.0000,0.0000,14.8330,99.5002,52.0207,24.3915
21.0500,0.0000,14.9323,99.5231,52.1897,23.8127
21.1000,0.0000,15.0304,99.5386,52.3435,23.2389
21.1500,0.0000,15.1267,99.5469,52.4829,22.6706
21.2000,0.0000,15.2204,99.5485,52.6086,22.1084
21.2500,0.0000,15.3110,99.5437,52.7212,21.5528
21.3000,0.0000,15.3979,99.5327,52.8214,21.0044
21.3500,0.0000,15.4805,99.5161,52.9099,20.4639
21.4000,0.0000,15.5582,99.4940,52.9873,19.9317
21.4500,0.0000,15.6305,99.4668,53.0542,19.4084
21.5000,0.0000,15.6968,99.4348,53.1112,18.8944
21.5500,0.0000,15.7566,99.3984,53.1590,18.3902
21.6000,0.0000,15.8094,99.3578,53.1980,17.8963
21.6500,0.0000,15.8546,99.3134,53.2290,17.4129
21.7000,0.0000,15.8919,99.2650,53.2524,16.9404
21.7500,0.0000,15.9207,99.2129,53.2689,16.4789
21.8000,0.0000,15.9407,99.1570,53.2789,16.0287
21.8500,0.0000,15.9514,99.0972,53.2832,15.5899
21.9000,0.0000,15.9526,99.0338,53.2821,15.1625
21.9500,0.0000,15.9437,98.9666,53.2764,14.7463
22.0000,0.0000,15.9246,98.8959,53.2666,14.3413
22.0500,0.0000,15.8950,98.8215,53.2532,13.9471
22.1000,0.0000,15.8548,98.7435,53.2367,13.5636
22.1500,0.0000,15.8041,98.6622,53.2168,13.1907
22.2000,0.0000,15.7430,98.5774,53.1934,12.8281
22.2500,0.0000,15.6716,98.4893,53.1664,12.4753
22.3000,0.0000,15.5902,98.3980,53.1355,12.1318
22.3500,0.0000,15.4990,98.3035,53.1006,11.7970
22.4000,0.0000,15.3983,98.2060,53.0616,11.4702
22.4500,0.0000,15.2883,98.1056,53.0182,11.1504
22.5000,0.0000,15.1694,98.0025,52.9705,10.8366
22.5500,0.0000,15.0421,97.8966,52.9182,10.5281
22.6000,0.0000,14.9067,97.7883,52.8618,10.2253
22.6500,0.0000,14.7637,97.6775,52.8017,9.9282
22.7000,0.0000,14.6135,97.5646,52.7382,9.6371
22.7500,0.0000,14.4568,97.4496,52.6717,9.3521
22.8000,0.0000,14.2941,97.3327,52.6026,9.0734
22.8500,0.0000,14.1260,97.2141,52.5310,8.8011
22.9000,0.0000,13.9531,97.0940,52.4574,8.5352
22.9500,0.0000,13.7760,96.9727,52.3819,8.2758
23.0000,0.0000,13.5955,96.8502,52.3049,8.0229
23.0500,0.0000,13.4121,96.7269,52.2264,7.7764
23.1000,0.0000,13.2267,96.6030,52.1468,7.5363
23.1500,0.0000,13.0399,96.4787,52.0662,7.3024
23.2000,0.0000,12.8525,96.3542,51.9848,7.0747
23.2500,0.0000,12.6652,96.2299,51.9026,6.8528
23.3000,0.0000,12.4788,96.1060,51.8199,6.6365
23.3500,0.0000,12.2940,95.9827,51.7367,6.4256
23.4000,0.0000,12.1116,95.8605,51.6531,6.2197
23.4500,0.0000,11.9323,95.7395,51.5692,6.0183
23.5000,0.0000,11.7569,95.6201,51.4850,5.8210
23.5500,0.0000,11.5861,95.5026,51.4005,5.6275
23.6000,0.0000,11.4204,95.3870,51.3158,5.4378
23.6500,0.0000,11.2601,95.2734,51.2309,5.2524
23.7000,0.0000,11.1056,95.1617,51.1456,5.0715
23.7500,0.0000,10.9572,95.0520,51.0601,4.8954
23.8000,0.0000,10.8152,94.9443,50.9741,4.7243
23.8500,0.0000,10.6797,94.8386,50.8877,4.5586
23.9000,0.0000,10.5509,94.7348,50.8007,4.3985
23.9500,0.0000,10.4289,94.6329,50.7130,4.2443
24.0000,0.0000,10.3136,94.5328,50.6244,4.0961
24.0500,0.0000,10.2052,94.4344,50.5350,3.9542
24.1000,0.0000,10.1041,94.3375,50.4452,3.8186
24.1500,0.0000,10.0109,94.2416,50.3557,3.6891
24.2000,0.0000,9.9260,94.1465,50.2668,3.5658
24.2500,0.0000,9.8497,94.0517,50.1792,3.4485
24.3000,0.0000,9.7820,93.9568,50.0930,3.3372
24.3500,0.0000,9.7228,93.8616,50.0087,3.2319
24.4000,0.0000,9.6720,93.7657,49.9264,3.1325
24.4500,0.0000,9.6291,93.6687,49.8463,3.0388
24.5000,0.0000,9.5935,93.5701,49.7685,2.9509
24.5500,0.0000,9.5647,93.4698,49.6930,2.8687
24.6000,0.0000,9.5428,93.3671,49.6197,2.7922
24.6500,0.0000,9.5280,93.2618,49.5485,2.7211
24.7000,0.0000,9.5204,93.1534,49.4793,2.6555
24.7500,0.0000,9.5202,93.0416,49.4117,2.5952
24.8000,0.0000,9.5275,92.9258,49.3454,2.5401
24.8500,0.0000,9.5422,92.8055,49.2800,2.4902
24.9000,0.0000,9.5645,92.6804,49.2151,2.4453
24.9500,0.0000,9.5942,92.5500,49.1500,2.4052
25.0000,0.0000,9.6311,92.4137,49.0842,2.3699
25.0500,0.0000,9.6753,92.2710,49.0171,2.3391
25.1000,0.0000,9.7265,92.1220,48.9487,2.3131
25.1500,0.0000,9.7844,91.9667,48.8791,2.2919
25.2000,0.0000,9.8487,91.8052,48.8084,2.2756
25.2500,0.0000,9.9193,91.6375,48.7366,2.2644
25.3000,0.0000,9.9956,91.4636,48.6638,2.2585
25.3500,0.0000,10.0773,91.2838,48.5901,2.2579
25.4000,0.0000,10.1640,91.0981,48.5154,2.2628
25.4500,0.0000,10.2552,90.9066,48.4398,2.2734
25.5000,0.0000,10.3503,90.7095,48.3631,2.2898
25.5500,0.0000,10.4495,90.5068,48.2855,2.3121
25.6000,0.0000,10.5529,90.2983,48.2070,2.3405
25.6500,0.0000,10.6612,90.0841,48.1279,2.3752
25.7000,0.0000,10.7746,89.8640,48.0484,2.4163
25.7500,0.0000,10.8937,89.6379,47.9685,2.4639
25.8000,0.0000,11.0187,89.4057,47.8883,2.5182
25.8500,0.0000,11.1499,89.1675,47.8079,2.5794
25.9000,0.0000,11.2875,88.9232,47.7273,2.6476
25.9500,0.0000,11.4319,88.6727,47.6465,2.7230
26.0000,0.0000,11.5830,88.4161,47.5655,2.8057
26.0500,0.0000,11.7412,88.1535,47.4841,2.8959
26.1000,0.0000,11.9065,87.8848,47.4024,2.9937
26.1500,0.0000,12.0790,87.6102,47.3200,3.0993
26.2000,0.0000,12.2587,87.3296,47.2370,3.2128
26.2500,0.0000,12.4456,87.0431,47.1530,3.3345
26.3000,0.0000,12.6398,86.7509,47.0679,3.4643
26.3500,0.0000,12.8412,86.4531,46.9814,3.6026
26.4000,0.0000,13.0498,86.1496,46.8931,3.7495
26.4500,0.0000,13.2654,85.8408,46.8028,3.9050
26.5000,0.0000,13.4880,85.5265,46.7100,4.0695
26.5500,0.0000,13.7173,85.2071,46.6145,4.2429
26.6000,0.0000,13.9534,84.8828,46.5162,4.4254
26.6500,0.0000,14.1959,84.5537,46.4151,4.6169
26.7000,0.0000,14.4448,84.2203,46.3111,4.8174
26.7500,0.0000,14.6997,83.8829,46.2043,5.0269
26.8000,0.0000,14.9605,83.5417,46.0947,5.2454
26.8500,0.0000,15.2269,83.1970,45.9821,5.4729
26.9000,0.0000,15.4987,82.8493,45.8665,5.7092
26.9500,0.0000,15.7756,82.4988,45.7480,5.9544
27.0000,0.0000,16.0574,82.1459,45.6263,6.2084
27.0500,0.0000,16.3436,81.7910,45.5014,6.4710
27.1000,0.0000,16.6341,81.4345,45.3724,6.7410
27.1500,0.0000,16.9284,81.0769,45.2385,7.0177
27.2000,0.0000,17.2263,80.7187,45.0991,7.2999
27.2500,0.0000,17.5275,80.3604,44.9536,7.5869
27.3000,0.0000,17.8315,80.0025,44.8013,7.8780
27.3500,0.0000,18.1381,79.6454,44.6420,8.1725
27.4000,0.0000,18.4468,79.2896,44.4751,8.4700
27.4500,0.0000,18.7573,78.9355,44.3003,8.7700
27.5000,0.0000,19.0693,78.5836,44.1175,9.0721
27.5500,0.0000,19.3823,78.2343,43.9263,9.3761
27.6000,0.0000,19.6960,77.8881,43.7267,9.6817
27.6500,0.0000,20.0099,77.5453,43.5184,9.9888
27.7000,0.0000,20.3237,77.2064,43.3015,10.2973
27.7500,0.0000,20.6370,76.8717,43.0757,10.6071
27.8000,0.0000,20.9494,76.5416,42.8411,10.9183
27.8500,0.0000,21.2604,76.2166,42.5976,11.2309
27.9000,0.0000,21.5698,75.8969,42.3451,11.5450
27.9500,0.0000,21.8770,75.5829,42.0837,11.8606
28.0000,0.0000,22.1816,75.2750,41.8134,12.1780
28.0500,0.0000,22.4833,74.9734,41.5341,12.4974
28.1000,0.0000,22.7817,74.6784,41.2463,12.8188
28.1500,0.0000,23.0762,74.3904,40.9507,13.1426
28.2000,0.0000,23.3666,74.1096,40.6476,13.4690
28.2500,0.0000,23.6524,73.8362,40.3378,13.7982
28.3000,0.0000,23.9331,73.5706,40.0218,14.1304
28.3500,0.0000,24.2085,73.3128,39.7002,14.4660
28.4000,0.0000,24.4780,73.0631,39.3735,14.8051
28.4500,0.0000,24.7412,72.8217,39.0424,15.1481
28.5000,0.0000,24.9977,72.5887,38.7074,15.4951
28.5500,0.0000,25.2472,72.3641,38.3688,15.8465
28.6000,0.0000,25.4892,72.1467,38.0263,16.2028
28.6500,0.0000,25.7232,71.9352,37.6794,16.5643
28.7000,0.0000,25.9489,71.7286,37.3278,16.9316
28.7500,0.0000,26.1658,71.5258,36.9712,17.3051
28.8000,0.0000,26.3736,71.3259,36.6094,17.6852
28.8500,0.0000,26.5718,71.1282,36.2423,18.0722
28.9000,0.0000,26.7599,70.9320,35.8699,18.4665
28.9500,0.0000,26.9377,70.7369,35.4921,18.8683
29.0000,0.0000,27.1046,70.5428,35.1090,19.2779
29.0500,0.0000,27.2602,70.3496,34.7206,19.6955
29.1000,0.0000,27.4041,70.1575,34.3271,20.1213
29.1500,0.0000,27.5359,69.9665,33.9286,20.5554
29.2000,0.0000,27.6551,69.7770,33.5251,20.9979
29.2500,0.0000,27.7614,69.5890,33.1169,21.4488
29.3000,0.0000,27.8542,69.4028,32.7046,21.9082
29.3500,0.0000,27.9331,69.2188,32.2895,22.3761
29.4000,0.0000,27.9977,69.0373,31.8730,22.8523
29.4500,0.0000,28.0476,68.8587,31.4564,23.3368
29.5000,0.0000,28.0822,68.6834,31.0407,23.8295
29.5500,0.0000,28.1012,68.5117,30.6272,24.3301
29.6000,0.0000,28.1045,68.3442,30.2170,24.8385
29.6500,0.0000,28.0921,68.1815,29.8114,25.3544
29.7000,0.0000,28.0640,68.0241,29.4115,25.8775
29.7500,0.0000,28.0202,67.8727,29.0183,26.4076
29.8000,0.0000,27.9608,67.7278,28.6328,26.9443
29.8500,0.0000,27.8859,67.5900,28.2558,27.4872
29.9000,0.0000,27.7955,67.4599,27.8882,28.0359
29.9500,0.0000,27.6898,67.3381,27.5307,28.5900
30.0000,0.0000,27.5688,67.2251,27.1837,29.1491
30.0500,0.0000,27.4328,67.1212,26.8479,29.7128
30.1000,0.0000,27.2819,67.0267,26.5240,30.2807
30.1500,0.0000,27.1163,66.9414,26.2125,30.8527
30.2000,0.0000,26.9362,66.8653,25.9138,31.4285
30.2500,0.0000,26.7418,66.7984,25.6283,32.0079
30.3000,0.0000,26.5333,66.7406,25.3563,32.5904
30.3500,0.0000,26.3110,66.6919,25.0979,33.1758
30.4000,0.0000,26.0752,66.6522,24.8530,33.7638
30.4500,0.0000,25.8262,66.6215,24.6217,34.3539
30.5000,0.0000,25.5643,66.5997,24.4037,34.9458
30.5500,0.0000,25.2897,66.5867,24.1987,35.5391
30.6000,0.0000,25.0029,66.5823,24.0063,36.1335
30.6500,0.0000,24.7042,66.5865,23.8260,36.7286
30.7000,0.0000,24.3939,66.5990,23.6572,37.3241
30.7500,0.0000,24.0725,66.6197,23.4992,37.9196
30.8000,0.0000,23.7403,66.6484,23.3511,38.5148
30.8500,0.0000,23.3977,66.6847,23.2121,39.1093
30.9000,0.0000,23.0452,66.7284,23.0811,39.7031
30.9500,0.0000,22.6833,66.7791,22.9572,40.2957
31.0000,0.0000,22.3123,66.8366,22.8391,40.8870
31.0500,0.0000,21.9327,66.9004,22.7258,41.4768
31.1000,0.0000,21.5449,66.9703,22.6167,42.0645
31.1500,0.0000,21.1496,67.0463,22.5113,42.6495
31.2000,0.0000,20.7471,67.1280,22.4093,43.2310
31.2500,0.0000,20.3380,67.2154,22.3101,43.8084
31.3000,0.0000,19.9227,67.3081,22.2134,44.3813
31.3500,0.0000,19.5018,67.4059,22.1187,44.9491
31.4000,0.0000,19.0758,67.5085,22.0255,45.5113
31.4500,0.0000,18.6452,67.6157,21.9334,46.0674
31.5000,0.0000,18.2106,67.7270,21.8421,46.6172
31.5500,0.0000,17.7725,67.8422,21.7513,47.1602
31.6000,0.0000,17.3314,67.9609,21.6609,47.6951
31.6500,0.0000,16.8879,68.0828,21.5709,48.2210
31.7000,0.0000,16.4425,68.2073,21.4814,48.7370
31.7500,0.0000,15.9958,68.3342,21.3925,49.2423
31.8000,0.0000,15.5483,68.4629,21.3043,49.7366
31.8500,0.0000,15.1006,68.5931,21.2172,50.2195
31.9000,0.0000,14.6532,68.7242,21.1314,50.6910
31.9500,0.0000,14.2066,68.8559,21.0474,51.1513
32.0000,0.0000,13.7614,68.9877,20.9656,51.6007
32.0500,0.0000,13.3182,69.1190,20.8866,52.0397
32.1000,0.0000,12.8774,69.2495,20.8100,52.4681
32.1500,0.0000,12.4396,69.3785,20.7353,52.8854
32.2000,0.0000,12.0053,69.5058,20.6621,53.2915
32.2500,0.0000,11.5750,69.6308,20.5898,53.6862
32.3000,0.0000,11.1491,69.7530,20.5180,54.0693
32.3500,0.0000,10.7283,69.8721,20.4461,54.4407
32.4000,0.0000,10.3128,69.9875,20.3737,54.8004
32.4500,0.0000,9.9033,70.0990,20.3003,55.1485
32.5000,0.0000,9.5002,70.2061,20.2255,55.4850
32.5500,0.0000,9.1038,70.3084,20.1488,55.8100
32.6000,0.0000,8.7146,70.4057,20.0704,56.1236
32.6500,0.0000,8.3329,70.4977,19.9905,56.4261
32.7000,0.0000,7.9593,70.5841,19.9095,56.7177
32.7500,0.0000,7.5939,70.6648,19.8277,56.9985
32.8000,0.0000,7.2372,70.7396,19.7457,57.2689
32.8500,0.0000,6.8894,70.8083,19.6639,57.5291
32.9000,0.0000,6.5508,70.8711,19.5831,57.7795
32.9500,0.0000,6.2217,70.9279,19.5041,58.0203
33.0000,0.0000,5.9023,70.9788,19.4275,58.2520
33.0500,0.0000,5.5928,71.0240,19.3533,58.4748
33.1000,0.0000,5.2934,71.0636,19.2813,58.6894
33.1500,0.0000,5.0042,71.0979,19.2114,58.8964
33.2000,0.0000,4.7253,71.1272,19.1436,59.0964
33.2500,0.0000,4.4567,71.1519,19.0780,59.2900
33.3000,0.0000,4.1986,71.1726,19.0149,59.4778
33.3500,0.0000,3.9508,71.1899,18.9545,59.6604
33.4000,0.0000,3.7134,71.2046,18.8971,59.8383
33.4500,0.0000,3.4862,71.2178,18.8432,60.0120
33.5000,0.0000,3.2692,71.2303,18.7934,60.1821
33.5500,0.0000,3.0621,71.2433,18.7482,60.3490
33.6000,0.0000,2.8647,71.2571,18.7073,60.5133
33.6500,0.0000,2.6768,71.2719,18.6702,60.6754
33.7000,0.0000,2.4980,71.2878,18.6365,60.8358
33.7500,0.0000,2.3279,71.3050,18.6057,60.9947
33.8000,0.0000,2.1661,71.3238,18.5771,61.1528
33.8500,0.0000,2.0122,71.3444,18.5502,61.3103
33.9000,0.0000,1.8656,71.3670,18.5243,61.4676
33.9500,0.0000,1.7257,71.3919,18.4989,61.6250
34.0000,0.0000,1.5918,71.4195,18.4731,61.7828
34.0500,0.0000,1.4634,71.4500,18.4464,61.9414
34.1000,0.0000,1.3404,71.4834,18.4188,62.1008
34.1500,0.0000,1.2230,71.5198,18.3903,62.2608
34.2000,0.0000,1.1111,71.5592,18.3611,62.4214
34.2500,0.0000,1.0049,71.6018,18.3313,62.5826
34.3000,0.0000,0.9044,71.6475,18.3009,62.7441
34.3500,0.0000,0.8096,71.6963,18.2702,62.9058
34.4000,0.0000,0.7206,71.7485,18.2392,63.0675
34.4500,0.0000,0.6374,71.8039,18.2080,63.2290
34.5000,0.0000,0.5599,71.8628,18.1768,63.3899
34.5500,0.0000,0.4882,71.9249,18.1459,63.5501
34.6000,0.0000,0.4226,71.9897,18.1160,63.7101
34.6500,0.0000,0.3638,72.0565,18.0881,63.8703
34.7000,0.0000,0.3120,72.1247,18.0629,64.0310
34.7500,0.0000,0.2676,72.1936,18.0414,64.1926
34.8000,0.0000,0.2308,72.2627,18.0242,64.3554
34.8500,0.0000,0.2020,72.3314,18.0121,64.5194
34.9000,0.0000,0.1813,72.3995,18.0056,64.6849
34.9500,0.0000,0.1688,72.4663,18.0054,64.8520
35.0000,0.0000,0.1646,72.5318,18.0119,65.0206
35.0500,0.0000,0.1688,72.5954,18.0257,65.1908
35.1000,0.0000,0.1813,72.6570,18.0472,65.3625
35.1500,0.0000,0.2020,72.7165,18.0768,65.5356
35.2000,0.0000,0.2308,72.7735,18.1147,65.7101
35.2500,0.0000,0.2676,72.8281,18.1612,65.8857
35.3000,0.0000,0.3120,72.8802,18.2165,66.0622
35.3500,0.0000,0.3638,72.9297,18.2809,66.2396
35.4000,0.0000,0.4226,72.9768,18.3543,66.4176
35.4500,0.0000,0.4882,73.0214,18.4368,66.5959
35.5000,0.0000,0.5599,73.0637,18.5284,66.7744
35.5500,0.0000,0.6374,73.1038,18.6290,66.9528
35.6000,0.0000,0.7206,73.1417,18.7389,67.1309
35.6500,0.0000,0.8096,73.1773,18.8581,67.3085
35.7000,0.0000,0.9044,73.2106,18.9867,67.4855
35.7500,0.0000,1.0049,73.2415,19.1247,67.6616
35.8000,0.0000,1.1111,73.2701,19.2722,67.8367
35.8500,0.0000,1.2230,73.2963,19.4292,68.0107
35.9000,0.0000,1.3404,73.3202,19.5955,68.1836
35.9500,0.0000,1.4634,73.3420,19.7711,68.3552
36.0000,0.0000,1.5918,73.3616,19.9557,68.5258
36.0500,0.0000,1.7255,73.3794,20.1492,68.6953
36.1000,0.0000,1.8645,73.3956,20.3514,68.8648
36.1500,0.0000,2.0085,73.4099,20.5620,69.0352
36.2000,0.0000,2.1575,73.4216,20.7806,69.2075
36.2500,0.0000,2.3112,73.4303,21.0070,69.3829
36.3000,0.0000,2.4696,73.4354,21.2406,69.5623
36.3500,0.0000,2.6324,73.4364,21.4810,69.7466
36.4000,0.0000,2.7995,73.4330,21.7277,69.9355
36.4500,0.0000,2.9707,73.4247,21.9802,70.1289
36.5000,0.0000,3.1457,73.4112,22.2379,70.3268
36.5500,0.0000,3.3245,73.3921,22.5002,70.5290
36.6000,0.0000,3.5067,73.3674,22.7663,70.7349
36.6500,0.0000,3.6922,73.3366,23.0356,70.9436
36.7000,0.0000,3.8807,73.2996,23.3072,71.1542
36.7500,0.0000,4.0721,73.2563,23.5803,71.3660
36.8000,0.0000,4.2660,73.2065,23.8541,71.5781
36.8500,0.0000,4.4622,73.1501,24.1276,71.7897
36.9000,0.0000,4.6605,73.0870,24.3998,72.0003
36.9500,0.0000,4.8607,73.0172,24.6697,72.2090
37.0000,0.0000,5.0625,72.9406,24.9361,72.4152
37.0500,0.0000,5.2656,72.8574,25.1981,72.6183
37.1000,0.0000,5.4699,72.7676,25.4545,72.8177
37.1500,0.0000,5.6749,72.6715,25.7046,73.0128
37.2000,0.0000,5.8806,72.5693,25.9479,73.2031
37.2500,0.0000,6.0866,72.4612,26.1844,73.3880
37.3000,0.0000,6.2926,72.3477,26.4143,73.5671
37.3500,0.0000,6.4985,72.2289,26.6376,73.7399
37.4000,0.0000,6.7039,72.1053,26.8545,73.9060
37.4500,0.0000,6.9087,71.9772,27.0650,74.0650
37.5000,0.0000,7.1124,71.8450,27.2691,74.2165
37.5500,0.0000,7.3150,71.7093,27.4670,74.3601
37.6000,0.0000,7.5161,71.5703,27.6594,74.4955
37.6500,0.0000,7.7155,71.4287,27.8472,74.6224
37.7000,0.0000,7.9129,71.2849,28.0310,74.7404
37.7500,0.0000,8.1082,71.1394,28.2116,74.8494
37.8000,0.0000,8.3009,70.9928,28.3896,74.9491
37.8500,0.0000,8.4910,70.8456,28.5655,75.0392
37.9000,0.0000,8.6782,70.6985,28.7398,75.1196
37.9500,0.0000,8.8622,70.5520,28.9131,75.1899
38.0000,0.0000,9.0429,70.4067,29.0857,75.2501
38.0500,0.0000,9.2199,70.2634,29.2581,75.3000
38.1000,0.0000,9.3931,70.1226,29.4305,75.3394
38.1500,0.0000,9.5623,69.9850,29.6033,75.3682
38.2000,0.0000,9.7272,69.8514,29.7766,75.3862
38.2500,0.0000,9.8877,69.7224,29.9508,75.3933
38.3000,0.0000,10.0435,69.5987,30.1260,75.3894
38.3500,0.0000,10.1946,69.4812,30.3023,75.3744
38.4000,0.0000,10.3406,69.3705,30.4797,75.3482
38.4500,0.0000,10.4814,69.2674,30.6585,75.3106
38.5000,0.0000,10.6168,69.1728,30.8385,75.2616
38.5500,0.0000,10.7468,69.0872,31.0199,75.2012
38.6000,0.0000,10.8710,69.0112,31.2025,75.1293
38.6500,0.0000,10.9894,68.9452,31.3864,75.0464
38.7000,0.0000,11.1018,68.8894,31.5714,74.9525
38.7500,0.0000,11.2081,68.8441,31.7574,74.8480
38.8000,0.0000,11.3081,68.8098,31.9444,74.7330
38.8500,0.0000,11.4018,68.7866,32.1320,74.6079
38.9000,0.0000,11.4890,68.7748,32.3203,74.4728
38.9500,0.0000,11.5696,68.7747,32.5088,74.3281
39.0000,0.0000,11.6436,68.7866,32.6975,74.1740
39.0500,0.0000,11.7108,68.8105,32.8863,74.0108
39.1000,0.0000,11.7713,68.8468,33.0755,73.8384
39.1500,0.0000,11.8256,68.8956,33.2657,73.6570
39.2000,0.0000,11.8745,68.9569,33.4573,73.4666
39.2500,0.0000,11.9185,69.0311,33.6507,73.2671
39.3000,0.0000,11.9581,69.1180,33.8462,73.0588
39.3500,0.0000,11.9939,69.2179,34.0441,72.8415
39.4000,0.0000,12.0263,69.3307,34.2446,72.6154
39.4500,0.0000,12.0560,69.4565,34.4477,72.3807
39.5000,0.0000,12.0833,69.5952,34.6537,72.1373
39.5500,0.0000,12.1088,69.7468,34.8625,71.8853
39.6000,0.0000,12.1328,69.9113,35.0741,71.6249
39.6500,0.0000,12.1558,70.0886,35.2884,71.3561
39.7000,0.0000,12.1781,70.2784,35.5054,71.0789
39.7500,0.0000,12.2002,70.4807,35.7248,70.7935
39.8000,0.0000,12.2224,70.6953,35.9464,70.4999
39.8500,0.0000,12.2450,70.9219,36.1701,70.1981
39.9000,0.0000,12.2684,71.1603,36.3955,69.8882
39.9500,0.0000,12.2929,71.4102,36.6222,69.5701
40.0000,0.0000,12.3187,71.6713,36.8500,69.2439
40.0500,0.0000,12.3462,71.9431,37.0783,68.9095
40.1000,0.0000,12.3756,72.2248,37.3071,68.5671
40.1500,0.0000,12.4072,72.5152,37.5361,68.2170
40.2000,0.0000,12.4412,72.8133,37.7652,67.8594
40.2500,0.0000,12.4778,73.1178,37.9941,67.4944
40.3000,0.0000,12.5172,73.4275,38.2226,67.1222
40.3500,0.0000,12.5596,73.7410,38.4505,66.7430
40.4000,0.0000,12.6052,74.0571,38.6775,66.3569
40.4500,0.0000,12.6542,74.3754,38.9034,65.9640
40.5000,0.0000,12.7067,74.6956,39.1279,65.5645
40.5500,0.0000,12.7629,75.0177,39.3507,65.1583
40.6000,0.0000,12.8231,75.3415,39.5715,64.7454
40.6500,0.0000,12.8878,75.6670,39.7901,64.3260
40.7000,0.0000,12.9573,75.9941,40.0061,63.8998
40.7500,0.0000,13.0319,76.3226,40.2192,63.4669
40.8000,0.0000,13.1120,76.6524,40.4291,63.0271
40.8500,0.0000,13.1978,76.9835,40.6356,62.5802
40.9000,0.0000,13.2895,77.3156,40.8382,62.1261
40.9500,0.0000,13.3874,77.6486,41.0367,61.6644
41.0000,0.0000,13.4918,77.9823,41.2308,61.1948
41.0500,0.0000,13.6027,78.3166,41.4201,60.7170
41.1000,0.0000,13.7204,78.6512,41.6043,60.2305
41.1500,0.0000,13.8449,78.9859,41.7832,59.7348
41.2000,0.0000,13.9765,79.3206,41.9563,59.2295
41.2500,0.0000,14.1152,79.6549,42.1234,58.7138
41.3000,0.0000,14.2611,79.9887,42.2842,58.1871
41.3500,0.0000,14.4142,80.3218,42.4383,57.6487
41.4000,0.0000,14.5746,80.6538,42.5854,57.0987
41.4500,0.0000,14.7424,80.9846,42.7253,56.5383
41.5000,0.0000,14.9175,81.3140,42.8576,55.9690
41.5500,0.0000,15.0999,81.6415,42.9821,55.3920
41.6000,0.0000,15.2896,81.9671,43.0988,54.8086
41.6500,0.0000,15.4865,82.2904,43.2076,54.2201
41.7000,0.0000,15.6907,82.6112,43.3086,53.6279
41.7500,0.0000,15.9020,82.9293,43.4019,53.0330
41.8000,0.0000,16.1204,83.2443,43.4875,52.4367
41.8500,0.0000,16.3457,83.5562,43.5656,51.8401
41.9000,0.0000,16.5779,83.8645,43.6362,51.2444
41.9500,0.0000,16.8168,84.1691,43.6996,50.6507
42.0000,0.0000,17.0623,84.4697,43.7559,50.0601
42.0500,0.0000,17.3141,84.7661,43.8053,49.4734
42.1000,0.0000,17.5716,85.0581,43.8480,48.8909
42.1500,0.0000,17.8342,85.3455,43.8843,48.3129
42.2000,0.0000,18.1011,85.6280,43.9141,47.7396
42.2500,0.0000,18.3717,85.9055,43.9363,47.1711
42.3000,0.0000,18.6453,86.1778,43.9496,46.6076
42.3500,0.0000,18.9214,86.4447,43.9526,46.0495
42.4000,0.0000,19.1994,86.7060,43.9443,45.4969
42.4500,0.0000,19.4786,86.9616,43.9236,44.9501
42.5000,0.0000,19.7586,87.2114,43.8896,44.4093
42.5500,0.0000,20.0387,87.4553,43.8415,43.8748
42.6000,0.0000,20.3185,87.6931,43.7783,43.3468
42.6500,0.0000,20.5975,87.9248,43.6994,42.8255
42.7000,0.0000,20.8751,88.1502,43.6041,42.3112
42.7500,0.0000,21.1509,88.3694,43.4920,41.8040
42.8000,0.0000,21.4245,88.5823,43.3623,41.3043
42.8500,0.0000,21.6955,88.7890,43.2148,40.8122
42.9000,0.0000,21.9632,88.9893,43.0490,40.3278
42.9500,0.0000,22.2275,89.1834,42.8646,39.8514
43.0000,0.0000,22.4878,89.3714,42.6612,39.3830
43.0500,0.0000,22.7439,89.5532,42.4386,38.9229
43.1000,0.0000,22.9952,89.7289,42.1971,38.4713
43.1500,0.0000,23.2415,89.8985,41.9368,38.0287
43.2000,0.0000,23.4824,90.0619,41.6581,37.5954
43.2500,0.0000,23.7176,90.2192,41.3614,37.1718
43.3000,0.0000,23.9466,90.3705,41.0471,36.7582
43.3500,0.0000,24.1693,90.5157,40.7157,36.3550
43.4000,0.0000,24.3853,90.6549,40.3676,35.9624
43.4500,0.0000,24.5942,90.7884,40.0035,35.5807
43.5000,0.0000,24.7959,90.9161,39.6238,35.2102
43.5500,0.0000,24.9899,91.0383,39.2291,34.8510
43.6000,0.0000,25.1760,91.1551,38.8201,34.5025
43.6500,0.0000,25.3540,91.2667,38.3974,34.1642
43.7000,0.0000,25.5235,91.3734,37.9616,33.8355
43.7500,0.0000,25.6843,91.4754,37.5133,33.5158
43.8000,0.0000,25.8361,91.5730,37.0533,33.2046
43.8500,0.0000,25.9786,91.6666,36.5821,32.9011
43.9000,0.0000,26.1116,91.7563,36.1004,32.6051
43.9500,0.0000,26.2348,91.8428,35.6088,32.3157
44.0000,0.0000,26.3480,91.9263,35.1079,32.0326
44.0500,0.0000,26.4509,92.0072,34.5983,31.7552
44.1000,0.0000,26.5432,92.0861,34.0806,31.4828
44.1500,0.0000,26.6246,92.1635,33.5552,31.2150
44.2000,0.0000,26.6950,92.2398,33.0227,30.9511
44.2500,0.0000,26.7540,92.3158,32.4836,30.6904
44.3000,0.0000,26.8014,92.3919,31.9382,30.4325
44.3500,0.0000,26.8369,92.4688,31.3870,30.1766
44.4000,0.0000,26.8602,92.5473,30.8302,29.9220
44.4500,0.0000,26.8711,92.6280,30.2680,29.6681
44.5000,0.0000,26.8692,92.7117,29.7007,29.4141
44.5500,0.0000,26.8543,92.7991,29.1284,29.1593
44.6000,0.0000,26.8267,92.8902,28.5521,28.9037
44.6500,0.0000,26.7866,92.9850,27.9726,28.6474
44.7000,0.0000,26.7345,93.0835,27.3907,28.3904
44.7500,0.0000,26.6706,93.1855,26.8073,28.1328
44.8000,0.0000,26.5954,93.2910,26.2233,27.8748
44.8500,0.0000,26.5094,93.3998,25.6392,27.6164
44.9000,0.0000,26.4129,93.5119,25.0559,27.3577
44.9500,0.0000,26.3065,93.6271,24.4740,27.0988
45.0000,0.0000,26.1906,93.7453,23.8941,26.8399
45.0500,0.0000,26.0656,93.8662,23.3168,26.5811
45.1000,0.0000,25.9308,93.9899,22.7424,26.3224
45.1500,0.0000,25.7855,94.1164,22.1715,26.0642
45.2000,0.0000,25.6290,94.2454,21.6044,25.8067
45.2500,0.0000,25.4610,94.3769,21.0413,25.5500
45.3000,0.0000,25.2814,94.5107,20.4824,25.2942
45.3500,0.0000,25.0899,94.6468,19.9278,25.0395
45.4000,0.0000,24.8866,94.7848,19.3776,24.7860
45.4500,0.0000,24.6719,94.9245,18.8316,24.5338
45.5000,0.0000,24.4461,95.0658,18.2897,24.2829
45.5500,0.0000,24.2096,95.2083,17.7516,24.0333
45.6000,0.0000,23.9631,95.3518,17.2169,23.7851
45.6500,0.0000,23.7073,95.4958,16.6851,23.5382
45.7000,0.0000,23.4428,95.6401,16.1558,23.2925
45.7500,0.0000,23.1696,95.7842,15.6290,23.0480
45.8000,0.0000,22.8878,95.9277,15.1056,22.8045
45.8500,0.0000,22.5976,96.0702,14.5860,22.5618
45.9000,0.0000,22.2992,96.2111,14.0709,22.3197
45.9500,0.0000,21.9930,96.3500,13.5608,22.0780
46.0000,0.0000,21.6792,96.4862,13.0564,21.8364
46.0500,0.0000,21.3584,96.6194,12.5581,21.5947
46.1000,0.0000,21.0309,96.7493,12.0665,21.3533
46.1500,0.0000,20.6972,96.8760,11.5822,21.1127
46.2000,0.0000,20.3579,96.9993,11.1056,20.8734
46.2500,0.0000,20.0135,97.1194,10.6372,20.6361
46.3000,0.0000,19.6646,97.2361,10.1775,20.4012
46.3500,0.0000,19.3118,97.3495,9.7268,20.1694
46.4000,0.0000,18.9557,97.4595,9.2857,19.9412
46.4500,0.0000,18.5969,97.5661,8.8545,19.7172
46.5000,0.0000,18.2361,97.6693,8.4336,19.4981
46.5500,0.0000,17.8740,97.7691,8.0233,19.2843
46.6000,0.0000,17.5112,97.8654,7.6248,19.0759
46.6500,0.0000,17.1483,97.9582,7.2390,18.8733
46.7000,0.0000,16.7859,98.0476,6.8669,18.6764
46.7500,0.0000,16.4248,98.1336,6.5094,18.4855
46.8000,0.0000,16.0656,98.2161,6.1673,18.3008
46.8500,0.0000,15.7088,98.2951,5.8413,18.1227
46.9000,0.0000,15.3551,98.3707,5.5320,17.9515
46.9500,0.0000,15.0051,98.4429,5.2399,17.7875
47.0000,0.0000,14.6593,98.5116,4.9655,17.6313
47.0500,0.0000,14.3182,98.5769,4.7092,17.4832
47.1000,0.0000,13.9824,98.6389,4.4711,17.3438
47.1500,0.0000,13.6524,98.6975,4.2516,17.2136
47.2000,0.0000,13.3286,98.7529,4.0506,17.0933
47.2500,0.0000,13.0115,98.8049,3.8681,16.9834
47.3000,0.0000,12.7014,98.8538,3.7041,16.8841
47.3500,0.0000,12.3987,98.8994,3.5584,16.7950
47.4000,0.0000,12.1039,98.9420,3.4307,16.7158
47.4500,0.0000,11.8170,98.9815,3.3206,16.6461
47.5000,0.0000,11.5385,99.0180,3.2275,16.5858
47.5500,0.0000,11.2686,99.0516,3.1512,16.5344
47.6000,0.0000,11.0074,99.0823,3.0916,16.4917
47.6500,0.0000,10.7551,99.1103,3.0489,16.4575
47.7000,0.0000,10.5118,99.1357,3.0232,16.4315
47.7500,0.0000,10.2776,99.1585,3.0146,16.4134
47.8000,0.0000,10.0526,99.1788,3.0232,16.4030
47.8500,0.0000,9.8367,99.1968,3.0489,16.4000
47.9000,0.0000,9.6300,99.2125,3.0916,16.4042
47.9500,0.0000,9.4323,99.2262,3.1512,16.4154
48.0000,0.0000,9.2435,99.2378,3.2275,16.4333
48.0500,0.0000,9.0636,99.2476,3.3206,16.4579
48.1000,0.0000,8.8923,99.2554,3.4307,16.4890
48.1500,0.0000,8.7295,99.2611,3.5584,16.5268
48.2000,0.0000,8.5749,99.2647,3.7041,16.5713
48.2500,0.0000,8.4282,99.2659,3.8681,16.6226
48.3000,0.0000,8.2891,99.2650,4.0506,16.6807
48.3500,0.0000,8.1574,99.2617,4.2516,16.7456
48.4000,0.0000,8.0327,99.2561,4.4711,16.8173
48.4500,0.0000,7.9146,99.2482,4.7092,16.8958
48.5000,0.0000,7.8027,99.2381,4.9655,16.9812
48.5500,0.0000,7.6967,99.2258,5.2399,17.0734
48.6000,0.0000,7.5960,99.2112,5.5320,17.1724
48.6500,0.0000,7.5003,99.1940,5.8413,17.2782
48.7000,0.0000,7.4091,99.1737,6.1673,17.3907
48.7500,0.0000,7.3219,99.1502,6.5094,17.5100
48.8000,0.0000,7.2384,99.1230,6.8669,17.6359
48.8500,0.0000,7.1580,99.0920,7.2390,17.7685
48.9000,0.0000,7.0802,99.0568,7.6248,17.9077
48.9500,0.0000,7.0047,99.0173,8.0233,18.0535
49.0000,0.0000,6.9309,98.9731,8.4336,18.2059
49.0500,0.0000,6.8584,98.9241,8.8545,18.3646
49.1000,0.0000,6.7869,98.8700,9.2857,18.5296
49.1500,0.0000,6.7159,98.8107,9.7268,18.7004
49.2000,0.0000,6.6450,98.7460,10.1775,18.8766
49.2500,0.0000,6.5739,98.6757,10.6372,19.0579
49.3000,0.0000,6.5024,98.5996,11.1056,19.2439
49.3500,0.0000,6.4300,98.5176,11.5822,19.4342
49.4000,0.0000,6.3566,98.4296,12.0665,19.6283
49.4500,0.0000,6.2820,98.3354,12.5581,19.8259
49.5000,0.0000,6.2062,98.2350,13.0564,20.0265
49.5500,0.0000,6.1289,98.1283,13.5609,20.2298
49.6000,0.0000,6.0502,98.0159,14.0713,20.4358
49.6500,0.0000,5.9702,97.8986,14.5873,20.6445
49.7000,0.0000,5.8890,97.7769,15.1085,20.8560
49.7500,0.0000,5.8069,97.6515,15.6346,21.0702
49.8000,0.0000,5.7241,97.5230,16.1652,21.2871
49.8500,0.0000,5.6410,97.3919,16.6999,21.5067
49.9000,0.0000,5.5582,97.2587,17.2383,21.7287
49.9500,0.0000,5.4762,97.1239,17.7798,21.9531
50.0000,0.0000,5.3958,96.9877,18.3240,22.1797
50.0500,0.0000,5.3176,96.8508,18.8705,22.4082
50.1000,0.0000,5.2416,96.7133,19.4186,22.6385
50.1500,0.0000,5.1674,96.5755,19.9679,22.8703
50.2000,0.0000,5.0949,96.4379,20.5178,23.1033
50.2500,0.0000,5.0236,96.3005,21.0678,23.3372
50.3000,0.0000,4.9533,96.1637,21.6174,23.5717
50.3500,0.0000,4.8837,96.0275,22.1658,23.8064
50.4000,0.0000,4.8145,95.8921,22.7126,24.0412
50.4500,0.0000,4.7453,95.7576,23.2572,24.2755
50.5000,0.0000,4.6757,95.6241,23.7989,24.5090
50.5500,0.0000,4.6056,95.4917,24.3373,24.7413
50.6000,0.0000,4.5346,95.3605,24.8716,24.9722
50.6500,0.0000,4.4628,95.2306,25.4013,25.2011
50.7000,0.0000,4.3901,95.1022,25.9258,25.4277
50.7500,0.0000,4.3165,94.9754,26.4444,25.6516
50.8000,0.0000,4.2419,94.8502,26.9567,25.8725
50.8500,0.0000,4.1663,94.7267,27.4620,26.0900
50.9000,0.0000,4.0897,94.6050,27.9597,26.3036
50.9500,0.0000,4.0121,94.4851,28.4492,26.5131
51.0000,0.0000,3.9334,94.3670,28.9300,26.7181
51.0500,0.0000,3.8537,94.2507,29.4016,26.9183
51.1000,0.0000,3.7733,94.1362,29.8641,27.1133
51.1500,0.0000,3.6925,94.0234,30.3179,27.3029
51.2000,0.0000,3.6116,93.9125,30.7631,27.4867
51.2500,0.0000,3.5310,93.8031,31.1999,27.6645
51.3000,0.0000,3.4508,93.6954,31.6283,27.8362
51.3500,0.0000,3.3715,93.5893,32.0486,28.0014
51.4000,0.0000,3.2932,93.4846,32.4607,28.1600
51.4500,0.0000,3.2165,93.3812,32.8647,28.3119
51.5000,0.0000,3.1415,93.2791,33.2606,28.4570
51.5500,0.0000,3.0686,93.1781,33.6484,28.5952
51.6000,0.0000,2.9981,93.0780,34.0281,28.7264
51.6500,0.0000,2.9305,92.9789,34.3995,28.8507
51.7000,0.0000,2.8659,92.8805,34.7627,28.9682
51.7500,0.0000,2.8050,92.7826,35.1176,29.0789
51.8000,0.0000,2.7479,92.6852,35.4639,29.1830
51.8500,0.0000,2.6951,92.5880,35.8016,29.2807
51.9000,0.0000,2.6471,92.4909,36.1306,29.3723
51.9500,0.0000,2.6042,92.3937,36.4507,29.4581
52.0000,0.0000,2.5670,92.2963,36.7617,29.5385
52.0500,0.0000,2.5357,92.1984,37.0635,29.6137
52.1000,0.0000,2.5105,92.0999,37.3559,29.6835
52.1500,0.0000,2.4912,92.0006,37.6387,29.7476
52.2000,0.0000,2.4777,91.9002,37.9118,29.8056
52.2500,0.0000,2.4698,91.7987,38.1749,29.8571
52.3000,0.0000,2.4675,91.6957,38.4279,29.9019
52.3500,0.0000,2.4705,91.5912,38.6705,29.9397
52.4000,0.0000,2.4788,91.4849,38.9026,29.9701
52.4500,0.0000,2.4921,91.3765,39.1240,29.9930
52.5000,0.0000,2.5104,91.2660,39.3346,30.0080
52.5500,0.0000,2.5333,91.1532,39.5342,30.0151
52.6000,0.0000,2.5607,91.0383,39.7234,30.0139
52.6500,0.0000,2.5925,90.9217,39.9028,30.0045
52.7000,0.0000,2.6285,90.8036,40.0729,29.9866
52.7500,0.0000,2.6683,90.6844,40.2344,29.9602
52.8000,0.0000,2.7119,90.5642,40.3878,29.9252
52.8500,0.0000,2.7590,90.4433,40.5333,29.8816
52.9000,0.0000,2.8094,90.3218,40.6716,29.8295
52.9500,0.0000,2.8630,90.1999,40.8030,29.7688
53.0000,0.0000,2.9193,90.0777,40.9278,29.6997
53.0500,0.0000,2.9784,89.9553,41.0463,29.6223
53.1000,0.0000,3.0399,89.8328,41.1590,29.5369
53.1500,0.0000,3.1036,89.7101,41.2660,29.4435
53.2000,0.0000,3.1692,89.5874,41.3677,29.3425
53.2500,0.0000,3.2367,89.4647,41.4642,29.2342
53.3000,0.0000,3.3057,89.3419,41.5557,29.1190
53.3500,0.0000,3.3761,89.2189,41.6425,28.9972
53.4000,0.0000,3.4476,89.0959,41.7247,28.8694
53.4500,0.0000,3.5200,88.9726,41.8025,28.7360
53.5000,0.0000,3.5931,88.8490,41.8760,28.5976
53.5500,0.0000,3.6668,88.7250,41.9454,28.4546
53.6000,0.0000,3.7408,88.6005,42.0107,28.3071
53.6500,0.0000,3.8149,88.4753,42.0720,28.1548
53.7000,0.0000,3.8889,88.3493,42.1295,27.9975
53.7500,0.0000,3.9627,88.2224,42.1832,27.8350
53.8000,0.0000,4.0362,88.0944,42.2332,27.6671
53.8500,0.0000,4.1090,87.9651,42.2796,27.4936
53.9000,0.0000,4.1812,87.8343,42.3223,27.3144
53.9500,0.0000,4.2525,87.7018,42.3615,27.1293
54.0000,0.0000,4.3228,87.5675,42.3972,26.9381
54.0500,0.0000,4.3920,87.4311,42.4295,26.7407
54.1000,0.0000,4.4600,87.2927,42.4588,26.5370
54.1500,0.0000,4.5267,87.1522,42.4859,26.3267
54.2000,0.0000,4.5919,87.0097,42.5111,26.1098
54.2500,0.0000,4.6558,86.8653,42.5349,25.8861
54.3000,0.0000,4.7180,86.7187,42.5578,25.6555
54.3500,0.0000,4.7788,86.5701,42.5802,25.4180
54.4000,0.0000,4.8379,86.4193,42.6025,25.1734
54.4500,0.0000,4.8954,86.2662,42.6250,24.9216
54.5000,0.0000,4.9513,86.1107,42.6480,24.6625
54.5500,0.0000,5.0056,85.9527,42.6719,24.3961
54.6000,0.0000,5.0583,85.7921,42.6968,24.1223
54.6500,0.0000,5.1096,85.6287,42.7231,23.8411
54.7000,0.0000,5.1595,85.4622,42.7508,23.5524
54.7500,0.0000,5.2081,85.2927,42.7802,23.2561
54.8000,0.0000,5.2554,85.1197,42.8115,22.9523
54.8500,0.0000,5.3017,84.9432,42.8447,22.6409
54.9000,0.0000,5.3471,84.7628,42.8800,22.3219
54.9500,0.0000,5.3918,84.5785,42.9174,21.9954
55.0000,0.0000,5.4360,84.3898,42.9571,21.6613
55.0500,0.0000,5.4799,84.1966,42.9989,21.3197
55.1000,0.0000,5.5232,83.9988,43.0430,20.9707
55.1500,0.0000,5.5659,83.7963,43.0892,20.6146
55.2000,0.0000,5.6078,83.5888,43.1376,20.2515
55.2500,0.0000,5.6486,83.3764,43.1881,19.8817
55.3000,0.0000,5.6882,83.1589,43.2406,19.5055
55.3500,0.0000,5.7263,82.9361,43.2950,19.1231
55.4000,0.0000,5.7628,82.7081,43.3511,18.7348
55.4500,0.0000,5.7974,82.4746,43.4088,18.3410
55.5000,0.0000,5.8300,82.2357,43.4678,17.9420
55.5500,0.0000,5.8603,81.9912,43.5281,17.5381
55.6000,0.0000,5.8882,81.7413,43.5896,17.1298
55.6500,0.0000,5.9135,81.4862,43.6523,16.7173
55.7000,0.0000,5.9359,81.2261,43.7161,16.3013
55.7500,0.0000,5.9552,80.9612,43.7809,15.8820
55.8000,0.0000,5.9712,80.6915,43.8467,15.4600
55.8500,0.0000,5.9838,80.4173,43.9132,15.0358
55.9000,0.0000,5.9928,80.1388,43.9802,14.6098
55.9500,0.0000,5.9982,79.8560,44.0475,14.1826
56.0000,0.0000,6.0000,79.5690,44.1146,13.7548
56.0500,0.0000,5.9982,79.2782,44.1814,13.3270
56.1000,0.0000,5.9928,78.9835,44.2472,12.8997
56.1500,0.0000,5.9838,78.6851,44.3117,12.4736
56.2000,0.0000,5.9712,78.3831,44.3744,12.0493
56.2500,0.0000,5.9551,78.0777,44.4347,11.6275
56.3000,0.0000,5.9354,77.7691,44.4920,11.2089
56.3500,0.0000,5.9122,77.4572,44.5456,10.7943
56.4000,0.0000,5.8855,77.1424,44.5949,10.3843
56.4500,0.0000,5.8554,76.8246,44.6389,9.9798
56.5000,0.0000,5.8218,76.5041,44.6770,9.5816
56.5500,0.0000,5.7848,76.1810,44.7084,9.1903
56.6000,0.0000,5.7445,75.8554,44.7328,8.8063
56.6500,0.0000,5.7009,75.5275,44.7502,8.4299
56.7000,0.0000,5.6541,75.1974,44.7606,8.0613
56.7500,0.0000,5.6040,74.8654,44.7639,7.7008
56.8000,0.0000,5.5509,74.5315,44.7600,7.3484
56.8500,0.0000,5.4947,74.1959,44.7487,7.0045
56.9000,0.0000,5.4355,73.8588,44.7300,6.6692
56.9500,0.0000,5.3734,73.5204,44.7039,6.3427
57.0000,0.0000,5.3084,73.1809,44.6700,6.0250
57.0500,0.0000,5.2407,72.8405,44.6286,5.7166
57.1000,0.0000,5.1703,72.4996,44.5804,5.4177
57.1500,0.0000,5.0973,72.1588,44.5261,5.1288
57.2000,0.0000,5.0218,71.8184,44.4664,4.8505
57.2500,0.0000,4.9438,71.4790,44.4019,4.5832
57.3000,0.0000,4.8636,71.1409,44.3329,4.3271
57.3500,0.0000,4.7811,70.8047,44.2597,4.0827
57.4000,0.0000,4.6965,70.4707,44.1826,3.8501
57.4500,0.0000,4.6099,70.1393,44.1014,3.6296
57.5000,0.0000,4.5214,69.8111,44.0163,3.4215
57.5500,0.0000,4.4311,69.4863,43.9270,3.2257
57.6000,0.0000,4.3391,69.1655,43.8332,3.0425
57.6500,0.0000,4.2455,68.8489,43.7347,2.8718
57.7000,0.0000,4.1505,68.5371,43.6310,2.7137
57.7500,0.0000,4.0541,68.2303,43.5215,2.5680
57.8000,0.0000,3.9565,67.9290,43.4058,2.4348
57.8500,0.0000,3.8578,67.6336,43.2830,2.3137
57.9000,0.0000,3.7581,67.3444,43.1524,2.2048
57.9500,0.0000,3.6575,67.0619,43.0132,2.1076
58.0000,0.0000,3.5562,66.7863,42.8645,2.0220
58.0500,0.0000,3.4543,66.5180,42.7054,1.9475
58.1000,0.0000,3.3520,66.2572,42.5358,1.8841
58.1500,0.0000,3.2493,66.0038,42.3553,1.8316
58.2000,0.0000,3.1463,65.7580,42.1639,1.7898
58.2500,0.0000,3.0433,65.5196,41.9614,1.7586
58.3000,0.0000,2.9403,65.2887,41.7477,1.7377
58.3500,0.0000,2.8375,65.0653,41.5225,1.7268
58.4000,0.0000,2.7349,64.8492,41.2857,1.7259
58.4500,0.0000,2.6328,64.6404,41.0372,1.7349
58.5000,0.0000,2.5312,64.4388,40.7769,1.7537
58.5500,0.0000,2.4304,64.2442,40.5047,1.7820
58.6000,0.0000,2.3303,64.0565,40.2214,1.8188
58.6500,0.0000,2.2311,63.8754,39.9280,1.8630
58.7000,0.0000,2.1330,63.7008,39.6251,1.9134
58.7500,0.0000,2.0360,63.5323,39.3134,1.9693
58.8000,0.0000,1.9404,63.3698,38.9935,2.0296
58.8500,0.0000,1.8461,63.2128,38.6658,2.0937
58.9000,0.0000,1.7534,63.0611,38.3307,2.1608
58.9500,0.0000,1.6622,62.9143,37.9886,2.2303
59.0000,0.0000,1.5729,62.7719,37.6396,2.3016
59.0500,0.0000,1.4853,62.6336,37.2840,2.3742
59.1000,0.0000,1.3997,62.4987,36.9220,2.4474
59.1500,0.0000,1.3162,62.3670,36.5535,2.5210
59.2000,0.0000,1.2348,62.2376,36.1787,2.5944
59.2500,0.0000,1.1556,62.1102,35.7975,2.6672
59.3000,0.0000,1.0787,61.9840,35.4100,2.7391
59.3500,0.0000,1.0043,61.8584,35.0161,2.8098
59.4000,0.0000,0.9322,61.7326,34.6156,2.8788
59.4500,0.0000,0.8628,61.6059,34.2086,2.9458
59.5000,0.0000,0.7959,61.4775,33.7948,3.0104
59.5500,0.0000,0.7317,61.3466,33.3742,3.0725
59.6000,0.0000,0.6702,61.2132,32.9469,3.1322
59.6500,0.0000,0.6115,61.0772,32.5129,3.1897
59.7000,0.0000,0.5555,60.9386,32.0725,3.2453
59.7500,0.0000,0.5024,60.7974,31.6258,3.2993
59.8000,0.0000,0.4522,60.6537,31.1730,3.3520
59.8500,0.0000,0.4048,60.5073,30.7143,3.4037
59.9000,0.0000,0.3603,60.3584,30.2498,3.4548
59.9500,0.0000,0.3187,60.2069,29.7798,3.5055
60.0000,0.0000,0.2799,60.0529,29.3045,3.5562
60.0500,0.0000,0.2440,59.8964,28.8241,3.6073
60.1000,0.0000,0.2110,59.7379,28.3389,3.6592
60.1500,0.0000,0.1807,59.5781,27.8491,3.7126
60.2000,0.0000,0.1531,59.4173,27.3550,3.7680
60.2500,0.0000,0.1282,59.2560,26.8570,3.8260
60.3000,0.0000,0.1059,59.0948,26.3552,3.8869
60.3500,0.0000,0.0862,58.9340,25.8500,3.9513
60.4000,0.0000,0.0689,58.7740,25.3418,4.0195
60.4500,0.0000,0.0539,58.6151,24.8307,4.0920
60.5000,0.0000,0.0412,58.4577,24.3172,4.1691
60.5500,0.0000,0.0305,58.3021,23.8016,4.2511
60.6000,0.0000,0.0217,58.1485,23.2841,4.3383
60.6500,0.0000,0.0148,57.9972,22.7650,4.4309
60.7000,0.0000,0.0095,57.8484,22.2446,4.5291
60.7500,0.0000,0.0056,57.7023,21.7233,4.6331
60.8000,0.0000,0.0029,57.5589,21.2011,4.7430
60.8500,0.0000,0.0012,57.4188,20.6784,4.8589
60.9000,0.0000,0.0004,57.2822,20.1553,4.9808
60.9500,0.0000,0.0000,57.1496,19.6319,5.1087
61.0000,0.0000,0.0000,57.0214,19.1084,5.2426
61.0500,0.0000,0.0000,56.8979,18.5849,5.3824
61.1000,0.0000,0.0000,56.7794,18.0621,5.5279
61.1500,0.0000,0.0000,56.6662,17.5409,5.6791
61.2000,0.0000,0.0000,56.5586,17.0222,5.8358
61.2500,0.0000,0.0000,56.4568,16.5068,5.9976
61.3000,0.0000,0.0000,56.3611,15.9954,6.1644
61.3500,0.0000,0.0000,56.2716,15.4889,6.3358
61.4000,0.0000,0.0000,56.1885,14.9878,6.5115
61.4500,0.0000,0.0000,56.1119,14.4930,6.6912
61.5000,0.0000,0.0000,56.0421,14.0049,6.8744
61.5500,0.0000,0.0002,55.9791,13.5242,7.0607
61.6000,0.0000,0.0014,55.9242,13.0515,7.2497
61.6500,0.0000,0.0047,55.8785,12.5875,7.4408
61.7000,0.0000,0.0109,55.8428,12.1326,7.6336
61.7500,0.0000,0.0206,55.8181,11.6874,7.8276
61.8000,0.0000,0.0344,55.8049,11.2520,8.0221
61.8500,0.0000,0.0530,55.8038,10.8267,8.2167
61.9000,0.0000,0.0765,55.8152,10.4114,8.4107
61.9500,0.0000,0.1055,55.8392,10.0059,8.6036
62.0000,0.0000,0.1400,55.8761,9.6099,8.7948
62.0500,0.0000,0.1802,55.9259,9.2231,8.9836
62.1000,0.0000,0.2261,55.9883,8.8459,9.1694
62.1500,0.0000,0.2778,56.0633,8.4786,9.3517
62.2000,0.0000,0.3351,56.1505,8.1218,9.5298
62.2500,0.0000,0.3980,56.2494,7.7758,9.7031
62.3000,0.0000,0.4661,56.3596,7.4408,9.8710
62.3500,0.0000,0.5394,56.4804,7.1171,10.0330
62.4000,0.0000,0.6174,56.6112,6.8048,10.1884
62.4500,0.0000,0.6999,56.7511,6.5039,10.3367
62.5000,0.0000,0.7864,56.8993,6.2144,10.4775
62.5500,0.0000,0.8767,57.0550,5.9363,10.6102
62.6000,0.0000,0.9702,57.2177,5.6701,10.7343
62.6500,0.0000,1.0665,57.3869,5.4164,10.8495
62.7000,0.0000,1.1651,57.5621,5.1757,10.9553
62.7500,0.0000,1.2656,57.7429,4.9486,11.0514
62.8000,0.0000,1.3675,57.9287,4.7355,11.1376
62.8500,0.0000,1.4701,58.1190,4.5368,11.2135
62.9000,0.0000,1.5732,58.3132,4.3528,11.2791
62.9500,0.0000,1.6760,58.5109,4.1837,11.3342
63.0000,0.0000,1.7781,58.7113,4.0296,11.3789
63.0500,0.0000,1.8790,58.9140,3.8905,11.4131
63.1000,0.0000,1.9782,59.1193,3.7664,11.4369
63.1500,0.0000,2.0752,59.3272,3.6572,11.4507
63.2000,0.0000,2.1696,59.5380,3.5624,11.4547
63.2500,0.0000,2.2607,59.7517,3.4816,11.4493
63.3000,0.0000,2.3483,59.9684,3.4144,11.4350
63.3500,0.0000,2.4318,60.1882,3.3600,11.4125
63.4000,0.0000,2.5109,60.4111,3.3175,11.3825
63.4500,0.0000,2.5851,60.6369,3.2861,11.3458
63.5000,0.0000,2.6542,60.8658,3.2645,11.3036
63.5500,0.0000,2.7177,61.0975,3.2516,11.2566
63.6000,0.0000,2.7754,61.3321,3.2471,11.2052
63.6500,0.0000,2.8270,61.5692,3.2506,11.1494
63.7000,0.0000,2.8723,61.8089,3.2618,11.0893
63.7500,0.0000,2.9109,62.0509,3.2803,11.0250
63.8000,0.0000,2.9428,62.2950,3.3058,10.9565
63.8500,0.0000,2.9677,62.5411,3.3377,10.8839
63.9000,0.0000,2.9856,62.7888,3.3757,10.8074
63.9500,0.0000,2.9964,63.0381,3.4192,10.7270
64.0000,0.0000,3.0000,63.2886,3.4676,10.6428
64.0500,0.0000,2.9964,63.5401,3.5205,10.5549
64.1000,0.0000,2.9856,63.7926,3.5776,10.4634
64.1500,0.0000,2.9677,64.0462,3.6390,10.3686
64.2000,0.0000,2.9428,64.3009,3.7046,10.2704
64.2500,0.0000,2.9109,64.5567,3.7743,10.1690
64.3000,0.0000,2.8723,64.8138,3.8481,10.0645
64.3500,0.0000,2.8270,65.0721,3.9258,9.9571
64.4000,0.0000,2.7754,65.3317,4.0073,9.8469
64.4500,0.0000,2.7177,65.5928,4.0925,9.7340
64.5000,0.0000,2.6542,65.8554,4.1814,9.6187
64.5500,0.0000,2.5851,66.1195,4.2738,9.5009
64.6000,0.0000,2.5109,66.3848,4.3698,9.3809
64.6500,0.0000,2.4318,66.6508,4.4696,9.2589
64.7000,0.0000,2.3483,66.9172,4.5732,9.1349
64.7500,0.0000,2.2607,67.1836,4.6807,9.0092
64.8000,0.0000,2.1696,67.4497,4.7922,8.8818
64.8500,0.0000,2.0752,67.7152,4.9076,8.7530
64.9000,0.0000,1.9782,67.9799,5.0270,8.6228
64.9500,0.0000,1.8790,68.2436,5.1503,8.4916
65.0000,0.0000,1.7781,68.5059,5.2774,8.3593
65.0500,0.0000,1.6760,68.7668,5.4083,8.2262
65.1000,0.0000,1.5732,69.0260,5.5429,8.0924
65.1500,0.0000,1.4701,69.2835,5.6810,7.9581
65.2000,0.0000,1.3675,69.5389,5.8224,7.8234
65.2500,0.0000,1.2656,69.7923,5.9671,7.6885
65.3000,0.0000,1.1651,70.0434,6.1147,7.5535
65.3500,0.0000,1.0665,70.2920,6.2650,7.4186
65.4000,0.0000,0.9702,70.5381,6.4179,7.2839
65.4500,0.0000,0.8767,70.7814,6.5729,7.1495
65.5000,0.0000,0.7864,71.0217,6.7299,7.0157
65.5500,0.0000,0.6999,71.2590,6.8885,6.8824
65.6000,0.0000,0.6174,71.4931,7.0485,6.7498
65.6500,0.0000,0.5394,71.7241,7.2101,6.6181
65.7000,0.0000,0.4661,71.9522,7.3730,6.4874
65.7500,0.0000,0.3980,72.1772,7.5373,6.3577
65.8000,0.0000,0.3351,72.3991,7.7028,6.2292
65.8500,0.0000,0.2778,72.6179,7.8695,6.1019
65.9000,0.0000,0.2261,72.8335,8.0372,5.9760
65.9500,0.0000,0.1802,73.0457,8.2060,5.8514
66.0000,0.0000,0.1400,73.2544,8.3756,5.7283
66.0500,0.0000,0.1055,73.4594,8.5461,5.6067
66.1000,0.0000,0.0765,73.6609,8.7173,5.4867
66.1500,0.0000,0.0530,73.8592,8.8895,5.3683
66.2000,0.0000,0.0344,74.0542,9.0625,5.2514
66.2500,0.0000,0.0206,74.2458,9.2365,5.1362
66.3000,0.0000,0.0109,74.4336,9.4113,5.0225
66.3500,0.0000,0.0047,74.6170,9.5870,4.9104
66.4000,0.0000,0.0014,74.7955,9.7636,4.7999
66.4500,0.0000,0.0002,74.9681,9.9411,4.6908
66.5000,0.0000,0.0000,75.1337,10.1193,4.5832
66.5500,0.0000,0.0000,75.2913,10.2984,4.4768
66.6000,0.0000,0.0000,75.4405,10.4782,4.3717
66.6500,0.0000,0.0000,75.5811,10.6586,4.2677
66.7000,0.0000,0.0000,75.7127,10.8398,4.1647
66.7500,0.0000,0.0000,75.8350,11.0214,4.0624
66.8000,0.0000,0.0000,75.9476,11.2036,3.9608
66.8500,0.0000,0.0001,76.0502,11.3863,3.8596
66.9000,0.0000,0.0004,76.1422,11.5693,3.7586
66.9500,0.0000,0.0010,76.2234,11.7526,3.6576
67.0000,0.0000,0.0020,76.2931,11.9361,3.5562
67.0500,0.0000,0.0036,76.3509,12.1198,3.4543
67.1000,0.0000,0.0057,76.3967,12.3035,3.3520
67.1500,0.0000,0.0085,76.4302,12.4872,3.2493
67.2000,0.0000,0.0120,76.4512,12.6708,3.1463
67.2500,0.0000,0.0165,76.4594,12.8542,3.0433
67.3000,0.0000,0.0219,76.4549,13.0373,2.9403
67.3500,0.0000,0.0284,76.4374,13.2200,2.8375
67.4000,0.0000,0.0360,76.4067,13.4023,2.7349
67.4500,0.0000,0.0448,76.3628,13.5840,2.6328
67.5000,0.0000,0.0549,76.3056,13.7651,2.5312
67.5500,0.0000,0.0663,76.2350,13.9454,2.4305
67.6000,0.0000,0.0792,76.1503,14.1249,2.3314
67.6500,0.0000,0.0936,76.0511,14.3036,2.2348
67.7000,0.0000,0.1096,75.9370,14.4812,2.1417
67.7500,0.0000,0.1272,75.8075,14.6578,2.0527
67.8000,0.0000,0.1465,75.6622,14.8332,1.9688
67.8500,0.0000,0.1676,75.5008,15.0074,1.8905
67.9000,0.0000,0.1906,75.3233,15.1802,1.8186
67.9500,0.0000,0.2154,75.1293,15.3517,1.7537
68.0000,0.0000,0.2422,74.9188,15.5218,1.6963
68.0500,0.0000,0.2710,74.6918,15.6903,1.6471
68.1000,0.0000,0.3019,74.4483,15.8573,1.6064
68.1500,0.0000,0.3349,74.1884,16.0225,1.5748
68.2000,0.0000,0.3700,73.9121,16.1861,1.5526
68.2500,0.0000,0.4074,73.6198,16.3479,1.5402
68.3000,0.0000,0.4470,73.3118,16.5078,1.5380
68.3500,0.0000,0.4889,72.9882,16.6659,1.5462
68.4000,0.0000,0.5332,72.6495,16.8221,1.5651
68.4500,0.0000,0.5799,72.2962,16.9762,1.5949
68.5000,0.0000,0.6290,71.9286,17.1284,1.6357
68.5500,0.0000,0.6805,71.5474,17.2785,1.6878
68.6000,0.0000,0.7346,71.1532,17.4265,1.7511
68.6500,0.0000,0.7912,70.7465,17.5724,1.8259
68.7000,0.0000,0.8503,70.3280,17.7161,1.9121
68.7500,0.0000,0.9121,69.8985,17.8577,2.0100
68.8000,0.0000,0.9765,69.4586,17.9970,2.1196
68.8500,0.0000,1.0435,69.0093,18.1342,2.2413
68.9000,0.0000,1.1132,68.5513,18.2691,2.3751
68.9500,0.0000,1.1856,68.0854,18.4018,2.5211
69.0000,0.0000,1.2607,67.6126,18.5323,2.6794
69.0500,0.0000,1.3386,67.1336,18.6607,2.8501
69.1000,0.0000,1.4195,66.6487,18.7876,3.0334
69.1500,0.0000,1.5037,66.1580,18.9139,3.2294
69.2000,0.0000,1.5916,65.6618,19.0404,3.4385
69.2500,0.0000,1.6832,65.1603,19.1677,3.6606
69.3000,0.0000,1.7789,64.6538,19.2964,3.8958
69.3500,0.0000,1.8788,64.1429,19.4273,4.1442
69.4000,0.0000,1.9832,63.6278,19.5608,4.4057
69.4500,0.0000,2.0922,63.1090,19.6976,4.6802
69.5000,0.0000,2.2060,62.5872,19.8380,4.9676
69.5500,0.0000,2.3248,62.0627,19.9825,5.2678
69.6000,0.0000,2.4486,61.5361,20.1316,5.5806
69.6500,0.0000,2.5776,61.0080,20.2857,5.9056
69.7000,0.0000,2.7119,60.4789,20.4450,6.2426
69.7500,0.0000,2.8516,59.9495,20.6099,6.5912
69.8000,0.0000,2.9968,59.4203,20.7807,6.9511
69.8500,0.0000,3.1474,58.8918,20.9575,7.3219
69.9000,0.0000,3.3037,58.3647,21.1407,7.7031
69.9500,0.0000,3.4656,57.8393,21.3304,8.0941
70.0000,0.0000,3.6332,57.3162,21.5267,8.4945
70.0500,0.0000,3.8064,56.7959,21.7297,8.9038
70.1000,0.0000,3.9853,56.2794,21.9396,9.3216
70.1500,0.0000,4.1699,55.7675,22.1563,9.7475
70.2000,0.0000,4.3601,55.2613,22.3800,10.1813
70.2500,0.0000,4.5560,54.7617,22.6107,10.6226
70.3000,0.0000,4.7576,54.2696,22.8482,11.0709
70.3500,0.0000,4.9647,53.7858,23.0927,11.5260
70.4000,0.0000,5.1773,53.3111,23.3439,11.9874
70.4500,0.0000,5.3954,52.8462,23.6018,12.4547
70.5000,0.0000,5.6189,52.3919,23.8663,12.9275
70.5500,0.0000,5.8477,51.9485,24.1373,13.4053
70.6000,0.0000,6.0818,51.5159,24.4155,13.8878
70.6500,0.0000,6.3211,51.0937,24.7014,14.3744
70.7000,0.0000,6.5654,50.6816,24.9955,14.8648
70.7500,0.0000,6.8147,50.2791,25.2983,15.3585
70.8000,0.0000,7.0688,49.8856,25.6102,15.8550
70.8500,0.0000,7.3278,49.5006,25.9314,16.3538
70.9000,0.0000,7.5913,49.1234,26.2624,16.8545
70.9500,0.0000,7.8594,48.7532,26.6032,17.3566
71.0000,0.0000,8.1318,48.3892,26.9540,17.8596
71.0500,0.0000,8.4085,48.0305,27.3149,18.3630
71.1000,0.0000,8.6893,47.6772,27.6859,18.8665
71.1500,0.0000,8.9741,47.3293,28.0670,19.3694
71.2000,0.0000,9.2627,46.9871,28.4580,19.8713
71.2500,0.0000,9.5550,46.6506,28.8588,20.3718
71.3000,0.0000,9.8508,46.3200,29.2692,20.8704
71.3500,0.0000,10.1500,45.9956,29.6890,21.3666
71.4000,0.0000,10.4525,45.6774,30.1179,21.8599
71.4500,0.0000,10.7579,45.3656,30.5554,22.3499
71.5000,0.0000,11.0663,45.0605,31.0012,22.8362
71.5500,0.0000,11.3774,44.7621,31.4549,23.3182
71.6000,0.0000,11.6911,44.4708,31.9163,23.7956
71.6500,0.0000,12.0072,44.1869,32.3851,24.2679
71.7000,0.0000,12.3255,43.9105,32.8610,24.7347
71.7500,0.0000,12.6458,43.6421,33.3439,25.1955
71.8000,0.0000,12.9681,43.3819,33.8333,25.6500
71.8500,0.0000,13.2920,43.1301,34.3290,26.0978
71.9000,0.0000,13.6175,42.8870,34.8307,26.5383
71.9500,0.0000,13.9444,42.6528,35.3379,26.9714
72.0000,0.0000,14.2725,42.4277,35.8503,27.3966
72.0500,0.0000,14.6018,42.2117,36.3675,27.8135
72.1000,0.0000,14.9327,42.0044,36.8894,28.2218
72.1500,0.0000,15.2659,41.8051,37.4159,28.6211
72.2000,0.0000,15.6020,41.6130,37.9466,29.0112
72.2500,0.0000,15.9416,41.4278,38.4814,29.3917
72.3000,0.0000,16.2849,41.2487,39.0201,29.7622
72.3500,0.0000,16.6326,41.0751,39.5623,30.1226
72.4000,0.0000,16.9850,40.9066,40.1078,30.4725
72.4500,0.0000,17.3424,40.7425,40.6563,30.8117
72.5000,0.0000,17.7051,40.5823,41.2075,31.1399
72.5500,0.0000,18.0734,40.4254,41.7608,31.4569
72.6000,0.0000,18.4476,40.2713,42.3161,31.7624
72.6500,0.0000,18.8278,40.1195,42.8729,32.0564
72.7000,0.0000,19.2142,39.9693,43.4307,32.3384
72.7500,0.0000,19.6069,39.8202,43.9893,32.6085
72.8000,0.0000,20.0060,39.6716,44.5480,32.8664
72.8500,0.0000,20.4116,39.5230,45.1066,33.1120
72.9000,0.0000,20.8236,39.3736,45.6644,33.3451
72.9500,0.0000,21.2422,39.2228,46.2211,33.5656
73.0000,0.0000,21.6672,39.0701,46.7761,33.7735
73.0500,0.0000,22.0986,38.9148,47.3290,33.9687
73.1000,0.0000,22.5364,38.7571,47.8793,34.1510
73.1500,0.0000,22.9804,38.5970,48.4264,34.3204
73.2000,0.0000,23.4306,38.4349,48.9699,34.4769
73.2500,0.0000,23.8867,38.2710,49.5092,34.6205
73.3000,0.0000,24.3486,38.1056,50.0437,34.7511
73.3500,0.0000,24.8162,37.9389,50.5731,34.8687
73.4000,0.0000,25.2891,37.7714,51.0967,34.9735
73.4500,0.0000,25.7672,37.6032,51.6140,35.0654
73.5000,0.0000,26.2503,37.4349,52.1245,35.1445
73.5500,0.0000,26.7381,37.2666,52.6277,35.2108
73.6000,0.0000,27.2299,37.0980,53.1236,35.2641
73.6500,0.0000,27.7254,36.9288,53.6121,35.3043
73.7000,0.0000,28.2239,36.7586,54.0932,35.3313
73.7500,0.0000,28.7250,36.5873,54.5668,35.3450
73.8000,0.0000,29.2280,36.4146,55.0329,35.3453
73.8500,0.0000,29.7325,36.2404,55.4911,35.3321
73.9000,0.0000,30.2379,36.0647,55.9415,35.3055
73.9500,0.0000,30.7437,35.8875,56.3838,35.2655
74.0000,0.0000,31.2494,35.7089,56.8178,35.2121
74.0500,0.0000,31.7545,35.5289,57.2432,35.1454
74.1000,0.0000,32.2586,35.3479,57.6598,35.0655
74.1500,0.0000,32.7610,35.1660,58.0672,34.9724
74.2000,0.0000,33.2613,34.9835,58.4653,34.8665
74.2500,0.0000,33.7591,34.8009,58.8535,34.7478
74.3000,0.0000,34.2539,34.6184,59.2316,34.6165
74.3500,0.0000,34.7453,34.4367,59.5992,34.4729
74.4000,0.0000,35.2327,34.2561,59.9559,34.3172
74.4500,0.0000,35.7158,34.0773,60.3013,34.1497
74.5000,0.0000,36.1941,33.9009,60.6349,33.9706
74.5500,0.0000,36.6672,33.7275,60.9564,33.7803
74.6000,0.0000,37.1347,33.5573,61.2654,33.5791
74.6500,0.0000,37.5962,33.3906,61.5619,33.3673
74.7000,0.0000,38.0514,33.2273,61.8457,33.1453
74.7500,0.0000,38.4998,33.0679,62.1166,32.9134
74.8000,0.0000,38.9412,32.9124,62.3744,32.6721
74.8500,0.0000,39.3750,32.7610,62.6190,32.4218
74.9000,0.0000,39.8011,32.6141,62.8502,32.1628
74.9500,0.0000,40.2191,32.4718,63.0678,31.8957
75.0000,0.0000,40.6287,32.3344,63.2718,31.6208
75.0500,0.0000,41.0296,32.2021,63.4620,31.3386
75.1000,0.0000,41.4215,32.0744,63.6386,31.0492
75.1500,0.0000,41.8041,31.9509,63.8016,30.7530
75.2000,0.0000,42.1772,31.8310,63.9511,30.4502
75.2500,0.0000,42.5405,31.7145,64.0874,30.1410
75.3000,0.0000,42.8938,31.6010,64.2105,29.8256
75.3500,0.0000,43.2368,31.4902,64.3205,29.5045
75.4000,0.0000,43.5695,31.3819,64.4176,29.1779
75.4500,0.0000,43.8915,31.2761,64.5018,28.8461
75.5000,0.0000,44.2027,31.1725,64.5732,28.5096
75.5500,0.0000,44.5030,31.0712,64.6318,28.1687
75.6000,0.0000,44.7921,30.9721,64.6779,27.8238
75.6500,0.0000,45.0700,30.8753,64.7114,27.4752
75.7000,0.0000,45.3365,30.7809,64.7325,27.1234
75.7500,0.0000,45.5915,30.6890,64.7411,26.7688
75.8000,0.0000,45.8349,30.6000,64.7375,26.4118
75.8500,0.0000,46.0666,30.5139,64.7216,26.0529
75.9000,0.0000,46.2866,30.4310,64.6935,25.6925
75.9500,0.0000,46.4948,30.3519,64.6533,25.3309
76.0000,0.0000,46.6912,30.2767,64.6010,24.9688
76.0500,0.0000,46.8757,30.2055,64.5368,24.6064
76.1000,0.0000,47.0483,30.1382,64.4609,24.2443
76.1500,0.0000,47.2090,30.0743,64.3733,23.8828
76.2000,0.0000,47.3578,30.0137,64.2745,23.5225
76.2500,0.0000,47.4948,29.9562,64.1645,23.1636
76.3000,0.0000,47.6200,29.9016,64.0437,22.8067
76.3500,0.0000,47.7333,29.8496,63.9123,22.4521
76.4000,0.0000,47.8350,29.8001,63.7705,22.1003
76.4500,0.0000,47.9250,29.7529,63.6187,21.7515
76.5000,0.0000,48.0035,29.7081,63.4570,21.4062
76.5500,0.0000,48.0705,29.6654,63.2859,21.0648
76.6000,0.0000,48.1264,29.6248,63.1062,20.7275
76.6500,0.0000,48.1716,29.5863,62.9185,20.3946
76.7000,0.0000,48.2066,29.5498,62.7239,20.0666
76.7500,0.0000,48.2315,29.5153,62.5229,19.7435
76.8000,0.0000,48.2468,29.4829,62.3163,19.4258
76.8500,0.0000,48.2529,29.4526,62.1049,19.1135
76.9000,0.0000,48.2502,29.4245,61.8894,18.8070
76.9500,0.0000,48.2389,29.3987,61.6704,18.5062
77.0000,0.0000,48.2193,29.3752,61.4486,18.2115
77.0500,0.0000,48.1920,29.3542,61.2246,17.9229
77.1000,0.0000,48.1571,29.3360,60.9990,17.6404
77.1500,0.0000,48.1150,29.3206,60.7724,17.3641
77.2000,0.0000,48.0661,29.3083,60.5453,17.0939
77.2500,0.0000,48.0106,29.2994,60.3183,16.8299
77.3000,0.0000,47.9489,29.2941,60.0919,16.5719
77.3500,0.0000,47.8812,29.2927,59.8666,16.3199
77.4000,0.0000,47.8080,29.2957,59.6427,16.0735
77.4500,0.0000,47.7294,29.3033,59.4209,15.8327
77.5000,0.0000,47.6458,29.3159,59.2014,15.5971
77.5500,0.0000,47.5574,29.3340,58.9847,15.3662
77.6000,0.0000,47.4646,29.3574,58.7711,15.1401
77.6500,0.0000,47.3676,29.3861,58.5610,14.9188
77.7000,0.0000,47.2667,29.4199,58.3547,14.7024
77.7500,0.0000,47.1622,29.4588,58.1525,14.4910
77.8000,0.0000,47.0543,29.5026,57.9546,14.2847
77.8500,0.0000,46.9432,29.5513,57.7613,14.0834
77.9000,0.0000,46.8293,29.6047,57.5729,13.8874
77.9500,0.0000,46.7127,29.6628,57.3894,13.6966
78.0000,0.0000,46.5937,29.7256,57.2110,13.5110
78.0500,0.0000,46.4725,29.7929,57.0379,13.3307
78.1000,0.0000,46.3494,29.8656,56.8704,13.1558
78.1500,0.0000,46.2245,29.9444,56.7089,12.9862
78.2000,0.0000,46.0980,30.0300,56.5536,12.8219
78.2500,0.0000,45.9701,30.1230,56.4047,12.6629
78.3000,0.0000,45.8410,30.2240,56.2624,12.5092
78.3500,0.0000,45.7109,30.3339,56.1269,12.3608
78.4000,0.0000,45.5799,30.4530,55.9981,12.2176
78.4500,0.0000,45.4482,30.5820,55.8762,12.0796
78.5000,0.0000,45.3160,30.7214,55.7610,11.9466
78.5500,0.0000,45.1832,30.8718,55.6525,11.8185
78.6000,0.0000,45.0502,31.0338,55.5505,11.6954
78.6500,0.0000,44.9168,31.2077,55.4545,11.5769
78.7000,0.0000,44.7834,31.3941,55.3633,11.4631
78.7500,0.0000,44.6499,31.5936,55.2761,11.3537
78.8000,0.0000,44.5163,31.8066,55.1916,11.2485
78.8500,0.0000,44.3828,32.0336,55.1090,11.1474
78.9000,0.0000,44.2494,32.2752,55.0269,11.0501
78.9500,0.0000,44.1160,32.5319,54.9444,10.9565
79.0000,0.0000,43.9827,32.8041,54.8601,10.8661
79.0500,0.0000,43.8495,33.0923,54.7732,10.7789
79.1000,0.0000,43.7166,33.3964,54.6830,10.6948
79.1500,0.0000,43.5843,33.7159,54.5892,10.6137
79.2000,0.0000,43.4529,34.0506,54.4916,10.5357
79.2500,0.0000,43.3225,34.3999,54.3898,10.4607
79.3000,0.0000,43.1935,34.7635,54.2835,10.3887
79.3500,0.0000,43.0661,35.1410,54.1724,10.3198
79.4000,0.0000,42.9405,35.5318,54.0562,10.2538
79.4500,0.0000,42.8170,35.9355,53.9348,10.1907
79.5000,0.0000,42.6958,36.3516,53.8077,10.1306
79.5500,0.0000,42.5771,36.7795,53.6748,10.0733
79.6000,0.0000,42.4602,37.2189,53.5359,10.0188
79.6500,0.0000,42.3446,37.6692,53.3910,9.9671
79.7000,0.0000,42.2299,38.1298,53.2398,9.9181
79.7500,0.0000,42.1155,38.6003,53.0822,9.8718
79.8000,0.0000,42.0014,39.0801,52.9181,9.8281
79.8500,0.0000,41.8872,39.5688,52.7474,9.7869
79.9000,0.0000,41.7729,40.0658,52.5698,9.7481
79.9500,0.0000,41.6585,40.5706,52.3851,9.7118
80.0000,0.0000,41.5440,41.0829,52.1932,9.6777
80.0500,0.0000,41.4295,41.6021,51.9938,9.6458
80.1000,0.0000,41.3153,42.1279,51.7867,9.6161
80.1500,0.0000,41.2016,42.6597,51.5715,9.5884
80.2000,0.0000,41.0886,43.1973,51.3481,9.5626
80.2500,0.0000,40.9768,43.7403,51.1161,9.5387
80.3000,0.0000,40.8664,44.2884,50.8752,9.5165
80.3500,0.0000,40.7579,44.8413,50.6249,9.4959
80.4000,0.0000,40.6518,45.3988,50.3650,9.4769
80.4500,0.0000,40.5483,45.9606,50.0949,9.4592
80.5000,0.0000,40.4472,46.5267,49.8141,9.4428
80.5500,0.0000,40.3476,47.0968,49.5224,9.4276
80.6000,0.0000,40.2489,47.6701,49.2199,9.4134
80.6500,0.0000,40.1504,48.2457,48.9070,9.4001
80.7000,0.0000,40.0516,48.8227,48.5840,9.3875
80.7500,0.0000,39.9520,49.4001,48.2514,9.3757
80.8000,0.0000,39.8512,49.9770,47.9095,9.3643
80.8500,0.0000,39.7489,50.5527,47.5587,9.3533
80.9000,0.0000,39.6447,51.1260,47.1995,9.3425
80.9500,0.0000,39.5384,51.6964,46.8321,9.3319
81.0000,0.0000,39.4298,52.2628,46.4571,9.3212
81.0500,0.0000,39.3185,52.8245,46.0750,9.3103
81.1000,0.0000,39.2037,53.3809,45.6866,9.2990
81.1500,0.0000,39.0846,53.9316,45.2929,9.2873
81.2000,0.0000,38.9602,54.4761,44.8948,9.2750
81.2500,0.0000,38.8297,55.0139,44.4932,9.2619
81.3000,0.0000,38.6925,55.5445,44.0890,9.2479
81.3500,0.0000,38.5479,56.0675,43.6829,9.2329
81.4000,0.0000,38.3952,56.5824,43.2758,9.2166
81.4500,0.0000,38.2338,57.0890,42.8683,9.1991
81.5000,0.0000,38.0632,57.5869,42.4612,9.1800
81.5500,0.0000,37.8829,58.0756,42.0553,9.1594
81.6000,0.0000,37.6923,58.5550,41.6510,9.1369
81.6500,0.0000,37.4909,59.0249,41.2491,9.1127
81.7000,0.0000,37.2782,59.4849,40.8501,9.0863
81.7500,0.0000,37.0539,59.9350,40.4544,9.0579
81.8000,0.0000,36.8174,60.3750,40.0627,9.0272
81.8500,0.0000,36.5681,60.8049,39.6753,8.9941
81.9000,0.0000,36.3058,61.2247,39.2927,8.9585
81.9500,0.0000,36.0298,61.6345,38.9151,8.9202
82.0000,0.0000,35.7397,62.0343,38.5430,8.8793
82.0500,0.0000,35.4350,62.4242,38.1766,8.8355
82.1000,0.0000,35.1160,62.8038,37.8164,8.7888
82.1500,0.0000,34.7830,63.1723,37.4630,8.7391
82.2000,0.0000,34.4365,63.5292,37.1167,8.6863
82.2500,0.0000,34.0768,63.8740,36.7780,8.6303
82.3000,0.0000,33.7044,64.2060,36.4473,8.5711
82.3500,0.0000,33.3197,64.5247,36.1250,8.5086
82.4000,0.0000,32.9232,64.8297,35.8113,8.4428
82.4500,0.0000,32.5154,65.1205,35.5067,8.3736
82.5000,0.0000,32.0967,65.3965,35.2113,8.3010
82.5500,0.0000,31.6677,65.6577,34.9255,8.2249
82.6000,0.0000,31.2285,65.9042,34.6493,8.1453
82.6500,0.0000,30.7796,66.1366,34.3829,8.0623
82.7000,0.0000,30.3210,66.3553,34.1265,7.9759
82.7500,0.0000,29.8533,66.5607,33.8801,7.8861
82.8000,0.0000,29.3766,66.7533,33.6437,7.7928
82.8500,0.0000,28.8914,66.9335,33.4174,7.6962
82.9000,0.0000,28.3981,67.1019,33.2010,7.5964
82.9500,0.0000,27.8969,67.2587,32.9945,7.4933
83.0000,0.0000,27.3884,67.4045,32.7977,7.3872
83.0500,0.0000,26.8730,67.5399,32.6105,7.2781
83.1000,0.0000,26.3512,67.6651,32.4325,7.1660
83.1500,0.0000,25.8233,67.7809,32.2635,7.0513
83.2000,0.0000,25.2900,67.8877,32.1031,6.9339
83.2500,0.0000,24.7517,67.9861,31.9509,6.8142
83.3000,0.0000,24.2091,68.0767,31.8064,6.6923
83.3500,0.0000,23.6626,68.1601,31.6691,6.5683
83.4000,0.0000,23.1128,68.2370,31.5385,6.4426
83.4500,0.0000,22.5604,68.3082,31.4139,6.3154
83.5000,0.0000,22.0060,68.3743,31.2946,6.1869
83.5500,0.0000,21.4501,68.4360,31.1799,6.0575
83.6000,0.0000,20.8934,68.4935,31.0696,5.9271
83.6500,0.0000,20.3361,68.5467,30.9632,5.7959
83.7000,0.0000,19.7787,68.5955,30.8605,5.6637
83.7500,0.0000,19.2216,68.6400,30.7612,5.5308
83.8000,0.0000,18.6653,68.6800,30.6650,5.3971
83.8500,0.0000,18.1102,68.7156,30.5713,5.2626
83.9000,0.0000,17.5569,68.7469,30.4797,5.1275
83.9500,0.0000,17.0058,68.7737,30.3898,4.9918
84.0000,0.0000,16.4575,68.7961,30.3010,4.8556
84.0500,0.0000,15.9125,68.8141,30.2128,4.7190
84.1000,0.0000,15.3715,68.8279,30.1248,4.5826
84.1500,0.0000,14.8351,68.8374,30.0367,4.4470
84.2000,0.0000,14.3039,68.8428,29.9481,4.3128
84.2500,0.0000,13.7787,68.8441,29.8593,4.1806
84.3000,0.0000,13.2602,68.8415,29.7708,4.0509
84.3500,0.0000,12.7491,68.8352,29.6830,3.9243
84.4000,0.0000,12.2463,68.8254,29.5960,3.8013
84.4500,0.0000,11.7527,68.8122,29.5104,3.6824
84.5000,0.0000,11.2693,68.7960,29.4264,3.5680
84.5500,0.0000,10.7968,68.7770,29.3442,3.4586
84.6000,0.0000,10.3352,68.7556,29.2641,3.3547
84.6500,0.0000,9.8844,68.7320,29.1863,3.2566
84.7000,0.0000,9.4440,68.7067,29.1111,3.1648
84.7500,0.0000,9.0136,68.6801,29.0384,3.0798
84.8000,0.0000,8.5927,68.6528,28.9685,3.0018
84.8500,0.0000,8.1807,68.6251,28.9015,2.9313
84.9000,0.0000,7.7771,68.5977,28.8373,2.8686
84.9500,0.0000,7.3813,68.5711,28.7762,2.8142
85.0000,0.0000,6.9939,68.5461,28.7179,2.7683
85.0500,0.0000,6.6156,68.5232,28.6626,2.7313
85.1000,0.0000,6.2471,68.5023,28.6104,2.7033
85.1500,0.0000,5.8890,68.4833,28.5616,2.6844
85.2000,0.0000,5.5419,68.4661,28.5163,2.6744
85.2500,0.0000,5.2065,68.4505,28.4747,2.6735
85.3000,0.0000,4.8832,68.4364,28.4370,2.6815
85.3500,0.0000,4.5725,68.4236,28.4033,2.6985
85.4000,0.0000,4.2751,68.4119,28.3737,2.7244
85.4500,0.0000,3.9913,68.4013,28.3483,2.7591
85.5000,0.0000,3.7216,68.3915,28.3273,2.8025
85.5500,0.0000,3.4663,68.3824,28.3107,2.8545
85.6000,0.0000,3.2250,68.3739,28.2985,2.9146
85.6500,0.0000,2.9973,68.3657,28.2908,2.9825
85.7000,0.0000,2.7828,68.3576,28.2875,3.0578
85.7500,0.0000,2.5811,68.3496,28.2887,3.1401
85.8000,0.0000,2.3917,68.3415,28.2943,3.2289
85.8500,0.0000,2.2143,68.3330,28.3043,3.3240
85.9000,0.0000,2.0485,68.3240,28.3185,3.4248
85.9500,0.0000,1.8940,68.3143,28.3369,3.5309
86.0000,0.0000,1.7504,68.3037,28.3593,3.6421
86.0500,0.0000,1.6173,68.2920,28.3856,3.7579
86.1000,0.0000,1.4945,68.2790,28.4155,3.8778
86.1500,0.0000,1.3814,68.2645,28.4489,4.0016
86.2000,0.0000,1.2779,68.2483,28.4855,4.1289
86.2500,0.0000,1.1836,68.2302,28.5251,4.2592
86.3000,0.0000,1.0981,68.2099,28.5672,4.3922
86.3500,0.0000,1.0210,68.1873,28.6117,4.5276
86.4000,0.0000,0.9521,68.1620,28.6581,4.6649
86.4500,0.0000,0.8909,68.1338,28.7061,4.8037
86.5000,0.0000,0.8371,68.1025,28.7552,4.9438
86.5500,0.0000,0.7904,68.0677,28.8050,5.0848
86.6000,0.0000,0.7507,68.0293,28.8555,5.2262
86.6500,0.0000,0.7177,67.9873,28.9068,5.3678
86.7000,0.0000,0.6916,67.9419,28.9591,5.5092
86.7500,0.0000,0.6721,67.8932,29.0123,5.6501
86.8000,0.0000,0.6593,67.8414,29.0666,5.7900
86.8500,0.0000,0.6530,67.7865,29.1221,5.9287
86.9000,0.0000,0.6533,67.7286,29.1788,6.0659
86.9500,0.0000,0.6599,67.6679,29.2368,6.2011
87.0000,0.0000,0.6730,67.6044,29.2961,6.3341
87.0500,0.0000,0.6924,67.5383,29.3569,6.4645
87.1000,0.0000,0.7184,67.4699,29.4194,6.5920
87.1500,0.0000,0.7511,67.3999,29.4841,6.7163
87.2000,0.0000,0.7907,67.3286,29.5511,6.8370
87.2500,0.0000,0.8374,67.2566,29.6207,6.9540
87.3000,0.0000,0.8913,67.1842,29.6933,7.0667
87.3500,0.0000,0.9526,67.1117,29.7689,7.1750
87.4000,0.0000,1.0214,67.0394,29.8479,7.2785
87.4500,0.0000,1.0977,66.9674,29.9304,7.3769
87.5000,0.0000,1.1817,66.8959,30.0166,7.4700
87.5500,0.0000,1.2734,66.8249,30.1065,7.5578
87.6000,0.0000,1.3729,66.7546,30.2004,7.6401
87.6500,0.0000,1.4801,66.6848,30.2983,7.7171
87.7000,0.0000,1.5951,66.6156,30.4002,7.7885
87.7500,0.0000,1.7178,66.5467,30.5063,7.8544
87.8000,0.0000,1.8483,66.4779,30.6165,7.9148
87.8500,0.0000,1.9864,66.4091,30.7309,7.9697
87.9000,0.0000,2.1322,66.3398,30.8493,8.0191
87.9500,0.0000,2.2854,66.2697,30.9718,8.0629
88.0000,0.0000,2.4461,66.1983,31.0983,8.1012
88.0500,0.0000,2.6142,66.1253,31.2287,8.1340
88.1000,0.0000,2.7894,66.0509,31.3631,8.1613
88.1500,0.0000,2.9716,65.9754,31.5017,8.1832
88.2000,0.0000,3.1608,65.8991,31.6446,8.1996
88.2500,0.0000,3.3566,65.8222,31.7919,8.2107
88.3000,0.0000,3.5589,65.7451,31.9439,8.2165
88.3500,0.0000,3.7676,65.6681,32.1006,8.2171
88.4000,0.0000,3.9823,65.5914,32.2620,8.2124
88.4500,0.0000,4.2028,65.5152,32.4284,8.2026
88.5000,0.0000,4.4290,65.4399,32.5998,8.1878
88.5500,0.0000,4.6605,65.3657,32.7763,8.1681
88.6000,0.0000,4.8971,65.2934,32.9582,8.1435
88.6500,0.0000,5.1385,65.2236,33.1459,8.1141
88.7000,0.0000,5.3844,65.1572,33.3396,8.0801
88.7500,0.0000,5.6344,65.0949,33.5396,8.0416
88.8000,0.0000,5.8884,65.0371,33.7461,7.9986
88.8500,0.0000,6.1460,64.9846,33.9594,7.9513
88.9000,0.0000,6.4068,64.9379,34.1796,7.8999
88.9500,0.0000,6.6705,64.8976,34.4069,7.8444
89.0000,0.0000,6.9367,64.8641,34.6414,7.7850
89.0500,0.0000,7.2052,64.8379,34.8832,7.7219
89.1000,0.0000,7.4756,64.8194,35.1324,7.6552
89.1500,0.0000,7.7475,64.8090,35.3890,7.5850
89.2000,0.0000,8.0205,64.8071,35.6531,7.5116
89.2500,0.0000,8.2943,64.8141,35.9247,7.4350
89.3000,0.0000,8.5685,64.8302,36.2037,7.3555
89.3500,0.0000,8.8428,64.8557,36.4901,7.2732
89.4000,0.0000,9.1168,64.8908,36.7838,7.1883
89.4500,0.0000,9.3902,64.9359,37.0846,7.1011
89.5000,0.0000,9.6625,64.9910,37.3925,7.0116
89.5500,0.0000,9.9334,65.0563,37.7073,6.9201
89.6000,0.0000,10.2027,65.1320,38.0288,6.8268
89.6500,0.0000,10.4703,65.2181,38.3572,6.7319
89.7000,0.0000,10.7359,65.3149,38.6922,6.6356
89.7500,0.0000,10.9994,65.4222,39.0337,6.5380
89.8000,0.0000,11.2606,65.5402,39.3817,6.4395
89.8500,0.0000,11.5194,65.6689,39.7359,6.3402
89.9000,0.0000,11.7757,65.8082,40.0963,6.2404
89.9500,0.0000,12.0294,65.9580,40.4625,6.1402
90.0000,0.0000,12.2805,66.1184,40.8345,6.0399
90.0500,0.0000,12.5290,66.2893,41.2122,5.9396
90.1000,0.0000,12.7750,66.4706,41.5963,5.8396
90.1500,0.0000,13.0190,66.6623,41.9877,5.7399
90.2000,0.0000,13.2611,66.8644,42.3869,5.6406
90.2500,0.0000,13.5018,67.0769,42.7946,5.5418
90.3000,0.0000,13.7412,67.2995,43.2111,5.4436
90.3500,0.0000,13.9799,67.5322,43.6366,5.3462
90.4000,0.0000,14.2180,67.7747,44.0712,5.2498
90.4500,0.0000,14.4561,68.0269,44.5149,5.1544
90.5000,0.0000,14.6946,68.2886,44.9676,5.0603
90.5500,0.0000,14.9338,68.5594,45.4289,4.9675
90.6000,0.0000,15.1743,68.8390,45.8986,4.8764
90.6500,0.0000,15.4165,69.1272,46.3762,4.7869
90.7000,0.0000,15.6611,69.4235,46.8611,4.6994
90.7500,0.0000,15.9086,69.7275,47.3526,4.6141
90.8000,0.0000,16.1595,70.0388,47.8501,4.5310
90.8500,0.0000,16.4146,70.3570,48.3527,4.4504
90.9000,0.0000,16.6745,70.6814,48.8594,4.3725
90.9500,0.0000,16.9401,71.0116,49.3694,4.2975
91.0000,0.0000,17.2120,71.3470,49.8815,4.2257
91.0500,0.0000,17.4909,71.6870,50.3948,4.1571
91.1000,0.0000,17.7771,72.0313,50.9085,4.0920
91.1500,0.0000,18.0702,72.3795,51.4221,4.0307
91.2000,0.0000,18.3699,72.7311,51.9349,3.9734
91.2500,0.0000,18.6757,73.0858,52.4463,3.9202
91.3000,0.0000,18.9872,73.4431,52.9556,3.8713
91.3500,0.0000,19.3039,73.8027,53.4622,3.8270
91.4000,0.0000,19.6253,74.1640,53.9653,3.7876
91.4500,0.0000,19.9511,74.5266,54.4644,3.7531
91.5000,0.0000,20.2807,74.8900,54.9587,3.7238
91.5500,0.0000,20.6138,75.2536,55.4475,3.7000
91.6000,0.0000,20.9505,75.6169,55.9300,3.6823
91.6500,0.0000,21.2907,75.9794,56.4052,3.6715
91.7000,0.0000,21.6346,76.3405,56.8723,3.6683
91.7500,0.0000,21.9821,76.6995,57.3304,3.6733
91.8000,0.0000,22.3332,77.0558,57.7787,3.6872
91.8500,0.0000,22.6880,77.4089,58.2165,3.7104
91.9000,0.0000,23.0463,77.7580,58.6429,3.7436
91.9500,0.0000,23.4082,78.1024,59.0574,3.7872
92.0000,0.0000,23.7734,78.4414,59.4593,3.8417
92.0500,0.0000,24.1419,78.7743,59.8479,3.9075
92.1000,0.0000,24.5135,79.1003,60.2227,3.9851
92.1500,0.0000,24.8882,79.4187,60.5832,4.0749
92.2000,0.0000,25.2658,79.7285,60.9288,4.1770
92.2500,0.0000,25.6460,80.0289,61.2593,4.2920
92.3000,0.0000,26.0288,80.3191,61.5741,4.4199
92.3500,0.0000,26.4139,80.5982,61.8729,4.5611
92.4000,0.0000,26.8012,80.8652,62.1555,4.7157
92.4500,0.0000,27.1905,81.1191,62.4216,4.8839
92.5000,0.0000,27.5816,81.3590,62.6711,5.0658
92.5500,0.0000,27.9743,81.5840,62.9037,5.2617
92.6000,0.0000,28.3681,81.7937,63.1193,5.4714
92.6500,0.0000,28.7626,81.9880,63.3180,5.6950
92.7000,0.0000,29.1572,82.1667,63.4997,5.9326
92.7500,0.0000,29.5514,82.3298,63.6644,6.1842
92.8000,0.0000,29.9447,82.4771,63.8123,6.4496
92.8500,0.0000,30.3366,82.6086,63.9433,6.7287
92.9000,0.0000,30.7265,82.7241,64.0578,7.0216
92.9500,0.0000,31.1138,82.8237,64.1558,7.3279
93.0000,0.0000,31.4981,82.9073,64.2377,7.6475
93.0500,0.0000,31.8788,82.9749,64.3037,7.9802
93.1000,0.0000,32.2559,83.0265,64.3541,8.3254
93.1500,0.0000,32.6293,83.0622,64.3893,8.6827
93.2000,0.0000,32.9990,83.0820,64.4096,9.0514
93.2500,0.0000,33.3648,83.0861,64.4154,9.4310
93.3000,0.0000,33.7267,83.0743,64.4072,9.8209
93.3500,0.0000,34.0845,83.0470,64.3854,10.2206
93.4000,0.0000,34.4380,83.0043,64.3505,10.6292
93.4500,0.0000,34.7870,82.9462,64.3029,11.0464
93.5000,0.0000,35.1314,82.8730,64.2432,11.4713
93.5500,0.0000,35.4708,82.7849,64.1719,11.9034
93.6000,0.0000,35.8051,82.6820,64.0894,12.3418
93.6500,0.0000,36.1339,82.5647,63.9963,12.7860
93.7000,0.0000,36.4570,82.4331,63.8932,13.2351
93.7500,0.0000,36.7742,82.2876,63.7805,13.6885
93.8000,0.0000,37.0851,82.1284,63.6588,14.1454
93.8500,0.0000,37.3895,81.9559,63.5285,14.6049
93.9000,0.0000,37.6870,81.7703,63.3902,15.0663
93.9500,0.0000,37.9773,81.5721,63.2443,15.5288
94.0000,0.0000,38.2602,81.3616,63.0912,15.9914
94.0500,0.0000,38.5353,81.1391,62.9314,16.4534
94.1000,0.0000,38.8024,80.9052,62.7656,16.9145
94.1500,0.0000,39.0612,80.6601,62.5943,17.3742
94.2000,0.0000,39.3114,80.4044,62.4182,17.8324
94.2500,0.0000,39.5527,80.1385,62.2380,18.2887
94.3000,0.0000,39.7848,79.8629,62.0540,18.7429
94.3500,0.0000,40.0076,79.5780,61.8669,19.1948
94.4000,0.0000,40.2208,79.2844,61.6772,19.6442
94.4500,0.0000,40.4242,78.9826,61.4852,20.0907
94.5000,0.0000,40.6176,78.6731,61.2913,20.5343
94.5500,0.0000,40.8009,78.3566,61.0957,20.9747
94.6000,0.0000,40.9748,78.0337,60.8982,21.4121
94.6500,0.0000,41.1398,77.7054,60.6984,21.8465
94.7000,0.0000,41.2966,77.3724,60.4958,22.2780
94.7500,0.0000,41.4459,77.0357,60.2900,22.7069
94.8000,0.0000,41.5882,76.6960,60.0805,23.1331
94.8500,0.0000,41.7241,76.3542,59.8666,23.5567
94.9000,0.0000,41.8543,76.0108,59.6477,23.9780
94.9500,0.0000,41.9792,75.6658,59.4229,24.3969
95.0000,0.0000,42.0994,75.3192,59.1914,24.8137
95.0500,0.0000,42.2156,74.9712,58.9524,25.2285
95.1000,0.0000,42.3282,74.6216,58.7059,25.6413
95.1500,0.0000,42.4378,74.2706,58.4521,26.0523
95.2000,0.0000,42.5450,73.9181,58.1910,26.4618
95.2500,0.0000,42.6503,73.5643,57.9231,26.8697
95.3000,0.0000,42.7544,73.2091,57.6484,27.2763
95.3500,0.0000,42.8579,72.8526,57.3674,27.6818
95.4000,0.0000,42.9613,72.4948,57.0801,28.0863
95.4500,0.0000,43.0654,72.1358,56.7870,28.4900
95.5000,0.0000,43.1707,71.7757,56.4885,28.8932
95.5500,0.0000,43.2778,71.4146,56.1847,29.2959
95.6000,0.0000,43.3867,71.0523,55.8761,29.6983
95.6500,0.0000,43.4971,70.6892,55.5631,30.1001
95.7000,0.0000,43.6089,70.3250,55.2460,30.5015
95.7500,0.0000,43.7217,69.9600,54.9253,30.9022
95.8000,0.0000,43.8354,69.5942,54.6013,31.3021
95.8500,0.0000,43.9496,69.2276,54.2746,31.7013
95.9000,0.0000,44.0641,68.8602,53.9454,32.0997
95.9500,0.0000,44.1784,68.4921,53.6142,32.4971
96.0000,0.0000,44.2923,68.1233,53.2816,32.8934
96.0500,0.0000,44.4055,67.7540,52.9477,33.2887
96.1000,0.0000,44.5181,67.3847,52.6124,33.6831
96.1500,0.0000,44.6302,67.0164,52.2754,34.0767
96.2000,0.0000,44.7420,66.6497,51.9362,34.4698
96.2500,0.0000,44.8534,66.2852,51.5948,34.8623
96.3000,0.0000,44.9646,65.9236,51.2509,35.2546
96.3500,0.0000,45.0754,65.5654,50.9043,35.6467
96.4000,0.0000,45.1858,65.2111,50.5551,36.0387
96.4500,0.0000,45.2957,64.8610,50.2027,36.4306
96.5000,0.0000,45.4049,64.5155,49.8469,36.8226
96.5500,0.0000,45.5133,64.1750,49.4871,37.2147
96.6000,0.0000,45.6207,63.8395,49.1230,37.6070
96.6500,0.0000,45.7267,63.5093,48.7541,37.9995
96.7000,0.0000,45.8312,63.1844,48.3802,38.3922
96.7500,0.0000,45.9338,62.8650,48.0009,38.7852
96.8000,0.0000,46.0341,62.5509,47.6160,39.1784
96.8500,0.0000,46.1318,62.2421,47.2252,39.5719
96.9000,0.0000,46.2266,61.9384,46.8282,39.9656
96.9500,0.0000,46.3179,61.6395,46.4249,40.3596
97.0000,0.0000,46.4054,61.3453,46.0150,40.7538
97.0500,0.0000,46.4886,61.0554,45.5983,41.1481
97.1000,0.0000,46.5673,60.7700,45.1750,41.5426
97.1500,0.0000,46.6412,60.4891,44.7452,41.9372
97.2000,0.0000,46.7101,60.2129,44.3090,42.3318
97.2500,0.0000,46.7740,59.9415,43.8666,42.7264
97.3000,0.0000,46.8324,59.6749,43.4183,43.1210
97.3500,0.0000,46.8852,59.4132,42.9642,43.5154
97.4000,0.0000,46.9323,59.1563,42.5046,43.9096
97.4500,0.0000,46.9733,58.9042,42.0397,44.3036
97.5000,0.0000,47.0081,58.6569,41.5699,44.6972
97.5500,0.0000,47.0366,58.4144,41.0953,45.0904
97.6000,0.0000,47.0592,58.1772,40.6164,45.4828
97.6500,0.0000,47.0766,57.9460,40.1333,45.8741
97.7000,0.0000,47.0894,57.7214,39.6464,46.2640
97.7500,0.0000,47.0979,57.5038,39.1560,46.6522
97.8000,0.0000,47.1026,57.2937,38.6625,47.0383
97.8500,0.0000,47.1041,57.0913,38.1660,47.4221
97.9000,0.0000,47.1025,56.8970,37.6670,47.8034
97.9500,0.0000,47.0984,56.7109,37.1658,48.1818
98.0000,0.0000,47.0920,56.5331,36.6627,48.5571
98.0500,0.0000,47.0835,56.3636,36.1579,48.9292
98.1000,0.0000,47.0733,56.2025,35.6518,49.2977
98.1500,0.0000,47.0615,56.0496,35.1446,49.6626
98.2000,0.0000,47.0484,55.9048,34.6367,50.0236
98.2500,0.0000,47.0341,55.7677,34.1283,50.3806
98.3000,0.0000,47.0186,55.6382,33.6197,50.7334
98.3500,0.0000,47.0023,55.5159,33.1112,51.0818
98.4000,0.0000,46.9851,55.4003,32.6028,51.4258
98.4500,0.0000,46.9671,55.2909,32.0950,51.7653
98.5000,0.0000,46.9483,55.1872,31.5878,52.1000
98.5500,0.0000,46.9289,55.0886,31.0815,52.4301
98.6000,0.0000,46.9087,54.9950,30.5765,52.7553
98.6500,0.0000,46.8879,54.9062,30.0732,53.0756
98.7000,0.0000,46.8663,54.8222,29.5722,53.3910
98.7500,0.0000,46.8440,54.7426,29.0738,53.7015
98.8000,0.0000,46.8209,54.6674,28.5784,54.0069
98.8500,0.0000,46.7969,54.5962,28.0865,54.3074
98.9000,0.0000,46.7719,54.5290,27.5986,54.6029
98.9500,0.0000,46.7459,54.4654,27.1150,54.8933
99.0000,0.0000,46.7187,54.4052,26.6360,55.1788
99.0500,0.0000,46.6903,54.3480,26.1621,55.4594
99.1000,0.0000,46.6611,54.2939,25.6928,55.7350
99.1500,0.0000,46.6314,54.2429,25.2277,56.0059
99.2000,0.0000,46.6016,54.1947,24.7665,56.2719
99.2500,0.0000,46.5719,54.1493,24.3088,56.5333
99.3000,0.0000,46.5427,54.1065,23.8542,56.7900
99.3500,0.0000,46.5141,54.0662,23.4026,57.0422
99.4000,0.0000,46.4863,54.0282,22.9536,57.2900
99.4500,0.0000,46.4595,53.9923,22.5070,57.5334
99.5000,0.0000,46.4337,53.9582,22.0626,57.7726
99.5500,0.0000,46.4090,53.9256,21.6203,58.0078
99.6000,0.0000,46.3854,53.8943,21.1799,58.2390
99.6500,0.0000,46.3630,53.8640,20.7413,58.4664
99.7000,0.0000,46.3416,53.8343,20.3043,58.6901
99.7500,0.0000,46.3211,53.8050,19.8689,58.9103
99.8000,0.0000,46.3016,53.7756,19.4350,59.1272
99.8500,0.0000,46.2827,53.7458,19.0025,59.3409
99.9000,0.0000,46.2643,53.7153,18.5714,59.5516
99.9500,0.0000,46.2462,53.6836,18.1417,59.7595
100.0000,0.0000,46.2282,53.6502,17.7134,59.9647
100.0500,0.0000,46.2099,53.6149,17.2865,60.1674
100.1000,0.0000,46.1913,53.5774,16.8610,60.3677
100.1500,0.0000,46.1724,53.5372,16.4372,60.5656
100.2000,0.0000,46.1530,53.4942,16.0153,60.7611
100.2500,0.0000,46.1332,53.4481,15.5955,60.9543
100.3000,0.0000,46.1128,53.3985,15.1779,61.1452
100.3500,0.0000,46.0917,53.3453,14.7628,61.3338
100.4000,0.0000,46.0698,53.2881,14.3505,61.5201
100.4500,0.0000,46.0469,53.2266,13.9411,61.7041
100.5000,0.0000,46.0229,53.1607,13.5351,61.8858
100.5500,0.0000,45.9977,53.0901,13.1326,62.0651
100.6000,0.0000,45.9716,53.0153,12.7342,62.2420
100.6500,0.0000,45.9448,52.9368,12.3404,62.4165
100.7000,0.0000,45.9178,52.8552,11.9519,62.5885
100.7500,0.0000,45.8906,52.7709,11.5691,62.7579
100.8000,0.0000,45.8634,52.6843,11.1926,62.9246
100.8500,0.0000,45.8365,52.5957,10.8229,63.0886
100.9000,0.0000,45.8097,52.5056,10.4605,63.2497
100.9500,0.0000,45.7833,52.4142,10.1059,63.4077
101.0000,0.0000,45.7571,52.3219,9.7597,63.5626
101.0500,0.0000,45.7311,52.2288,9.4224,63.7142
101.1000,0.0000,45.7052,52.1351,9.0943,63.8622
101.1500,0.0000,45.6793,52.0411,8.7761,64.0065
101.2000,0.0000,45.6530,51.9470,8.4681,64.1469
101.2500,0.0000,45.6261,51.8528,8.1709,64.2830
101.3000,0.0000,45.5984,51.7587,7.8849,64.4147
101.3500,0.0000,45.5695,51.6647,7.6105,64.5416
101.4000,0.0000,45.5390,51.5710,7.3483,64.6634
101.4500,0.0000,45.5064,51.4776,7.0987,64.7798
101.5000,0.0000,45.4712,51.3844,6.8620,64.8905
101.5500,0.0000,45.4329,51.2916,6.6387,64.9951
101.6000,0.0000,45.3916,51.1991,6.4290,65.0937
101.6500,0.0000,45.3470,51.1069,6.2329,65.1866
101.7000,0.0000,45.2992,51.0149,6.0507,65.2738
101.7500,0.0000,45.2482,50.9231,5.8823,65.3557
101.8000,0.0000,45.1937,50.8315,5.7277,65.4324
101.8500,0.0000,45.1358,50.7399,5.5871,65.5042
101.9000,0.0000,45.0743,50.6483,5.4605,65.5712
101.9500,0.0000,45.0091,50.5565,5.3478,65.6338
102.0000,0.0000,44.9401,50.4645,5.2489,65.6921
102.0500,0.0000,44.8673,50.3722,5.1639,65.7463
102.1000,0.0000,44.7912,50.2799,5.0924,65.7959
102.1500,0.0000,44.7124,50.1881,5.0340,65.8405
102.2000,0.0000,44.6312,50.0970,4.9885,65.8796
102.2500,0.0000,44.5480,50.0069,4.9554,65.9127
102.3000,0.0000,44.4634,49.9182,4.9344,65.9395
102.3500,0.0000,44.3774,49.8310,4.9252,65.9598
102.4000,0.0000,44.2905,49.7455,4.9274,65.9732
102.4500,0.0000,44.2029,49.6618,4.9406,65.9796
102.5000,0.0000,44.1146,49.5802,4.9645,65.9789
102.5500,0.0000,44.0260,49.5006,4.9987,65.9710
102.6000,0.0000,43.9369,49.4230,5.0429,65.9557
102.6500,0.0000,43.8475,49.3476,5.0968,65.9332
102.7000,0.0000,43.7578,49.2743,5.1598,65.9035
102.7500,0.0000,43.6676,49.2029,5.2318,65.8666
102.8000,0.0000,43.5769,49.1335,5.3123,65.8227
102.8500,0.0000,43.4855,49.0660,5.4010,65.7719
102.9000,0.0000,43.3932,49.0000,5.4976,65.7146
102.9500,0.0000,43.2997,48.9356,5.6016,65.6509
103.0000,0.0000,43.2048,48.8725,5.7128,65.5812
103.0500,0.0000,43.1080,48.8104,5.8308,65.5057
103.1000,0.0000,43.0096,48.7492,5.9553,65.4245
103.1500,0.0000,42.9096,48.6884,6.0859,65.3378
103.2000,0.0000,42.8083,48.6278,6.2223,65.2457
103.2500,0.0000,42.7056,48.5671,6.3642,65.1483
103.3000,0.0000,42.6017,48.5058,6.5112,65.0457
103.3500,0.0000,42.4967,48.4435,6.6631,64.9381
103.4000,0.0000,42.3907,48.3799,6.8197,64.8256
103.4500,0.0000,42.2836,48.3145,6.9804,64.7084
103.5000,0.0000,42.1754,48.2467,7.1453,64.5868
103.5500,0.0000,42.0663,48.1762,7.3139,64.4607
103.6000,0.0000,41.9563,48.1034,7.4862,64.3300
103.6500,0.0000,41.8457,48.0294,7.6624,64.1942
103.7000,0.0000,41.7347,47.9552,7.8424,64.0532
103.7500,0.0000,41.6234,47.8817,8.0263,63.9066
103.8000,0.0000,41.5118,47.8098,8.2140,63.7542
103.8500,0.0000,41.4000,47.7404,8.4056,63.5958
103.9000,0.0000,41.2881,47.6743,8.6012,63.4312
103.9500,0.0000,41.1758,47.6122,8.8007,63.2604
104.0000,0.0000,41.0632,47.5547,9.0042,63.0831
104.0500,0.0000,40.9501,47.5025,9.2119,62.8993
104.1000,0.0000,40.8363,47.4560,9.4236,62.7088
104.1500,0.0000,40.7216,47.4159,9.6395,62.5117
104.2000,0.0000,40.6057,47.3825,9.8598,62.3077
104.2500,0.0000,40.4883,47.3563,10.0845,62.0970
104.3000,0.0000,40.3690,47.3374,10.3137,61.8795
104.3500,0.0000,40.2474,47.3264,10.5476,61.6551
104.4000,0.0000,40.1229,47.3232,10.7864,61.4238
104.4500,0.0000,39.9951,47.3282,11.0302,61.1856
104.5000,0.0000,39.8633,47.3414,11.2793,60.9406
104.5500,0.0000,39.7271,47.3629,11.5338,60.6886
104.6000,0.0000,39.5865,47.3930,11.7935,60.4300
104.6500,0.0000,39.4417,47.4319,12.0581,60.1651
104.7000,0.0000,39.2928,47.4799,12.3272,59.8941
104.7500,0.0000,39.1400,47.5371,12.6006,59.6175
104.8000,0.0000,38.9834,47.6037,12.8779,59.3355
104.8500,0.0000,38.8232,47.6798,13.1588,59.0484
104.9000,0.0000,38.6596,47.7656,13.4429,58.7566
104.9500,0.0000,38.4926,47.8609,13.7300,58.4605
105.0000,0.0000,38.3224,47.9659,14.0197,58.1605
105.0500,0.0000,38.1492,48.0806,14.3117,57.8568
105.1000,0.0000,37.9735,48.2054,14.6055,57.5499
105.1500,0.0000,37.7959,48.3407,14.9005,57.2401
105.2000,0.0000,37.6170,48.4868,15.1962,56.9278
105.2500,0.0000,37.4373,48.6441,15.4921,56.6133
105.3000,0.0000,37.2573,48.8127,15.7877,56.2971
105.3500,0.0000,37.0774,48.9927,16.0826,55.9794
105.4000,0.0000,36.8980,49.1843,16.3764,55.6606
105.4500,0.0000,36.7193,49.3874,16.6687,55.3411
105.5000,0.0000,36.5418,49.6019,16.9592,55.0212
105.5500,0.0000,36.3655,49.8278,17.2476,54.7013
105.6000,0.0000,36.1907,50.0647,17.5336,54.3816
105.6500,0.0000,36.0176,50.3124,17.8170,54.0625
105.7000,0.0000,35.8462,50.5706,18.0976,53.7442
105.7500,0.0000,35.6765,50.8387,18.3758,53.4272
105.8000,0.0000,35.5085,51.1164,18.6521,53.1115
105.8500,0.0000,35.3422,51.4029,18.9270,52.7976
105.9000,0.0000,35.1774,51.6978,19.2010,52.4856
105.9500,0.0000,35.0140,52.0001,19.4748,52.1758
106.0000,0.0000,34.8517,52.3093,19.7491,51.8684
106.0500,0.0000,34.6904,52.6244,20.0244,51.5637
106.1000,0.0000,34.5301,52.9454,20.3007,51.2620
106.1500,0.0000,34.3712,53.2721,20.5778,50.9639
106.2000,0.0000,34.2139,53.6045,20.8558,50.6697
106.2500,0.0000,34.0583,53.9423,21.1343,50.3801
106.3000,0.0000,33.9045,54.2855,21.4133,50.0954
106.3500,0.0000,33.7528,54.6339,21.6926,49.8162
106.4000,0.0000,33.6032,54.9872,21.9721,49.5428
106.4500,0.0000,33.4558,55.3453,22.2515,49.2758
106.5000,0.0000,33.3108,55.7079,22.5309,49.0155
106.5500,0.0000,33.1681,56.0747,22.8098,48.7625
106.6000,0.0000,33.0279,56.4458,23.0878,48.5172
106.6500,0.0000,32.8907,56.8209,23.3640,48.2801
106.7000,0.0000,32.7565,57.2002,23.6380,48.0515
106.7500,0.0000,32.6255,57.5833,23.9090,47.8319
106.8000,0.0000,32.4978,57.9701,24.1766,47.6218
106.8500,0.0000,32.3734,58.3604,24.4401,47.4216
106.9000,0.0000,32.2524,58.7540,24.6991,47.2317
106.9500,0.0000,32.1348,59.1504,24.9531,47.0525
107.0000,0.0000,32.0204,59.5495,25.2016,46.8845
107.0500,0.0000,31.9090,59.9507,25.4442,46.7280
107.1000,0.0000,31.8007,60.3537,25.6807,46.5835
107.1500,0.0000,31.6950,60.7579,25.9105,46.4513
107.2000,0.0000,31.5917,61.1628,26.1335,46.3320
107.2500,0.0000,31.4904,61.5680,26.3492,46.2258
107.3000,0.0000,31.3908,61.9727,26.5576,46.1332
107.3500,0.0000,31.2923,62.3763,26.7584,46.0545
107.4000,0.0000,31.1946,62.7781,26.9513,45.9903
107.4500,0.0000,31.0969,63.1773,27.1363,45.9407
107.5000,0.0000,30.9987,63.5732,27.3132,45.9064
107.5500,0.0000,30.8994,63.9651,27.4819,45.8875
107.6000,0.0000,30.7991,64.3527,27.6424,45.8842
107.6500,0.0000,30.6977,64.7360,27.7947,45.8966
107.7000,0.0000,30.5955,65.1152,27.9387,45.9239
107.7500,0.0000,30.4926,65.4901,28.0746,45.9651
107.8000,0.0000,30.3890,65.8607,28.2023,46.0192
107.8500,0.0000,30.2848,66.2271,28.3221,46.0851
107.9000,0.0000,30.1801,66.5892,28.4340,46.1618
107.9500,0.0000,30.0750,66.9470,28.5382,46.2485
108.0000,0.0000,29.9694,67.3006,28.6350,46.3441
108.0500,0.0000,29.8634,67.6499,28.7244,46.4477
108.1000,0.0000,29.7573,67.9956,28.8067,46.5580
108.1500,0.0000,29.6513,68.3380,28.8817,46.6737
108.2000,0.0000,29.5457,68.6777,28.9497,46.7936
108.2500,0.0000,29.4406,69.0151,29.0108,46.9163
108.3000,0.0000,29.3363,69.3507,29.0652,47.0408
108.3500,0.0000,29.2327,69.6848,29.1130,47.1661
108.4000,0.0000,29.1302,70.0178,29.1547,47.2909
108.4500,0.0000,29.0288,70.3500,29.1906,47.4145
108.5000,0.0000,28.9286,70.6818,29.2212,47.5358
108.5500,0.0000,28.8298,71.0133,29.2467,47.6540
108.6000,0.0000,28.7325,71.3448,29.2678,47.7684
108.6500,0.0000,28.6365,71.6765,29.2851,47.8781
108.7000,0.0000,28.5419,72.0085,29.2991,47.9825
108.7500,0.0000,28.4486,72.3410,29.3105,48.0808
108.8000,0.0000,28.3566,72.6741,29.3200,48.1725
108.8500,0.0000,28.2655,73.0078,29.3284,48.2570
108.9000,0.0000,28.1753,73.3422,29.3366,48.3338
108.9500,0.0000,28.0857,73.6773,29.3453,48.4023
109.0000,0.0000,27.9965,74.0129,29.3555,48.4622
109.0500,0.0000,27.9073,74.3492,29.3681,48.5131
109.1000,0.0000,27.8183,74.6861,29.3834,48.5546
109.1500,0.0000,27.7297,75.0240,29.4014,48.5863
109.2000,0.0000,27.6418,75.3629,29.4223,48.6080
109.2500,0.0000,27.5546,75.7029,29.4464,48.6194
109.3000,0.0000,27.4683,76.0442,29.4736,48.6203
109.3500,0.0000,27.3831,76.3868,29.5042,48.6105
109.4000,0.0000,27.2991,76.7308,29.5383,48.5899
109.4500,0.0000,27.2164,77.0762,29.5761,48.5584
109.5000,0.0000,27.1352,77.4232,29.6176,48.5158
109.5500,0.0000,27.0554,77.7715,29.6630,48.4622
109.6000,0.0000,26.9763,78.1213,29.7121,48.3980
109.6500,0.0000,26.8972,78.4724,29.7648,48.3237
109.7000,0.0000,26.8175,78.8248,29.8209,48.2399
109.7500,0.0000,26.7364,79.1783,29.8803,48.1471
109.8000,0.0000,26.6533,79.5329,29.9429,48.0458
109.8500,0.0000,26.5675,79.8883,30.0086,47.9364
109.9000,0.0000,26.4786,80.2444,30.0772,47.8194
109.9500,0.0000,26.3858,80.6009,30.1485,47.6955
110.0000,0.0000,26.2886,80.9576,30.2226,47.5649
110.0500,0.0000,26.1866,81.3142,30.2993,47.4283
110.1000,0.0000,26.0791,81.6702,30.3784,47.2860
110.1500,0.0000,25.9656,82.0255,30.4599,47.1386
110.2000,0.0000,25.8457,82.3795,30.5436,46.9865
110.2500,0.0000,25.7188,82.7318,30.6294,46.8302
110.3000,0.0000,25.5844,83.0819,30.7171,46.6701
110.3500,0.0000,25.4421,83.4293,30.8067,46.5067
110.4000,0.0000,25.2914,83.7734,30.8980,46.3405
110.4500,0.0000,25.1317,84.1137,30.9909,46.1718
110.5000,0.0000,24.9626,84.4493,31.0852,46.0012
110.5500,0.0000,24.7837,84.7798,31.1807,45.8290
110.6000,0.0000,24.5949,85.1051,31.2776,45.6557
110.6500,0.0000,24.3964,85.4253,31.3760,45.4818
110.7000,0.0000,24.1883,85.7406,31.4761,45.3077
110.7500,0.0000,23.9708,86.0511,31.5779,45.1338
110.8000,0.0000,23.7439,86.3568,31.6816,44.9606
110.8500,0.0000,23.5080,86.6579,31.7874,44.7885
110.9000,0.0000,23.2632,86.9545,31.8954,44.6179
110.9500,0.0000,23.0098,87.2466,32.0058,44.4494
111.0000,0.0000,22.7479,87.5344,32.1187,44.2833
111.0500,0.0000,22.4778,87.8179,32.2344,44.1199
111.1000,0.0000,22.1996,88.0976,32.3529,43.9587
111.1500,0.0000,21.9135,88.3737,32.4741,43.7989
111.2000,0.0000,21.6195,88.6464,32.5983,43.6402
111.2500,0.0000,21.3180,88.9162,32.7254,43.4822
111.3000,0.0000,21.0089,89.1831,32.8555,43.3246
111.3500,0.0000,20.6925,89.4474,32.9888,43.1674
111.4000,0.0000,20.3690,89.7094,33.1253,43.0105
111.4500,0.0000,20.0385,89.9691,33.2651,42.8541
111.5000,0.0000,19.7012,90.2266,33.4085,42.6984
111.5500,0.0000,19.3574,90.4820,33.5554,42.5436
111.6000,0.0000,19.0071,90.7355,33.7061,42.3903
111.6500,0.0000,18.6506,90.9869,33.8607,42.2389
111.7000,0.0000,18.2880,91.2362,34.0193,42.0900
111.7500,0.0000,17.9195,91.4835,34.1822,41.9442
111.8000,0.0000,17.5452,91.7285,34.3495,41.8024
111.8500,0.0000,17.1653,91.9711,34.5215,41.6654
111.9000,0.0000,16.7799,92.2112,34.6982,41.5339
111.9500,0.0000,16.3891,92.4484,34.8799,41.4090
112.0000,0.0000,15.9929,92.6826,35.0669,41.2917
112.0500,0.0000,15.5916,92.9134,35.2593,41.1828
112.1000,0.0000,15.1856,93.1410,35.4571,41.0828
112.1500,0.0000,14.7756,93.3657,35.6602,40.9919
112.2000,0.0000,14.3622,93.5875,35.8685,40.9104
112.2500,0.0000,13.9461,93.8067,36.0819,40.8383
112.3000,0.0000,13.5279,94.0233,36.3004,40.7759
112.3500,0.0000,13.1083,94.2376,36.5239,40.7234
112.4000,0.0000,12.6879,94.4497,36.7521,40.6809
112.4500,0.0000,12.2674,94.6596,36.9850,40.6486
112.5000,0.0000,11.8475,94.8675,37.2224,40.6266
112.5500,0.0000,11.4288,95.0733,37.4641,40.6148
112.6000,0.0000,11.0118,95.2770,37.7096,40.6134
112.6500,0.0000,10.5969,95.4788,37.9583,40.6223
112.7000,0.0000,10.1848,95.6786,38.2097,40.6414
112.7500,0.0000,9.7760,95.8763,38.4632,40.6708
112.8000,0.0000,9.3709,96.0718,38.7182,40.7101
112.8500,0.0000,8.9700,96.2651,38.9742,40.7593
112.9000,0.0000,8.5739,96.4560,39.2308,40.8180
112.9500,0.0000,8.1830,96.6443,39.4874,40.8860
113.0000,0.0000,7.7978,96.8298,39.7435,40.9629
113.0500,0.0000,7.4188,97.0123,39.9986,41.0483
113.1000,0.0000,7.0465,97.1915,40.2523,41.1418
113.1500,0.0000,6.6812,97.3671,40.5040,41.2427
113.2000,0.0000,6.3233,97.5388,40.7533,41.3505
113.2500,0.0000,5.9734,97.7060,40.9997,41.4646
113.3000,0.0000,5.6318,97.8685,41.2428,41.5849
113.3500,0.0000,5.2989,98.0257,41.4820,41.7121
113.4000,0.0000,4.9749,98.1771,41.7171,41.8467
113.4500,0.0000,4.6602,98.3222,41.9474,41.9894
113.5000,0.0000,4.3551,98.4602,42.1725,42.1407
113.5500,0.0000,4.0600,98.5906,42.3922,42.3012
113.6000,0.0000,3.7752,98.7135,42.6060,42.4708
113.6500,0.0000,3.5013,98.8291,42.8141,42.6497
113.7000,0.0000,3.2387,98.9374,43.0162,42.8375
113.7500,0.0000,2.9881,99.0387,43.2122,43.0344
113.8000,0.0000,2.7497,99.1330,43.4021,43.2400
113.8500,0.0000,2.5242,99.2205,43.5859,43.4541
113.9000,0.0000,2.3118,99.3014,43.7635,43.6765
113.9500,0.0000,2.1129,99.3758,43.9350,43.9070
114.0000,0.0000,1.9280,99.4437,44.1003,44.1452
114.0500,0.0000,1.7573,99.5053,44.2594,44.3907
114.1000,0.0000,1.6003,99.5607,44.4119,44.6429
114.1500,0.0000,1.4566,99.6100,44.5575,44.9011
114.2000,0.0000,1.3257,99.6533,44.6956,45.1647
114.2500,0.0000,1.2072,99.6906,44.8260,45.4329
114.3000,0.0000,1.1005,99.7220,44.9484,45.7050
114.3500,0.0000,1.0053,99.7475,45.0626,45.9804
114.4000,0.0000,0.9212,99.7672,45.1684,46.2583
114.4500,0.0000,0.8476,99.7811,45.2658,46.5380
114.5000,0.0000,0.7843,99.7891,45.3546,46.8188
114.5500,0.0000,0.7307,99.7913,45.4350,47.1000
114.6000,0.0000,0.6866,99.7876,45.5069,47.3809
114.6500,0.0000,0.6514,99.7779,45.5705,47.6607
114.7000,0.0000,0.6248,99.7621,45.6259,47.9388
114.7500,0.0000,0.6063,99.7402,45.6734,48.2144
114.8000,0.0000,0.5954,99.7120,45.7132,48.4870
114.8500,0.0000,0.5918,99.6774,45.7457,48.7559
114.9000,0.0000,0.5950,99.6361,45.7706,49.0205
114.9500,0.0000,0.6045,99.5881,45.7870,49.2801
115.0000,0.0000,0.6197,99.5329,45.7936,49.5343
115.0500,0.0000,0.6403,99.4705,45.7895,49.7824
115.1000,0.0000,0.6661,99.4010,45.7738,50.0240
115.1500,0.0000,0.6973,99.3248,45.7453,50.2586
115.2000,0.0000,0.7340,99.2421,45.7033,50.4859
115.2500,0.0000,0.7760,99.1533,45.6469,50.7055
115.3000,0.0000,0.8236,99.0586,45.5757,50.9171
115.3500,0.0000,0.8767,98.9583,45.4889,51.1205
115.4000,0.0000,0.9355,98.8528,45.3863,51.3154
115.4500,0.0000,1.0001,98.7423,45.2674,51.5018
115.5000,0.0000,1.0703,98.6271,45.1322,51.6797
115.5500,0.0000,1.1465,98.5077,44.9803,51.8492
115.6000,0.0000,1.2283,98.3846,44.8117,52.0114
115.6500,0.0000,1.3159,98.2584,44.6263,52.1672
115.7000,0.0000,1.4090,98.1300,44.4242,52.3177
115.7500,0.0000,1.5076,97.9998,44.2054,52.4639
115.8000,0.0000,1.6117,97.8685,43.9701,52.6069
115.8500,0.0000,1.7211,97.7366,43.7188,52.7477
115.9000,0.0000,1.8358,97.6047,43.4516,52.8873
115.9500,0.0000,1.9556,97.4733,43.1693,53.0270
116.0000,0.0000,2.0805,97.3428,42.8722,53.1678
116.0500,0.0000,2.2103,97.2137,42.5611,53.3109
116.1000,0.0000,2.3449,97.0864,42.2367,53.4564
116.1500,0.0000,2.4842,96.9613,41.8997,53.6046
116.2000,0.0000,2.6280,96.8387,41.5511,53.7553
116.2500,0.0000,2.7762,96.7190,41.1918,53.9085
116.3000,0.0000,2.9286,96.6024,40.8227,54.0641
116.3500,0.0000,3.0850,96.4891,40.4451,54.2221
116.4000,0.0000,3.2452,96.3795,40.0599,54.3822
116.4500,0.0000,3.4090,96.2737,39.6685,54.5443
116.5000,0.0000,3.5761,96.1718,39.2722,54.7081
116.5500,0.0000,3.7463,96.0740,38.8720,54.8736
116.6000,0.0000,3.9195,95.9807,38.4690,55.0404
116.6500,0.0000,4.0959,95.8922,38.0639,55.2083
116.7000,0.0000,4.2753,95.8089,37.6576,55.3771
116.7500,0.0000,4.4577,95.7310,37.2509,55.5466
116.8000,0.0000,4.6432,95.6589,36.8447,55.7165
116.8500,0.0000,4.8317,95.5929,36.4398,55.8865
116.9000,0.0000,5.0232,95.5333,36.0372,56.0566
116.9500,0.0000,5.2176,95.4803,35.6376,56.2264
117.0000,0.0000,5.4150,95.4341,35.2421,56.3958
117.0500,0.0000,5.6151,95.3944,34.8514,56.5645
117.1000,0.0000,5.8178,95.3606,34.4664,56.7316
117.1500,0.0000,6.0226,95.3320,34.0880,56.8962
117.2000,0.0000,6.2293,95.3081,33.7171,57.0576
117.2500,0.0000,6.4375,95.2882,33.3545,57.2149
117.3000,0.0000,6.6469,95.2717,33.0011,57.3675
117.3500,0.0000,6.8572,95.2579,32.6577,57.5147
117.4000,0.0000,7.0681,95.2463,32.3250,57.6561
117.4500,0.0000,7.2793,95.2361,32.0039,57.7913
117.5000,0.0000,7.4904,95.2267,31.6951,57.9198
117.5500,0.0000,7.7012,95.2175,31.3994,58.0415
117.6000,0.0000,7.9115,95.2077,31.1174,58.1561
117.6500,0.0000,8.1207,95.1966,30.8499,58.2635
117.7000,0.0000,8.3288,95.1835,30.5975,58.3637
117.7500,0.0000,8.5354,95.1677,30.3608,58.4569
117.8000,0.0000,8.7402,95.1485,30.1403,58.5431
117.8500,0.0000,8.9430,95.1251,29.9367,58.6225
117.9000,0.0000,9.1433,95.0967,29.7505,58.6956
117.9500,0.0000,9.3410,95.0626,29.5820,58.7626
118.0000,0.0000,9.5358,95.0219,29.4317,58.8242
118.0500,0.0000,9.7274,94.9739,29.3000,58.8806
118.1000,0.0000,9.9157,94.9182,29.1868,58.9322
118.1500,0.0000,10.1008,94.8547,29.0922,58.9789
118.2000,0.0000,10.2827,94.7831,29.0161,59.0210
118.2500,0.0000,10.4616,94.7033,28.9582,59.0585
118.3000,0.0000,10.6374,94.6149,28.9183,59.0918
118.3500,0.0000,10.8102,94.5179,28.8960,59.1210
118.4000,0.0000,10.9802,94.4121,28.8910,59.1465
118.4500,0.0000,11.1475,94.2974,28.9028,59.1685
118.5000,0.0000,11.3123,94.1735,28.9307,59.1874
118.5500,0.0000,11.4747,94.0407,28.9741,59.2037
118.6000,0.0000,11.6350,93.8994,29.0323,59.2176
118.6500,0.0000,11.7932,93.7503,29.1044,59.2295
118.7000,0.0000,11.9498,93.5941,29.1894,59.2400
118.7500,0.0000,12.1050,93.4315,29.2865,59.2495
118.8000,0.0000,12.2590,93.2631,29.3943,59.2583
118.8500,0.0000,12.4121,93.0894,29.5117,59.2670
118.9000,0.0000,12.5648,92.9109,29.6375,59.2761
118.9500,0.0000,12.7174,92.7283,29.7714,59.2859
119.0000,0.0000,12.8702,92.5418,29.9138,59.2970
119.0500,0.0000,13.0238,92.3521,30.0648,59.3098
119.1000,0.0000,13.1785,92.1595,30.2249,59.3247
119.1500,0.0000,13.3349,91.9645,30.3942,59.3421
119.2000,0.0000,13.4935,91.7673,30.5732,59.3624
119.2500,0.0000,13.6548,91.5683,30.7620,59.3861
119.3000,0.0000,13.8195,91.3680,30.9610,59.4134
119.3500,0.0000,13.9882,91.1665,31.1704,59.4446
119.4000,0.0000,14.1614,90.9641,31.3904,59.4800
119.4500,0.0000,14.3401,90.7611,31.6214,59.5199
119.5000,0.0000,14.5248,90.5578,31.8635,59.5643
119.5500,0.0000,14.7162,90.3542,32.1171,59.6134
119.6000,0.0000,14.9144,90.1507,32.3820,59.6679
119.6500,0.0000,15.1194,89.9474,32.6582,59.7284
119.7000,0.0000,15.3311,89.7444,32.9457,59.7953
119.7500,0.0000,15.5493,89.5420,33.2444,59.8693
119.8000,0.0000,15.7740,89.3401,33.5541,59.9507
119.8500,0.0000,16.0050,89.1389,33.8748,60.0402
119.9000,0.0000,16.2423,88.9384,34.2063,60.1379
119.9500,0.0000,16.4858,88.7388,34.5484,60.2443
120.0000,0.0000,16.7353,88.5401,34.9010,60.3596
120.0500,0.0000,16.9907,88.3423,35.2638,60.4839
120.1000,0.0000,17.2518,88.1461,35.6359,60.6173
120.1500,0.0000,17.5185,87.9518,36.0164,60.7600
120.2000,0.0000,17.7907,87.7600,36.4042,60.9117
120.2500,0.0000,18.0682,87.5711,36.7985,61.0723
120.3000,0.0000,18.3507,87.3855,37.1984,61.2415
120.3500,0.0000,18.6383,87.2035,37.6031,61.4190
120.4000,0.0000,18.9306,87.0254,38.0119,61.6042
120.4500,0.0000,19.2276,86.8514,38.4239,61.7964
120.5000,0.0000,19.5290,86.6818,38.8384,61.9951
120.5500,0.0000,19.8347,86.5167,39.2549,62.1993
120.6000,0.0000,20.1445,86.3562,39.6726,62.4093
120.6500,0.0000,20.4581,86.2005,40.0909,62.6250
120.7000,0.0000,20.7755,86.0495,40.5093,62.8468
120.7500,0.0000,21.0964,85.9033,40.9273,63.0748
120.8000,0.0000,21.4206,85.7618,41.3443,63.3092
120.8500,0.0000,21.7481,85.6249,41.7600,63.5501
120.9000,0.0000,22.0785,85.4926,42.1739,63.7977
120.9500,0.0000,22.4118,85.3647,42.5856,64.0522
121.0000,0.0000,22.7477,85.2411,42.9948,64.3137
121.0500,0.0000,23.0860,85.1215,43.4011,64.5824
121.1000,0.0000,23.4265,85.0059,43.8043,64.8582
121.1500,0.0000,23.7689,84.8944,44.2037,65.1412
121.2000,0.0000,24.1129,84.7870,44.5992,65.4314
121.2500,0.0000,24.4580,84.6836,44.9904,65.7288
121.3000,0.0000,24.8041,84.5844,45.3769,66.0332
121.3500,0.0000,25.1508,84.4892,45.7585,66.3446
121.4000,0.0000,25.4977,84.3979,46.1350,66.6630
121.4500,0.0000,25.8446,84.3106,46.5060,66.9883
121.5000,0.0000,26.1912,84.2272,46.8715,67.3204
121.5500,0.0000,26.5373,84.1475,47.2312,67.6592
121.6000,0.0000,26.8832,84.0716,47.5844,68.0046
121.6500,0.0000,27.2295,83.9992,47.9305,68.3564
121.7000,0.0000,27.5767,83.9303,48.2690,68.7146
121.7500,0.0000,27.9250,83.8647,48.5993,69.0790
121.8000,0.0000,28.2749,83.8024,48.9210,69.4494
121.8500,0.0000,28.6268,83.7432,49.2337,69.8256
121.9000,0.0000,28.9808,83.6869,49.5370,70.2076
121.9500,0.0000,29.3373,83.6334,49.8308,70.5951
122.0000,0.0000,29.6965,83.5825,50.1147,70.9879
122.0500,0.0000,30.0586,83.5340,50.3887,71.3859
122.1000,0.0000,30.4237,83.4879,50.6526,71.7887
122.1500,0.0000,30.7921,83.4438,50.9064,72.1963
122.2000,0.0000,31.1638,83.4016,51.1501,72.6084
122.2500,0.0000,31.5390,83.3611,51.3837,73.0247
122.3000,0.0000,31.9177,83.3222,51.6075,73.4450
122.3500,0.0000,32.3001,83.2845,51.8216,73.8690
122.4000,0.0000,32.6862,83.2479,52.0263,74.2966
122.4500,0.0000,33.0760,83.2121,52.2218,74.7275
122.5000,0.0000,33.4696,83.1769,52.4086,75.1614
122.5500,0.0000,33.8670,83.1421,52.5869,75.5980
122.6000,0.0000,34.2682,83.1075,52.7570,76.0370
122.6500,0.0000,34.6730,83.0727,52.9187,76.4783
122.7000,0.0000,35.0812,83.0375,53.0723,76.9215
122.7500,0.0000,35.4928,83.0017,53.2179,77.3664
122.8000,0.0000,35.9075,82.9650,53.3556,77.8126
122.8500,0.0000,36.3249,82.9271,53.4856,78.2600
122.9000,0.0000,36.7448,82.8877,53.6081,78.7082
122.9500,0.0000,37.1669,82.8465,53.7233,79.1569
123.0000,0.0000,37.5908,82.8032,53.8316,79.6059
123.0500,0.0000,38.0164,82.7577,53.9331,80.0549
123.1000,0.0000,38.4433,82.7103,54.0280,80.5037
123.1500,0.0000,38.8713,82.6614,54.1164,80.9519
123.2000,0.0000,39.3001,82.6114,54.1983,81.3993
123.2500,0.0000,39.7294,82.5608,54.2740,81.8457
123.3000,0.0000,40.1591,82.5096,54.3437,82.2908
123.3500,0.0000,40.5890,82.4583,54.4076,82.7343
123.4000,0.0000,41.0188,82.4069,54.4660,83.1761
123.4500,0.0000,41.4485,82.3555,54.5194,83.6159
123.5000,0.0000,41.8778,82.3042,54.5680,84.0535
123.5500,0.0000,42.3067,82.2530,54.6123,84.4886
123.6000,0.0000,42.7351,82.2018,54.6527,84.9211
123.6500,0.0000,43.1629,82.1504,54.6898,85.3509
123.7000,0.0000,43.5902,82.0988,54.7242,85.7776
123.7500,0.0000,44.0169,82.0467,54.7563,86.2013
123.8000,0.0000,44.4431,81.9938,54.7869,86.6217
123.8500,0.0000,44.8689,81.9397,54.8165,87.0387
123.9000,0.0000,45.2945,81.8841,54.8460,87.4522
123.9500,0.0000,45.7201,81.8266,54.8760,87.8622
124.0000,0.0000,46.1459,81.7666,54.9072,88.2685
124.0500,0.0000,46.5720,81.7035,54.9406,88.6711
124.1000,0.0000,46.9980,81.6372,54.9763,89.0697
124.1500,0.0000,47.4234,81.5683,55.0147,89.4640
124.2000,0.0000,47.8476,81.4975,55.0561,89.8537
124.2500,0.0000,48.2701,81.4256,55.1007,90.2384
124.3000,0.0000,48.6904,81.3531,55.1487,90.6179
124.3500,0.0000,49.1078,81.2809,55.2006,90.9919
124.4000,0.0000,49.5220,81.2095,55.2565,91.3601
124.4500,0.0000,49.9323,81.1394,55.3168,91.7223
124.5000,0.0000,50.3382,81.0713,55.3817,92.0781
124.5500,0.0000,50.7393,81.0056,55.4514,92.4274
124.6000,0.0000,51.1356,80.9430,55.5254,92.7696
124.6500,0.0000,51.5271,80.8843,55.6033,93.1043
124.7000,0.0000,51.9138,80.8301,55.6846,93.4310
124.7500,0.0000,52.2958,80.7809,55.7688,93.7493
124.8000,0.0000,52.6729,80.7374,55.8555,94.0588
124.8500,0.0000,53.0452,80.7000,55.9446,94.3591
124.9000,0.0000,53.4126,80.6691,56.0356,94.6500
124.9500,0.0000,53.7751,80.6451,56.1282,94.9311
125.0000,0.0000,54.1324,80.6284,56.2224,95.2022
125.0500,0.0000,54.4846,80.6193,56.3178,95.4631
125.1000,0.0000,54.8316,80.6179,56.4144,95.7136
125.1500,0.0000,55.1732,80.6246,56.5121,95.9535
125.2000,0.0000,55.5094,80.6394,56.6106,96.1828
125.2500,0.0000,55.8399,80.6625,56.7101,96.4013
125.3000,0.0000,56.1648,80.6939,56.8105,96.6090
125.3500,0.0000,56.4838,80.7335,56.9117,96.8059
125.4000,0.0000,56.7969,80.7815,57.0138,96.9921
125.4500,0.0000,57.1039,80.8376,57.1169,97.1676
125.5000,0.0000,57.4048,80.9017,57.2211,97.3322
125.5500,0.0000,57.6993,80.9737,57.3264,97.4858
125.6000,0.0000,57.9874,81.0538,57.4328,97.6282
125.6500,0.0000,58.2686,81.1421,57.5403,97.7590
125.7000,0.0000,58.5429,81.2389,57.6490,97.8783
125.7500,0.0000,58.8098,81.3441,57.7588,97.9857
125.8000,0.0000,59.0693,81.4581,57.8698,98.0811
125.8500,0.0000,59.3210,81.5807,57.9820,98.1645
125.9000,0.0000,59.5648,81.7123,58.0955,98.2359
125.9500,0.0000,59.8003,81.8527,58.2102,98.2951
126.0000,0.0000,60.0274,82.0020,58.3263,98.3422
126.0500,0.0000,60.2460,82.1604,58.4437,98.3773
126.1000,0.0000,60.4566,82.3276,58.5620,98.4004
126.1500,0.0000,60.6598,82.5038,58.6807,98.4117
126.2000,0.0000,60.8561,82.6888,58.7995,98.4113
126.2500,0.0000,61.0462,82.8826,58.9180,98.3994
126.3000,0.0000,61.2304,83.0852,59.0357,98.3764
126.3500,0.0000,61.4092,83.2963,59.1523,98.3423
126.4000,0.0000,61.5831,83.5159,59.2676,98.2977
126.4500,0.0000,61.7525,83.7439,59.3813,98.2428
126.5000,0.0000,61.9177,83.9799,59.4932,98.1780
126.5500,0.0000,62.0792,84.2239,59.6030,98.1038
126.6000,0.0000,62.2372,84.4755,59.7105,98.0208
126.6500,0.0000,62.3921,84.7346,59.8156,97.9294
126.7000,0.0000,62.5442,85.0009,59.9181,97.8302
126.7500,0.0000,62.6938,85.2740,60.0178,97.7239
126.8000,0.0000,62.8412,85.5537,60.1148,97.6111
126.8500,0.0000,62.9866,85.8396,60.2089,97.4927
126.9000,0.0000,63.1303,86.1313,60.3000,97.3693
126.9500,0.0000,63.2726,86.4284,60.3881,97.2418
127.0000,0.0000,63.4137,86.7304,60.4732,97.1112
127.0500,0.0000,63.5538,87.0370,60.5552,96.9782
127.1000,0.0000,63.6929,87.3479,60.6341,96.8430
127.1500,0.0000,63.8310,87.6629,60.7099,96.7057
127.2000,0.0000,63.9680,87.9817,60.7827,96.5666
127.2500,0.0000,64.1038,88.3042,60.8526,96.4256
127.3000,0.0000,64.2382,88.6299,60.9194,96.2830
127.3500,0.0000,64.3712,88.9588,60.9834,96.1388
127.4000,0.0000,64.5027,89.2904,61.0445,95.9931
127.4500,0.0000,64.6324,89.6245,61.1029,95.8460
127.5000,0.0000,64.7603,89.9607,61.1586,95.6978
127.5500,0.0000,64.8864,90.2988,61.2118,95.5483
127.6000,0.0000,65.0111,90.6382,61.2626,95.3971
127.6500,0.0000,65.1351,90.9787,61.3111,95.2433
127.7000,0.0000,65.2590,91.3197,61.3575,95.0865
127.7500,0.0000,65.3832,91.6610,61.4018,94.9260
127.8000,0.0000,65.5083,92.0020,61.4442,94.7614
127.8500,0.0000,65.6346,92.3422,61.4850,94.5920
127.9000,0.0000,65.7626,92.6812,61.5242,94.4177
127.9500,0.0000,65.8925,93.0183,61.5621,94.2378
128.0000,0.0000,66.0247,93.3531,61.5988,94.0521
128.0500,0.0000,66.1594,93.6849,61.6346,93.8603
128.1000,0.0000,66.2969,94.0131,61.6697,93.6621
128.1500,0.0000,66.4372,94.3371,61.7042,93.4572
128.2000,0.0000,66.5805,94.6561,61.7385,93.2455
128.2500,0.0000,66.7270,94.9695,61.7727,93.0269
128.3000,0.0000,66.8767,95.2764,61.8072,92.8011
128.3500,0.0000,67.0296,95.5761,61.8421,92.5680
128.4000,0.0000,67.1859,95.8677,61.8778,92.3277
128.4500,0.0000,67.3454,96.1504,61.9146,92.0800
128.5000,0.0000,67.5081,96.4232,61.9528,91.8250
128.5500,0.0000,67.6741,96.6853,61.9927,91.5627
128.6000,0.0000,67.8431,96.9364,62.0346,91.2931
128.6500,0.0000,68.0152,97.1765,62.0789,91.0163
128.7000,0.0000,68.1901,97.4054,62.1260,90.7324
128.7500,0.0000,68.3678,97.6231,62.1762,90.4414
128.8000,0.0000,68.5481,97.8293,62.2300,90.1436
128.8500,0.0000,68.7308,98.0241,62.2875,89.8391
128.9000,0.0000,68.9157,98.2073,62.3486,89.5281
128.9500,0.0000,69.1027,98.3789,62.4132,89.2107
129.0000,0.0000,69.2916,98.5387,62.4812,88.8872
129.0500,0.0000,69.4820,98.6868,62.5523,88.5576
129.1000,0.0000,69.6738,98.8233,62.6260,88.2216
129.1500,0.0000,69.8667,98.9483,62.7017,87.8785
129.2000,0.0000,70.0605,99.0621,62.7789,87.5279
129.2500,0.0000,70.2549,99.1647,62.8571,87.1695
129.3000,0.0000,70.4496,99.2564,62.9359,86.8028
129.3500,0.0000,70.6443,99.3372,63.0148,86.4276
129.4000,0.0000,70.8388,99.4072,63.0937,86.0437
129.4500,0.0000,71.0328,99.4666,63.1721,85.6507
129.5000,0.0000,71.2259,99.5153,63.2500,85.2487
129.5500,0.0000,71.4179,99.5535,63.3272,84.8376
129.6000,0.0000,71.6084,99.5812,63.4035,84.4172
129.6500,0.0000,71.7971,99.5983,63.4791,83.9876
129.7000,0.0000,71.9838,99.6048,63.5538,83.5489
129.7500,0.0000,72.1680,99.6008,63.6278,83.1010
129.8000,0.0000,72.3494,99.5862,63.7012,82.6443
129.8500,0.0000,72.5278,99.5608,63.7743,82.1787
129.9000,0.0000,72.7028,99.5247,63.8473,81.7046
129.9500,0.0000,72.8740,99.4776,63.9206,81.2221
130.0000,0.0000,73.0410,99.4195,63.9946,80.7315
130.0500,0.0000,73.2037,99.3502,64.0697,80.2330
130.1000,0.0000,73.3615,99.2700,64.1455,79.7271
130.1500,0.0000,73.5141,99.1795,64.2219,79.2141
130.2000,0.0000,73.6613,99.0789,64.2984,78.6943
130.2500,0.0000,73.8025,98.9688,64.3749,78.1681
130.3000,0.0000,73.9375,98.8495,64.4509,77.6359
130.3500,0.0000,74.0659,98.7215,64.5263,77.0982
130.4000,0.0000,74.1873,98.5852,64.6008,76.5554
130.4500,0.0000,74.3012,98.4412,64.6742,76.0080
130.5000,0.0000,74.4074,98.2899,64.7463,75.4565
130.5500,0.0000,74.5055,98.1317,64.8169,74.9014
130.6000,0.0000,74.5949,97.9672,64.8858,74.3438
130.6500,0.0000,74.6753,97.7969,64.9528,73.7847
130.7000,0.0000,74.7464,97.6213,65.0179,73.2251
130.7500,0.0000,74.8076,97.4408,65.0809,72.6661
130.8000,0.0000,74.8585,97.2561,65.1417,72.1085
130.8500,0.0000,74.8987,97.0676,65.2003,71.5534
130.9000,0.0000,74.9278,96.8759,65.2566,71.0017
130.9500,0.0000,74.9451,96.6816,65.3105,70.4543
131.0000,0.0000,74.9504,96.4851,65.3621,69.9121
131.0500,0.0000,74.9430,96.2871,65.4114,69.3759
131.1000,0.0000,74.9224,96.0882,65.4585,68.8466
131.1500,0.0000,74.8881,95.8889,65.5033,68.3250
131.2000,0.0000,74.8396,95.6897,65.5460,67.8119
131.2500,0.0000,74.7764,95.4914,65.5868,67.3079
131.3000,0.0000,74.6977,95.2944,65.6257,66.8139
131.3500,0.0000,74.6030,95.0994,65.6630,66.3306
131.4000,0.0000,74.4917,94.9069,65.6989,65.8585
131.4500,0.0000,74.3631,94.7176,65.7336,65.3984
131.5000,0.0000,74.2166,94.5321,65.7674,64.9509
131.5500,0.0000,74.0515,94.3510,65.8005,64.5166
131.6000,0.0000,73.8680,94.1749,65.8328,64.0960
131.6500,0.0000,73.6661,94.0044,65.8640,63.6897
131.7000,0.0000,73.4461,93.8402,65.8938,63.2981
131.7500,0.0000,73.2082,93.6827,65.9221,62.9218
131.8000,0.0000,72.9527,93.5327,65.9486,62.5613
131.8500,0.0000,72.6798,93.3908,65.9731,62.2168
131.9000,0.0000,72.3898,93.2575,65.9953,61.8890
131.9500,0.0000,72.0831,93.1327,66.0150,61.5780
132.0000,0.0000,71.7599,93.0163,66.0320,61.2843
132.0500,0.0000,71.4207,92.9082,66.0459,61.0082
132.1000,0.0000,71.0658,92.8080,66.0559,60.7500
132.1500,0.0000,70.6956,92.7155,66.0609,60.5099
132.2000,0.0000,70.3105,92.6306,66.0600,60.2882
132.2500,0.0000,69.9110,92.5528,66.0524,60.0851
132.3000,0.0000,69.4975,92.4819,66.0372,59.9008
132.3500,0.0000,69.0704,92.4175,66.0137,59.7354
132.4000,0.0000,68.6303,92.3593,65.9812,59.5891
132.4500,0.0000,68.1776,92.3068,65.9390,59.4620
132.5000,0.0000,67.7129,92.2595,65.8865,59.3542
132.5500,0.0000,67.2367,92.2171,65.8232,59.2656
132.6000,0.0000,66.7495,92.1789,65.7487,59.1965
132.6500,0.0000,66.2519,92.1445,65.6625,59.1467
132.7000,0.0000,65.7444,92.1132,65.5642,59.1163
132.7500,0.0000,65.2276,92.0844,65.4535,59.1052
132.8000,0.0000,64.7021,92.0574,65.3302,59.1134
132.8500,0.0000,64.1684,92.0316,65.1941,59.1408
132.9000,0.0000,63.6272,92.0061,65.0450,59.1873
132.9500,0.0000,63.0790,91.9801,64.8829,59.2527
133.0000,0.0000,62.5244,91.9529,64.7077,59.3370
133.0500,0.0000,61.9641,91.9235,64.5194,59.4399
133.1000,0.0000,61.3987,91.8919,64.3178,59.5614
133.1500,0.0000,60.8287,91.8580,64.1028,59.7011
133.2000,0.0000,60.2547,91.8216,63.8742,59.8588
133.2500,0.0000,59.6774,91.7828,63.6319,60.0344
133.3000,0.0000,59.0974,91.7415,63.3760,60.2276
133.3500,0.0000,58.5152,91.6975,63.1063,60.4380
133.4000,0.0000,57.9314,91.6509,62.8230,60.6655
133.4500,0.0000,57.3467,91.6016,62.5260,60.9096
133.5000,0.0000,56.7615,91.5496,62.2155,61.1702
133.5500,0.0000,56.1763,91.4948,61.8917,61.4467
133.6000,0.0000,55.5913,91.4379,61.5544,61.7387
133.6500,0.0000,55.0064,91.3796,61.2038,62.0456
133.7000,0.0000,54.4216,91.3207,60.8397,62.3666
133.7500,0.0000,53.8370,91.2616,60.4623,62.7013
133.8000,0.0000,53.2526,91.2030,60.0718,63.0489
133.8500,0.0000,52.6685,91.1454,59.6683,63.4090
133.9000,0.0000,52.0847,91.0892,59.2522,63.7809
133.9500,0.0000,51.5013,91.0349,58.8239,64.1641
134.0000,0.0000,50.9184,90.9828,58.3836,64.5580
134.0500,0.0000,50.3360,90.9333,57.9319,64.9620
134.1000,0.0000,49.7542,90.8865,57.4693,65.3756
134.1500,0.0000,49.1730,90.8429,56.9963,65.7982
134.2000,0.0000,48.5925,90.8024,56.5137,66.2293
134.2500,0.0000,48.0128,90.7654,56.0222,66.6685
134.3000,0.0000,47.4337,90.7318,55.5224,67.1151
134.3500,0.0000,46.8554,90.7018,55.0153,67.5687
134.4000,0.0000,46.2778,90.6753,54.5018,68.0289
134.4500,0.0000,45.7009,90.6524,53.9828,68.4951
134.5000,0.0000,45.1245,90.6329,53.4594,68.9669
134.5500,0.0000,44.5488,90.6168,52.9326,69.4439
134.6000,0.0000,43.9746,90.6042,52.4027,69.9253
134.6500,0.0000,43.4032,90.5953,51.8701,70.4105
134.7000,0.0000,42.8356,90.5900,51.3351,70.8987
134.7500,0.0000,42.2729,90.5887,50.7981,71.3893
134.8000,0.0000,41.7161,90.5912,50.2593,71.8815
134.8500,0.0000,41.1662,90.5976,49.7192,72.3746
134.9000,0.0000,40.6241,90.6081,49.1781,72.8680
134.9500,0.0000,40.0906,90.6225,48.6365,73.3609
135.0000,0.0000,39.5665,90.6409,48.0947,73.8527
135.0500,0.0000,39.0526,90.6634,47.5531,74.3426
135.1000,0.0000,38.5491,90.6897,47.0114,74.8300
135.1500,0.0000,38.0566,90.7200,46.4692,75.3142
135.2000,0.0000,37.5753,90.7542,45.9264,75.7945
135.2500,0.0000,37.1054,90.7921,45.3826,76.2702
135.3000,0.0000,36.6471,90.8337,44.8378,76.7408
135.3500,0.0000,36.2007,90.8790,44.2919,77.2056
135.4000,0.0000,35.7662,90.9279,43.7449,77.6639
135.4500,0.0000,35.3437,90.9801,43.1968,78.1150
135.5000,0.0000,34.9332,91.0356,42.6477,78.5585
135.5500,0.0000,34.5346,91.0944,42.0978,78.9937
135.6000,0.0000,34.1478,91.1562,41.5472,79.4200
135.6500,0.0000,33.7727,91.2209,40.9963,79.8369
135.7000,0.0000,33.4090,91.2884,40.4454,80.2437
135.7500,0.0000,33.0564,91.3585,39.8948,80.6400
135.8000,0.0000,32.7145,91.4310,39.3451,81.0251
135.8500,0.0000,32.3830,91.5059,38.7966,81.3987
135.9000,0.0000,32.0613,91.5829,38.2498,81.7603
135.9500,0.0000,31.7489,91.6619,37.7055,82.1093
136.0000,0.0000,31.4451,91.7427,37.1643,82.4453
136.0500,0.0000,31.1495,91.8251,36.6266,82.7678
136.1000,0.0000,30.8619,91.9089,36.0928,83.0766
136.1500,0.0000,30.5824,91.9940,35.5630,83.3712
136.2000,0.0000,30.3111,92.0802,35.0375,83.6516
136.2500,0.0000,30.0481,92.1673,34.5163,83.9179
136.3000,0.0000,29.7934,92.2552,33.9997,84.1704
136.3500,0.0000,29.5469,92.3435,33.4879,84.4095
136.4000,0.0000,29.3086,92.4322,32.9811,84.6353
136.4500,0.0000,29.0785,92.5211,32.4795,84.8483
136.5000,0.0000,28.8565,92.6099,31.9834,85.0487
136.5500,0.0000,28.6426,92.6985,31.4930,85.2368
136.6000,0.0000,28.4373,92.7860,31.0089,85.4129
136.6500,0.0000,28.2414,92.8720,30.5315,85.5774
136.7000,0.0000,28.0552,92.9556,30.0613,85.7307
136.7500,0.0000,27.8794,93.0362,29.5989,85.8731
136.8000,0.0000,27.7143,93.1132,29.1447,86.0050
136.8500,0.0000,27.5602,93.1861,28.6991,86.1269
136.9000,0.0000,27.4173,93.2543,28.2626,86.2392
136.9500,0.0000,27.2859,93.3173,27.8356,86.3423
137.0000,0.0000,27.1660,93.3745,27.4186,86.4369
137.0500,0.0000,27.0576,93.4256,27.0119,86.5233
137.1000,0.0000,26.9608,93.4701,26.6160,86.6023
137.1500,0.0000,26.8754,93.5076,26.2312,86.6743
137.2000,0.0000,26.8012,93.5378,25.8579,86.7400
137.2500,0.0000,26.7379,93.5602,25.4964,86.8002
137.3000,0.0000,26.6853,93.5746,25.1471,86.8554
137.3500,0.0000,26.6430,93.5806,24.8103,86.9066
137.4000,0.0000,26.6105,93.5781,24.4862,86.9544
137.4500,0.0000,26.5872,93.5667,24.1753,86.9999
137.5000,0.0000,26.5727,93.5463,23.8777,87.0437
137.5500,0.0000,26.5664,93.5165,23.5937,87.0869
137.6000,0.0000,26.5682,93.4773,23.3236,87.1295
137.6500,0.0000,26.5785,93.4284,23.0676,87.1719
137.7000,0.0000,26.5973,93.3698,22.8260,87.2140
137.7500,0.0000,26.6249,93.3013,22.5990,87.2561
137.8000,0.0000,26.6612,93.2227,22.3867,87.2982
137.8500,0.0000,26.7066,93.1340,22.1893,87.3406
137.9000,0.0000,26.7611,93.0352,22.0071,87.3833
137.9500,0.0000,26.8248,92.9261,21.8403,87.4266
138.0000,0.0000,26.8980,92.8067,21.6889,87.4706
138.0500,0.0000,26.9807,92.6769,21.5530,87.5155
138.1000,0.0000,27.0731,92.5365,21.4321,87.5616
138.1500,0.0000,27.1754,92.3852,21.3254,87.6090
138.2000,0.0000,27.2877,92.2227,21.2325,87.6579
138.2500,0.0000,27.4103,92.0489,21.1527,87.7086
138.3000,0.0000,27.5433,91.8635,21.0854,87.7615
138.3500,0.0000,27.6870,91.6663,21.0303,87.8166
138.4000,0.0000,27.8415,91.4573,20.9869,87.8745
138.4500,0.0000,28.0071,91.2362,20.9548,87.9352
138.5000,0.0000,28.1842,91.0030,20.9336,87.9993
138.5500,0.0000,28.3729,90.7575,20.9229,88.0671
138.6000,0.0000,28.5737,90.4997,20.9226,88.1389
138.6500,0.0000,28.7869,90.2296,20.9323,88.2152
138.7000,0.0000,29.0128,89.9470,20.9519,88.2964
138.7500,0.0000,29.2518,89.6519,20.9812,88.3830
138.8000,0.0000,29.5040,89.3444,21.0200,88.4754
138.8500,0.0000,29.7691,89.0243,21.0683,88.5742
138.9000,0.0000,30.0466,88.6917,21.1261,88.6800
138.9500,0.0000,30.3361,88.3466,21.1932,88.7932
139.0000,0.0000,30.6371,87.9889,21.2698,88.9146
139.0500,0.0000,30.9492,87.6188,21.3558,89.0446
139.1000,0.0000,31.2720,87.2364,21.4509,89.1831
139.1500,0.0000,31.6048,86.8422,21.5544,89.3300
139.2000,0.0000,31.9474,86.4364,21.6661,89.4850
139.2500,0.0000,32.2990,86.0193,21.7853,89.6479
139.3000,0.0000,32.6593,85.5915,21.9117,89.8183
139.3500,0.0000,33.0278,85.1532,22.0447,89.9960
139.4000,0.0000,33.4038,84.7048,22.1839,90.1806
139.4500,0.0000,33.7868,84.2468,22.3288,90.3719
139.5000,0.0000,34.1763,83.7796,22.4790,90.5695
139.5500,0.0000,34.5718,83.3037,22.6340,90.7730
139.6000,0.0000,34.9725,82.8195,22.7929,90.9820
139.6500,0.0000,35.3778,82.3278,22.9549,91.1962
139.7000,0.0000,35.7869,81.8290,23.1191,91.4152
139.7500,0.0000,36.1992,81.3238,23.2849,91.6385
139.8000,0.0000,36.6140,80.8128,23.4513,91.8656
139.8500,0.0000,37.0306,80.2965,23.6177,92.0961
139.9000,0.0000,37.4483,79.7755,23.7833,92.3295
139.9500,0.0000,37.8664,79.2505,23.9474,92.5653
140.0000,0.0000,38.2844,78.7224,24.1093,92.8029
140.0500,0.0000,38.7015,78.1922,24.2685,93.0419
140.1000,0.0000,39.1171,77.6605,24.4241,93.2816
140.1500,0.0000,39.5305,77.1284,24.5757,93.5215
140.2000,0.0000,39.9412,76.5966,24.7228,93.7610
140.2500,0.0000,40.3484,76.0660,24.8653,93.9994
140.3000,0.0000,40.7515,75.5374,25.0028,94.2361
140.3500,0.0000,41.1500,75.0117,25.1353,94.4704
140.4000,0.0000,41.5433,74.4896,25.2626,94.7017
140.4500,0.0000,41.9306,73.9719,25.3846,94.9293
140.5000,0.0000,42.3116,73.4595,25.5011,95.1523
140.5500,0.0000,42.6855,72.9531,25.6121,95.3703
140.6000,0.0000,43.0519,72.4534,25.7176,95.5828
140.6500,0.0000,43.4101,71.9612,25.8174,95.7899
140.7000,0.0000,43.7597,71.4773,25.9116,95.9912
140.7500,0.0000,44.1001,71.0023,26.0001,96.1867
140.8000,0.0000,44.4308,70.5369,26.0831,96.3762
140.8500,0.0000,44.7513,70.0819,26.1606,96.5598
140.9000,0.0000,45.0611,69.6378,26.2326,96.7372
140.9500,0.0000,45.3598,69.2054,26.2992,96.9084
141.0000,0.0000,45.6468,68.7853,26.3607,97.0735
141.0500,0.0000,45.9220,68.3780,26.4171,97.2323
141.1000,0.0000,46.1855,67.9842,26.4686,97.3849
141.1500,0.0000,46.4377,67.6044,26.5155,97.5313
141.2000,0.0000,46.6790,67.2392,26.5579,97.6715
141.2500,0.0000,46.9097,66.8891,26.5963,97.8056
141.3000,0.0000,47.1300,66.5546,26.6308,97.9337
141.3500,0.0000,47.3403,66.2361,26.6617,98.0559
141.4000,0.0000,47.5408,65.9342,26.6896,98.1723
141.4500,0.0000,47.7317,65.6493,26.7146,98.2831
141.5000,0.0000,47.9131,65.3817,26.7373,98.3885
141.5500,0.0000,48.0852,65.1319,26.7582,98.4886
141.6000,0.0000,48.2482,64.9002,26.7777,98.5838
141.6500,0.0000,48.4022,64.6869,26.7964,98.6743
141.7000,0.0000,48.5473,64.4923,26.8147,98.7604
141.7500,0.0000,48.6836,64.3167,26.8335,98.8424
141.8000,0.0000,48.8112,64.1603,26.8532,98.9207
141.8500,0.0000,48.9302,64.0233,26.8746,98.9957
141.9000,0.0000,49.0406,63.9060,26.8984,99.0678
141.9500,0.0000,49.1425,63.8084,26.9254,99.1372
142.0000,0.0000,49.2360,63.7306,26.9564,99.2039
142.0500,0.0000,49.3210,63.6728,26.9922,99.2677
142.1000,0.0000,49.3977,63.6350,27.0329,99.3284
142.1500,0.0000,49.4661,63.6171,27.0785,99.3859
142.2000,0.0000,49.5262,63.6193,27.1291,99.4400
142.2500,0.0000,49.5781,63.6413,27.1846,99.4907
142.3000,0.0000,49.6217,63.6832,27.2452,99.5377
142.3500,0.0000,49.6573,63.7447,27.3108,99.5810
142.4000,0.0000,49.6848,63.8258,27.3814,99.6204
142.4500,0.0000,49.7043,63.9261,27.4571,99.6559
142.5000,0.0000,49.7158,64.0455,27.5378,99.6874
142.5500,0.0000,49.7194,64.1837,27.6235,99.7148
142.6000,0.0000,49.7144,64.3409,27.7134,99.7377
142.6500,0.0000,49.7001,64.5173,27.8068,99.7560
142.7000,0.0000,49.6760,64.7128,27.9030,99.7692
142.7500,0.0000,49.6415,64.9276,28.0013,99.7772
142.8000,0.0000,49.5960,65.1614,28.1011,99.7798
142.8500,0.0000,49.5393,65.4143,28.2018,99.7767
142.9000,0.0000,49.4709,65.6859,28.3029,99.7678
142.9500,0.0000,49.3905,65.9760,28.4039,99.7530
143.0000,0.0000,49.2979,66.2842,28.5044,99.7321
143.0500,0.0000,49.1931,66.6100,28.6040,99.7051
143.1000,0.0000,49.0757,66.9529,28.7025,99.6720
143.1500,0.0000,48.9460,67.3123,28.7994,99.6327
143.2000,0.0000,48.8038,67.6876,28.8947,99.5872
143.2500,0.0000,48.6493,68.0780,28.9880,99.5356
143.3000,0.0000,48.4826,68.4826,29.0793,99.4779
143.3500,0.0000,48.3040,68.9006,29.1685,99.4143
143.4000,0.0000,48.1139,69.3310,29.2555,99.3449
143.4500,0.0000,47.9125,69.7728,29.3403,99.2697
143.5000,0.0000,47.7003,70.2248,29.4231,99.1891
143.5500,0.0000,47.4777,70.6860,29.5037,99.1032
143.6000,0.0000,47.2448,71.1558,29.5821,99.0119
143.6500,0.0000,47.0017,71.6339,29.6583,98.9153
143.7000,0.0000,46.7482,72.1198,29.7320,98.8132
143.7500,0.0000,46.4846,72.6131,29.8033,98.7058
143.8000,0.0000,46.2108,73.1133,29.8720,98.5928
143.8500,0.0000,45.9272,73.6200,29.9383,98.4745
143.9000,0.0000,45.6337,74.1326,30.0020,98.3507
143.9500,0.0000,45.3306,74.6507,30.0634,98.2214
144.0000,0.0000,45.0182,75.1736,30.1224,98.0868
144.0500,0.0000,44.6967,75.7010,30.1790,97.9471
144.1000,0.0000,44.3671,76.2323,30.2333,97.8030
144.1500,0.0000,44.0305,76.7671,30.2852,97.6558
144.2000,0.0000,43.6876,77.3051,30.3345,97.5061
144.2500,0.0000,43.3393,77.8457,30.3813,97.3549
144.3000,0.0000,42.9865,78.3885,30.4256,97.2028
144.3500,0.0000,42.6296,78.9329,30.4675,97.0504
144.4000,0.0000,42.2694,79.4786,30.5072,96.8981
144.4500,0.0000,41.9065,80.0249,30.5448,96.7463
144.5000,0.0000,41.5412,80.5714,30.5805,96.5954
144.5500,0.0000,41.1742,81.1175,30.6147,96.4455
144.6000,0.0000,40.8057,81.6628,30.6477,96.2969
144.6500,0.0000,40.4361,82.2066,30.6798,96.1496
144.7000,0.0000,40.0659,82.7486,30.7115,96.0037
144.7500,0.0000,39.6952,83.2880,30.7431,95.8591
144.8000,0.0000,39.3244,83.8245,30.7753,95.7158
144.8500,0.0000,38.9536,84.3575,30.8085,95.5737
144.9000,0.0000,38.5832,84.8864,30.8434,95.4325
144.9500,0.0000,38.2133,85.4107,30.8807,95.2922
145.0000,0.0000,37.8442,85.9299,30.9210,95.1525
145.0500,0.0000,37.4759,86.4436,30.9649,95.0130
145.1000,0.0000,37.1083,86.9512,31.0126,94.8736
145.1500,0.0000,36.7414,87.4522,31.0638,94.7339
145.2000,0.0000,36.3750,87.9461,31.1186,94.5937
145.2500,0.0000,36.0088,88.4326,31.1768,94.4524
145.3000,0.0000,35.6427,88.9111,31.2383,94.3099
145.3500,0.0000,35.2764,89.3812,31.3030,94.1658
145.4000,0.0000,34.9097,89.8425,31.3709,94.0197
145.4500,0.0000,34.5424,90.2946,31.4418,93.8712
145.5000,0.0000,34.1742,90.7372,31.5155,93.7200
145.5500,0.0000,33.8049,91.1699,31.5920,93.5655
145.6000,0.0000,33.4341,91.5924,31.6708,93.4068
145.6500,0.0000,33.0616,92.0043,31.7516,93.2428
145.7000,0.0000,32.6872,92.4055,31.8339,93.0723
145.7500,0.0000,32.3104,92.7956,31.9174,92.8943
145.8000,0.0000,31.9311,93.1745,32.0017,92.7080
145.8500,0.0000,31.5489,93.5419,32.0865,92.5124
145.9000,0.0000,31.1635,93.8977,32.1714,92.3068
145.9500,0.0000,30.7746,94.2419,32.2559,92.0903
146.0000,0.0000,30.3819,94.5742,32.3399,91.8624
146.0500,0.0000,29.9851,94.8948,32.4228,91.6223
146.1000,0.0000,29.5838,95.2034,32.5045,91.3696
146.1500,0.0000,29.1778,95.5003,32.5846,91.1038
146.2000,0.0000,28.7666,95.7855,32.6627,90.8244
146.2500,0.0000,28.3501,96.0591,32.7385,90.5311
146.3000,0.0000,27.9277,96.3212,32.8117,90.2237
146.3500,0.0000,27.4992,96.5720,32.8820,89.9018
146.4000,0.0000,27.0641,96.8119,32.9490,89.5653
146.4500,0.0000,26.6222,97.0411,33.0126,89.2142
146.5000,0.0000,26.1730,97.2599,33.0722,88.8484
146.5500,0.0000,25.7163,97.4688,33.1278,88.4679
146.6000,0.0000,25.2524,97.6675,33.1792,88.0729
146.6500,0.0000,24.7818,97.8561,33.2264,87.6634
146.7000,0.0000,24.3051,98.0344,33.2696,87.2397
146.7500,0.0000,23.8228,98.2023,33.3087,86.8020
146.8000,0.0000,23.3355,98.3598,33.3438,86.3507
146.8500,0.0000,22.8439,98.5068,33.3750,85.8861
146.9000,0.0000,22.3487,98.6434,33.4026,85.4087
146.9500,0.0000,21.8505,98.7695,33.4265,84.9189
147.0000,0.0000,21.3501,98.8851,33.4470,84.4172
147.0500,0.0000,20.8482,98.9904,33.4643,83.9042
147.1000,0.0000,20.3453,99.0860,33.4786,83.3806
147.1500,0.0000,19.8420,99.1725,33.4902,82.8469
147.2000,0.0000,19.3389,99.2504,33.4994,82.3038
147.2500,0.0000,18.8365,99.3204,33.5063,81.7521
147.3000,0.0000,18.3355,99.3831,33.5115,81.1925
147.3500,0.0000,17.8366,99.4390,33.5153,80.6258
147.4000,0.0000,17.3405,99.4883,33.5180,80.0528
147.4500,0.0000,16.8478,99.5314,33.5201,79.4743
147.5000,0.0000,16.3593,99.5685,33.5221,78.8912
147.5500,0.0000,15.8758,99.5999,33.5245,78.3044
147.6000,0.0000,15.3980,99.6258,33.5278,77.7147
147.6500,0.0000,14.9267,99.6466,33.5326,77.1230
147.7000,0.0000,14.4627,99.6625,33.5395,76.5303
147.7500,0.0000,14.0067,99.6738,33.5491,75.9373
147.8000,0.0000,13.5596,99.6807,33.5623,75.3451
147.8500,0.0000,13.1220,99.6835,33.5796,74.7545
147.9000,0.0000,12.6947,99.6825,33.6019,74.1663
147.9500,0.0000,12.2786,99.6780,33.6301,73.5815
148.0000,0.0000,11.8742,99.6704,33.6649,73.0009
148.0500,0.0000,11.4823,99.6597,33.7073,72.4254
148.1000,0.0000,11.1035,99.6462,33.7573,71.8556
148.1500,0.0000,10.7385,99.6298,33.8152,71.2924
148.2000,0.0000,10.3879,99.6105,33.8809,70.7365
148.2500,0.0000,10.0522,99.5883,33.9547,70.1886
148.3000,0.0000,9.7318,99.5631,34.0364,69.6493
148.3500,0.0000,9.4273,99.5350,34.1263,69.1191
148.4000,0.0000,9.1390,99.5040,34.2236,68.5987
148.4500,0.0000,8.8672,99.4699,34.3280,68.0884
148.5000,0.0000,8.6122,99.4327,34.4389,67.5886
148.5500,0.0000,8.3739,99.3925,34.5557,67.0996
148.6000,0.0000,8.1521,99.3494,34.6781,66.6210
148.6500,0.0000,7.9462,99.3036,34.8055,66.1526
148.7000,0.0000,7.7555,99.2553,34.9376,65.6938
148.7500,0.0000,7.5794,99.2046,35.0739,65.2442
148.8000,0.0000,7.4171,99.1517,35.2140,64.8031
148.8500,0.0000,7.2678,99.0968,35.3577,64.3699
148.9000,0.0000,7.1306,99.0398,35.5046,63.9437
148.9500,0.0000,7.0043,98.9809,35.6545,63.5238
149.0000,0.0000,6.8879,98.9202,35.8070,63.1090
149.0500,0.0000,6.7803,98.8577,35.9619,62.6987
149.1000,0.0000,6.6811,98.7934,36.1190,62.2925
149.1500,0.0000,6.5901,98.7273,36.2782,61.8905
149.2000,0.0000,6.5072,98.6595,36.4392,61.4927
149.2500,0.0000,6.4323,98.5899,36.6020,61.0992
149.3000,0.0000,6.3652,98.5184,36.7665,60.7101
149.3500,0.0000,6.3059,98.4451,36.9326,60.3254
149.4000,0.0000,6.2540,98.3699,37.1003,59.9452
149.4500,0.0000,6.2097,98.2926,37.2696,59.5697
149.5000,0.0000,6.1726,98.2132,37.4405,59.1988
149.5500,0.0000,6.1428,98.1317,37.6130,58.8328
149.6000,0.0000,6.1199,98.0479,37.7868,58.4718
149.6500,0.0000,6.1037,97.9619,37.9617,58.1158
149.7000,0.0000,6.0939,97.8738,38.1371,57.7651
149.7500,0.0000,6.0902,97.7835,38.3130,57.4197
149.8000,0.0000,6.0928,97.6910,38.4888,57.0798
149.8500,0.0000,6.1023,97.5964,38.6643,56.7456
149.9000,0.0000,6.1194,97.4997,38.8392,56.4171
149.9500,0.0000,6.1448,97.4007,39.0131,56.0946
150.0000,0.0000,6.1789,97.2996,39.1859,55.7782
150.0500,0.0000,6.2223,97.1964,39.3573,55.4680
150.1000,0.0000,6.2758,97.0916,39.5278,55.1638
150.1500,0.0000,6.3402,96.9856,39.6979,54.8657
150.2000,0.0000,6.4161,96.8790,39.8680,54.5736
150.2500,0.0000,6.5042,96.7721,40.0387,54.2872
150.3000,0.0000,6.6049,96.6654,40.2102,54.0066
150.3500,0.0000,6.7185,96.5592,40.3830,53.7318
150.4000,0.0000,6.8454,96.4539,40.5574,53.4626
150.4500,0.0000,6.9855,96.3498,40.7337,53.1991
150.5000,0.0000,7.1391,96.2472,40.9122,52.9412
150.5500,0.0000,7.3059,96.1462,41.0930,52.6889
150.6000,0.0000,7.4859,96.0472,41.2764,52.4423
150.6500,0.0000,7.6788,95.9503,41.4626,52.2012
150.7000,0.0000,7.8841,95.8557,41.6517,51.9659
150.7500,0.0000,8.1015,95.7635,41.8439,51.7362
150.8000,0.0000,8.3304,95.6738,42.0392,51.5123
150.8500,0.0000,8.5701,95.5867,42.2377,51.2941
150.9000,0.0000,8.8200,95.5023,42.4396,51.0817
150.9500,0.0000,9.0791,95.4205,42.6447,50.8752
151.0000,0.0000,9.3465,95.3414,42.8533,50.6746
151.0500,0.0000,9.6214,95.2650,43.0652,50.4800
151.1000,0.0000,9.9035,95.1913,43.2806,50.2914
151.1500,0.0000,10.1926,95.1201,43.4993,50.1089
151.2000,0.0000,10.4883,95.0513,43.7214,49.9326
151.2500,0.0000,10.7904,94.9850,43.9469,49.7625
151.3000,0.0000,11.0986,94.9209,44.1757,49.5988
151.3500,0.0000,11.4126,94.8588,44.4077,49.4415
151.4000,0.0000,11.7321,94.7986,44.6431,49.2907
151.4500,0.0000,12.0567,94.7402,44.8816,49.1465
151.5000,0.0000,12.3861,94.6832,45.1233,49.0089
151.5500,0.0000,12.7199,94.6276,45.3683,48.8782
151.6000,0.0000,13.0578,94.5738,45.6169,48.7543
151.6500,0.0000,13.3995,94.5222,45.8697,48.6373
151.7000,0.0000,13.7445,94.4734,46.1272,48.5274
151.7500,0.0000,14.0926,94.4277,46.3897,48.4247
151.8000,0.0000,14.4434,94.3854,46.6579,48.3292
151.8500,0.0000,14.7966,94.3466,46.9319,48.2411
151.9000,0.0000,15.1519,94.3116,47.2124,48.1604
151.9500,0.0000,15.5090,94.2804,47.4996,48.0873
152.0000,0.0000,15.8678,94.2531,47.7939,48.0219
152.0500,0.0000,16.2279,94.2297,48.0958,47.9643
152.1000,0.0000,16.5892,94.2099,48.4056,47.9145
152.1500,0.0000,16.9516,94.1937,48.7236,47.8728
152.2000,0.0000,17.3149,94.1809,49.0503,47.8393
152.2500,0.0000,17.6791,94.1711,49.3859,47.8140
152.3000,0.0000,18.0441,94.1641,49.7310,47.7971
152.3500,0.0000,18.4099,94.1593,50.0859,47.7888
152.4000,0.0000,18.7767,94.1565,50.4509,47.7892
152.4500,0.0000,19.1445,94.1549,50.8266,47.7983
152.5000,0.0000,19.5136,94.1541,51.2133,47.8165
152.5500,0.0000,19.8841,94.1536,51.6113,47.8437
152.6000,0.0000,20.2555,94.1531,52.0204,47.8799
152.6500,0.0000,20.6273,94.1525,52.4402,47.9250
152.7000,0.0000,20.9990,94.1517,52.8702,47.9788
152.7500,0.0000,21.3700,94.1506,53.3098,48.0411
152.8000,0.0000,21.7399,94.1489,53.7585,48.1117
152.8500,0.0000,22.1082,94.1466,54.2159,48.1906
152.9000,0.0000,22.4744,94.1433,54.6813,48.2774
152.9500,0.0000,22.8383,94.1389,55.1542,48.3720
153.0000,0.0000,23.1994,94.1332,55.6339,48.4742
153.0500,0.0000,23.5574,94.1260,56.1200,48.5835
153.1000,0.0000,23.9124,94.1176,56.6122,48.6992
153.1500,0.0000,24.2642,94.1081,57.1104,48.8201
153.2000,0.0000,24.6131,94.0980,57.6144,48.9453
153.2500,0.0000,24.9589,94.0872,58.1240,49.0738
153.3000,0.0000,25.3019,94.0760,58.6390,49.2048
153.3500,0.0000,25.6422,94.0645,59.1590,49.3374
153.4000,0.0000,25.9800,94.0528,59.6837,49.4707
153.4500,0.0000,26.3154,94.0409,60.2127,49.6040
153.5000,0.0000,26.6489,94.0289,60.7455,49.7365
153.5500,0.0000,26.9806,94.0166,61.2818,49.8675
153.6000,0.0000,27.3110,94.0042,61.8209,49.9964
153.6500,0.0000,27.6405,93.9914,62.3625,50.1225
153.7000,0.0000,27.9695,93.9782,62.9059,50.2452
153.7500,0.0000,28.2987,93.9645,63.4505,50.3639
153.8000,0.0000,28.6285,93.9501,63.9959,50.4782
153.8500,0.0000,28.9597,93.9348,64.5412,50.5874
153.9000,0.0000,29.2930,93.9185,65.0859,50.6912
153.9500,0.0000,29.6292,93.9009,65.6294,50.7891
154.0000,0.0000,29.9692,93.8817,66.1709,50.8807
154.0500,0.0000,30.3136,93.8608,66.7097,50.9657
154.1000,0.0000,30.6617,93.8381,67.2448,51.0436
154.1500,0.0000,31.0126,93.8132,67.7752,51.1143
154.2000,0.0000,31.3654,93.7862,68.3006,51.1776
154.2500,0.0000,31.7190,93.7569,68.8209,51.2342
154.3000,0.0000,32.0727,93.7250,69.3363,51.2851
154.3500,0.0000,32.4256,93.6905,69.8466,51.3311
154.4000,0.0000,32.7767,93.6532,70.3520,51.3732
154.4500,0.0000,33.1253,93.6128,70.8524,51.4122
154.5000,0.0000,33.4704,93.5693,71.3477,51.4488
154.5500,0.0000,33.8114,93.5227,71.8380,51.4839
154.6000,0.0000,34.1479,93.4733,72.3228,51.5177
154.6500,0.0000,34.4797,93.4219,72.8019,51.5505
154.7000,0.0000,34.8065,93.3690,73.2751,51.5824
154.7500,0.0000,35.1279,93.3151,73.7420,51.6139
154.8000,0.0000,35.4438,93.2606,74.2023,51.6450
154.8500,0.0000,35.7538,93.2061,74.6559,51.6762
154.9000,0.0000,36.0575,93.1520,75.1024,51.7078
154.9500,0.0000,36.3547,93.0984,75.5417,51.7400
155.0000,0.0000,36.6450,93.0458,75.9736,51.7733
155.0500,0.0000,36.9280,92.9945,76.3979,51.8080
155.1000,0.0000,37.2035,92.9446,76.8144,51.8444
155.1500,0.0000,37.4711,92.8963,77.2231,51.8831
155.2000,0.0000,37.7304,92.8499,77.6238,51.9245
155.2500,0.0000,37.9811,92.8055,78.0164,51.9690
155.3000,0.0000,38.2228,92.7631,78.4009,52.0171
155.3500,0.0000,38.4552,92.7228,78.7773,52.0694
155.4000,0.0000,38.6780,92.6847,79.1456,52.1265
155.4500,0.0000,38.8907,92.6488,79.5057,52.1889
155.5000,0.0000,39.0931,92.6151,79.8578,52.2572
155.5500,0.0000,39.2848,92.5835,80.2019,52.3320
155.6000,0.0000,39.4655,92.5541,80.5379,52.4133
155.6500,0.0000,39.6350,92.5266,80.8655,52.5008
155.7000,0.0000,39.7928,92.5010,81.1847,52.5943
155.7500,0.0000,39.9387,92.4772,81.4953,52.6936
155.8000,0.0000,40.0724,92.4549,81.7971,52.7984
155.8500,0.0000,40.1937,92.4342,82.0902,52.9086
155.9000,0.0000,40.3022,92.4146,82.3743,53.0238
155.9500,0.0000,40.3978,92.3961,82.6495,53.1437
156.0000,0.0000,40.4802,92.3784,82.9155,53.2682
156.0500,0.0000,40.5494,92.3613,83.1725,53.3968
156.1000,0.0000,40.6055,92.3450,83.4203,53.5293
156.1500,0.0000,40.6490,92.3298,83.6590,53.6655
156.2000,0.0000,40.6801,92.3158,83.8886,53.8049
156.2500,0.0000,40.6993,92.3031,84.1090,53.9473
156.3000,0.0000,40.7068,92.2919,84.3203,54.0923
156.3500,0.0000,40.7030,92.2822,84.5225,54.2396
156.4000,0.0000,40.6882,92.2739,84.7157,54.3890
156.4500,0.0000,40.6627,92.2670,84.9001,54.5400
156.5000,0.0000,40.6267,92.2614,85.0755,54.6923
156.5500,0.0000,40.5807,92.2569,85.2423,54.8456
156.6000,0.0000,40.5249,92.2533,85.4005,54.9996
156.6500,0.0000,40.4597,92.2504,85.5502,55.1539
156.7000,0.0000,40.3853,92.2479,85.6917,55.3082
156.7500,0.0000,40.3020,92.2454,85.8250,55.4622
156.8000,0.0000,40.2103,92.2425,85.9503,55.6157
156.8500,0.0000,40.1105,92.2389,86.0679,55.7682
156.9000,0.0000,40.0029,92.2340,86.1779,55.9194
156.9500,0.0000,39.8879,92.2273,86.2806,56.0692
157.0000,0.0000,39.7659,92.2184,86.3762,56.2172
157.0500,0.0000,39.6372,92.2066,86.4649,56.3632
157.1000,0.0000,39.5021,92.1918,86.5470,56.5069
157.1500,0.0000,39.3606,92.1740,86.6229,56.6481
157.2000,0.0000,39.2129,92.1531,86.6927,56.7865
157.2500,0.0000,39.0591,92.1290,86.7567,56.9221
157.3000,0.0000,38.8995,92.1017,86.8153,57.0545
157.3500,0.0000,38.7340,92.0710,86.8688,57.1837
157.4000,0.0000,38.5629,92.0368,86.9174,57.3095
157.4500,0.0000,38.3864,91.9991,86.9616,57.4318
157.5000,0.0000,38.2046,91.9577,87.0016,57.5506
157.5500,0.0000,38.0177,91.9127,87.0378,57.6657
157.6000,0.0000,37.8260,91.8646,87.0706,57.7766
157.6500,0.0000,37.6296,91.8141,87.1002,57.8828
157.7000,0.0000,37.4287,91.7618,87.1271,57.9840
157.7500,0.0000,37.2237,91.7083,87.1517,58.0796
157.8000,0.0000,37.0147,91.6540,87.1742,58.1694
157.8500,0.0000,36.8020,91.5995,87.1951,58.2532
157.9000,0.0000,36.5860,91.5451,87.2147,58.3308
157.9500,0.0000,36.3669,91.4911,87.2334,58.4021
158.0000,0.0000,36.1451,91.4380,87.2516,58.4672
158.0500,0.0000,35.9208,91.3858,87.2697,58.5260
158.1000,0.0000,35.6945,91.3350,87.2880,58.5787
158.1500,0.0000,35.4666,91.2855,87.3068,58.6255
158.2000,0.0000,35.2374,91.2376,87.3267,58.6668
158.2500,0.0000,35.0074,91.1914,87.3478,58.7029
158.3000,0.0000,34.7771,91.1467,87.3706,58.7342
158.3500,0.0000,34.5468,91.1038,87.3954,58.7614
158.4000,0.0000,34.3172,91.0624,87.4225,58.7850
158.4500,0.0000,34.0886,91.0226,87.4524,58.8058
158.5000,0.0000,33.8618,90.9841,87.4852,58.8245
158.5500,0.0000,33.6371,90.9469,87.5213,58.8421
158.6000,0.0000,33.4147,90.9110,87.5610,58.8589
158.6500,0.0000,33.1945,90.8764,87.6046,58.8754
158.7000,0.0000,32.9765,90.8431,87.6523,58.8922
158.7500,0.0000,32.7607,90.8113,87.7044,58.9099
158.8000,0.0000,32.5472,90.7807,87.7611,58.9290
158.8500,0.0000,32.3357,90.7515,87.8226,58.9503
158.9000,0.0000,32.1263,90.7235,87.8891,58.9745
158.9500,0.0000,31.9189,90.6967,87.9609,59.0026
159.0000,0.0000,31.7134,90.6709,88.0379,59.0354
159.0500,0.0000,31.5098,90.6460,88.1205,59.0737
159.1000,0.0000,31.3079,90.6222,88.2085,59.1181
159.1500,0.0000,31.1075,90.5995,88.3022,59.1681
159.2000,0.0000,30.9086,90.5780,88.4015,59.2231
159.2500,0.0000,30.7110,90.5576,88.5065,59.2825
159.3000,0.0000,30.5146,90.5384,88.6171,59.3457
159.3500,0.0000,30.3191,90.5202,88.7333,59.4121
159.4000,0.0000,30.1243,90.5029,88.8550,59.4812
159.4500,0.0000,29.9300,90.4864,88.9821,59.5527
159.5000,0.0000,29.7360,90.4705,89.1143,59.6260
159.5500,0.0000,29.5419,90.4549,89.2515,59.7007
159.6000,0.0000,29.3476,90.4393,89.3934,59.7765
159.6500,0.0000,29.1526,90.4235,89.5397,59.8530
159.7000,0.0000,28.9566,90.4071,89.6901,59.9300
159.7500,0.0000,28.7594,90.3896,89.8442,60.0071
159.8000,0.0000,28.5604,90.3707,90.0016,60.0842
159.8500,0.0000,28.3593,90.3497,90.1617,60.1610
159.9000,0.0000,28.1557,90.3263,90.3240,60.2374
159.9500,0.0000,27.9490,90.3000,90.4880,60.3132
160.0000,0.0000,27.7387,90.2708,90.6529,60.3883
160.0500,0.0000,27.5244,90.2385,90.8183,60.4625
160.1000,0.0000,27.3061,90.2034,90.9840,60.5356
160.1500,0.0000,27.0837,90.1660,91.1502,60.6073
160.2000,0.0000,26.8572,90.1265,91.3170,60.6771
160.2500,0.0000,26.6268,90.0853,91.4844,60.7449
160.3000,0.0000,26.3924,90.0427,91.6526,60.8103
160.3500,0.0000,26.1540,89.9990,91.8216,60.8729
160.4000,0.0000,25.9116,89.9543,91.9914,60.9326
160.4500,0.0000,25.6654,89.9089,92.1622,60.9891
160.5000,0.0000,25.4152,89.8630,92.3338,61.0421
160.5500,0.0000,25.1612,89.8167,92.5063,61.0913
160.6000,0.0000,24.9041,89.7697,92.6797,61.1365
160.6500,0.0000,24.6448,89.7216,92.8540,61.1775
160.7000,0.0000,24.3839,89.6719,93.0291,61.2141
160.7500,0.0000,24.1221,89.6203,93.2050,61.2461
160.8000,0.0000,23.8601,89.5664,93.3815,61.2732
160.8500,0.0000,23.5984,89.5098,93.5585,61.2953
160.9000,0.0000,23.3376,89.4501,93.7360,61.3122
160.9500,0.0000,23.0780,89.3869,93.9138,61.3237
161.0000,0.0000,22.8202,89.3197,94.0916,61.3296
161.0500,0.0000,22.5645,89.2483,94.2693,61.3298
161.1000,0.0000,22.3111,89.1721,94.4467,61.3242
161.1500,0.0000,22.0605,89.0908,94.6236,61.3126
161.2000,0.0000,21.8127,89.0038,94.7995,61.2949
161.2500,0.0000,21.5679,88.9107,94.9743,61.2710
161.3000,0.0000,21.3263,88.8111,95.1476,61.2408
161.3500,0.0000,21.0879,88.7045,95.3190,61.2042
161.4000,0.0000,20.8527,88.5902,95.4881,61.1611
161.4500,0.0000,20.6207,88.4678,95.6545,61.1115
161.5000,0.0000,20.3918,88.3367,95.8178,61.0554
161.5500,0.0000,20.1662,88.1964,95.9775,60.9926
161.6000,0.0000,19.9445,88.0470,96.1335,60.9231
161.6500,0.0000,19.7274,87.8889,96.2861,60.8470
161.7000,0.0000,19.5153,87.7222,96.4351,60.7643
161.7500,0.0000,19.3088,87.5473,96.5807,60.6750
161.8000,0.0000,19.1084,87.3644,96.7230,60.5791
161.8500,0.0000,18.9145,87.1740,96.8619,60.4767
161.9000,0.0000,18.7277,86.9763,96.9975,60.3679
161.9500,0.0000,18.5481,86.7717,97.1299,60.2528
162.0000,0.0000,18.3764,86.5605,97.2591,60.1314
162.0500,0.0000,18.2128,86.3429,97.3851,60.0040
162.1000,0.0000,18.0581,86.1186,97.5074,59.8708
162.1500,0.0000,17.9133,85.8872,97.6255,59.7318
162.2000,0.0000,17.7789,85.6483,97.7390,59.5873
162.2500,0.0000,17.6558,85.4015,97.8475,59.4376
162.3000,0.0000,17.5444,85.1465,97.9505,59.2829
162.3500,0.0000,17.4455,84.8832,98.0476,59.1235
162.4000,0.0000,17.3594,84.6113,98.1386,58.9598
162.4500,0.0000,17.2867,84.3306,98.2229,58.7920
162.5000,0.0000,17.2277,84.0410,98.3005,58.6206
162.5500,0.0000,17.1827,83.7423,98.3709,58.4460
162.6000,0.0000,17.1520,83.4344,98.4339,58.2687
162.6500,0.0000,17.1359,83.1173,98.4892,58.0891
162.7000,0.0000,17.1345,82.7909,98.5366,57.9078
162.7500,0.0000,17.1478,82.4552,98.5759,57.7253
162.8000,0.0000,17.1760,82.1102,98.6068,57.5423
162.8500,0.0000,17.2190,81.7557,98.6293,57.3593
162.9000,0.0000,17.2768,81.3918,98.6431,57.1772
162.9500,0.0000,17.3493,81.0185,98.6480,56.9966
163.0000,0.0000,17.4362,80.6357,98.6440,56.8183
163.0500,0.0000,17.5374,80.2435,98.6309,56.6430
163.1000,0.0000,17.6529,79.8424,98.6092,56.4709
163.1500,0.0000,17.7826,79.4329,98.5789,56.3019
163.2000,0.0000,17.9265,79.0157,98.5399,56.1360
163.2500,0.0000,18.0845,78.5913,98.4923,55.9733
163.3000,0.0000,18.2564,78.1604,98.4360,55.8137
163.3500,0.0000,18.4421,77.7236,98.3709,55.6573
163.4000,0.0000,18.6415,77.2816,98.2971,55.5040
163.4500,0.0000,18.8542,76.8350,98.2146,55.3538
163.5000,0.0000,19.0799,76.3845,98.1234,55.2067
163.5500,0.0000,19.3186,75.9307,98.0238,55.0628
163.6000,0.0000,19.5699,75.4743,97.9164,54.9221
163.6500,0.0000,19.8339,75.0159,97.8017,54.7846
163.7000,0.0000,20.1103,74.5562,97.6804,54.6503
163.7500,0.0000,20.3989,74.0958,97.5532,54.5192
163.8000,0.0000,20.6996,73.6353,97.4206,54.3915
163.8500,0.0000,21.0119,73.1753,97.2833,54.2671
163.9000,0.0000,21.3355,72.7165,97.1420,54.1461
163.9500,0.0000,21.6700,72.2593,96.9971,54.0287
164.0000,0.0000,22.0150,71.8042,96.8493,53.9148
164.0500,0.0000,22.3700,71.3519,96.6992,53.8046
164.1000,0.0000,22.7343,70.9027,96.5474,53.6982
164.1500,0.0000,23.1074,70.4571,96.3944,53.5958
164.2000,0.0000,23.4887,70.0155,96.2408,53.4974
164.2500,0.0000,23.8774,69.5782,96.0872,53.4033
164.3000,0.0000,24.2728,69.1456,95.9341,53.3136
164.3500,0.0000,24.6742,68.7180,95.7822,53.2285
164.4000,0.0000,25.0805,68.2954,95.6319,53.1482
164.4500,0.0000,25.4911,67.8782,95.4839,53.0730
164.5000,0.0000,25.9048,67.4665,95.3387,53.0032
164.5500,0.0000,26.3209,67.0603,95.1968,52.9389
164.6000,0.0000,26.7388,66.6605,95.0585,52.8800
164.6500,0.0000,27.1580,66.2679,94.9242,52.8261
164.7000,0.0000,27.5781,65.8833,94.7939,52.7770
164.7500,0.0000,27.9986,65.5077,94.6680,52.7324
164.8000,0.0000,28.4189,65.1418,94.5466,52.6919
164.8500,0.0000,28.8385,64.7864,94.4300,52.6552
164.9000,0.0000,29.2570,64.4422,94.3183,52.6221
164.9500,0.0000,29.6737,64.1102,94.2116,52.5921
165.0000,0.0000,30.0882,63.7908,94.1102,52.5650
165.0500,0.0000,30.5000,63.4848,94.0142,52.5405
165.1000,0.0000,30.9092,63.1921,93.9236,52.5183
165.1500,0.0000,31.3161,62.9125,93.8386,52.4986
165.2000,0.0000,31.7207,62.6459,93.7593,52.4810
165.2500,0.0000,32.1232,62.3922,93.6857,52.4656
165.3000,0.0000,32.5236,62.1512,93.6180,52.4522
165.3500,0.0000,32.9218,61.9230,93.5561,52.4406
165.4000,0.0000,33.3177,61.7072,93.5002,52.4306
165.4500,0.0000,33.7113,61.5039,93.4503,52.4221
165.5000,0.0000,34.1024,61.3130,93.4063,52.4149
165.5500,0.0000,34.4906,61.1342,93.3684,52.4087
165.6000,0.0000,34.8756,60.9676,93.3364,52.4033
165.6500,0.0000,35.2573,60.8129,93.3104,52.3985
165.7000,0.0000,35.6350,60.6701,93.2904,52.3941
165.7500,0.0000,36.0085,60.5389,93.2763,52.3898
165.8000,0.0000,36.3772,60.4191,93.2680,52.3854
165.8500,0.0000,36.7406,60.3106,93.2656,52.3805
165.9000,0.0000,37.0980,60.2131,93.2690,52.3750
165.9500,0.0000,37.4489,60.1263,93.2781,52.3685
166.0000,0.0000,37.7926,60.0498,93.2928,52.3609
166.0500,0.0000,38.1285,59.9836,93.3130,52.3517
166.1000,0.0000,38.4563,59.9276,93.3386,52.3409
166.1500,0.0000,38.7758,59.8821,93.3696,52.3280
166.2000,0.0000,39.0869,59.8472,93.4058,52.3129
166.2500,0.0000,39.3894,59.8231,93.4471,52.2954
166.3000,0.0000,39.6831,59.8101,93.4933,52.2750
166.3500,0.0000,39.9678,59.8082,93.5444,52.2517
166.4000,0.0000,40.2433,59.8175,93.6001,52.2252
166.4500,0.0000,40.5094,59.8382,93.6604,52.1952
166.5000,0.0000,40.7660,59.8703,93.7250,52.1616
166.5500,0.0000,41.0128,59.9139,93.7939,52.1242
166.6000,0.0000,41.2501,59.9684,93.8668,52.0831
166.6500,0.0000,41.4777,60.0335,93.9435,52.0383
166.7000,0.0000,41.6959,60.1084,94.0240,51.9900
166.7500,0.0000,41.9047,60.1928,94.1079,51.9383
166.8000,0.0000,42.1041,60.2861,94.1952,51.8833
166.8500,0.0000,42.2941,60.3878,94.2856,51.8250
166.9000,0.0000,42.4749,60.4973,94.3789,51.7637
166.9500,0.0000,42.6465,60.6141,94.4749,51.6995
167.0000,0.0000,42.8088,60.7376,94.5735,51.6325
167.0500,0.0000,42.9620,60.8672,94.6743,51.5628
167.1000,0.0000,43.1060,61.0024,94.7772,51.4907
167.1500,0.0000,43.2410,61.1426,94.8820,51.4163
167.2000,0.0000,43.3668,61.2870,94.9884,51.3399
167.2500,0.0000,43.4836,61.4350,95.0963,51.2617
167.3000,0.0000,43.5914,61.5859,95.2053,51.1820
167.3500,0.0000,43.6901,61.7390,95.3153,51.1010
167.4000,0.0000,43.7800,61.8935,95.4261,51.0190
167.4500,0.0000,43.8609,62.0486,95.5374,50.9365
167.5000,0.0000,43.9330,62.2034,95.6489,50.8538
167.5500,0.0000,43.9962,62.3572,95.7605,50.7712
167.6000,0.0000,44.0508,62.5099,95.8719,50.6886
167.6500,0.0000,44.0966,62.6613,95.9828,50.6060
167.7000,0.0000,44.1339,62.8115,96.0931,50.5231
167.7500,0.0000,44.1626,62.9604,96.2025,50.4399
167.8000,0.0000,44.1829,63.1081,96.3107,50.3562
167.8500,0.0000,44.1949,63.2544,96.4176,50.2719
167.9000,0.0000,44.1987,63.3994,96.5229,50.1868
167.9500,0.0000,44.1944,63.5431,96.6263,50.1009
168.0000,0.0000,44.1821,63.6854,96.7277,50.0141
168.0500,0.0000,44.1621,63.8263,96.8268,49.9262
168.1000,0.0000,44.1352,63.9655,96.9236,49.8367
168.1500,0.0000,44.1024,64.1028,97.0182,49.7450
168.2000,0.0000,44.0646,64.2379,97.1106,49.6505
168.2500,0.0000,44.0227,64.3705,97.2008,49.5528
168.3000,0.0000,43.9774,64.5004,97.2888,49.4514
168.3500,0.0000,43.9297,64.6274,97.3745,49.3460
168.4000,0.0000,43.8802,64.7512,97.4581,49.2362
168.4500,0.0000,43.8296,64.8717,97.5393,49.1217
168.5000,0.0000,43.7787,64.9887,97.6181,49.0023
168.5500,0.0000,43.7281,65.1018,97.6946,48.8777
168.6000,0.0000,43.6785,65.2111,97.7686,48.7480
168.6500,0.0000,43.6305,65.3162,97.8400,48.6129
168.7000,0.0000,43.5845,65.4171,97.9088,48.4724
168.7500,0.0000,43.5413,65.5135,97.9748,48.3266
168.8000,0.0000,43.5006,65.6053,98.0380,48.1756
168.8500,0.0000,43.4621,65.6923,98.0983,48.0193
168.9000,0.0000,43.4253,65.7744,98.1555,47.8581
168.9500,0.0000,43.3899,65.8515,98.2095,47.6921
169.0000,0.0000,43.3553,65.9234,98.2602,47.5216
169.0500,0.0000,43.3212,65.9899,98.3075,47.3469
169.1000,0.0000,43.2874,66.0513,98.3513,47.1678
169.1500,0.0000,43.2533,66.1077,98.3914,46.9842
169.2000,0.0000,43.2188,66.1593,98.4277,46.7959
169.2500,0.0000,43.1834,66.2063,98.4601,46.6027
169.3000,0.0000,43.1470,66.2490,98.4884,46.4045
169.3500,0.0000,43.1092,66.2876,98.5125,46.2013
169.4000,0.0000,43.0697,66.3224,98.5323,45.9929
169.4500,0.0000,43.0283,66.3538,98.5476,45.7792
169.5000,0.0000,42.9847,66.3820,98.5584,45.5602
169.5500,0.0000,42.9388,66.4074,98.5645,45.3359
169.6000,0.0000,42.8908,66.4301,98.5660,45.1065
169.6500,0.0000,42.8410,66.4503,98.5631,44.8723
169.7000,0.0000,42.7896,66.4681,98.5559,44.6334
169.7500,0.0000,42.7369,66.4838,98.5446,44.3902
169.8000,0.0000,42.6830,66.4977,98.5293,44.1429
169.8500,0.0000,42.6280,66.5101,98.5099,43.8917
169.9000,0.0000,42.5722,66.5213,98.4868,43.6369
169.9500,0.0000,42.5155,66.5318,98.4598,43.3788
170.0000,0.0000,42.4580,66.5420,98.4292,43.1175
170.0500,0.0000,42.3997,66.5524,98.3949,42.8534
170.1000,0.0000,42.3406,66.5635,98.3571,42.5866
170.1500,0.0000,42.2806,66.5758,98.3157,42.3174
170.2000,0.0000,42.2194,66.5892,98.2710,42.0460
170.2500,0.0000,42.1570,66.6041,98.2228,41.7727
170.3000,0.0000,42.0932,66.6205,98.1713,41.4977
170.3500,0.0000,42.0276,66.6389,98.1166,41.2213
170.4000,0.0000,41.9598,66.6594,98.0586,40.9436
170.4500,0.0000,41.8896,66.6825,97.9975,40.6649
170.5000,0.0000,41.8165,66.7085,97.9333,40.3855
170.5500,0.0000,41.7401,66.7377,97.8660,40.1055
170.6000,0.0000,41.6606,66.7702,97.7957,39.8252
170.6500,0.0000,41.5784,66.8059,97.7226,39.5448
170.7000,0.0000,41.4937,66.8447,97.6466,39.2645
170.7500,0.0000,41.4068,66.8864,97.5679,38.9846
170.8000,0.0000,41.3181,66.9311,97.4865,38.7052
170.8500,0.0000,41.2278,66.9787,97.4026,38.4266
170.9000,0.0000,41.1362,67.0292,97.3162,38.1490
170.9500,0.0000,41.0435,67.0826,97.2274,37.8726
171.0000,0.0000,40.9499,67.1388,97.1364,37.5976
171.0500,0.0000,40.8557,67.1980,97.0433,37.3242
171.1000,0.0000,40.7614,67.2601,96.9483,37.0520
171.1500,0.0000,40.6673,67.3253,96.8515,36.7807
171.2000,0.0000,40.5739,67.3935,96.7531,36.5101
171.2500,0.0000,40.4815,67.4649,96.6532,36.2399
171.3000,0.0000,40.3904,67.5397,96.5521,35.9698
171.3500,0.0000,40.3009,67.6179,96.4500,35.6996
171.4000,0.0000,40.2132,67.6997,96.3470,35.4291
171.4500,0.0000,40.1275,67.7853,96.2436,35.1583
171.5000,0.0000,40.0440,67.8750,96.1398,34.8869
171.5500,0.0000,39.9627,67.9689,96.0360,34.6148
171.6000,0.0000,39.8837,68.0673,95.9325,34.3420
171.6500,0.0000,39.8069,68.1705,95.8296,34.0683
171.7000,0.0000,39.7324,68.2789,95.7277,33.7938
171.7500,0.0000,39.6600,68.3928,95.6270,33.5184
171.8000,0.0000,39.5894,68.5126,95.5280,33.2421
171.8500,0.0000,39.5206,68.6386,95.4311,32.9649
171.9000,0.0000,39.4533,68.7714,95.3366,32.6868
171.9500,0.0000,39.3869,68.9115,95.2451,32.4079
172.0000,0.0000,39.3213,69.0593,95.1570,32.1282
172.0500,0.0000,39.2559,69.2153,95.0727,31.8478
172.1000,0.0000,39.1908,69.3794,94.9922,31.5667
172.1500,0.0000,39.1260,69.5512,94.9154,31.2852
172.2000,0.0000,39.0614,69.7304,94.8422,31.0032
172.2500,0.0000,38.9971,69.9168,94.7725,30.7210
172.3000,0.0000,38.9328,70.1100,94.7062,30.4385
172.3500,0.0000,38.8686,70.3096,94.6431,30.1561
172.4000,0.0000,38.8042,70.5154,94.5831,29.8737
172.4500,0.0000,38.7394,70.7269,94.5260,29.5917
172.5000,0.0000,38.6740,70.9438,94.4716,29.3100
172.5500,0.0000,38.6078,71.1657,94.4197,29.0288
172.6000,0.0000,38.5405,71.3916,94.3693,28.7475
172.6500,0.0000,38.4722,71.6208,94.3195,28.4656
172.7000,0.0000,38.4025,71.8522,94.2691,28.1823
172.7500,0.0000,38.3313,72.0851,94.2174,27.8974
172.8000,0.0000,38.2583,72.3187,94.1633,27.6102
172.8500,0.0000,38.1829,72.5521,94.1061,27.3203
172.9000,0.0000,38.1048,72.7845,94.0448,27.0274
172.9500,0.0000,38.0234,73.0152,93.9787,26.7312
173.0000,0.0000,37.9380,73.2435,93.9068,26.4313
173.0500,0.0000,37.8484,73.4687,93.8286,26.1276
173.1000,0.0000,37.7551,73.6901,93.7430,25.8197
173.1500,0.0000,37.6594,73.9071,93.6495,25.5075
173.2000,0.0000,37.5621,74.1190,93.5473,25.1908
173.2500,0.0000,37.4641,74.3254,93.4357,24.8697
173.3000,0.0000,37.3661,74.5255,93.3140,24.5448
173.3500,0.0000,37.2687,74.7189,93.1814,24.2170
173.4000,0.0000,37.1725,74.9051,93.0373,23.8871
173.4500,0.0000,37.0778,75.0836,92.8810,23.5562
173.5000,0.0000,36.9850,75.2540,92.7119,23.2248
173.5500,0.0000,36.8944,75.4158,92.5293,22.8940
173.6000,0.0000,36.8062,75.5686,92.3331,22.5645
173.6500,0.0000,36.7209,75.7121,92.1233,22.2370
173.7000,0.0000,36.6386,75.8460,91.8997,21.9123
173.7500,0.0000,36.5596,75.9699,91.6626,21.5910
173.8000,0.0000,36.4841,76.0837,91.4119,21.2739
173.8500,0.0000,36.4120,76.1870,91.1477,20.9616
173.9000,0.0000,36.3433,76.2797,90.8701,20.6547
173.9500,0.0000,36.2779,76.3616,90.5792,20.3538
174.0000,0.0000,36.2158,76.4326,90.2753,20.0594
174.0500,0.0000,36.1568,76.4924,89.9586,19.7720
174.1000,0.0000,36.1010,76.5403,89.6288,19.4916
174.1500,0.0000,36.0488,76.5755,89.2862,19.2182
174.2000,0.0000,36.0003,76.5972,88.9307,18.9516
174.2500,0.0000,35.9554,76.6049,88.5623,18.6918
174.3000,0.0000,35.9141,76.5980,88.1813,18.4387
174.3500,0.0000,35.8763,76.5760,87.7876,18.1922
174.4000,0.0000,35.8418,76.5386,87.3816,17.9523
174.4500,0.0000,35.8104,76.4854,86.9633,17.7189
174.5000,0.0000,35.7816,76.4163,86.5331,17.4918
174.5500,0.0000,35.7551,76.3312,86.0913,17.2709
174.6000,0.0000,35.7304,76.2300,85.6380,17.0562
174.6500,0.0000,35.7069,76.1128,85.1738,16.8474
174.7000,0.0000,35.6839,75.9798,84.6988,16.6445
174.7500,0.0000,35.6610,75.8312,84.2136,16.4473
174.8000,0.0000,35.6372,75.6672,83.7184,16.2555
174.8500,0.0000,35.6118,75.4884,83.2138,16.0691
174.9000,0.0000,35.5840,75.2953,82.7003,15.8877
174.9500,0.0000,35.5528,75.0883,82.1782,15.7112
175.0000,0.0000,35.5173,74.8683,81.6480,15.5393
175.0500,0.0000,35.4767,74.6358,81.1104,15.3719
175.1000,0.0000,35.4305,74.3909,80.5658,15.2087
175.1500,0.0000,35.3788,74.1337,80.0148,15.0499
175.2000,0.0000,35.3213,73.8642,79.4579,14.8955
175.2500,0.0000,35.2579,73.5824,78.8957,14.7454
175.3000,0.0000,35.1885,73.2886,78.3288,14.5997
175.3500,0.0000,35.1129,72.9828,77.7577,14.4582
175.4000,0.0000,35.0311,72.6652,77.1832,14.3210
175.4500,0.0000,34.9431,72.3361,76.6058,14.1881
175.5000,0.0000,34.8487,71.9958,76.0262,14.0594
175.5500,0.0000,34.7481,71.6443,75.4449,13.9348
175.6000,0.0000,34.6415,71.2817,74.8623,13.8140
175.6500,0.0000,34.5292,70.9077,74.2789,13.6968
175.7000,0.0000,34.4115,70.5222,73.6949,13.5827
175.7500,0.0000,34.2889,70.1252,73.1109,13.4715
175.8000,0.0000,34.1616,69.7168,72.5273,13.3629
175.8500,0.0000,34.0301,69.2970,71.9445,13.2566
175.9000,0.0000,33.8949,68.8659,71.3629,13.1523
175.9500,0.0000,33.7565,68.4239,70.7832,13.0498
176.0000,0.0000,33.6152,67.9712,70.2056,12.9486
176.0500,0.0000,33.4718,67.5081,69.6308,12.8487
176.1000,0.0000,33.3267,67.0350,69.0592,12.7498
176.1500,0.0000,33.1806,66.5524,68.4914,12.6515
176.2000,0.0000,33.0342,66.0609,67.9278,12.5536
176.2500,0.0000,32.8882,65.5609,67.3690,12.4559
176.3000,0.0000,32.7434,65.0531,66.8154,12.3582
176.3500,0.0000,32.6006,64.5383,66.2677,12.2602
176.4000,0.0000,32.4607,64.0171,65.7264,12.1616
176.4500,0.0000,32.3247,63.4903,65.1918,12.0624
176.5000,0.0000,32.1933,62.9589,64.6647,11.9621
176.5500,0.0000,32.0666,62.4235,64.1453,11.8608
176.6000,0.0000,31.9445,61.8848,63.6344,11.7583
176.6500,0.0000,31.8270,61.3431,63.1324,11.6549
176.7000,0.0000,31.7140,60.7987,62.6396,11.5506
176.7500,0.0000,31.6054,60.2522,62.1568,11.4456
176.8000,0.0000,31.5012,59.7039,61.6842,11.3402
176.8500,0.0000,31.4012,59.1544,61.2224,11.2344
176.9000,0.0000,31.3053,58.6041,60.7718,11.1285
176.9500,0.0000,31.2134,58.0535,60.3327,11.0228
177.0000,0.0000,31.1253,57.5031,59.9058,10.9176
177.0500,0.0000,31.0409,56.9533,59.4911,10.8132
177.1000,0.0000,30.9605,56.4046,59.0887,10.7099
177.1500,0.0000,30.8844,55.8570,58.6984,10.6081
177.2000,0.0000,30.8128,55.3111,58.3200,10.5082
177.2500,0.0000,30.7460,54.7670,57.9534,10.4106
177.3000,0.0000,30.6840,54.2251,57.5983,10.3158
177.3500,0.0000,30.6270,53.6859,57.2548,10.2244
177.4000,0.0000,30.5750,53.1497,56.9227,10.1368
177.4500,0.0000,30.5280,52.6169,56.6018,10.0536
177.5000,0.0000,30.4858,52.0880,56.2920,9.9755
177.5500,0.0000,30.4484,51.5635,55.9932,9.9031
177.6000,0.0000,30.4155,51.0439,55.7052,9.8370
177.6500,0.0000,30.3868,50.5296,55.4280,9.7781
177.7000,0.0000,30.3621,50.0211,55.1614,9.7270
177.7500,0.0000,30.3410,49.5191,54.9052,9.6847
177.8000,0.0000,30.3229,49.0241,54.6593,9.6520
177.8500,0.0000,30.3075,48.5367,54.4235,9.6297
177.9000,0.0000,30.2941,48.0574,54.1976,9.6189
177.9500,0.0000,30.2820,47.5869,53.9814,9.6206
178.0000,0.0000,30.2707,47.1259,53.7747,9.6358
178.0500,0.0000,30.2595,46.6748,53.5774,9.6656
178.1000,0.0000,30.2482,46.2342,53.3894,9.7106
178.1500,0.0000,30.2369,45.8044,53.2110,9.7714
178.2000,0.0000,30.2257,45.3857,53.0427,9.8487
178.2500,0.0000,30.2145,44.9786,52.8850,9.9431
178.3000,0.0000,30.2034,44.5833,52.7384,10.0552
178.3500,0.0000,30.1922,44.2002,52.6031,10.1855
178.4000,0.0000,30.1811,43.8297,52.4796,10.3337
178.4500,0.0000,30.1698,43.4721,52.3683,10.4994
178.5000,0.0000,30.1584,43.1277,52.2694,10.6825
178.5500,0.0000,30.1467,42.7967,52.1833,10.8825
178.6000,0.0000,30.1350,42.4785,52.1104,11.0996
178.6500,0.0000,30.1233,42.1725,52.0511,11.3337
178.7000,0.0000,30.1118,41.8782,52.0056,11.5847
178.7500,0.0000,30.1004,41.5950,51.9744,11.8525
178.8000,0.0000,30.0894,41.3229,51.9576,12.1371
178.8500,0.0000,30.0785,41.0614,51.9555,12.4382
178.9000,0.0000,30.0679,40.8106,51.9683,12.7555
178.9500,0.0000,30.0575,40.5703,51.9961,13.0888
179.0000,0.0000,30.0471,40.3407,52.0390,13.4378
179.0500,0.0000,30.0366,40.1219,52.0972,13.8020
179.1000,0.0000,30.0258,39.9140,52.1705,14.1811
179.1500,0.0000,30.0146,39.7174,52.2591,14.5745
179.2000,0.0000,30.0027,39.5323,52.3629,14.9818
179.2500,0.0000,29.9898,39.3591,52.4817,15.4025
179.3000,0.0000,29.9756,39.1983,52.6154,15.8359
179.3500,0.0000,29.9598,39.0502,52.7640,16.2814
179.4000,0.0000,29.9419,38.9155,52.9271,16.7384
179.4500,0.0000,29.9216,38.7945,53.1045,17.2061
179.5000,0.0000,29.8983,38.6880,53.2959,17.6839
179.5500,0.0000,29.8717,38.5965,53.5010,18.1710
179.6000,0.0000,29.8418,38.5202,53.7197,18.6669
179.6500,0.0000,29.8085,38.4596,53.9520,19.1710
179.7000,0.0000,29.7719,38.4150,54.1976,19.6829
179.7500,0.0000,29.7321,38.3867,54.4565,20.2020
179.8000,0.0000,29.6891,38.3750,54.7284,20.7278
179.8500,0.0000,29.6428,38.3802,55.0132,21.2596
179.9000,0.0000,29.5934,38.4025,55.3107,21.7971
179.9500,0.0000,29.5409,38.4424,55.6206,22.3395
180.0000,0.0000,29.4852,38.4999,55.9427,22.8863
180.0500,0.0000,29.4263,38.5752,56.2768,23.4371
180.1000,0.0000,29.3644,38.6678,56.6226,23.9915
180.1500,0.0000,29.2992,38.7770,56.9797,24.5492
180.2000,0.0000,29.2310,38.9023,57.3479,25.1099
180.2500,0.0000,29.1595,39.0430,57.7268,25.6733
180.3000,0.0000,29.0849,39.1987,58.1161,26.2391
180.3500,0.0000,29.0070,39.3686,58.5155,26.8071
180.4000,0.0000,28.9259,39.5524,58.9245,27.3767
180.4500,0.0000,28.8415,39.7494,59.3429,27.9479
180.5000,0.0000,28.7537,39.9590,59.7701,28.5202
180.5500,0.0000,28.6625,40.1808,60.2059,29.0933
180.6000,0.0000,28.5679,40.4141,60.6498,29.6670
180.6500,0.0000,28.4696,40.6585,61.1014,30.2410
180.7000,0.0000,28.3677,40.9133,61.5602,30.8150
180.7500,0.0000,28.2621,41.1781,62.0260,31.3889
180.8000,0.0000,28.1526,41.4522,62.4981,31.9622
180.8500,0.0000,28.0391,41.7350,62.9763,32.5350
180.9000,0.0000,27.9214,42.0260,63.4600,33.1069
180.9500,0.0000,27.7995,42.3246,63.9489,33.6779
181.0000,0.0000,27.6731,42.6301,64.4425,34.2477
181.0500,0.0000,27.5422,42.9420,64.9404,34.8164
181.1000,0.0000,27.4067,43.2596,65.4422,35.3832
181.1500,0.0000,27.2668,43.5823,65.9473,35.9477
181.2000,0.0000,27.1226,43.9095,66.4555,36.5091
181.2500,0.0000,26.9742,44.2405,66.9664,37.0668
181.3000,0.0000,26.8217,44.5745,67.4794,37.6202
181.3500,0.0000,26.6651,44.9111,67.9943,38.1688
181.4000,0.0000,26.5046,45.2494,68.5106,38.7120
181.4500,0.0000,26.3403,45.5889,69.0280,39.2492
181.5000,0.0000,26.1723,45.9287,69.5462,39.7798
181.5500,0.0000,26.0006,46.2683,70.0646,40.3034
181.6000,0.0000,25.8253,46.6066,70.5823,40.8204
181.6500,0.0000,25.6465,46.9428,71.0982,41.3309
181.7000,0.0000,25.4643,47.2758,71.6112,41.8353
181.7500,0.0000,25.2788,47.6048,72.1205,42.3338
181.8000,0.0000,25.0899,47.9290,72.6251,42.8267
181.8500,0.0000,24.8978,48.2474,73.1243,43.3143
181.9000,0.0000,24.7025,48.5593,73.6173,43.7967
181.9500,0.0000,24.5039,48.8638,74.1035,44.2743
182.0000,0.0000,24.3022,49.1603,74.5823,44.7471
182.0500,0.0000,24.0973,49.4479,75.0532,45.2156
182.1000,0.0000,23.8892,49.7263,75.5158,45.6798
182.1500,0.0000,23.6778,49.9961,75.9696,46.1401
182.2000,0.0000,23.4632,50.2576,76.4145,46.5967
182.2500,0.0000,23.2452,50.5115,76.8502,47.0499
182.3000,0.0000,23.0239,50.7583,77.2766,47.4999
182.3500,0.0000,22.7990,50.9985,77.6937,47.9471
182.4000,0.0000,22.5704,51.2326,78.1015,48.3918
182.4500,0.0000,22.3381,51.4613,78.5000,48.8345
182.5000,0.0000,22.1019,51.6852,78.8896,49.2754
182.5500,0.0000,21.8615,51.9047,79.2703,49.7149
182.6000,0.0000,21.6171,52.1201,79.6417,50.1526
182.6500,0.0000,21.3687,52.3315,80.0034,50.5883
182.7000,0.0000,21.1164,52.5388,80.3549,51.0215
182.7500,0.0000,20.8603,52.7424,80.6957,51.4516
182.8000,0.0000,20.6005,52.9422,81.0255,51.8783
182.8500,0.0000,20.3374,53.1386,81.3439,52.3012
182.9000,0.0000,20.0711,53.3317,81.6505,52.7197
182.9500,0.0000,19.8018,53.5217,81.9450,53.1335
183.0000,0.0000,19.5297,53.7091,82.2272,53.5421
183.0500,0.0000,19.2552,53.8940,82.4967,53.9451
183.1000,0.0000,18.9783,54.0762,82.7529,54.3424
183.1500,0.0000,18.6992,54.2554,82.9950,54.7338
183.2000,0.0000,18.4182,54.4315,83.2224,55.1191
183.2500,0.0000,18.1353,54.6046,83.4345,55.4982
183.3000,0.0000,17.8507,54.7748,83.6309,55.8710
183.3500,0.0000,17.5646,54.9423,83.8109,56.2372
183.4000,0.0000,17.2770,55.1076,83.9744,56.5968
183.4500,0.0000,16.9882,55.2714,84.1209,56.9497
183.5000,0.0000,16.6980,55.4346,84.2501,57.2956
183.5500,0.0000,16.4067,55.5977,84.3620,57.6346
183.6000,0.0000,16.1142,55.7611,84.4562,57.9665
183.6500,0.0000,15.8206,55.9247,84.5328,58.2911
183.7000,0.0000,15.5259,56.0886,84.5917,58.6086
183.7500,0.0000,15.2300,56.2530,84.6329,58.9188
183.8000,0.0000,14.9329,56.4178,84.6566,59.2218
183.8500,0.0000,14.6345,56.5835,84.6628,59.5175
183.9000,0.0000,14.3346,56.7503,84.6519,59.8060
183.9500,0.0000,14.0333,56.9186,84.6240,60.0874
184.0000,0.0000,13.7301,57.0887,84.5794,60.3618
184.0500,0.0000,13.4252,57.2610,84.5187,60.6292
184.1000,0.0000,13.1187,57.4353,84.4418,60.8894
184.1500,0.0000,12.8109,57.6113,84.3490,61.1419
184.2000,0.0000,12.5023,57.7886,84.2406,61.3864
184.2500,0.0000,12.1931,57.9669,84.1167,61.6224
184.3000,0.0000,11.8837,58.1460,83.9777,61.8496
184.3500,0.0000,11.5744,58.3256,83.8240,62.0676
184.4000,0.0000,11.2657,58.5055,83.6559,62.2760
184.4500,0.0000,10.9577,58.6853,83.4739,62.4745
184.5000,0.0000,10.6509,58.8649,83.2784,62.6629
184.5500,0.0000,10.3454,59.0440,83.0698,62.8407
184.6000,0.0000,10.0418,59.2222,82.8485,63.0082
184.6500,0.0000,9.7401,59.3991,82.6147,63.1657
184.7000,0.0000,9.4408,59.5743,82.3689,63.3133
184.7500,0.0000,9.1441,59.7474,82.1114,63.4513
184.8000,0.0000,8.8503,59.9182,81.8428,63.5799
184.8500,0.0000,8.5595,60.0863,81.5635,63.6992
184.9000,0.0000,8.2722,60.2516,81.2741,63.8094
184.9500,0.0000,7.9883,60.4138,80.9753,63.9107
185.0000,0.0000,7.7083,60.5728,80.6677,64.0033
185.0500,0.0000,7.4322,60.7285,80.3521,64.0873
185.1000,0.0000,7.1603,60.8808,80.0292,64.1630
185.1500,0.0000,6.8927,61.0297,79.6999,64.2303
185.2000,0.0000,6.6295,61.1752,79.3647,64.2896
185.2500,0.0000,6.3708,61.3173,79.0236,64.3410
185.3000,0.0000,6.1168,61.4563,78.6767,64.3847
185.3500,0.0000,5.8675,61.5922,78.3243,64.4207
185.4000,0.0000,5.6229,61.7253,77.9666,64.4495
185.4500,0.0000,5.3831,61.8558,77.6037,64.4710
185.5000,0.0000,5.1480,61.9841,77.2361,64.4856
185.5500,0.0000,4.9177,62.1103,76.8640,64.4933
185.6000,0.0000,4.6924,62.2344,76.4876,64.4943
185.6500,0.0000,4.4722,62.3563,76.1070,64.4883
185.7000,0.0000,4.2574,62.4758,75.7223,64.4754
185.7500,0.0000,4.0482,62.5928,75.3337,64.4555
185.8000,0.0000,3.8447,62.7071,74.9415,64.4285
185.8500,0.0000,3.6471,62.8188,74.5458,64.3942
185.9000,0.0000,3.4556,62.9278,74.1469,64.3528
185.9500,0.0000,3.2702,63.0339,73.7451,64.3040
186.0000,0.0000,3.0911,63.1373,73.3407,64.2477
186.0500,0.0000,2.9184,63.2378,72.9339,64.1842
186.1000,0.0000,2.7522,63.3351,72.5252,64.1139
186.1500,0.0000,2.5924,63.4286,72.1149,64.0377
186.2000,0.0000,2.4392,63.5179,71.7034,63.9562
186.2500,0.0000,2.2925,63.6028,71.2911,63.8699
186.3000,0.0000,2.1523,63.6829,70.8785,63.7796
186.3500,0.0000,2.0185,63.7580,70.4659,63.6858
186.4000,0.0000,1.8911,63.8280,70.0538,63.5890
186.4500,0.0000,1.7701,63.8928,69.6428,63.4896
186.5000,0.0000,1.6552,63.9523,69.2333,63.3880
186.5500,0.0000,1.5463,64.0065,68.8260,63.2848
186.6000,0.0000,1.4432,64.0556,68.4212,63.1802
186.6500,0.0000,1.3458,64.0996,68.0197,63.0746
186.7000,0.0000,1.2537,64.1389,67.6220,62.9683
186.7500,0.0000,1.1667,64.1736,67.2287,62.8616
186.8000,0.0000,1.0845,64.2042,66.8404,62.7547
186.8500,0.0000,1.0067,64.2309,66.4579,62.6477
186.9000,0.0000,0.9330,64.2543,66.0817,62.5410
186.9500,0.0000,0.8629,64.2750,65.7126,62.4347
187.0000,0.0000,0.7959,64.2935,65.3514,62.3288
187.0500,0.0000,0.7317,64.3103,64.9985,62.2236
187.1000,0.0000,0.6702,64.3262,64.6544,62.1191
187.1500,0.0000,0.6115,64.3414,64.3192,62.0153
187.2000,0.0000,0.5555,64.3566,63.9929,61.9124
187.2500,0.0000,0.5024,64.3724,63.6758,61.8103
187.3000,0.0000,0.4522,64.3894,63.3680,61.7090
187.3500,0.0000,0.4048,64.4082,63.0694,61.6086
187.4000,0.0000,0.3603,64.4298,62.7804,61.5090
187.4500,0.0000,0.3187,64.4549,62.5008,61.4100
187.5000,0.0000,0.2799,64.4843,62.2307,61.3118
187.5500,0.0000,0.2442,64.5190,61.9703,61.2141
187.6000,0.0000,0.2121,64.5593,61.7197,61.1175
187.6500,0.0000,0.1845,64.6047,61.4792,61.0223
187.7000,0.0000,0.1623,64.6545,61.2491,60.9288
187.7500,0.0000,0.1461,64.7082,61.0296,60.8374
187.8000,0.0000,0.1367,64.7652,60.8207,60.7482
187.8500,0.0000,0.1346,64.8249,60.6226,60.6615
187.9000,0.0000,0.1403,64.8868,60.4355,60.5775
187.9500,0.0000,0.1545,64.9505,60.2594,60.4962
188.0000,0.0000,0.1775,65.0155,60.0942,60.4177
188.0500,0.0000,0.2097,65.0814,59.9400,60.3420
188.1000,0.0000,0.2514,65.1477,59.7968,60.2691
188.1500,0.0000,0.3029,65.2142,59.6644,60.1990
188.2000,0.0000,0.3643,65.2805,59.5428,60.1314
188.2500,0.0000,0.4360,65.3462,59.4318,60.0663
188.3000,0.0000,0.5179,65.4112,59.3313,60.0035
188.3500,0.0000,0.6101,65.4751,59.2410,59.9427
188.4000,0.0000,0.7126,65.5376,59.1608,59.8836
188.4500,0.0000,0.8254,65.5987,59.0904,59.8259
188.5000,0.0000,0.9484,65.6581,59.0294,59.7693
188.5500,0.0000,1.0814,65.7156,58.9776,59.7134
188.6000,0.0000,1.2245,65.7711,58.9348,59.6582
188.6500,0.0000,1.3779,65.8246,58.9007,59.6036
188.7000,0.0000,1.5414,65.8759,58.8751,59.5496
188.7500,0.0000,1.7152,65.9249,58.8578,59.4961
188.8000,0.0000,1.8992,65.9718,58.8485,59.4432
188.8500,0.0000,2.0933,66.0163,58.8469,59.3907
188.9000,0.0000,2.2976,66.0587,58.8527,59.3386
188.9500,0.0000,2.5119,66.0989,58.8656,59.2867
189.0000,0.0000,2.7361,66.1370,58.8853,59.2350
189.0500,0.0000,2.9701,66.1730,58.9115,59.1835
189.1000,0.0000,3.2143,66.2069,58.9446,59.1324
189.1500,0.0000,3.4690,66.2386,58.9850,59.0822
189.2000,0.0000,3.7345,66.2680,59.0331,59.0332
189.2500,0.0000,4.0110,66.2951,59.0891,58.9857
189.3000,0.0000,4.2987,66.3199,59.1535,58.9400
189.3500,0.0000,4.5978,66.3425,59.2262,58.8962
189.4000,0.0000,4.9084,66.3631,59.3076,58.8547
189.4500,0.0000,5.2305,66.3818,59.3976,58.8154
189.5000,0.0000,5.5641,66.3988,59.4964,58.7785
189.5500,0.0000,5.9093,66.4144,59.6039,58.7440
189.6000,0.0000,6.2659,66.4289,59.7202,58.7121
189.6500,0.0000,6.6339,66.4428,59.8452,58.6825
189.7000,0.0000,7.0130,66.4563,59.9787,58.6553
189.7500,0.0000,7.4033,66.4700,60.1206,58.6304
189.8000,0.0000,7.8043,66.4844,60.2708,58.6077
189.8500,0.0000,8.2160,66.5000,60.4290,58.5869
189.9000,0.0000,8.6380,66.5175,60.5951,58.5679
189.9500,0.0000,9.0700,66.5375,60.7688,58.5504
190.0000,0.0000,9.5118,66.5608,60.9498,58.5341
190.0500,0.0000,9.9629,66.5879,61.1378,58.5187
190.1000,0.0000,10.4231,66.6191,61.3325,58.5041
190.1500,0.0000,10.8919,66.6542,61.5336,58.4903
190.2000,0.0000,11.3689,66.6932,61.7408,58.4772
190.2500,0.0000,11.8536,66.7361,61.9536,58.4645
190.3000,0.0000,12.3457,66.7828,62.1718,58.4521
190.3500,0.0000,12.8446,66.8332,62.3950,58.4400
190.4000,0.0000,13.3499,66.8874,62.6228,58.4278
190.4500,0.0000,13.8611,66.9454,62.8549,58.4154
190.5000,0.0000,14.3776,67.0070,63.0909,58.4025
190.5500,0.0000,14.8990,67.0723,63.3306,58.3890
190.6000,0.0000,15.4253,67.1406,63.5743,58.3751
190.6500,0.0000,15.9564,67.2116,63.8225,58.3610
190.7000,0.0000,16.4923,67.2846,64.0755,58.3468
190.7500,0.0000,17.0329,67.3593,64.3338,58.3327
190.8000,0.0000,17.5780,67.4351,64.5977,58.3188
190.8500,0.0000,18.1274,67.5118,64.8676,58.3050
190.9000,0.0000,18.6810,67.5889,65.1436,58.2913
190.9500,0.0000,19.2384,67.6662,65.4262,58.2775
191.0000,0.0000,19.7995,67.7433,65.7155,58.2637
191.0500,0.0000,20.3639,67.8200,66.0118,58.2495
191.1000,0.0000,20.9313,67.8962,66.3154,58.2346
191.1500,0.0000,21.5013,67.9715,66.6265,58.2188
191.2000,0.0000,22.0736,68.0459,66.9453,58.2017
191.2500,0.0000,22.6478,68.1192,67.2721,58.1828
191.3000,0.0000,23.2234,68.1914,67.6072,58.1618
191.3500,0.0000,23.8000,68.2624,67.9507,58.1379
191.4000,0.0000,24.3772,68.3322,68.3031,58.1107
191.4500,0.0000,24.9544,68.4008,68.6645,58.0794
191.5000,0.0000,25.5312,68.4683,69.0353,58.0434
191.5500,0.0000,26.1072,68.5347,69.4158,58.0021
191.6000,0.0000,26.6817,68.5999,69.8054,57.9554
191.6500,0.0000,27.2543,68.6637,70.2037,57.9033
191.7000,0.0000,27.8245,68.7260,70.6102,57.8458
191.7500,0.0000,28.3917,68.7867,71.0243,57.7831
191.8000,0.0000,28.9553,68.8456,71.4453,57.7151
191.8500,0.0000,29.5149,68.9027,71.8728,57.6420
191.9000,0.0000,30.0699,68.9578,72.3060,57.5637
191.9500,0.0000,30.6197,69.0110,72.7445,57.4802
192.0000,0.0000,31.1638,69.0621,73.1875,57.3916
192.0500,0.0000,31.7017,69.1112,73.6347,57.2980
192.1000,0.0000,32.2334,69.1582,74.0860,57.2002
192.1500,0.0000,32.7589,69.2032,74.5418,57.0989
192.2000,0.0000,33.2780,69.2461,75.0021,56.9948
192.2500,0.0000,33.7908,69.2871,75.4670,56.8887
192.3000,0.0000,34.2970,69.3262,75.9366,56.7812
192.3500,0.0000,34.7967,69.3634,76.4109,56.6729
192.4000,0.0000,35.2896,69.3990,76.8899,56.5643
192.4500,0.0000,35.7756,69.4329,77.3737,56.4558
192.5000,0.0000,36.2545,69.4653,77.8620,56.3481
192.5500,0.0000,36.7261,69.4965,78.3549,56.2413
192.6000,0.0000,37.1902,69.5265,78.8523,56.1359
192.6500,0.0000,37.6466,69.5557,79.3540,56.0322
192.7000,0.0000,38.0950,69.5842,79.8600,55.9304
192.7500,0.0000,38.5351,69.6122,80.3700,55.8307
192.8000,0.0000,38.9668,69.6402,80.8841,55.7333
192.8500,0.0000,39.3897,69.6687,81.4020,55.6383
192.9000,0.0000,39.8036,69.6986,81.9237,55.5458
192.9500,0.0000,40.2082,69.7309,82.4489,55.4558
193.0000,0.0000,40.6033,69.7666,82.9777,55.3683
193.0500,0.0000,40.9885,69.8066,83.5097,55.2832
193.1000,0.0000,41.3635,69.8512,84.0444,55.2009
193.1500,0.0000,41.7281,69.9005,84.5811,55.1213
193.2000,0.0000,42.0820,69.9548,85.1190,55.0447
193.2500,0.0000,42.4250,70.0141,85.6575,54.9711
193.3000,0.0000,42.7566,70.0786,86.1957,54.9008
193.3500,0.0000,43.0768,70.1484,86.7329,54.8336
193.4000,0.0000,43.3851,70.2235,87.2684,54.7698
193.4500,0.0000,43.6814,70.3042,87.8013,54.7092
193.5000,0.0000,43.9655,70.3905,88.3309,54.6519
193.5500,0.0000,44.2370,70.4824,88.8563,54.5979
193.6000,0.0000,44.4964,70.5800,89.3769,54.5472
193.6500,0.0000,44.7438,70.6834,89.8917,54.4995
193.7000,0.0000,44.9796,70.7927,90.3999,54.4549
193.7500,0.0000,45.2041,70.9078,90.9009,54.4132
193.8000,0.0000,45.4174,71.0289,91.3938,54.3742
193.8500,0.0000,45.6198,71.1559,91.8778,54.3378
193.9000,0.0000,45.8116,71.2889,92.3522,54.3037
193.9500,0.0000,45.9928,71.4279,92.8161,54.2717
194.0000,0.0000,46.1637,71.5730,93.2688,54.2416
194.0500,0.0000,46.3245,71.7242,93.7096,54.2130
194.1000,0.0000,46.4752,71.8815,94.1378,54.1856
194.1500,0.0000,46.6162,72.0450,94.5525,54.1591
194.2000,0.0000,46.7474,72.2146,94.9531,54.1331
194.2500,0.0000,46.8691,72.3905,95.3389,54.1071
194.3000,0.0000,46.9813,72.5726,95.7093,54.0807
194.3500,0.0000,47.0842,72.7611,96.0635,54.0534
194.4000,0.0000,47.1779,72.9559,96.4012,54.0246
194.4500,0.0000,47.2625,73.1572,96.7226,53.9940
194.5000,0.0000,47.3381,73.3650,97.0278,53.9607
194.5500,0.0000,47.4049,73.5794,97.3170,53.9243
194.6000,0.0000,47.4629,73.8001,97.5903,53.8846
194.6500,0.0000,47.5123,74.0271,97.8476,53.8415
194.7000,0.0000,47.5531,74.2601,98.0888,53.7949
194.7500,0.0000,47.5855,74.4989,98.3140,53.7448
194.8000,0.0000,47.6095,74.7433,98.5231,53.6909
194.8500,0.0000,47.6254,74.9931,98.7162,53.6334
194.9000,0.0000,47.6331,75.2480,98.8933,53.5727
194.9500,0.0000,47.6329,75.5079,99.0544,53.5092
195.0000,0.0000,47.6248,75.7726,99.1996,53.4433
195.0500,0.0000,47.6091,76.0418,99.3289,53.3755
195.1000,0.0000,47.5864,76.3145,99.4425,53.3068
195.1500,0.0000,47.5573,76.5897,99.5405,53.2383
195.2000,0.0000,47.5224,76.8667,99.6229,53.1709
195.2500,0.0000,47.4824,77.1445,99.6899,53.1055
195.3000,0.0000,47.4378,77.4222,99.7417,53.0431
195.3500,0.0000,47.3892,77.6993,99.7784,52.9843
195.4000,0.0000,47.3371,77.9749,99.8002,52.9298
195.4500,0.0000,47.2820,78.2485,99.8072,52.8802
195.5000,0.0000,47.2244,78.5195,99.7998,52.8360
195.5500,0.0000,47.1647,78.7874,99.7781,52.7977
195.6000,0.0000,47.1035,79.0517,99.7424,52.7655
195.6500,0.0000,47.0410,79.3120,99.6930,52.7398
195.7000,0.0000,46.9777,79.5680,99.6301,52.7207
195.7500,0.0000,46.9140,79.8194,99.5540,52.7083
195.8000,0.0000,46.8502,80.0661,99.4650,52.7027
195.8500,0.0000,46.7866,80.3077,99.3634,52.7038
195.9000,0.0000,46.7235,80.5443,99.2496,52.7114
195.9500,0.0000,46.6614,80.7758,99.1240,52.7253
196.0000,0.0000,46.6003,81.0022,98.9868,52.7452
196.0500,0.0000,46.5406,81.2235,98.8385,52.7708
196.1000,0.0000,46.4824,81.4394,98.6795,52.8025
196.1500,0.0000,46.4260,81.6494,98.5101,52.8405
196.2000,0.0000,46.3712,81.8531,98.3308,52.8853
196.2500,0.0000,46.3179,82.0503,98.1419,52.9371
196.3000,0.0000,46.2661,82.2405,97.9439,52.9962
196.3500,0.0000,46.2157,82.4234,97.7373,53.0628
196.4000,0.0000,46.1665,82.5988,97.5225,53.1372
196.4500,0.0000,46.1184,82.7664,97.2999,53.2195
196.5000,0.0000,46.0711,82.9260,97.0700,53.3099
196.5500,0.0000,46.0247,83.0773,96.8333,53.4086
196.6000,0.0000,45.9793,83.2197,96.5902,53.5157
196.6500,0.0000,45.9353,83.3524,96.3412,53.6318
196.7000,0.0000,45.8929,83.4749,96.0868,53.7569
196.7500,0.0000,45.8522,83.5867,95.8274,53.8914
196.8000,0.0000,45.8134,83.6871,95.5635,54.0355
196.8500,0.0000,45.7766,83.7759,95.2956,54.1891
196.9000,0.0000,45.7417,83.8527,95.0242,54.3525
196.9500,0.0000,45.7087,83.9170,94.7497,54.5256
197.0000,0.0000,45.6775,83.9687,94.4725,54.7084
197.0500,0.0000,45.6480,84.0076,94.1932,54.9008
197.1000,0.0000,45.6199,84.0335,93.9122,55.1027
197.1500,0.0000,45.5930,84.0463,93.6298,55.3140
197.2000,0.0000,45.5669,84.0460,93.3466,55.5344
197.2500,0.0000,45.5412,84.0326,93.0629,55.7637
197.3000,0.0000,45.5155,84.0062,92.7792,56.0015
197.3500,0.0000,45.4892,83.9668,92.4957,56.2476
197.4000,0.0000,45.4618,83.9148,92.2130,56.5014
197.4500,0.0000,45.4327,83.8503,91.9312,56.7625
197.5000,0.0000,45.4011,83.7737,91.6508,57.0304
197.5500,0.0000,45.3665,83.6851,91.3720,57.3046
197.6000,0.0000,45.3286,83.5848,91.0954,57.5850
197.6500,0.0000,45.2877,83.4730,90.8216,57.8716
197.7000,0.0000,45.2437,83.3497,90.5511,58.1643
197.7500,0.0000,45.1966,83.2152,90.2845,58.4630
197.8000,0.0000,45.1465,83.0698,90.0222,58.7676
197.8500,0.0000,45.0933,82.9137,89.7647,59.0780
197.9000,0.0000,45.0371,82.7472,89.5126,59.3940
197.9500,0.0000,44.9777,82.5708,89.2664,59.7156
198.0000,0.0000,44.9152,82.3847,89.0264,60.0425
198.0500,0.0000,44.8495,82.1893,88.7931,60.3745
198.1000,0.0000,44.7812,81.9847,88.5670,60.7115
198.1500,0.0000,44.7105,81.7707,88.3483,61.0532
198.2000,0.0000,44.6379,81.5474,88.1375,61.3993
198.2500,0.0000,44.5637,81.3149,87.9348,61.7496
198.3000,0.0000,44.4882,81.0734,87.7406,62.1038
198.3500,0.0000,44.4118,80.8231,87.5551,62.4616
198.4000,0.0000,44.3344,80.5640,87.3784,62.8226
198.4500,0.0000,44.2564,80.2958,87.2109,63.1865
198.5000,0.0000,44.1779,80.0183,87.0526,63.5529
198.5500,0.0000,44.0988,79.7312,86.9037,63.9215
198.6000,0.0000,44.0193,79.4344,86.7641,64.2916
198.6500,0.0000,43.9392,79.1278,86.6340,64.6630
198.7000,0.0000,43.8585,78.8115,86.5131,65.0352
198.7500,0.0000,43.7771,78.4855,86.4016,65.4075
198.8000,0.0000,43.6948,78.1499,86.2991,65.7795
198.8500,0.0000,43.6113,77.8051,86.2055,66.1506
198.9000,0.0000,43.5265,77.4511,86.1206,66.5203
198.9500,0.0000,43.4400,77.0885,86.0440,66.8878
199.0000,0.0000,43.3514,76.7176,85.9753,67.2525
199.0500,0.0000,43.2605,76.3388,85.9142,67.6138
199.1000,0.0000,43.1672,75.9524,85.8610,67.9714
199.1500,0.0000,43.0716,75.5587,85.8159,68.3253
199.2000,0.0000,42.9740,75.1580,85.7794,68.6753
199.2500,0.0000,42.8742,74.7507,85.7517,69.0212
199.3000,0.0000,42.7725,74.3371,85.7331,69.3629
199.3500,0.0000,42.6689,73.9177,85.7239,69.7001
199.4000,0.0000,42.5634,73.4930,85.7243,70.0329
199.4500,0.0000,42.4560,73.0635,85.7345,70.3609
199.5000,0.0000,42.3468,72.6297,85.7548,70.6841
199.5500,0.0000,42.2357,72.1921,85.7851,71.0021
199.6000,0.0000,42.1227,71.7509,85.8258,71.3146
199.6500,0.0000,42.0078,71.3061,85.8768,71.6212
199.7000,0.0000,41.8909,70.8580,85.9382,71.9213
199.7500,0.0000,41.7719,70.4068,86.0100,72.2146
199.8000,0.0000,41.6508,69.9528,86.0923,72.5005
199.8500,0.0000,41.5274,69.4963,86.1848,72.7787
199.9000,0.0000,41.4016,69.0378,86.2877,73.0487
199.9500,0.0000,41.2733,68.5777,86.4006,73.3101
200.0000,0.0000,41.1422,68.1166,86.5234,73.5624
200.0500,0.0000,41.0083,67.6550,86.6558,73.8053
200.1000,0.0000,40.8712,67.1935,86.7977,74.0382
200.1500,0.0000,40.7307,66.7329,86.9485,74.2608
200.2000,0.0000,40.5867,66.2738,87.1080,74.4725
200.2500,0.0000,40.4387,65.8171,87.2757,74.6729
200.3000,0.0000,40.2865,65.3634,87.4511,74.8615
200.3500,0.0000,40.1297,64.9138,87.6337,75.0379
200.4000,0.0000,39.9680,64.4690,87.8227,75.2015
200.4500,0.0000,39.8010,64.0301,88.0176,75.3518
200.5000,0.0000,39.6283,63.5980,88.2176,75.4883
200.5500,0.0000,39.4495,63.1736,88.4220,75.6104
200.6000,0.0000,39.2645,62.7575,88.6307,75.7182
200.6500,0.0000,39.0736,62.3502,88.8437,75.8117
200.7000,0.0000,38.8768,61.9522,89.0610,75.8908
200.7500,0.0000,38.6742,61.5638,89.2824,75.9556
200.8000,0.0000,38.4659,61.1856,89.5081,76.0062
200.8500,0.0000,38.2521,60.8180,89.7377,76.0426
200.9000,0.0000,38.0328,60.4616,89.9714,76.0649
200.9500,0.0000,37.8081,60.1167,90.2089,76.0732
201.0000,0.0000,37.5781,59.7837,90.4500,76.0675
201.0500,0.0000,37.3429,59.4630,90.6947,76.0478
201.1000,0.0000,37.1027,59.1544,90.9427,76.0144
201.1500,0.0000,36.8574,58.8573,91.1937,75.9671
201.2000,0.0000,36.6071,58.5715,91.4476,75.9062
201.2500,0.0000,36.3519,58.2966,91.7040,75.8316
201.3000,0.0000,36.0918,58.0324,91.9627,75.7434
201.3500,0.0000,35.8270,57.7786,92.2232,75.6417
201.4000,0.0000,35.5573,57.5350,92.4852,75.5266
201.4500,0.0000,35.2829,57.3013,92.7483,75.3979
201.5000,0.0000,35.0037,57.0774,93.0121,75.2558
201.5500,0.0000,34.7197,56.8630,93.2761,75.1003
201.6000,0.0000,34.4309,56.6581,93.5398,74.9313
201.6500,0.0000,34.1372,56.4625,93.8026,74.7489
201.7000,0.0000,33.8386,56.2760,94.0640,74.5530
201.7500,0.0000,33.5349,56.0985,94.3233,74.3436
201.8000,0.0000,33.2261,55.9299,94.5800,74.1205
201.8500,0.0000,32.9120,55.7701,94.8331,73.8836
201.9000,0.0000,32.5925,55.6190,95.0822,73.6329
201.9500,0.0000,32.2672,55.4764,95.3263,73.3681
202.0000,0.0000,31.9362,55.3423,95.5646,73.0892
202.0500,0.0000,31.5990,55.2166,95.7964,72.7959
202.1000,0.0000,31.2561,55.0990,96.0216,72.4889
202.1500,0.0000,30.9076,54.9896,96.2401,72.1688
202.2000,0.0000,30.5540,54.8882,96.4518,71.8363
202.2500,0.0000,30.1954,54.7947,96.6568,71.4920
202.3000,0.0000,29.8323,54.7088,96.8551,71.1368
202.3500,0.0000,29.4649,54.6305,97.0467,70.7712
202.4000,0.0000,29.0934,54.5596,97.2315,70.3962
202.4500,0.0000,28.7183,54.4959,97.4096,70.0124
202.5000,0.0000,28.3397,54.4392,97.5810,69.6207
202.5500,0.0000,27.9580,54.3891,97.7457,69.2218
202.6000,0.0000,27.5734,54.3447,97.9038,68.8165
202.6500,0.0000,27.1862,54.3050,98.0552,68.4058
202.7000,0.0000,26.7965,54.2690,98.2000,67.9903
202.7500,0.0000,26.4048,54.2357,98.3384,67.5710
202.8000,0.0000,26.0111,54.2041,98.4702,67.1487
202.8500,0.0000,25.6156,54.1733,98.5957,66.7243
202.9000,0.0000,25.2186,54.1423,98.7148,66.2987
202.9500,0.0000,24.8202,54.1104,98.8276,65.8728
203.0000,0.0000,24.4206,54.0765,98.9343,65.4474
203.0500,0.0000,24.0198,54.0399,99.0349,65.0234
203.1000,0.0000,23.6179,54.0004,99.1295,64.6018
203.1500,0.0000,23.2151,53.9582,99.2182,64.1835
203.2000,0.0000,22.8114,53.9133,99.3011,63.7694
203.2500,0.0000,22.4068,53.8660,99.3784,63.3604
203.3000,0.0000,22.0012,53.8165,99.4502,62.9574
203.3500,0.0000,21.5947,53.7649,99.5166,62.5615
203.4000,0.0000,21.1871,53.7115,99.5777,62.1734
203.4500,0.0000,20.7783,53.6563,99.6338,61.7941
203.5000,0.0000,20.3682,53.5996,99.6849,61.4243
203.5500,0.0000,19.9566,53.5416,99.7313,61.0633
203.6000,0.0000,19.5439,53.4824,99.7731,60.7102
203.6500,0.0000,19.1304,53.4223,99.8106,60.3641
203.7000,0.0000,18.7163,53.3615,99.8438,60.0241
203.7500,0.0000,18.3021,53.3002,99.8731,59.6896
203.8000,0.0000,17.8881,53.2386,99.8985,59.3596
203.8500,0.0000,17.4745,53.1769,99.9205,59.0336
203.9000,0.0000,17.0616,53.1154,99.9391,58.7108
203.9500,0.0000,16.6498,53.0542,99.9546,58.3906
204.0000,0.0000,16.2392,52.9938,99.9673,58.0725
204.0500,0.0000,15.8302,52.9340,99.9774,57.7557
204.1000,0.0000,15.4230,52.8746,99.9852,57.4398
204.1500,0.0000,15.0181,52.8151,99.9910,57.1242
204.2000,0.0000,14.6157,52.7549,99.9951,56.8085
204.2500,0.0000,14.2162,52.6938,99.9977,56.4921
204.3000,0.0000,13.8198,52.6313,99.9992,56.1746
204.3500,0.0000,13.4269,52.5672,99.9998,55.8555
204.4000,0.0000,13.0376,52.5014,100.0000,55.5343
204.4500,0.0000,12.6522,52.4337,100.0000,55.2107
204.5000,0.0000,12.2709,52.3640,99.9997,54.8841
204.5500,0.0000,11.8938,52.2923,99.9987,54.5542
204.6000,0.0000,11.5212,52.2187,99.9965,54.2205
204.6500,0.0000,11.1530,52.1433,99.9927,53.8826
204.7000,0.0000,10.7894,52.0663,99.9869,53.5400
204.7500,0.0000,10.4305,51.9879,99.9786,53.1923
204.8000,0.0000,10.0762,51.9084,99.9675,52.8391
204.8500,0.0000,9.7265,51.8283,99.9531,52.4797
204.9000,0.0000,9.3813,51.7480,99.9352,52.1139
204.9500,0.0000,9.0407,51.6679,99.9134,51.7409
205.0000,0.0000,8.7043,51.5887,99.8873,51.3604
205.0500,0.0000,8.3721,51.5110,99.8566,50.9719
205.1000,0.0000,8.0444,51.4346,99.8209,50.5754
205.1500,0.0000,7.7215,51.3595,99.7801,50.1715
205.2000,0.0000,7.4037,51.2855,99.7338,49.7603
205.2500,0.0000,7.0915,51.2125,99.6818,49.3423
205.3000,0.0000,6.7850,51.1405,99.6237,48.9179
205.3500,0.0000,6.4846,51.0694,99.5594,48.4874
205.4000,0.0000,6.1905,50.9991,99.4885,48.0512
205.4500,0.0000,5.9030,50.9297,99.4110,47.6097
205.5000,0.0000,5.6224,50.8612,99.3265,47.1635
205.5500,0.0000,5.3489,50.7935,99.2350,46.7129
205.6000,0.0000,5.0836,50.7258,99.1370,46.2590
205.6500,0.0000,4.8272,50.6576,99.0332,45.8026
205.7000,0.0000,4.5808,50.5881,98.9240,45.3448
205.7500,0.0000,4.3452,50.5169,98.8101,44.8865
205.8000,0.0000,4.1210,50.4434,98.6919,44.4285
205.8500,0.0000,3.9090,50.3672,98.5700,43.9717
205.9000,0.0000,3.7097,50.2879,98.4446,43.5169
205.9500,0.0000,3.5237,50.2053,98.3164,43.0650
206.0000,0.0000,3.3515,50.1193,98.1855,42.6166
206.0500,0.0000,3.1934,50.0296,98.0524,42.1726
206.1000,0.0000,3.0496,49.9362,97.9173,41.7335
206.1500,0.0000,2.9206,49.8391,97.7806,41.3001
206.2000,0.0000,2.8063,49.7384,97.6425,40.8730
206.2500,0.0000,2.7070,49.6343,97.5032,40.4527
206.3000,0.0000,2.6225,49.5270,97.3629,40.0399
206.3500,0.0000,2.5529,49.4168,97.2218,39.6349
206.4000,0.0000,2.4981,49.3041,97.0801,39.2383
206.4500,0.0000,2.4577,49.1893,96.9379,38.8505
206.5000,0.0000,2.4316,49.0730,96.7952,38.4719
206.5500,0.0000,2.4195,48.9557,96.6523,38.1029
206.6000,0.0000,2.4214,48.8375,96.5091,37.7439
206.6500,0.0000,2.4374,48.7186,96.3657,37.3957
206.7000,0.0000,2.4677,48.5992,96.2221,37.0586
206.7500,0.0000,2.5122,48.4795,96.0784,36.7334
206.8000,0.0000,2.5710,48.3597,95.9345,36.4203
206.8500,0.0000,2.6441,48.2401,95.7904,36.1199
206.9000,0.0000,2.7313,48.1211,95.6462,35.8326
206.9500,0.0000,2.8325,48.0031,95.5017,35.5589
207.0000,0.0000,2.9476,47.8865,95.3568,35.2990
207.0500,0.0000,3.0765,47.7716,95.2118,35.0533
207.1000,0.0000,3.2194,47.6583,95.0670,34.8221
207.1500,0.0000,3.3765,47.5463,94.9234,34.6058
207.2000,0.0000,3.5482,47.4356,94.7814,34.4045
207.2500,0.0000,3.7344,47.3260,94.6416,34.2184
207.3000,0.0000,3.9352,47.2177,94.5047,34.0478
207.3500,0.0000,4.1506,47.1109,94.3709,33.8928
207.4000,0.0000,4.3805,47.0057,94.2409,33.7535
207.4500,0.0000,4.6248,46.9025,94.1148,33.6299
207.5000,0.0000,4.8832,46.8012,93.9931,33.5222
207.5500,0.0000,5.1555,46.7015,93.8759,33.4303
207.6000,0.0000,5.4413,46.6032,93.7636,33.3542
207.6500,0.0000,5.7403,46.5062,93.6563,33.2938
207.7000,0.0000,6.0519,46.4104,93.5541,33.2490
207.7500,0.0000,6.3756,46.3158,93.4572,33.2198
207.8000,0.0000,6.7109,46.2225,93.3655,33.2058
207.8500,0.0000,7.0571,46.1305,93.2792,33.2070
207.9000,0.0000,7.4135,46.0400,93.1982,33.2230
207.9500,0.0000,7.7792,45.9512,93.1225,33.2535
208.0000,0.0000,8.1536,45.8644,93.0521,33.2982
208.0500,0.0000,8.5358,45.7799,92.9867,33.3567
208.1000,0.0000,8.9254,45.6974,92.9263,33.4287
208.1500,0.0000,9.3220,45.6168,92.8707,33.5135
208.2000,0.0000,9.7253,45.5380,92.8198,33.6108
208.2500,0.0000,10.1348,45.4607,92.7734,33.7200
208.3000,0.0000,10.5500,45.3850,92.7312,33.8405
208.3500,0.0000,10.9707,45.3106,92.6929,33.9716
208.4000,0.0000,11.3963,45.2375,92.6584,34.1127
208.4500,0.0000,11.8264,45.1656,92.6272,34.2631
208.5000,0.0000,12.2605,45.0949,92.5993,34.4219
208.5500,0.0000,12.6982,45.0253,92.5741,34.5883
208.6000,0.0000,13.1398,44.9566,92.5518,34.7615
208.6500,0.0000,13.5855,44.8885,92.5321,34.9405
208.7000,0.0000,14.0355,44.8208,92.5150,35.1244
208.7500,0.0000,14.4901,44.7533,92.5004,35.3122
208.8000,0.0000,14.9494,44.6858,92.4881,35.5027
208.8500,0.0000,15.4133,44.6184,92.4778,35.6949
208.9000,0.0000,15.8820,44.5508,92.4695,35.8876
208.9500,0.0000,16.3554,44.4831,92.4628,36.0795
209.0000,0.0000,16.8335,44.4153,92.4576,36.2694
209.0500,0.0000,17.3161,44.3473,92.4536,36.4560
209.1000,0.0000,17.8030,44.2793,92.4505,36.6379
209.1500,0.0000,18.2942,44.2114,92.4480,36.8140
209.2000,0.0000,18.7894,44.1437,92.4459,36.9844
209.2500,0.0000,19.2882,44.0763,92.4437,37.1492
209.3000,0.0000,19.7906,44.0096,92.4412,37.3084
209.3500,0.0000,20.2960,43.9437,92.4381,37.4621
209.4000,0.0000,20.8042,43.8790,92.4340,37.6105
209.4500,0.0000,21.3149,43.8158,92.4286,37.7538
209.5000,0.0000,21.8276,43.7545,92.4215,37.8920
209.5500,0.0000,22.3418,43.6954,92.4123,38.0254
209.6000,0.0000,22.8573,43.6385,92.4008,38.1540
209.6500,0.0000,23.3734,43.5836,92.3864,38.2776
209.7000,0.0000,23.8899,43.5307,92.3690,38.3962
209.7500,0.0000,24.4060,43.4796,92.3480,38.5097
209.8000,0.0000,24.9215,43.4303,92.3232,38.6182
209.8500,0.0000,25.4357,43.3827,92.2942,38.7215
209.9000,0.0000,25.9481,43.3368,92.2606,38.8195
209.9500,0.0000,26.4582,43.2924,92.2221,38.9124
210.0000,0.0000,26.9655,43.2495,92.1783,39.0000
210.0500,0.0000,27.4696,43.2082,92.1289,39.0822
210.1000,0.0000,27.9706,43.1684,92.0742,39.1589
210.1500,0.0000,28.4687,43.1301,92.0142,39.2298
210.2000,0.0000,28.9641,43.0934,91.9492,39.2945
210.2500,0.0000,29.4570,43.0582,91.8793,39.3530
210.3000,0.0000,29.9474,43.0247,91.8046,39.4049
210.3500,0.0000,30.4354,42.9930,91.7252,39.4502
210.4000,0.0000,30.9211,42.9631,91.6413,39.4886
210.4500,0.0000,31.4042,42.9352,91.5528,39.5200
210.5000,0.0000,31.8849,42.9095,91.4598,39.5443
210.5500,0.0000,32.3630,42.8860,91.3624,39.5615
210.6000,0.0000,32.8382,42.8651,91.2606,39.5714
210.6500,0.0000,33.3106,42.8470,91.1543,39.5740
210.7000,0.0000,33.7799,42.8320,91.0437,39.5692
210.7500,0.0000,34.2458,42.8203,90.9286,39.5571
210.8000,0.0000,34.7081,42.8124,90.8090,39.5376
210.8500,0.0000,35.1665,42.8085,90.6849,39.5109
210.9000,0.0000,35.6208,42.8092,90.5563,39.4768
210.9500,0.0000,36.0707,42.8148,90.4232,39.4355
211.0000,0.0000,36.5158,42.8259,90.2854,39.3871
211.0500,0.0000,36.9557,42.8430,90.1429,39.3317
211.1000,0.0000,37.3903,42.8657,89.9958,39.2693
211.1500,0.0000,37.8190,42.8940,89.8438,39.2000
211.2000,0.0000,38.2415,42.9274,89.6870,39.1242
211.2500,0.0000,38.6574,42.9656,89.5253,39.0418
211.3000,0.0000,39.0664,43.0085,89.3586,38.9530
211.3500,0.0000,39.4681,43.0556,89.1869,38.8582
211.4000,0.0000,39.8620,43.1068,89.0101,38.7573
211.4500,0.0000,40.2479,43.1617,88.8282,38.6508
211.5000,0.0000,40.6252,43.2201,88.6411,38.5387
211.5500,0.0000,40.9938,43.2817,88.4487,38.4213
211.6000,0.0000,41.3536,43.3466,88.2511,38.2986
211.6500,0.0000,41.7048,43.4147,88.0482,38.1706
211.7000,0.0000,42.0476,43.4861,87.8399,38.0374
211.7500,0.0000,42.3819,43.5607,87.6262,37.8989
211.8000,0.0000,42.7080,43.6387,87.4071,37.7553
211.8500,0.0000,43.0258,43.7200,87.1825,37.6067
211.9000,0.0000,43.3353,43.8047,86.9526,37.4531
211.9500,0.0000,43.6365,43.8927,86.7171,37.2949
212.0000,0.0000,43.9295,43.9842,86.4762,37.1320
212.0500,0.0000,44.2141,44.0792,86.2299,36.9647
212.1000,0.0000,44.4904,44.1778,85.9781,36.7933
212.1500,0.0000,44.7583,44.2800,85.7209,36.6180
212.2000,0.0000,45.0177,44.3860,85.4584,36.4390
212.2500,0.0000,45.2685,44.4960,85.1904,36.2565
212.3000,0.0000,45.5107,44.6101,84.9172,36.0710
212.3500,0.0000,45.7442,44.7284,84.6387,35.8826
212.4000,0.0000,45.9688,44.8513,84.3549,35.6917
212.4500,0.0000,46.1845,44.9789,84.0660,35.4987
212.5000,0.0000,46.3911,45.1117,83.7721,35.3039
212.5500,0.0000,46.5886,45.2497,83.4731,35.1075
212.6000,0.0000,46.7768,45.3926,83.1691,34.9101
212.6500,0.0000,46.9557,45.5400,82.8604,34.7120
212.7000,0.0000,47.1251,45.6912,82.5468,34.5135
212.7500,0.0000,47.2848,45.8458,82.2286,34.3151
212.8000,0.0000,47.4349,46.0032,81.9058,34.1172
212.8500,0.0000,47.5752,46.1630,81.5786,33.9202
212.9000,0.0000,47.7057,46.3246,81.2469,33.7244
212.9500,0.0000,47.8261,46.4876,80.9111,33.5304
213.0000,0.0000,47.9364,46.6514,80.5711,33.3386
213.0500,0.0000,48.0368,46.8155,80.2272,33.1493
213.1000,0.0000,48.1278,46.9801,79.8802,32.9627
213.1500,0.0000,48.2100,47.1452,79.5311,32.7790
213.2000,0.0000,48.2843,47.3108,79.1806,32.5985
213.2500,0.0000,48.3512,47.4770,78.8296,32.4212
213.3000,0.0000,48.4114,47.6437,78.4788,32.2475
213.3500,0.0000,48.4653,47.8110,78.1290,32.0775
213.4000,0.0000,48.5136,47.9790,77.7807,31.9115
213.4500,0.0000,48.5566,48.1475,77.4347,31.7497
213.5000,0.0000,48.5949,48.3167,77.0915,31.5925
213.5500,0.0000,48.6289,48.4865,76.7515,31.4401
213.6000,0.0000,48.6589,48.6570,76.4153,31.2927
213.6500,0.0000,48.6853,48.8282,76.0832,31.1506
213.7000,0.0000,48.7084,49.0002,75.7557,31.0142
213.7500,0.0000,48.7285,49.1731,75.4331,30.8837
213.8000,0.0000,48.7460,49.3469,75.1157,30.7593
213.8500,0.0000,48.7610,49.5218,74.8036,30.6415
213.9000,0.0000,48.7737,49.6980,74.4971,30.5305
213.9500,0.0000,48.7844,49.8756,74.1963,30.4265
214.0000,0.0000,48.7931,50.0548,73.9014,30.3299
214.0500,0.0000,48.8001,50.2359,73.6123,30.2410
214.1000,0.0000,48.8054,50.4183,73.3298,30.1599
214.1500,0.0000,48.8091,50.6014,73.0544,30.0870
214.2000,0.0000,48.8113,50.7848,72.7868,30.0225
214.2500,0.0000,48.8121,50.9677,72.5275,29.9667
214.3000,0.0000,48.8113,51.1497,72.2771,29.9198
214.3500,0.0000,48.8091,51.3300,72.0361,29.8821
214.4000,0.0000,48.8054,51.5083,71.8049,29.8537
214.4500,0.0000,48.8001,51.6838,71.5840,29.8348
214.5000,0.0000,48.7931,51.8561,71.3737,29.8256
214.5500,0.0000,48.7844,52.0248,71.1743,29.8262
214.6000,0.0000,48.7741,52.1899,70.9862,29.8363
214.6500,0.0000,48.7622,52.3519,70.8096,29.8555
214.7000,0.0000,48.7489,52.5110,70.6446,29.8833
214.7500,0.0000,48.7341,52.6673,70.4914,29.9194
214.8000,0.0000,48.7179,52.8212,70.3502,29.9634
214.8500,0.0000,48.7001,52.9728,70.2209,30.0150
214.9000,0.0000,48.6806,53.1224,70.1036,30.0738
214.9500,0.0000,48.6593,53.2700,69.9982,30.1394
215.0000,0.0000,48.6361,53.4159,69.9046,30.2115
215.0500,0.0000,48.6105,53.5602,69.8226,30.2898
215.1000,0.0000,48.5825,53.7032,69.7522,30.3737
215.1500,0.0000,48.5515,53.8449,69.6929,30.4631
215.2000,0.0000,48.5173,53.9857,69.6444,30.5575
215.2500,0.0000,48.4795,54.1257,69.6065,30.6565
215.3000,0.0000,48.4374,54.2652,69.5786,30.7597
215.3500,0.0000,48.3907,54.4043,69.5603,30.8667
215.4000,0.0000,48.3387,54.5435,69.5510,30.9771
215.4500,0.0000,48.2808,54.6829,69.5500,31.0904
215.5000,0.0000,48.2164,54.8230,69.5568,31.2062
215.5500,0.0000,48.1448,54.9639,69.5706,31.3241
215.6000,0.0000,48.0660,55.1055,69.5914,31.4441
215.6500,0.0000,47.9801,55.2471,69.6192,31.5662
215.7000,0.0000,47.8871,55.3883,69.6542,31.6907
215.7500,0.0000,47.7873,55.5286,69.6962,31.8175
215.8000,0.0000,47.6806,55.6676,69.7452,31.9469
215.8500,0.0000,47.5672,55.8048,69.8013,32.0790
215.9000,0.0000,47.4470,55.9397,69.8644,32.2138
215.9500,0.0000,47.3203,56.0719,69.9344,32.3516
216.0000,0.0000,47.1870,56.2008,70.0113,32.4925
216.0500,0.0000,47.0474,56.3263,70.0948,32.6367
216.1000,0.0000,46.9022,56.4486,70.1849,32.7839
216.1500,0.0000,46.7522,56.5680,70.2814,32.9343
216.2000,0.0000,46.5981,56.6850,70.3841,33.0876
216.2500,0.0000,46.4408,56.7999,70.4928,33.2438
216.3000,0.0000,46.2809,56.9129,70.6073,33.4028
216.3500,0.0000,46.1189,57.0244,70.7272,33.5647
216.4000,0.0000,45.9554,57.1347,70.8522,33.7294
216.4500,0.0000,45.7909,57.2440,70.9821,33.8969
216.5000,0.0000,45.6258,57.3526,71.1165,34.0672
216.5500,0.0000,45.4605,57.4608,71.2549,34.2403
216.6000,0.0000,45.2953,57.5688,71.3970,34.4164
216.6500,0.0000,45.1305,57.6770,71.5422,34.5953
216.7000,0.0000,44.9662,57.7855,71.6900,34.7772
216.7500,0.0000,44.8026,57.8947,71.8400,34.9622
216.8000,0.0000,44.6398,58.0050,71.9915,35.1502
216.8500,0.0000,44.4779,58.1165,72.1439,35.3414
216.9000,0.0000,44.3167,58.2297,72.2965,35.5359
216.9500,0.0000,44.1562,58.3450,72.4486,35.7337
217.0000,0.0000,43.9963,58.4627,72.5995,35.9349
217.0500,0.0000,43.8368,58.5831,72.7485,36.1396
217.1000,0.0000,43.6779,58.7060,72.8954,36.3479
217.1500,0.0000,43.5200,58.8310,73.0404,36.5599
217.2000,0.0000,43.3633,58.9575,73.1835,36.7758
217.2500,0.0000,43.2080,59.0852,73.3247,36.9955
217.3000,0.0000,43.0544,59.2136,73.4641,37.2193
217.3500,0.0000,42.9026,59.3422,73.6016,37.4472
217.4000,0.0000,42.7529,59.4705,73.7374,37.6792
217.4500,0.0000,42.6052,59.5981,73.8715,37.9156
217.5000,0.0000,42.4597,59.7246,74.0039,38.1565
217.5500,0.0000,42.3166,59.8495,74.1349,38.4016
217.6000,0.0000,42.1764,59.9732,74.2648,38.6506
217.6500,0.0000,42.0395,60.0959,74.3942,38.9026
217.7000,0.0000,41.9065,60.2179,74.5238,39.1571
217.7500,0.0000,41.7778,60.3395,74.6539,39.4134
217.8000,0.0000,41.6536,60.4609,74.7850,39.6710
217.8500,0.0000,41.5343,60.5823,74.9177,39.9293
217.9000,0.0000,41.4201,60.7038,75.0521,40.1879
217.9500,0.0000,41.3110,60.8255,75.1888,40.4464
218.0000,0.0000,41.2072,60.9475,75.3280,40.7042
218.0500,0.0000,41.1087,61.0700,75.4700,40.9612
218.1000,0.0000,41.0155,61.1928,75.6150,41.2169
218.1500,0.0000,40.9273,61.3162,75.7633,41.4711
218.2000,0.0000,40.8440,61.4400,75.9151,41.7234
218.2500,0.0000,40.7653,61.5644,76.0704,41.9737
218.3000,0.0000,40.6910,61.6892,76.2294,42.2218
218.3500,0.0000,40.6206,61.8145,76.3922,42.4674
218.4000,0.0000,40.5536,61.9402,76.5588,42.7105
218.4500,0.0000,40.4894,62.0664,76.7292,42.9509
218.5000,0.0000,40.4276,62.1930,76.9033,43.1885
218.5500,0.0000,40.3675,62.3199,77.0811,43.4233
218.6000,0.0000,40.3090,62.4468,77.2628,43.6553
218.6500,0.0000,40.2524,62.5735,77.4484,43.8843
218.7000,0.0000,40.1977,62.6996,77.6383,44.1104
218.7500,0.0000,40.1448,62.8247,77.8324,44.3337
218.8000,0.0000,40.0940,62.9484,78.0308,44.5542
218.8500,0.0000,40.0451,63.0705,78.2337,44.7718
218.9000,0.0000,39.9981,63.1905,78.4411,44.9869
218.9500,0.0000,39.9531,63.3081,78.6531,45.1993
219.0000,0.0000,39.9098,63.4229,78.8696,45.4093
219.0500,0.0000,39.8684,63.5346,79.0906,45.6169
219.1000,0.0000,39.8288,63.6436,79.3162,45.8215
219.1500,0.0000,39.7913,63.7502,79.5462,46.0224
219.2000,0.0000,39.7558,63.8549,79.7806,46.2193
219.2500,0.0000,39.7224,63.9579,80.0192,46.4115
219.3000,0.0000,39.6911,64.0595,80.2621,46.5986
219.3500,0.0000,39.6618,64.1600,80.5089,46.7803
219.4000,0.0000,39.6344,64.2595,80.7596,46.9563
219.4500,0.0000,39.6087,64.3583,81.0140,47.1264
219.5000,0.0000,39.5846,64.4563,81.2718,47.2902
219.5500,0.0000,39.5618,64.5538,81.5327,47.4478
219.6000,0.0000,39.5401,64.6508,81.7966,47.5990
219.6500,0.0000,39.5189,64.7472,82.0632,47.7438
219.7000,0.0000,39.4981,64.8432,82.3320,47.8822
219.7500,0.0000,39.4771,64.9386,82.6027,48.0142
219.8000,0.0000,39.4554,65.0335,82.8750,48.1401
219.8500,0.0000,39.4324,65.1278,83.1484,48.2600
219.9000,0.0000,39.4077,65.2213,83.4225,48.3740
219.9500,0.0000,39.3804,65.3140,83.6969,48.4825
220.0000,0.0000,39.3500,65.4057,83.9709,48.5857
220.0500,0.0000,39.3157,65.4963,84.2442,48.6839
220.1000,0.0000,39.2775,65.5856,84.5167,48.7774
220.1500,0.0000,39.2355,65.6735,84.7884,48.8661
220.2000,0.0000,39.1896,65.7596,85.0593,48.9503
220.2500,0.0000,39.1400,65.8439,85.3294,49.0301
220.3000,0.0000,39.0866,65.9262,85.5989,49.1057
220.3500,0.0000,39.0294,66.0061,85.8676,49.1773
220.4000,0.0000,38.9686,66.0834,86.1356,49.2451
220.4500,0.0000,38.9041,66.1579,86.4029,49.3094
220.5000,0.0000,38.8358,66.2294,86.6695,49.3705
220.5500,0.0000,38.7638,66.2976,86.9356,49.4285
220.6000,0.0000,38.6883,66.3627,87.2010,49.4832
220.6500,0.0000,38.6096,66.4250,87.4657,49.5345
220.7000,0.0000,38.5278,66.4847,87.7299,49.5821
220.7500,0.0000,38.4430,66.5419,87.9935,49.6260
220.8000,0.0000,38.3555,66.5967,88.2566,49.6661
220.8500,0.0000,38.2653,66.6493,88.5191,49.7023
220.9000,0.0000,38.1725,66.6996,88.7810,49.7347
220.9500,0.0000,38.0771,66.7478,89.0424,49.7634
221.0000,0.0000,37.9792,66.7937,89.3032,49.7883
221.0500,0.0000,37.8787,66.8374,89.5635,49.8097
221.1000,0.0000,37.7757,66.8786,89.8232,49.8276
221.1500,0.0000,37.6707,66.9174,90.0824,49.8424
221.2000,0.0000,37.5646,66.9536,90.3409,49.8542
221.2500,0.0000,37.4578,66.9869,90.5988,49.8634
221.3000,0.0000,37.3509,67.0173,90.8561,49.8701
221.3500,0.0000,37.2444,67.0443,91.1126,49.8749
221.4000,0.0000,37.1386,67.0678,91.3684,49.8780
221.4500,0.0000,37.0336,67.0874,91.6235,49.8799
221.5000,0.0000,36.9296,67.1028,91.8776,49.8810
221.5500,0.0000,36.8269,67.1138,92.1308,49.8817
221.6000,0.0000,36.7257,67.1200,92.3831,49.8822
221.6500,0.0000,36.6267,67.1215,92.6341,49.8829
221.7000,0.0000,36.5302,67.1181,92.8840,49.8839
221.7500,0.0000,36.4366,67.1097,93.1326,49.8854
221.8000,0.0000,36.3462,67.0961,93.3796,49.8877
221.8500,0.0000,36.2594,67.0772,93.6251,49.8910
221.9000,0.0000,36.1763,67.0528,93.8687,49.8957
221.9500,0.0000,36.0970,67.0226,94.1104,49.9019
222.0000,0.0000,36.0217,66.9866,94.3500,49.9100
222.0500,0.0000,35.9504,66.9444,94.5873,49.9202
222.1000,0.0000,35.8835,66.8956,94.8222,49.9319
222.1500,0.0000,35.8210,66.8396,95.0549,49.9447
222.2000,0.0000,35.7632,66.7761,95.2852,49.9583
222.2500,0.0000,35.7101,66.7044,95.5132,49.9721
222.3000,0.0000,35.6618,66.6242,95.7387,49.9860
222.3500,0.0000,35.6181,66.5349,95.9616,49.9995
222.4000,0.0000,35.5790,66.4365,96.1817,50.0125
222.4500,0.0000,35.5442,66.3289,96.3988,50.0248
222.5000,0.0000,35.5135,66.2122,96.6127,50.0362
222.5500,0.0000,35.4867,66.0863,96.8231,50.0468
222.6000,0.0000,35.4633,65.9511,97.0296,50.0563
222.6500,0.0000,35.4428,65.8065,97.2318,50.0650
222.7000,0.0000,35.4249,65.6525,97.4294,50.0726
222.7500,0.0000,35.4089,65.4891,97.6219,50.0795
222.8000,0.0000,35.3941,65.3160,97.8087,50.0857
222.8500,0.0000,35.3800,65.1332,97.9894,50.0913
222.9000,0.0000,35.3658,64.9404,98.1632,50.0966
222.9500,0.0000,35.3506,64.7377,98.3297,50.1019
223.0000,0.0000,35.3336,64.5247,98.4880,50.1074
223.0500,0.0000,35.3139,64.3013,98.6375,50.1133
223.1000,0.0000,35.2914,64.0678,98.7784,50.1199
223.1500,0.0000,35.2660,63.8246,98.9105,50.1271
223.2000,0.0000,35.2374,63.5720,99.0340,50.1352
223.2500,0.0000,35.2057,63.3105,99.1491,50.1442
223.3000,0.0000,35.1705,63.0402,99.2559,50.1542
223.3500,0.0000,35.1319,62.7618,99.3543,50.1655
223.4000,0.0000,35.0896,62.4754,99.4447,50.1782
223.4500,0.0000,35.0436,62.1816,99.5270,50.1924
223.5000,0.0000,34.9936,61.8805,99.6014,50.2085
223.5500,0.0000,34.9396,61.5727,99.6680,50.2265
223.6000,0.0000,34.8819,61.2585,99.7270,50.2462
223.6500,0.0000,34.8209,60.9382,99.7784,50.2673
223.7000,0.0000,34.7570,60.6122,99.8225,50.2897
223.7500,0.0000,34.6903,60.2808,99.8593,50.3131
223.8000,0.0000,34.6213,59.9442,99.8891,50.3374
223.8500,0.0000,34.5502,59.6029,99.9119,50.3625
223.9000,0.0000,34.4772,59.2570,99.9279,50.3885
223.9500,0.0000,34.4025,58.9069,99.9373,50.4152
224.0000,0.0000,34.3263,58.5528,99.9403,50.4428
224.0500,0.0000,34.2488,58.1948,99.9370,50.4713
224.1000,0.0000,34.1700,57.8332,99.9276,50.5008
224.1500,0.0000,34.0901,57.4681,99.9122,50.5317
224.2000,0.0000,34.0092,57.0997,99.8912,50.5640
224.2500,0.0000,33.9274,56.7281,99.8646,50.5980
224.3000,0.0000,33.8448,56.3532,99.8326,50.6341
224.3500,0.0000,33.7613,55.9752,99.7956,50.6725
224.4000,0.0000,33.6770,55.5939,99.7536,50.7137
224.4500,0.0000,33.5919,55.2094,99.7070,50.7581
224.5000,0.0000,33.5061,54.8215,99.6558,50.8062
224.5500,0.0000,33.4195,54.4302,99.6004,50.8583
224.6000,0.0000,33.3325,54.0361,99.5410,50.9146
224.6500,0.0000,33.2452,53.6397,99.4778,50.9751
224.7000,0.0000,33.1579,53.2418,99.4111,51.0395
224.7500,0.0000,33.0710,52.8431,99.3410,51.1081
224.8000,0.0000,32.9847,52.4441,99.2680,51.1807
224.8500,0.0000,32.8995,52.0456,99.1921,51.2574
224.9000,0.0000,32.8155,51.6482,99.1137,51.3381
224.9500,0.0000,32.7331,51.2525,99.0331,51.4229
225.0000,0.0000,32.6527,50.8591,98.9505,51.5117
225.0500,0.0000,32.5746,50.4685,98.8661,51.6045
225.1000,0.0000,32.4993,50.0808,98.7804,51.7006
225.1500,0.0000,32.4270,49.6962,98.6935,51.7992
225.2000,0.0000,32.3582,49.3145,98.6057,51.8996
225.2500,0.0000,32.2934,48.9359,98.5173,52.0011
225.3000,0.0000,32.2329,48.5605,98.4286,52.1032
225.3500,0.0000,32.1773,48.1882,98.3399,52.2053
225.4000,0.0000,32.1269,47.8192,98.2516,52.3070
225.4500,0.0000,32.0823,47.4534,98.1638,52.4077
225.5000,0.0000,32.0440,47.0911,98.0769,52.5071
225.5500,0.0000,32.0115,46.7320,97.9912,52.6048
225.6000,0.0000,31.9837,46.3764,97.9069,52.7005
225.6500,0.0000,31.9591,46.0243,97.8245,52.7940
225.7000,0.0000,31.9362,45.6755,97.7441,52.8851
225.7500,0.0000,31.9138,45.3300,97.6660,52.9736
225.8000,0.0000,31.8906,44.9879,97.5900,53.0594
225.8500,0.0000,31.8651,44.6490,97.5162,53.1425
225.9000,0.0000,31.8361,44.3131,97.4446,53.2228
225.9500,0.0000,31.8023,43.9802,97.3752,53.3003
226.0000,0.0000,31.7623,43.6500,97.3079,53.3752
226.0500,0.0000,31.7152,43.3223,97.2428,53.4476
226.1000,0.0000,31.6602,42.9978,97.1798,53.5172
226.1500,0.0000,31.5971,42.6769,97.1188,53.5841
226.2000,0.0000,31.5256,42.3603,97.0599,53.6482
226.2500,0.0000,31.4454,42.0486,97.0029,53.7095
226.3000,0.0000,31.3562,41.7423,96.9478,53.7679
226.3500,0.0000,31.2579,41.4421,96.8946,53.8234
226.4000,0.0000,31.1504,41.1485,96.8430,53.8762
226.4500,0.0000,31.0335,40.8620,96.7931,53.9263
226.5000,0.0000,30.9072,40.5834,96.7447,53.9737
226.5500,0.0000,30.7715,40.3130,96.6977,54.0187
226.6000,0.0000,30.6269,40.0513,96.6523,54.0612
226.6500,0.0000,30.4739,39.7990,96.6084,54.1010
226.7000,0.0000,30.3131,39.5565,96.5663,54.1382
226.7500,0.0000,30.1449,39.3242,96.5259,54.1729
226.8000,0.0000,29.9699,39.1025,96.4873,54.2051
226.8500,0.0000,29.7885,38.8918,96.4504,54.2349
226.9000,0.0000,29.6013,38.6925,96.4152,54.2626
226.9500,0.0000,29.4087,38.5048,96.3817,54.2884
227.0000,0.0000,29.2110,38.3292,96.3496,54.3125
227.0500,0.0000,29.0089,38.1657,96.3188,54.3350
227.1000,0.0000,28.8025,38.0147,96.2893,54.3562
227.1500,0.0000,28.5923,37.8761,96.2606,54.3762
227.2000,0.0000,28.3787,37.7503,96.2326,54.3953
227.2500,0.0000,28.1619,37.6371,96.2050,54.4140
227.3000,0.0000,27.9423,37.5365,96.1775,54.4325
227.3500,0.0000,27.7199,37.4486,96.1497,54.4513
227.4000,0.0000,27.4952,37.3731,96.1211,54.4710
227.4500,0.0000,27.2682,37.3100,96.0915,54.4922
227.5000,0.0000,27.0390,37.2588,96.0602,54.5154
227.5500,0.0000,26.8079,37.2194,96.0269,54.5412
227.6000,0.0000,26.5754,37.1923,95.9915,54.5696
227.6500,0.0000,26.3421,37.1778,95.9541,54.6006
227.7000,0.0000,26.1086,37.1764,95.9146,54.6341
227.7500,0.0000,25.8755,37.1885,95.8732,54.6699
227.8000,0.0000,25.6434,37.2145,95.8299,54.7080
227.8500,0.0000,25.4129,37.2547,95.7846,54.7483
227.9000,0.0000,25.1844,37.3096,95.7374,54.7909
227.9500,0.0000,24.9585,37.3794,95.6884,54.8356
228.0000,0.0000,24.7358,37.4643,95.6375,54.8825
228.0500,0.0000,24.5166,37.5647,95.5847,54.9316
228.1000,0.0000,24.3014,37.6807,95.5297,54.9823
228.1500,0.0000,24.0907,37.8124,95.4725,55.0342
228.2000,0.0000,23.8848,37.9601,95.4126,55.0869
228.2500,0.0000,23.6841,38.1237,95.3499,55.1400
228.3000,0.0000,23.4888,38.3033,95.2841,55.1932
228.3500,0.0000,23.2994,38.4989,95.2152,55.2462
228.4000,0.0000,23.1159,38.7105,95.1428,55.2989
228.4500,0.0000,22.9387,38.9379,95.0669,55.3511
228.5000,0.0000,22.7679,39.1810,94.9873,55.4026
228.5500,0.0000,22.6037,39.4396,94.9038,55.4534
228.6000,0.0000,22.4460,39.7134,94.8163,55.5036
228.6500,0.0000,22.2949,40.0021,94.7248,55.5532
228.7000,0.0000,22.1505,40.3053,94.6290,55.6024
228.7500,0.0000,22.0126,40.6227,94.5290,55.6512
228.8000,0.0000,21.8811,40.9536,94.4246,55.7000
228.8500,0.0000,21.7558,41.2977,94.3158,55.7491
228.9000,0.0000,21.6365,41.6541,94.2025,55.7988
228.9500,0.0000,21.5229,42.0223,94.0847,55.8495
229.0000,0.0000,21.4146,42.4015,93.9624,55.9017
229.0500,0.0000,21.3112,42.7911,93.8355,55.9559
229.1000,0.0000,21.2125,43.1908,93.7040,56.0118
229.1500,0.0000,21.1183,43.6007,93.5679,56.0693
229.2000,0.0000,21.0282,44.0207,93.4273,56.1281
229.2500,0.0000,20.9418,44.4507,93.2821,56.1879
229.3000,0.0000,20.8587,44.8907,93.1324,56.2485
229.3500,0.0000,20.7785,45.3406,92.9782,56.3098
229.4000,0.0000,20.7007,45.8001,92.8195,56.3714
229.4500,0.0000,20.6245,46.2692,92.6564,56.4334
229.5000,0.0000,20.5493,46.7477,92.4890,56.4954
229.5500,0.0000,20.4743,47.2354,92.3171,56.5573
229.6000,0.0000,20.3988,47.7320,92.1399,56.6189
229.6500,0.0000,20.3219,48.2372,91.9566,56.6799
229.7000,0.0000,20.2426,48.7509,91.7664,56.7401
229.7500,0.0000,20.1601,49.2726,91.5686,56.7993
229.8000,0.0000,20.0745,49.8021,91.3628,56.8574
229.8500,0.0000,19.9856,50.3390,91.1486,56.9142
229.9000,0.0000,19.8935,50.8829,90.9257,56.9697
229.9500,0.0000,19.7983,51.4333,90.6938,57.0236
230.0000,0.0000,19.6997,51.9899,90.4530,57.0760
230.0500,0.0000,19.5979,52.5521,90.2031,57.1269
230.1000,0.0000,19.4928,53.1194,89.9443,57.1763
230.1500,0.0000,19.3843,53.6913,89.6766,57.2241
230.2000,0.0000,19.2724,54.2673,89.4004,57.2706
230.2500,0.0000,19.1570,54.8466,89.1157,57.3158
230.3000,0.0000,19.0381,55.4288,88.8230,57.3598
230.3500,0.0000,18.9156,56.0131,88.5227,57.4029
230.4000,0.0000,18.7893,56.5987,88.2151,57.4453
230.4500,0.0000,18.6592,57.1851,87.9007,57.4872
230.5000,0.0000,18.5252,57.7714,87.5800,57.5290
230.5500,0.0000,18.3871,58.3570,87.2535,57.5709
230.6000,0.0000,18.2451,58.9414,86.9219,57.6128
230.6500,0.0000,18.0994,59.5244,86.5855,57.6544
230.7000,0.0000,17.9500,60.1059,86.2451,57.6958
230.7500,0.0000,17.7971,60.6856,85.9013,57.7365
230.8000,0.0000,17.6409,61.2631,85.5546,57.7766
230.8500,0.0000,17.4816,61.8384,85.2057,57.8158
230.9000,0.0000,17.3192,62.4112,84.8553,57.8541
230.9500,0.0000,17.1540,62.9812,84.5038,57.8913
231.0000,0.0000,16.9860,63.5482,84.1519,57.9274
231.0500,0.0000,16.8155,64.1122,83.8002,57.9624
231.1000,0.0000,16.6426,64.6733,83.4488,57.9968
231.1500,0.0000,16.4673,65.2318,83.0977,58.0316
231.2000,0.0000,16.2899,65.7882,82.7469,58.0674
231.2500,0.0000,16.1105,66.3426,82.3966,58.1049
231.3000,0.0000,15.9292,66.8952,82.0468,58.1448
231.3500,0.0000,15.7460,67.4464,81.6976,58.1877
231.4000,0.0000,15.5612,67.9962,81.3491,58.2342
231.4500,0.0000,15.3748,68.5450,81.0014,58.2851
231.5000,0.0000,15.1869,69.0928,80.6545,58.3408
231.5500,0.0000,14.9975,69.6398,80.3085,58.4021
231.6000,0.0000,14.8068,70.1862,79.9634,58.4694
231.6500,0.0000,14.6148,70.7320,79.6193,58.5434
231.7000,0.0000,14.4215,71.2774,79.2762,58.6247
231.7500,0.0000,14.2270,71.8224,78.9341,58.7138
231.8000,0.0000,14.0312,72.3672,78.5929,58.8113
231.8500,0.0000,13.8342,72.9118,78.2527,58.9180
231.9000,0.0000,13.6359,73.4564,77.9133,59.0342
231.9500,0.0000,13.4363,74.0009,77.5746,59.1608
232.0000,0.0000,13.2354,74.5455,77.2365,59.2983
232.0500,0.0000,13.0331,75.0902,76.8990,59.4473
232.1000,0.0000,12.8294,75.6347,76.5620,59.6076
232.1500,0.0000,12.6248,76.1790,76.2256,59.7791
232.2000,0.0000,12.4192,76.7226,75.8899,59.9616
232.2500,0.0000,12.2130,77.2653,75.5550,60.1546
232.3000,0.0000,12.0062,77.8069,75.2208,60.3580
232.3500,0.0000,11.7990,78.3471,74.8875,60.5715
232.4000,0.0000,11.5916,78.8854,74.5550,60.7946
232.4500,0.0000,11.3841,79.4217,74.2233,61.0271
232.5000,0.0000,11.1767,79.9556,73.8924,61.2686
232.5500,0.0000,10.9694,80.4868,73.5622,61.5187
232.6000,0.0000,10.7625,81.0148,73.2323,61.7771
232.6500,0.0000,10.5559,81.5395,72.9025,62.0433
232.7000,0.0000,10.3497,82.0604,72.5724,62.3170
232.7500,0.0000,10.1441,82.5772,72.2417,62.5978
232.8000,0.0000,9.9391,83.0895,71.9100,62.8854
232.8500,0.0000,9.7347,83.5971,71.5770,63.1792
232.9000,0.0000,9.5309,84.0994,71.2424,63.4790
232.9500,0.0000,9.3277,84.5963,70.9059,63.7844
233.0000,0.0000,9.1252,85.0873,70.5672,64.0950
233.0500,0.0000,8.9232,85.5721,70.2260,64.4104
233.1000,0.0000,8.7217,86.0503,69.8819,64.7304
233.1500,0.0000,8.5206,86.5217,69.5348,65.0546
233.2000,0.0000,8.3199,86.9859,69.1843,65.3828
233.2500,0.0000,8.1193,87.4425,68.8302,65.7145
233.3000,0.0000,7.9187,87.8914,68.4723,66.0497
233.3500,0.0000,7.7180,88.3321,68.1104,66.3880
233.4000,0.0000,7.5169,88.7644,67.7444,66.7292
233.4500,0.0000,7.3151,89.1880,67.3740,67.0733
233.5000,0.0000,7.1124,89.6027,66.9992,67.4200
233.5500,0.0000,6.9087,90.0082,66.6198,67.7692
233.6000,0.0000,6.7039,90.4043,66.2358,68.1203
233.6500,0.0000,6.4985,90.7908,65.8472,68.4726
233.7000,0.0000,6.2926,91.1674,65.4541,68.8256
233.7500,0.0000,6.0866,91.5340,65.0565,69.1787
233.8000,0.0000,5.8806,91.8905,64.6545,69.5311
233.8500,0.0000,5.6749,92.2367,64.2484,69.8824
233.9000,0.0000,5.4699,92.5725,63.8383,70.2318
233.9500,0.0000,5.2656,92.8978,63.4245,70.5789
234.0000,0.0000,5.0625,93.2125,63.0075,70.9232
234.0500,0.0000,4.8609,93.5166,62.5876,71.2641
234.1000,0.0000,4.6617,93.8102,62.1652,71.6020
234.1500,0.0000,4.4659,94.0931,61.7404,71.9372
234.2000,0.0000,4.2746,94.3655,61.3139,72.2698
234.2500,0.0000,4.0887,94.6274,60.8860,72.6003
234.3000,0.0000,3.9091,94.8789,60.4576,72.9287
234.3500,0.0000,3.7366,95.1203,60.0292,73.2555
234.4000,0.0000,3.5719,95.3515,59.6020,73.5808
234.4500,0.0000,3.4159,95.5729,59.1767,73.9049
234.5000,0.0000,3.2692,95.7847,58.7547,74.2279
234.5500,0.0000,3.1324,95.9871,58.3369,74.5501
234.6000,0.0000,3.0062,96.1805,57.9239,74.8717
234.6500,0.0000,2.8910,96.3652,57.5158,75.1929
234.7000,0.0000,2.7874,96.5417,57.1127,75.5141
234.7500,0.0000,2.6958,96.7103,56.7151,75.8354
234.8000,0.0000,2.6167,96.8715,56.3230,76.1571
234.8500,0.0000,2.5505,97.0258,55.9367,76.4795
234.9000,0.0000,2.4973,97.1733,55.5564,76.8030
234.9500,0.0000,2.4576,97.3141,55.1824,77.1278
235.0000,0.0000,2.4316,97.4485,54.8148,77.4543
235.0500,0.0000,2.4195,97.5765,54.4539,77.7828
235.1000,0.0000,2.4214,97.6979,54.0999,78.1130
235.1500,0.0000,2.4374,97.8124,53.7530,78.4444
235.2000,0.0000,2.4677,97.9197,53.4134,78.7765
235.2500,0.0000,2.5122,98.0196,53.0812,79.1089
235.3000,0.0000,2.5710,98.1118,52.7568,79.4409
235.3500,0.0000,2.6441,98.1960,52.4402,79.7722
235.4000,0.0000,2.7313,98.2720,52.1317,80.1023
235.4500,0.0000,2.8325,98.3396,51.8314,80.4305
235.5000,0.0000,2.9476,98.3987,51.5394,80.7564
235.5500,0.0000,3.0765,98.4490,51.2559,81.0796
235.6000,0.0000,3.2197,98.4907,50.9811,81.4004
235.6500,0.0000,3.3778,98.5238,50.7150,81.7189
235.7000,0.0000,3.5511,98.5485,50.4577,82.0354
235.7500,0.0000,3.7399,98.5648,50.2093,82.3501
235.8000,0.0000,3.9446,98.5729,49.9700,82.6633
235.8500,0.0000,4.1654,98.5730,49.7397,82.9749
235.9000,0.0000,4.4022,98.5650,49.5185,83.2851
235.9500,0.0000,4.6553,98.5491,49.3065,83.5940
236.0000,0.0000,4.9244,98.5254,49.1036,83.9016
236.0500,0.0000,5.2094,98.4941,48.9098,84.2080
236.1000,0.0000,5.5102,98.4552,48.7252,84.5131
236.1500,0.0000,5.8265,98.4088,48.5496,84.8169
236.2000,0.0000,6.1578,98.3551,48.3831,85.1194
236.2500,0.0000,6.5039,98.2942,48.2254,85.4206
236.3000,0.0000,6.8640,98.2262,48.0766,85.7204
236.3500,0.0000,7.2377,98.1512,47.9365,86.0188
236.4000,0.0000,7.6244,98.0693,47.8050,86.3157
236.4500,0.0000,8.0233,97.9807,47.6819,86.6111
236.5000,0.0000,8.4336,97.8855,47.5669,86.9049
236.5500,0.0000,8.8545,97.7839,47.4601,87.1970
236.6000,0.0000,9.2857,97.6759,47.3613,87.4872
236.6500,0.0000,9.7268,97.5617,47.2706,87.7752
236.7000,0.0000,10.1775,97.4414,47.1881,88.0605
236.7500,0.0000,10.6372,97.3153,47.1139,88.3428
236.8000,0.0000,11.1056,97.1833,47.0479,88.6218
236.8500,0.0000,11.5822,97.0458,46.9903,88.8972
236.9000,0.0000,12.0665,96.9028,46.9411,89.1686
236.9500,0.0000,12.5581,96.7545,46.9002,89.4357
237.0000,0.0000,13.0564,96.6011,46.8678,89.6982
237.0500,0.0000,13.5609,96.4427,46.8439,89.9559
237.1000,0.0000,14.0713,96.2796,46.8284,90.2089
237.1500,0.0000,14.5873,96.1118,46.8215,90.4574
237.2000,0.0000,15.1085,95.9395,46.8231,90.7017
237.2500,0.0000,15.6346,95.7630,46.8332,90.9421
237.3000,0.0000,16.1652,95.5825,46.8519,91.1786
237.3500,0.0000,16.6999,95.3980,46.8791,91.4115
237.4000,0.0000,17.2383,95.2099,46.9149,91.6411
237.4500,0.0000,17.7798,95.0182,46.9593,91.8673
237.5000,0.0000,18.3240,94.8233,47.0123,92.0906
237.5500,0.0000,18.8705,94.6253,47.0740,92.3109
237.6000,0.0000,19.4186,94.4243,47.1442,92.5286
237.6500,0.0000,19.9679,94.2207,47.2231,92.7438
237.7000,0.0000,20.5178,94.0147,47.3106,92.9566
237.7500,0.0000,21.0678,93.8064,47.4068,93.1674
237.8000,0.0000,21.6174,93.5960,47.5116,93.3764
237.8500,0.0000,22.1658,93.3838,47.6252,93.5837
237.9000,0.0000,22.7126,93.1701,47.7475,93.7897
237.9500,0.0000,23.2572,92.9549,47.8786,93.9946
238.0000,0.0000,23.7989,92.7386,48.0185,94.1987
238.0500,0.0000,24.3373,92.5214,48.1672,94.4023
238.1000,0.0000,24.8716,92.3035,48.3244,94.6053
238.1500,0.0000,25.4013,92.0851,48.4900,94.8073
238.2000,0.0000,25.9258,91.8665,48.6637,95.0081
238.2500,0.0000,26.4444,91.6479,48.8452,95.2074
238.3000,0.0000,26.9567,91.4295,49.0343,95.4051
238.3500,0.0000,27.4620,91.2116,49.2305,95.6008
238.4000,0.0000,27.9597,90.9943,49.4337,95.7943
238.4500,0.0000,28.4492,90.7779,49.6434,95.9853
238.5000,0.0000,28.9300,90.5626,49.8595,96.1735
238.5500,0.0000,29.4016,90.3488,50.0814,96.3587
238.6000,0.0000,29.8641,90.1372,50.3081,96.5406
238.6500,0.0000,30.3179,89.9284,50.5385,96.7190
238.7000,0.0000,30.7631,89.7232,50.7715,96.8936
238.7500,0.0000,31.1999,89.5222,51.0060,97.0641
238.8000,0.0000,31.6283,89.3262,51.2411,97.2303
238.8500,0.0000,32.0486,89.1356,51.4759,97.3920
238.9000,0.0000,32.4607,88.9511,51.7093,97.5489
238.9500,0.0000,32.8647,88.7732,51.9405,97.7008
239.0000,0.0000,33.2606,88.6025,52.1688,97.8475
239.0500,0.0000,33.6484,88.4393,52.3932,97.9887
239.1000,0.0000,34.0281,88.2841,52.6131,98.1243
239.1500,0.0000,34.3995,88.1373,52.8277,98.2540
239.2000,0.0000,34.7627,87.9994,53.0363,98.3776
239.2500,0.0000,35.1176,87.8705,53.2383,98.4950
239.3000,0.0000,35.4639,87.7511,53.4331,98.6059
239.3500,0.0000,35.8016,87.6414,53.6201,98.7102
239.4000,0.0000,36.1306,87.5417,53.7988,98.8078
239.4500,0.0000,36.4507,87.4521,53.9687,98.8985
239.5000,0.0000,36.7617,87.3728,54.1293,98.9821
239.5500,0.0000,37.0635,87.3041,54.2801,99.0584
239.6000,0.0000,37.3559,87.2459,54.4209,99.1273
239.6500,0.0000,37.6387,87.1985,54.5512,99.1884
239.7000,0.0000,37.9118,87.1617,54.6712,99.2415
239.7500,0.0000,38.1749,87.1358,54.7817,99.2862
239.8000,0.0000,38.4279,87.1206,54.8833,99.3223
239.8500,0.0000,38.6705,87.1161,54.9768,99.3495
239.9000,0.0000,38.9026,87.1223,55.0629,99.3675
239.9500,0.0000,39.1240,87.1390,55.1423,99.3760
240.0000,0.0000,39.3346,87.1661,55.2156,99.3747
240.0500,0.0000,39.5342,87.2034,55.2836,99.3634
240.1000,0.0000,39.7234,87.2508,55.3463,99.3425
240.1500,0.0000,39.9028,87.3080,55.4039,99.3124
240.2000,0.0000,40.0729,87.3747,55.4567,99.2737
240.2500,0.0000,40.2344,87.4507,55.5048,99.2265
240.3000,0.0000,40.3878,87.5355,55.5484,99.1713
240.3500,0.0000,40.5333,87.6289,55.5877,99.1082
240.4000,0.0000,40.6716,87.7305,55.6232,99.0374
240.4500,0.0000,40.8030,87.8397,55.6550,98.9590
240.5000,0.0000,40.9278,87.9562,55.6836,98.8733
240.5500,0.0000,41.0463,88.0795,55.7093,98.7803
240.6000,0.0000,41.1590,88.2089,55.7325,98.6802
240.6500,0.0000,41.2660,88.3440,55.7536,98.5731
240.7000,0.0000,41.3677,88.4842,55.7731,98.4590
240.7500,0.0000,41.4642,88.6287,55.7915,98.3377
240.8000,0.0000,41.5557,88.7770,55.8092,98.2094
240.8500,0.0000,41.6425,88.9282,55.8270,98.0737
240.9000,0.0000,41.7247,89.0817,55.8453,97.9304
240.9500,0.0000,41.8025,89.2366,55.8648,97.7794
241.0000,0.0000,41.8760,89.3921,55.8861,97.6203
241.0500,0.0000,41.9454,89.5475,55.9098,97.4528
241.1000,0.0000,42.0107,89.7023,55.9361,97.2772
241.1500,0.0000,42.0720,89.8563,55.9652,97.0941
241.2000,0.0000,42.1295,90.0090,55.9972,96.9037
241.2500,0.0000,42.1832,90.1601,56.0322,96.7067
241.3000,0.0000,42.2332,90.3094,56.0704,96.5033
241.3500,0.0000,42.2796,90.4565,56.1119,96.2939
241.4000,0.0000,42.3223,90.6010,56.1568,96.0791
241.4500,0.0000,42.3615,90.7425,56.2052,95.8592
241.5000,0.0000,42.3972,90.8808,56.2574,95.6347
241.5500,0.0000,42.4295,91.0155,56.3132,95.4057
241.6000,0.0000,42.4588,91.1465,56.3721,95.1719
241.6500,0.0000,42.4859,91.2741,56.4335,94.9331
241.7000,0.0000,42.5111,91.3995,56.4968,94.6888
241.7500,0.0000,42.5349,91.5239,56.5614,94.4387
241.8000,0.0000,42.5578,91.6482,56.6268,94.1826
241.8500,0.0000,42.5802,91.7736,56.6926,93.9203
241.9000,0.0000,42.6025,91.9007,56.7583,93.6515
241.9500,0.0000,42.6250,92.0304,56.8236,93.3761
242.0000,0.0000,42.6480,92.1633,56.8882,93.0940
242.0500,0.0000,42.6719,92.3000,56.9518,92.8052
242.1000,0.0000,42.6968,92.4408,57.0141,92.5095
242.1500,0.0000,42.7231,92.5861,57.0751,92.2071
242.2000,0.0000,42.7508,92.7363,57.1345,91.8978
242.2500,0.0000,42.7802,92.8914,57.1922,91.5819
242.3000,0.0000,42.8115,93.0516,57.2483,91.2593
242.3500,0.0000,42.8447,93.2170,57.3026,90.9302
242.4000,0.0000,42.8800,93.3875,57.3552,90.5946
242.4500,0.0000,42.9174,93.5630,57.4062,90.2528
242.5000,0.0000,42.9571,93.7433,57.4557,89.9050
242.5500,0.0000,42.9989,93.9282,57.5037,89.5513
242.6000,0.0000,43.0430,94.1175,57.5502,89.1919
242.6500,0.0000,43.0892,94.3108,57.5952,88.8270
242.7000,0.0000,43.1376,94.5078,57.6384,88.4570
242.7500,0.0000,43.1881,94.7079,57.6800,88.0820
242.8000,0.0000,43.2406,94.9109,57.7198,87.7023
242.8500,0.0000,43.2950,95.1161,57.7579,87.3182
242.9000,0.0000,43.3511,95.3231,57.7943,86.9299
242.9500,0.0000,43.4088,95.5312,57.8289,86.5378
243.0000,0.0000,43.4678,95.7400,57.8619,86.1420
243.0500,0.0000,43.5281,95.9488,57.8932,85.7429
243.1000,0.0000,43.5894,96.1571,57.9229,85.3412
243.1500,0.0000,43.6516,96.3645,57.9508,84.9375
243.2000,0.0000,43.7146,96.5704,57.9771,84.5323
243.2500,0.0000,43.7781,96.7742,58.0017,84.1264
243.3000,0.0000,43.8420,96.9755,58.0246,83.7203
243.3500,0.0000,43.9058,97.1736,58.0459,83.3144
243.4000,0.0000,43.9694,97.3680,58.0658,82.9092
243.4500,0.0000,44.0322,97.5582,58.0843,82.5052
243.5000,0.0000,44.0941,97.7435,58.1015,82.1028
243.5500,0.0000,44.1544,97.9235,58.1176,81.7022
243.6000,0.0000,44.2128,98.0976,58.1328,81.3038
243.6500,0.0000,44.2686,98.2653,58.1473,80.9079
243.7000,0.0000,44.3214,98.4261,58.1614,80.5146
243.7500,0.0000,44.3706,98.5794,58.1752,80.1240
243.8000,0.0000,44.4155,98.7248,58.1891,79.7363
243.8500,0.0000,44.4553,98.8620,58.2034,79.3514
243.9000,0.0000,44.4894,98.9904,58.2183,78.9693
243.9500,0.0000,44.5169,99.1098,58.2342,78.5899
244.0000,0.0000,44.5370,99.2198,58.2516,78.2131
244.0500,0.0000,44.5490,99.3201,58.2706,77.8387
244.1000,0.0000,44.5526,99.4105,58.2916,77.4673
244.1500,0.0000,44.5478,99.4909,58.3146,77.0992
244.2000,0.0000,44.5345,99.5609,58.3398,76.7352
244.2500,0.0000,44.5127,99.6207,58.3673,76.3758
244.3000,0.0000,44.4822,99.6702,58.3973,76.0214
244.3500,0.0000,44.4430,99.7094,58.4299,75.6725
244.4000,0.0000,44.3949,99.7384,58.4653,75.3295
244.4500,0.0000,44.3380,99.7574,58.5036,74.9929
244.5000,0.0000,44.2721,99.7668,58.5450,74.6632
244.5500,0.0000,44.1971,99.7667,58.5898,74.3404
244.6000,0.0000,44.1128,99.7580,58.6377,74.0243
244.6500,0.0000,44.0192,99.7413,58.6889,73.7144
244.7000,0.0000,43.9162,99.7175,58.7431,73.4102
244.7500,0.0000,43.8035,99.6875,58.8006,73.1112
244.8000,0.0000,43.6811,99.6522,58.8611,72.8170
244.8500,0.0000,43.5487,99.6127,58.9249,72.5272
244.9000,0.0000,43.4062,99.5702,58.9919,72.2414
244.9500,0.0000,43.2533,99.5258,59.0622,71.9590
245.0000,0.0000,43.0899,99.4808,59.1360,71.6798
245.0500,0.0000,42.9157,99.4353,59.2134,71.4031
245.1000,0.0000,42.7305,99.3892,59.2945,71.1287
245.1500,0.0000,42.5339,99.3425,59.3796,70.8561
245.2000,0.0000,42.3257,99.2950,59.4689,70.5847
245.2500,0.0000,42.1056,99.2466,59.5625,70.3141
245.3000,0.0000,41.8731,99.1970,59.6609,70.0438
245.3500,0.0000,41.6280,99.1461,59.7643,69.7734
245.4000,0.0000,41.3698,99.0938,59.8729,69.5021
245.4500,0.0000,41.0981,99.0397,59.9872,69.2296
245.5000,0.0000,40.8124,98.9836,60.1076,68.9552
245.5500,0.0000,40.5123,98.9253,60.2345,68.6783
245.6000,0.0000,40.1981,98.8648,60.3682,68.3991
245.6500,0.0000,39.8701,98.8021,60.5093,68.1179
245.7000,0.0000,39.5287,98.7372,60.6583,67.8348
245.7500,0.0000,39.1742,98.6701,60.8157,67.5501
245.8000,0.0000,38.8071,98.6009,60.9821,67.2642
245.8500,0.0000,38.4277,98.5295,61.1581,66.9772
245.9000,0.0000,38.0366,98.4560,61.3443,66.6895
245.9500,0.0000,37.6341,98.3803,61.5415,66.4013
246.0000,0.0000,37.2206,98.3025,61.7500,66.1129
246.0500,0.0000,36.7968,98.2226,61.9696,65.8247
246.1000,0.0000,36.3638,98.1412,62.1997,65.5365
246.1500,0.0000,35.9229,98.0587,62.4399,65.2486
246.2000,0.0000,35.4751,97.9757,62.6896,64.9608
246.2500,0.0000,35.0218,97.8927,62.9483,64.6732
246.3000,0.0000,34.5640,97.8099,63.2154,64.3860
246.3500,0.0000,34.1027,97.7279,63.4905,64.0991
246.4000,0.0000,33.6390,97.6471,63.7730,63.8126
246.4500,0.0000,33.1739,97.5677,64.0624,63.5266
246.5000,0.0000,32.7082,97.4900,64.3581,63.2411
246.5500,0.0000,32.2429,97.4144,64.6597,62.9562
246.6000,0.0000,31.7788,97.3410,64.9666,62.6719
246.6500,0.0000,31.3167,97.2702,65.2782,62.3884
246.7000,0.0000,30.8573,97.2020,65.5942,62.1055
246.7500,0.0000,30.4014,97.1368,65.9139,61.8234
246.8000,0.0000,29.9495,97.0745,66.2369,61.5421
246.8500,0.0000,29.5023,97.0153,66.5626,61.2615
246.9000,0.0000,29.0603,96.9594,66.8905,60.9816
246.9500,0.0000,28.6241,96.9067,67.2202,60.7024
247.0000,0.0000,28.1940,96.8573,67.5512,60.4239
247.0500,0.0000,27.7705,96.8112,67.8830,60.1459
247.1000,0.0000,27.3543,96.7685,68.2151,59.8690
247.1500,0.0000,26.9458,96.7290,68.5471,59.5935
247.2000,0.0000,26.5458,96.6927,68.8785,59.3201
247.2500,0.0000,26.1546,96.6596,69.2090,59.0490
247.3000,0.0000,25.7729,96.6294,69.5380,58.7810
247.3500,0.0000,25.4011,96.6022,69.8653,58.5164
247.4000,0.0000,25.0396,96.5777,70.1904,58.2557
247.4500,0.0000,24.6888,96.5558,70.5129,57.9996
247.5000,0.0000,24.3496,96.5362,70.8325,57.7483
247.5500,0.0000,24.0230,96.5187,71.1488,57.5024
247.6000,0.0000,23.7100,96.5032,71.4608,57.2615
247.6500,0.0000,23.4115,96.4892,71.7674,57.0255
247.7000,0.0000,23.1283,96.4766,72.0675,56.7940
247.7500,0.0000,22.8612,96.4650,72.3604,56.5668
247.8000,0.0000,22.6106,96.4541,72.6451,56.3437
247.8500,0.0000,22.3772,96.4435,72.9209,56.1246
247.9000,0.0000,22.1615,96.4328,73.1871,55.9094
247.9500,0.0000,21.9637,96.4217,73.4431,55.6980
248.0000,0.0000,21.7841,96.4096,73.6884,55.4903
248.0500,0.0000,21.6229,96.3961,73.9225,55.2863
248.1000,0.0000,21.4802,96.3808,74.1450,55.0861
248.1500,0.0000,21.3559,96.3631,74.3557,54.8896
248.2000,0.0000,21.2500,96.3426,74.5543,54.6968
248.2500,0.0000,21.1622,96.3186,74.7406,54.5079
248.3000,0.0000,21.0923,96.2905,74.9147,54.3230
248.3500,0.0000,21.0399,96.2578,75.0765,54.1420
248.4000,0.0000,21.0045,96.2198,75.2263,53.9652
248.4500,0.0000,20.9855,96.1759,75.3640,53.7925
248.5000,0.0000,20.9822,96.1253,75.4902,53.6243
248.5500,0.0000,20.9940,96.0675,75.6048,53.4605
248.6000,0.0000,21.0208,96.0021,75.7078,53.3013
248.6500,0.0000,21.0626,95.9291,75.7987,53.1468
248.7000,0.0000,21.1193,95.8483,75.8770,52.9972
248.7500,0.0000,21.1908,95.7596,75.9426,52.8526
248.8000,0.0000,21.2769,95.6628,75.9951,52.7131
248.8500,0.0000,21.3774,95.5578,76.0342,52.5789
248.9000,0.0000,21.4921,95.4445,76.0598,52.4501
248.9500,0.0000,21.6206,95.3228,76.0716,52.3267
249.0000,0.0000,21.7627,95.1925,76.0695,52.2089
249.0500,0.0000,21.9180,95.0539,76.0536,52.0966
249.1000,0.0000,22.0869,94.9073,76.0238,51.9894
249.1500,0.0000,22.2697,94.7537,75.9805,51.8870
249.2000,0.0000,22.4666,94.5935,75.9240,51.7887
249.2500,0.0000,22.6776,94.4275,75.8544,51.6943
249.3000,0.0000,22.9029,94.2563,75.7721,51.6031
249.3500,0.0000,23.1424,94.0804,75.6775,51.5148
249.4000,0.0000,23.3960,93.9003,75.5709,51.4291
249.4500,0.0000,23.6633,93.7165,75.4526,51.3453
249.5000,0.0000,23.9442,93.5295,75.3231,51.2632
249.5500,0.0000,24.2381,93.3396,75.1829,51.1823
249.6000,0.0000,24.5447,93.1473,75.0323,51.1022
249.6500,0.0000,24.8633,92.9529,74.8719,51.0224
249.7000,0.0000,25.1933,92.7567,74.7022,50.9425
249.7500,0.0000,25.5339,92.5591,74.5238,50.8620
249.8000,0.0000,25.8842,92.3603,74.3372,50.7805
249.8500,0.0000,26.2435,92.1605,74.1432,50.6975
249.9000,0.0000,26.6107,91.9599,73.9424,50.6125
249.9500,0.0000,26.9847,91.7588,73.7355,50.5250
250.0000,0.0000,27.3644,91.5574,73.5232,50.4343
250.0500,0.0000,27.7487,91.3557,73.3063,50.3402
250.1000,0.0000,28.1370,91.1538,73.0850,50.2428
250.1500,0.0000,28.5288,90.9519,72.8598,50.1423
250.2000,0.0000,28.9238,90.7501,72.6307,50.0392
250.2500,0.0000,29.3214,90.5484,72.3981,49.9338
250.3000,0.0000,29.7210,90.3469,72.1623,49.8266
250.3500,0.0000,30.1223,90.1455,71.9236,49.7178
250.4000,0.0000,30.5244,89.9443,71.6822,49.6081
250.4500,0.0000,30.9270,89.7433,71.4386,49.4979
250.5000,0.0000,31.3295,89.5423,71.1930,49.3876
250.5500,0.0000,31.7311,89.3416,70.9458,49.2776
250.6000,0.0000,32.1316,89.1417,70.6974,49.1679
250.6500,0.0000,32.5307,88.9433,70.4482,49.0580
250.7000,0.0000,32.9277,88.7471,70.1986,48.9480
250.7500,0.0000,33.3225,88.5537,69.9490,48.8378
250.8000,0.0000,33.7144,88.3635,69.6998,48.7272
250.8500,0.0000,34.1031,88.1770,69.4517,48.6164
250.9000,0.0000,34.4880,87.9946,69.2049,48.5054
250.9500,0.0000,34.8687,87.8166,68.9601,48.3945
251.0000,0.0000,35.2445,87.6434,68.7178,48.2839
251.0500,0.0000,35.6149,87.4750,68.4785,48.1739
251.1000,0.0000,35.9793,87.3118,68.2430,48.0649
251.1500,0.0000,36.3372,87.1539,68.0117,47.9574
251.2000,0.0000,36.6880,87.0012,67.7854,47.8517
251.2500,0.0000,37.0310,86.8538,67.5647,47.7486
251.3000,0.0000,37.3657,86.7117,67.3503,47.6485
251.3500,0.0000,37.6913,86.5748,67.1431,47.5521
251.4000,0.0000,38.0072,86.4430,66.9438,47.4603
251.4500,0.0000,38.3129,86.3161,66.7532,47.3737
251.5000,0.0000,38.6075,86.1939,66.5722,47.2932
251.5500,0.0000,38.8906,86.0761,66.4015,47.2197
251.6000,0.0000,39.1619,85.9628,66.2414,47.1532
251.6500,0.0000,39.4215,85.8538,66.0919,47.0938
251.7000,0.0000,39.6692,85.7492,65.9529,47.0417
251.7500,0.0000,39.9052,85.6489,65.8246,46.9969
251.8000,0.0000,40.1294,85.5527,65.7070,46.9594
251.8500,0.0000,40.3420,85.4606,65.6000,46.9294
251.9000,0.0000,40.5430,85.3724,65.5037,46.9068
251.9500,0.0000,40.7326,85.2879,65.4180,46.8918
252.0000,0.0000,40.9111,85.2070,65.3429,46.8844
252.0500,0.0000,41.0788,85.1296,65.2784,46.8845
252.1000,0.0000,41.2367,85.0556,65.2251,46.8918
252.1500,0.0000,41.3859,84.9851,65.1833,46.9056
252.2000,0.0000,41.5276,84.9182,65.1535,46.9255
252.2500,0.0000,41.6629,84.8548,65.1361,46.9511
252.3000,0.0000,41.7929,84.7948,65.1314,46.9819
252.3500,0.0000,41.9186,84.7383,65.1398,47.0175
252.4000,0.0000,42.0414,84.6850,65.1616,47.0574
252.4500,0.0000,42.1618,84.6349,65.1970,47.1012
252.5000,0.0000,42.2800,84.5879,65.2462,47.1486
252.5500,0.0000,42.3961,84.5438,65.3094,47.1991
252.6000,0.0000,42.5100,84.5023,65.3868,47.2525
252.6500,0.0000,42.6219,84.4633,65.4785,47.3082
252.7000,0.0000,42.7315,84.4266,65.5846,47.3659
252.7500,0.0000,42.8390,84.3918,65.7052,47.4253
252.8000,0.0000,42.9443,84.3588,65.8403,47.4860
252.8500,0.0000,43.0472,84.3272,65.9900,47.5477
252.9000,0.0000,43.1477,84.2967,66.1542,47.6099
252.9500,0.0000,43.2455,84.2670,66.3330,47.6723
253.0000,0.0000,43.3407,84.2378,66.5263,47.7345
253.0500,0.0000,43.4329,84.2087,66.7340,47.7963
253.1000,0.0000,43.5222,84.1795,66.9559,47.8576
253.1500,0.0000,43.6085,84.1499,67.1917,47.9185
253.2000,0.0000,43.6917,84.1197,67.4413,47.9792
253.2500,0.0000,43.7718,84.0887,67.7043,48.0397
253.3000,0.0000,43.8487,84.0565,67.9803,48.1002
253.3500,0.0000,43.9223,84.0231,68.2692,48.1609
253.4000,0.0000,43.9926,83.9879,68.5704,48.2219
253.4500,0.0000,44.0594,83.9510,68.8837,48.2836
253.5000,0.0000,44.1226,83.9118,69.2086,48.3460
253.5500,0.0000,44.1824,83.8704,69.5447,48.4095
253.6000,0.0000,44.2392,83.8270,69.8917,48.4740
253.6500,0.0000,44.2938,83.7823,70.2490,48.5396
253.7000,0.0000,44.3468,83.7367,70.6163,48.6064
253.7500,0.0000,44.3988,83.6905,70.9931,48.6745
253.8000,0.0000,44.4504,83.6442,71.3789,48.7440
253.8500,0.0000,44.5019,83.5980,71.7733,48.8150
253.9000,0.0000,44.5540,83.5522,72.1758,48.8880
253.9500,0.0000,44.6069,83.5069,72.5858,48.9630
254.0000,0.0000,44.6610,83.4624,73.0029,49.0404
254.0500,0.0000,44.7166,83.4187,73.4266,49.1206
254.1000,0.0000,44.7741,83.3760,73.8564,49.2039
254.1500,0.0000,44.8336,83.3342,74.2919,49.2908
254.2000,0.0000,44.8953,83.2933,74.7324,49.3816
254.2500,0.0000,44.9595,83.2533,75.1776,49.4771
254.3000,0.0000,45.0262,83.2140,75.6268,49.5776
254.3500,0.0000,45.0955,83.1754,76.0797,49.6838
254.4000,0.0000,45.1675,83.1372,76.5357,49.7963
254.4500,0.0000,45.2422,83.0992,76.9944,49.9159
254.5000,0.0000,45.3196,83.0612,77.4552,50.0432
254.5500,0.0000,45.3996,83.0229,77.9177,50.1789
254.6000,0.0000,45.4822,82.9842,78.3812,50.3230
254.6500,0.0000,45.5673,82.9451,78.8448,50.4755
254.7000,0.0000,45.6548,82.9054,79.3080,50.6364
254.7500,0.0000,45.7444,82.8652,79.7697,50.8056
254.8000,0.0000,45.8361,82.8242,80.2294,50.9829
254.8500,0.0000,45.9295,82.7824,80.6862,51.1684
254.9000,0.0000,46.0244,82.7395,81.1394,51.3619
254.9500,0.0000,46.1206,82.6955,81.5881,51.5634
255.0000,0.0000,46.2178,82.6501,82.0315,51.7728
255.0500,0.0000,46.3156,82.6032,82.4691,51.9898
255.1000,0.0000,46.4143,82.5554,82.9004,52.2137
255.1500,0.0000,46.5140,82.5072,83.3252,52.4436
255.2000,0.0000,46.6146,82.4591,83.7432,52.6787
255.2500,0.0000,46.7163,82.4115,84.1542,52.9181
255.3000,0.0000,46.8191,82.3647,84.5578,53.1613
255.3500,0.0000,46.9227,82.3192,84.9539,53.4074
255.4000,0.0000,47.0271,82.2750,85.3422,53.6558
255.4500,0.0000,47.1321,82.2325,85.7224,53.9060
255.5000,0.0000,47.2373,82.1916,86.0943,54.1575
255.5500,0.0000,47.3425,82.1526,86.4577,54.4096
255.6000,0.0000,47.4473,82.1154,86.8123,54.6619
255.6500,0.0000,47.5512,82.0799,87.1579,54.9140
255.7000,0.0000,47.6537,82.0461,87.4944,55.1656
255.7500,0.0000,47.7543,82.0139,87.8215,55.4164
255.8000,0.0000,47.8524,81.9829,88.1390,55.6659
255.8500,0.0000,47.9473,81.9530,88.4468,55.9141
255.9000,0.0000,48.0383,81.9239,88.7447,56.1607
255.9500,0.0000,48.1247,81.8952,89.0326,56.4055
256.0000,0.0000,48.2056,81.8664,89.3104,56.6485
256.0500,0.0000,48.2802,81.8373,89.5779,56.8895
256.1000,0.0000,48.3484,81.8078,89.8351,57.1283
256.1500,0.0000,48.4102,81.7780,90.0820,57.3646
256.2000,0.0000,48.4654,81.7480,90.3184,57.5981
256.2500,0.0000,48.5141,81.7177,90.5443,57.8286
256.3000,0.0000,48.5561,81.6872,90.7598,58.0559
256.3500,0.0000,48.5914,81.6566,90.9648,58.2798
256.4000,0.0000,48.6199,81.6259,91.1595,58.5002
256.4500,0.0000,48.6416,81.5949,91.3439,58.7170
256.5000,0.0000,48.6565,81.5639,91.5181,58.9301
256.5500,0.0000,48.6645,81.5327,91.6822,59.1392
256.6000,0.0000,48.6664,81.5016,91.8364,59.3441
256.6500,0.0000,48.6628,81.4707,91.9809,59.5440
256.7000,0.0000,48.6546,81.4405,92.1159,59.7386
256.7500,0.0000,48.6422,81.4109,92.2416,59.9275
256.8000,0.0000,48.6264,81.3822,92.3584,60.1104
256.8500,0.0000,48.6077,81.3545,92.4665,60.2869
256.9000,0.0000,48.5865,81.3280,92.5663,60.4569
256.9500,0.0000,48.5634,81.3027,92.6583,60.6203
257.0000,0.0000,48.5389,81.2788,92.7428,60.7770
257.0500,0.0000,48.5132,81.2563,92.8202,60.9270
257.1000,0.0000,48.4869,81.2352,92.8912,61.0703
257.1500,0.0000,48.4602,81.2156,92.9562,61.2071
257.2000,0.0000,48.4334,81.1975,93.0159,61.3376
257.2500,0.0000,48.4068,81.1809,93.0708,61.4620
257.3000,0.0000,48.3806,81.1658,93.1217,61.5806
257.3500,0.0000,48.3551,81.1521,93.1692,61.6940
257.4000,0.0000,48.3304,81.1398,93.2142,61.8025
257.4500,0.0000,48.3066,81.1288,93.2574,61.9066
257.5000,0.0000,48.2839,81.1191,93.2997,62.0070
257.5500,0.0000,48.2623,81.1104,93.3418,62.1043
257.6000,0.0000,48.2420,81.1028,93.3840,62.1983
257.6500,0.0000,48.2229,81.0960,93.4263,62.2891
257.7000,0.0000,48.2050,81.0899,93.4688,62.3764
257.7500,0.0000,48.1883,81.0843,93.5116,62.4603
257.8000,0.0000,48.1728,81.0790,93.5546,62.5406
257.8500,0.0000,48.1584,81.0738,93.5980,62.6174
257.9000,0.0000,48.1449,81.0685,93.6417,62.6906
257.9500,0.0000,48.1323,81.0628,93.6859,62.7603
258.0000,0.0000,48.1203,81.0564,93.7306,62.8264
258.0500,0.0000,48.1088,81.0491,93.7757,62.8889
258.1000,0.0000,48.0979,81.0404,93.8214,62.9471
258.1500,0.0000,48.0876,81.0301,93.8676,63.0004
258.2000,0.0000,48.0777,81.0178,93.9144,63.0481
258.2500,0.0000,48.0684,81.0032,93.9617,63.0897
258.3000,0.0000,48.0593,80.9864,94.0096,63.1247
258.3500,0.0000,48.0505,80.9672,94.0581,63.1527
258.4000,0.0000,48.0416,80.9455,94.1071,63.1733
258.4500,0.0000,48.0324,80.9213,94.1566,63.1863
258.5000,0.0000,48.0227,80.8944,94.2066,63.1915
258.5500,0.0000,48.0120,80.8645,94.2571,63.1887
258.6000,0.0000,48.0001,80.8314,94.3079,63.1778
258.6500,0.0000,47.9864,80.7949,94.3591,63.1590
258.7000,0.0000,47.9704,80.7546,94.4104,63.1321
258.7500,0.0000,47.9517,80.7101,94.4620,63.0974
258.8000,0.0000,47.9297,80.6611,94.5136,63.0551
258.8500,0.0000,47.9037,80.6071,94.5652,63.0053
258.9000,0.0000,47.8731,80.5477,94.6165,62.9486
258.9500,0.0000,47.8370,80.4821,94.6676,62.8851
259.0000,0.0000,47.7949,80.4099,94.7182,62.8155
259.0500,0.0000,47.7458,80.3306,94.7682,62.7402
259.1000,0.0000,47.6898,80.2442,94.8176,62.6592
259.1500,0.0000,47.6267,80.1508,94.8666,62.5727
259.2000,0.0000,47.5567,80.0507,94.9153,62.4806
259.2500,0.0000,47.4796,79.9440,94.9639,62.3831
259.3000,0.0000,47.3955,79.8309,95.0123,62.2804
259.3500,0.0000,47.3043,79.7115,95.0608,62.1726
259.4000,0.0000,47.2061,79.5861,95.1094,62.0599
259.4500,0.0000,47.1008,79.4546,95.1582,61.9426
259.5000,0.0000,46.9884,79.3174,95.2074,61.8210
259.5500,0.0000,46.8689,79.1745,95.2570,61.6952
259.6000,0.0000,46.7431,79.0270,95.3063,61.5654
259.6500,0.0000,46.6117,78.8755,95.3547,61.4318
259.7000,0.0000,46.4754,78.7210,95.4015,61.2944
259.7500,0.0000,46.3348,78.5641,95.4462,61.1535
259.8000,0.0000,46.1906,78.4057,95.4881,61.0093
259.8500,0.0000,46.0432,78.2463,95.5269,60.8622
259.9000,0.0000,45.8931,78.0865,95.5620,60.7125
259.9500,0.0000,45.7407,77.9269,95.5930,60.5599
260.0000,0.0000,45.5865,77.7677,95.6196,60.4041
260.0500,0.0000,45.4308,77.6095,95.6414,60.2448
260.1000,0.0000,45.2738,77.4526,95.6580,60.0818
260.1500,0.0000,45.1157,77.2971,95.6693,59.9151
260.2000,0.0000,44.9567,77.1432,95.6749,59.7446
260.2500,0.0000,44.7971,76.9912,95.6746,59.5705
260.3000,0.0000,44.6371,76.8410,95.6683,59.3932
260.3500,0.0000,44.4772,76.6925,95.6557,59.2130
260.4000,0.0000,44.3176,76.5458,95.6368,59.0304
260.4500,0.0000,44.1587,76.4006,95.6114,58.8461
260.5000,0.0000,44.0005,76.2568,95.5795,58.6607
260.5500,0.0000,43.8433,76.1141,95.5409,58.4749
260.6000,0.0000,43.6875,75.9730,95.4957,58.2889
260.6500,0.0000,43.5335,75.8339,95.4437,58.1029
260.7000,0.0000,43.3816,75.6973,95.3850,57.9169
260.7500,0.0000,43.2321,75.5637,95.3195,57.7312
260.8000,0.0000,43.0853,75.4335,95.2473,57.5460
260.8500,0.0000,42.9415,75.3071,95.1684,57.3616
260.9000,0.0000,42.8010,75.1849,95.0829,57.1783
260.9500,0.0000,42.6638,75.0674,94.9907,56.9965
261.0000,0.0000,42.5303,74.9548,94.8919,56.8165
261.0500,0.0000,42.4004,74.8476,94.7865,56.6388
261.1000,0.0000,42.2744,74.7466,94.6747,56.4630
261.1500,0.0000,42.1523,74.6526,94.5565,56.2889
261.2000,0.0000,42.0340,74.5663,94.4319,56.1163
261.2500,0.0000,41.9197,74.4885,94.3010,55.9451
261.3000,0.0000,41.8093,74.4198,94.1639,55.7751
261.3500,0.0000,41.7026,74.3609,94.0206,55.6065
261.4000,0.0000,41.5997,74.3123,93.8712,55.4393
261.4500,0.0000,41.5003,74.2746,93.7157,55.2737
261.5000,0.0000,41.4042,74.2481,93.5541,55.1099
261.5500,0.0000,41.3113,74.2332,93.3866,54.9482
261.6000,0.0000,41.2212,74.2304,93.2130,54.7888
261.6500,0.0000,41.1337,74.2399,93.0335,54.6323
261.7000,0.0000,41.0483,74.2620,92.8480,54.4790
261.7500,0.0000,40.9646,74.2969,92.6565,54.3295
261.8000,0.0000,40.8822,74.3447,92.4589,54.1842
261.8500,0.0000,40.8007,74.4055,92.2552,54.0439
261.9000,0.0000,40.7193,74.4793,92.0454,53.9090
261.9500,0.0000,40.6376,74.5663,91.8293,53.7804
262.0000,0.0000,40.5548,74.6662,91.6068,53.6587
262.0500,0.0000,40.4704,74.7790,91.3779,53.5446
262.1000,0.0000,40.3843,74.9049,91.1429,53.4383
262.1500,0.0000,40.2967,75.0438,90.9023,53.3402
262.2000,0.0000,40.2076,75.1960,90.6565,53.2503
262.2500,0.0000,40.1171,75.3613,90.4059,53.1690
262.3000,0.0000,40.0253,75.5398,90.1511,53.0962
262.3500,0.0000,39.9323,75.7314,89.8925,53.0324
262.4000,0.0000,39.8381,75.9360,89.6306,52.9775
262.4500,0.0000,39.7428,76.1536,89.3659,52.9318
262.5000,0.0000,39.6463,76.3839,89.0989,52.8954
262.5500,0.0000,39.5489,76.6267,88.8299,52.8684
262.6000,0.0000,39.4512,76.8822,88.5588,52.8508
262.6500,0.0000,39.3541,77.1502,88.2853,52.8429
262.7000,0.0000,39.2581,77.4307,88.0091,52.8445
262.7500,0.0000,39.1640,77.7235,87.7301,52.8557
262.8000,0.0000,39.0723,78.0285,87.4482,52.8766
262.8500,0.0000,38.9836,78.3454,87.1632,52.9069
262.9000,0.0000,38.8982,78.6739,86.8753,52.9468
262.9500,0.0000,38.8165,79.0136,86.5844,52.9960
263.0000,0.0000,38.7388,79.3642,86.2905,53.0544
263.0500,0.0000,38.6654,79.7251,85.9938,53.1218
263.1000,0.0000,38.5965,80.0958,85.6945,53.1980
263.1500,0.0000,38.5320,80.4757,85.3927,53.2827
263.2000,0.0000,38.4720,80.8640,85.0887,53.3756
263.2500,0.0000,38.4166,81.2602,84.7827,53.4764
263.3000,0.0000,38.3655,81.6634,84.4751,53.5846
263.3500,0.0000,38.3186,82.0727,84.1662,53.6998
263.4000,0.0000,38.2756,82.4872,83.8563,53.8214
263.4500,0.0000,38.2361,82.9059,83.5457,53.9490
263.5000,0.0000,38.1998,83.3278,83.2343,54.0820
263.5500,0.0000,38.1664,83.7519,82.9218,54.2196
263.6000,0.0000,38.1359,84.1777,82.6081,54.3614
263.6500,0.0000,38.1087,84.6049,82.2929,54.5078
263.7000,0.0000,38.0851,85.0332,81.9762,54.6589
263.7500,0.0000,38.0653,85.4622,81.6579,54.8152
263.8000,0.0000,38.0496,85.8915,81.3379,54.9769
263.8500,0.0000,38.0381,86.3207,81.0160,55.1441
263.9000,0.0000,38.0310,86.7494,80.6924,55.3173
263.9500,0.0000,38.0285,87.1772,80.3669,55.4965
264.0000,0.0000,38.0306,87.6035,80.0396,55.6820
264.0500,0.0000,38.0377,88.0281,79.7104,55.8739
264.1000,0.0000,38.0504,88.4505,79.3789,56.0716
264.1500,0.0000,38.0697,88.8706,79.0445,56.2746
264.2000,0.0000,38.0963,89.2881,78.7069,56.4824
264.2500,0.0000,38.1307,89.7025,78.3656,56.6943
264.3000,0.0000,38.1738,90.1137,78.0204,56.9099
264.3500,0.0000,38.2259,90.5210,77.6709,57.1288
264.4000,0.0000,38.2876,90.9242,77.3169,57.3507
264.4500,0.0000,38.3592,91.3227,76.9581,57.5752
264.5000,0.0000,38.4410,91.7160,76.5944,57.8021
264.5500,0.0000,38.5333,92.1035,76.2255,58.0311
264.6000,0.0000,38.6363,92.4847,75.8514,58.2620
264.6500,0.0000,38.7500,92.8589,75.4720,58.4948
264.7000,0.0000,38.8744,93.2254,75.0873,58.7293
264.7500,0.0000,39.0095,93.5835,74.6971,58.9656
264.8000,0.0000,39.1553,93.9324,74.3015,59.2036
264.8500,0.0000,39.3114,94.2713,73.9004,59.4436
264.9000,0.0000,39.4776,94.5994,73.4940,59.6857
264.9500,0.0000,39.6537,94.9158,73.0823,59.9300
265.0000,0.0000,39.8391,95.2196,72.6654,60.1769
265.0500,0.0000,40.0336,95.5098,72.2433,60.4266
265.1000,0.0000,40.2370,95.7863,71.8162,60.6787
265.1500,0.0000,40.4494,96.0489,71.3842,60.9328
265.2000,0.0000,40.6707,96.2975,70.9475,61.1885
265.2500,0.0000,40.9008,96.5319,70.5062,61.4452
265.3000,0.0000,41.1398,96.7521,70.0605,61.7026
265.3500,0.0000,41.3873,96.9579,69.6105,61.9603
265.4000,0.0000,41.6433,97.1492,69.1566,62.2179
265.4500,0.0000,41.9075,97.3260,68.6988,62.4750
265.5000,0.0000,42.1796,97.4881,68.2375,62.7313
265.5500,0.0000,42.4596,97.6356,67.7727,62.9864
265.6000,0.0000,42.7473,97.7688,67.3043,63.2396
265.6500,0.0000,43.0429,97.8879,66.8322,63.4902
265.7000,0.0000,43.3462,97.9933,66.3562,63.7378
265.7500,0.0000,43.6573,98.0853,65.8762,63.9815
265.8000,0.0000,43.9760,98.1642,65.3922,64.2210
265.8500,0.0000,44.3021,98.2302,64.9041,64.4557
265.9000,0.0000,44.6352,98.2837,64.4118,64.6851
265.9500,0.0000,44.9752,98.3247,63.9154,64.9090
266.0000,0.0000,45.3216,98.3537,63.4149,65.1270
266.0500,0.0000,45.6740,98.3707,62.9102,65.3387
266.1000,0.0000,46.0318,98.3760,62.4015,65.5440
266.1500,0.0000,46.3946,98.3697,61.8887,65.7427
266.2000,0.0000,46.7617,98.3521,61.3721,65.9346
266.2500,0.0000,47.1325,98.3233,60.8516,66.1198
266.3000,0.0000,47.5061,98.2835,60.3274,66.2981
266.3500,0.0000,47.8819,98.2327,59.7997,66.4697
266.4000,0.0000,48.2589,98.1711,59.2684,66.6346
266.4500,0.0000,48.6363,98.0988,58.7339,66.7930
266.5000,0.0000,49.0130,98.0160,58.1961,66.9452
266.5500,0.0000,49.3883,97.9227,57.6554,67.0913
266.6000,0.0000,49.7616,97.8192,57.1118,67.2313
266.6500,0.0000,50.1329,97.7060,56.5656,67.3648
266.7000,0.0000,50.5019,97.5835,56.0169,67.4917
266.7500,0.0000,50.8682,97.4519,55.4659,67.6120
266.8000,0.0000,51.2318,97.3117,54.9129,67.7254
266.8500,0.0000,51.5924,97.1633,54.3579,67.8319
266.9000,0.0000,51.9496,97.0071,53.8012,67.9315
266.9500,0.0000,52.3032,96.8435,53.2431,68.0242
267.0000,0.0000,52.6529,96.6729,52.6837,68.1099
267.0500,0.0000,52.9986,96.4958,52.1232,68.1888
267.1000,0.0000,53.3405,96.3125,51.5616,68.2610
267.1500,0.0000,53.6786,96.1234,50.9989,68.3267
267.2000,0.0000,54.0133,95.9291,50.4349,68.3860
267.2500,0.0000,54.3447,95.7300,49.8697,68.4391
267.3000,0.0000,54.6728,95.5264,49.3034,68.4863
267.3500,0.0000,54.9979,95.3189,48.7359,68.5281
267.4000,0.0000,55.3198,95.1079,48.1672,68.5646
267.4500,0.0000,55.6387,94.8939,47.5975,68.5964
267.5000,0.0000,55.9545,94.6773,47.0267,68.6239
267.5500,0.0000,56.2670,94.4586,46.4551,68.6477
267.6000,0.0000,56.5763,94.2383,45.8825,68.6682
267.6500,0.0000,56.8822,94.0168,45.3093,68.6862
267.7000,0.0000,57.1844,93.7947,44.7355,68.7022
267.7500,0.0000,57.4829,93.5723,44.1611,68.7172
267.8000,0.0000,57.7773,93.3502,43.5865,68.7317
267.8500,0.0000,58.0675,93.1288,43.0117,68.7468
267.9000,0.0000,58.3530,92.9082,42.4369,68.7633
267.9500,0.0000,58.6337,92.6885,41.8623,68.7821
268.0000,0.0000,58.9090,92.4696,41.2881,68.8045
268.0500,0.0000,59.1787,92.2515,40.7145,68.8313
268.1000,0.0000,59.4425,92.0342,40.1417,68.8630
268.1500,0.0000,59.7004,91.8177,39.5699,68.8998
268.2000,0.0000,59.9522,91.6019,38.9995,68.9423
268.2500,0.0000,60.1976,91.3869,38.4306,68.9906
268.3000,0.0000,60.4364,91.1725,37.8635,69.0452
268.3500,0.0000,60.6686,90.9588,37.2986,69.1060
268.4000,0.0000,60.8937,90.7456,36.7360,69.1728
268.4500,0.0000,61.1117,90.5329,36.1762,69.2454
268.5000,0.0000,61.3222,90.3205,35.6195,69.3236
268.5500,0.0000,61.5249,90.1085,35.0660,69.4072
268.6000,0.0000,61.7197,89.8972,34.5158,69.4956
268.6500,0.0000,61.9061,89.6870,33.9686,69.5880
268.7000,0.0000,62.0838,89.4782,33.4244,69.6838
268.7500,0.0000,62.2525,89.2710,32.8831,69.7823
268.8000,0.0000,62.4119,89.0658,32.3446,69.8830
268.8500,0.0000,62.5616,88.8626,31.8091,69.9853
268.9000,0.0000,62.7011,88.6616,31.2767,70.0888
268.9500,0.0000,62.8301,88.4628,30.7474,70.1928
269.0000,0.0000,62.9482,88.2662,30.2216,70.2971
269.0500,0.0000,63.0548,88.0719,29.6993,70.4012
269.1000,0.0000,63.1496,87.8796,29.1810,70.5047
269.1500,0.0000,63.2319,87.6891,28.6670,70.6072
269.2000,0.0000,63.3013,87.5004,28.1576,70.7086
269.2500,0.0000,63.3573,87.3130,27.6533,70.8086
269.3000,0.0000,63.3993,87.1266,27.1547,70.9069
269.3500,0.0000,63.4267,86.9408,26.6622,71.0033
269.4000,0.0000,63.4388,86.7551,26.1764,71.0977
269.4500,0.0000,63.4351,86.5689,25.6980,71.1901
269.5000,0.0000,63.4147,86.3818,25.2278,71.2803
269.5500,0.0000,63.3773,86.1930,24.7663,71.3683
269.6000,0.0000,63.3227,86.0026,24.3136,71.4539
269.6500,0.0000,63.2512,85.8107,23.8696,71.5368
269.7000,0.0000,63.1629,85.6175,23.4342,71.6167
269.7500,0.0000,63.0581,85.4230,23.0075,71.6935
269.8000,0.0000,62.9369,85.2272,22.5892,71.7670
269.8500,0.0000,62.7996,85.0303,22.1794,71.8370
269.9000,0.0000,62.6465,84.8323,21.7779,71.9034
269.9500,0.0000,62.4779,84.6332,21.3848,71.9661
270.0000,0.0000,62.2940,84.4329,20.9999,72.0250
270.0500,0.0000,62.0951,84.2315,20.6233,72.0801
270.1000,0.0000,61.8816,84.0292,20.2556,72.1313
270.1500,0.0000,61.6539,83.8262,19.8976,72.1786
270.2000,0.0000,61.4123,83.6227,19.5499,72.2221
270.2500,0.0000,61.1572,83.4187,19.2131,72.2619
270.3000,0.0000,60.8890,83.2144,18.8879,72.2979
270.3500,0.0000,60.6080,83.0098,18.5747,72.3305
270.4000,0.0000,60.3148,82.8050,18.2740,72.3596
270.4500,0.0000,60.0097,82.5998,17.9863,72.3854
270.5000,0.0000,59.6933,82.3943,17.7119,72.4083
270.5500,0.0000,59.3658,82.1884,17.4513,72.4285
270.6000,0.0000,59.0279,81.9819,17.2047,72.4462
270.6500,0.0000,58.6800,81.7747,16.9724,72.4617
270.7000,0.0000,58.3226,81.5665,16.7546,72.4755
270.7500,0.0000,57.9562,81.3571,16.5517,72.4879
270.8000,0.0000,57.5812,81.1461,16.3636,72.4993
270.8500,0.0000,57.1982,80.9334,16.1907,72.5104
270.9000,0.0000,56.8077,80.7184,16.0329,72.5215
270.9500,0.0000,56.4102,80.5009,15.8904,72.5332
271.0000,0.0000,56.0063,80.2803,15.7633,72.5462
271.0500,0.0000,55.5963,80.0562,15.6515,72.5609
271.1000,0.0000,55.1809,79.8286,15.5551,72.5774
271.1500,0.0000,54.7606,79.5976,15.4741,72.5954
271.2000,0.0000,54.3358,79.3631,15.4085,72.6147
271.2500,0.0000,53.9071,79.1253,15.3582,72.6351
271.3000,0.0000,53.4749,78.8841,15.3231,72.6565
271.3500,0.0000,53.0398,78.6396,15.3031,72.6787
271.4000,0.0000,52.6022,78.3917,15.2982,72.7013
271.4500,0.0000,52.1627,78.1405,15.3084,72.7242
271.5000,0.0000,51.7216,77.8860,15.3333,72.7473
271.5500,0.0000,51.2793,77.6281,15.3731,72.7702
271.6000,0.0000,50.8364,77.3667,15.4278,72.7930
271.6500,0.0000,50.3933,77.1016,15.4975,72.8154
271.7000,0.0000,49.9503,76.8327,15.5824,72.8374
271.7500,0.0000,49.5077,76.5598,15.6826,72.8590
271.8000,0.0000,49.0661,76.2827,15.7981,72.8800
271.8500,0.0000,48.6255,76.0013,15.9292,72.9002
271.9000,0.0000,48.1865,75.7154,16.0758,72.9195
271.9500,0.0000,47.7486,75.4248,16.2380,72.9379
272.0000,0.0000,47.3111,75.1295,16.4160,72.9551
272.0500,0.0000,46.8733,74.8291,16.6097,72.9711
272.1000,0.0000,46.4343,74.5236,16.8193,72.9857
272.1500,0.0000,45.9934,74.2127,17.0449,72.9987
272.2000,0.0000,45.5500,73.8963,17.2866,73.0099
272.2500,0.0000,45.1032,73.5741,17.5444,73.0194
272.3000,0.0000,44.6523,73.2461,17.8186,73.0268
272.3500,0.0000,44.1967,72.9119,18.1092,73.0320
272.4000,0.0000,43.7355,72.5714,18.4164,73.0350
272.4500,0.0000,43.2681,72.2243,18.7404,73.0355
272.5000,0.0000,42.7937,71.8704,19.0815,73.0335
272.5500,0.0000,42.3117,71.5096,19.4396,73.0287
272.6000,0.0000,41.8221,71.1418,19.8144,73.0211
272.6500,0.0000,41.3251,70.7671,20.2053,73.0106
272.7000,0.0000,40.8207,70.3855,20.6115,72.9971
272.7500,0.0000,40.3093,69.9972,21.0324,72.9804
272.8000,0.0000,39.7911,69.6022,21.4673,72.9605
272.8500,0.0000,39.2662,69.2005,21.9155,72.9373
272.9000,0.0000,38.7351,68.7923,22.3764,72.9107
272.9500,0.0000,38.1979,68.3776,22.8493,72.8808
273.0000,0.0000,37.6550,67.9565,23.3334,72.8475
273.0500,0.0000,37.1069,67.5291,23.8280,72.8108
273.1000,0.0000,36.5547,67.0955,24.3325,72.7706
273.1500,0.0000,35.9995,66.6559,24.8463,72.7271
273.2000,0.0000,35.4424,66.2102,25.3690,72.6803
273.2500,0.0000,34.8843,65.7585,25.8997,72.6303
273.3000,0.0000,34.3260,65.3011,26.4380,72.5772
273.3500,0.0000,33.7683,64.8379,26.9832,72.5211
273.4000,0.0000,33.2117,64.3690,27.5347,72.4622
273.4500,0.0000,32.6569,63.8946,28.0919,72.4007
273.5000,0.0000,32.1042,63.4146,28.6543,72.3368
273.5500,0.0000,31.5541,62.9293,29.2212,72.2707
273.6000,0.0000,31.0067,62.4386,29.7920,72.2028
273.6500,0.0000,30.4622,61.9426,30.3661,72.1334
273.7000,0.0000,29.9207,61.4414,30.9431,72.0629
273.7500,0.0000,29.3822,60.9350,31.5223,71.9916
273.8000,0.0000,28.8467,60.4235,32.1032,71.9201
273.8500,0.0000,28.3139,59.9069,32.6853,71.8487
273.9000,0.0000,27.7837,59.3852,33.2681,71.7781
273.9500,0.0000,27.2557,58.8584,33.8512,71.7088
274.0000,0.0000,26.7295,58.3266,34.4340,71.6415
274.0500,0.0000,26.2049,57.7896,35.0161,71.5767
274.1000,0.0000,25.6820,57.2479,35.5967,71.5143
274.1500,0.0000,25.1612,56.7015,36.1746,71.4543
274.2000,0.0000,24.6428,56.1509,36.7490,71.3966
274.2500,0.0000,24.1271,55.5962,37.3188,71.3408
274.3000,0.0000,23.6144,55.0377,37.8830,71.2870
274.3500,0.0000,23.1050,54.4757,38.4409,71.2349
274.4000,0.0000,22.5990,53.9105,38.9925,71.1844
274.4500,0.0000,22.0969,53.3423,39.5383,71.1355
274.5000,0.0000,21.5987,52.7713,40.0786,71.0879
274.5500,0.0000,21.1048,52.1979,40.6137,71.0416
274.6000,0.0000,20.6152,51.6223,41.1443,70.9965
274.6500,0.0000,20.1300,51.0447,41.6709,70.9524
274.7000,0.0000,19.6493,50.4653,42.1940,70.9093
274.7500,0.0000,19.1732,49.8845,42.7143,70.8670
274.8000,0.0000,18.7017,49.3023,43.2320,70.8256
274.8500,0.0000,18.2349,48.7191,43.7475,70.7850
274.9000,0.0000,17.7729,48.1350,44.2612,70.7450
274.9500,0.0000,17.3158,47.5503,44.7732,70.7058
275.0000,0.0000,16.8636,46.9651,45.2839,70.6671
275.0500,0.0000,16.4165,46.3796,45.7935,70.6292
275.1000,0.0000,15.9744,45.7939,46.3020,70.5919
275.1500,0.0000,15.5375,45.2083,46.8096,70.5554
275.2000,0.0000,15.1058,44.6227,47.3163,70.5195
275.2500,0.0000,14.6792,44.0374,47.8223,70.4845
275.3000,0.0000,14.2579,43.4524,48.3276,70.4504
275.3500,0.0000,13.8419,42.8679,48.8322,70.4173
275.4000,0.0000,13.4311,42.2838,49.3360,70.3853
275.4500,0.0000,13.0256,41.7002,49.8392,70.3546
275.5000,0.0000,12.6252,41.1172,50.3416,70.3253
275.5500,0.0000,12.2301,40.5347,50.8433,70.2976
275.6000,0.0000,11.8405,39.9532,51.3437,70.2713
275.6500,0.0000,11.4567,39.3731,51.8424,70.2462
275.7000,0.0000,11.0792,38.7947,52.3389,70.2220
275.7500,0.0000,10.7082,38.2185,52.8326,70.1986
275.8000,0.0000,10.3441,37.6450,53.3231,70.1757
275.8500,0.0000,9.9872,37.0744,53.8096,70.1531
275.9000,0.0000,9.6380,36.5074,54.2918,70.1306
275.9500,0.0000,9.2965,35.9442,54.7688,70.1079
276.0000,0.0000,8.9632,35.3853,55.2403,70.0848
276.0500,0.0000,8.6383,34.8309,55.7056,70.0612
276.1000,0.0000,8.3216,34.2807,56.1640,70.0369
276.1500,0.0000,8.0133,33.7343,56.6150,70.0119
276.2000,0.0000,7.7131,33.1914,57.0580,69.9861
276.2500,0.0000,7.4211,32.6517,57.4924,69.9594
276.3000,0.0000,7.1370,32.1151,57.9177,69.9317
276.3500,0.0000,6.8608,31.5818,58.3332,69.9029
276.4000,0.0000,6.5921,31.0516,58.7385,69.8729
276.4500,0.0000,6.3309,30.5249,59.1329,69.8417
276.5000,0.0000,6.0767,30.0017,59.5161,69.8092
276.5500,0.0000,5.8293,29.4825,59.8874,69.7751
276.6000,0.0000,5.5884,28.9675,60.2465,69.7396
276.6500,0.0000,5.3533,28.4572,60.5928,69.7024
276.7000,0.0000,5.1237,27.9521,60.9260,69.6635
276.7500,0.0000,4.8990,27.4526,61.2457,69.6228
276.8000,0.0000,4.6784,26.9592,61.5516,69.5803
276.8500,0.0000,4.4613,26.4726,61.8433,69.5358
276.9000,0.0000,4.2468,25.9933,62.1205,69.4892
276.9500,0.0000,4.0346,25.5219,62.3832,69.4406
277.0000,0.0000,3.8251,25.0591,62.6310,69.3898
277.0500,0.0000,3.6191,24.6055,62.8637,69.3369
277.1000,0.0000,3.4176,24.1618,63.0812,69.2817
277.1500,0.0000,3.2216,23.7285,63.2829,69.2242
277.2000,0.0000,3.0322,23.3064,63.4686,69.1644
277.2500,0.0000,2.8503,22.8961,63.6380,69.1023
277.3000,0.0000,2.6768,22.4982,63.7908,69.0379
277.3500,0.0000,2.5124,22.1134,63.9269,68.9712
277.4000,0.0000,2.3580,21.7421,64.0461,68.9023
277.4500,0.0000,2.2142,21.3850,64.1482,68.8310
277.5000,0.0000,2.0816,21.0425,64.2333,68.7576
277.5500,0.0000,1.9605,20.7154,64.3013,68.6819
277.6000,0.0000,1.8508,20.4041,64.3518,68.6033
277.6500,0.0000,1.7524,20.1095,64.3849,68.5212
277.7000,0.0000,1.6650,19.8322,64.4003,68.4348
277.7500,0.0000,1.5880,19.5727,64.3980,68.3437
277.8000,0.0000,1.5212,19.3315,64.3780,68.2472
277.8500,0.0000,1.4638,19.1091,64.3405,68.1451
277.9000,0.0000,1.4152,18.9059,64.2856,68.0370
277.9500,0.0000,1.3747,18.7221,64.2136,67.9225
278.0000,0.0000,1.3413,18.5579,64.1248,67.8014
278.0500,0.0000,1.3142,18.4136,64.0196,67.6735
278.1000,0.0000,1.2932,18.2892,63.8985,67.5387
278.1500,0.0000,1.2786,18.1846,63.7621,67.3970
278.2000,0.0000,1.2702,18.0998,63.6109,67.2484
278.2500,0.0000,1.2683,18.0347,63.4459,67.0930
278.3000,0.0000,1.2729,17.9888,63.2677,66.9308
278.3500,0.0000,1.2840,17.9620,63.0773,66.7622
278.4000,0.0000,1.3019,17.9538,62.8757,66.5873
278.4500,0.0000,1.3266,17.9636,62.6639,66.4065
278.5000,0.0000,1.3581,17.9908,62.4431,66.2201
278.5500,0.0000,1.3967,18.0349,62.2144,66.0286
278.6000,0.0000,1.4423,18.0956,61.9787,65.8318
278.6500,0.0000,1.4951,18.1726,61.7369,65.6298
278.7000,0.0000,1.5553,18.2655,61.4897,65.4225
278.7500,0.0000,1.6228,18.3741,61.2381,65.2098
278.8000,0.0000,1.6978,18.4980,60.9831,64.9919
278.8500,0.0000,1.7803,18.6365,60.7257,64.7686
278.9000,0.0000,1.8706,18.7893,60.4669,64.5401
278.9500,0.0000,1.9686,18.9558,60.2078,64.3063
279.0000,0.0000,2.0744,19.1353,59.9483,64.0675
279.0500,0.0000,2.1882,19.3273,59.6881,63.8236
279.1000,0.0000,2.3104,19.5317,59.4272,63.5748
279.1500,0.0000,2.4411,19.7487,59.1654,63.3212
279.2000,0.0000,2.5807,19.9781,58.9028,63.0629
279.2500,0.0000,2.7296,20.2197,58.6392,62.8002
279.3000,0.0000,2.8880,20.4734,58.3744,62.5331
279.3500,0.0000,3.0561,20.7387,58.1084,62.2618
279.4000,0.0000,3.2341,21.0153,57.8409,61.9865
279.4500,0.0000,3.4224,21.3026,57.5717,61.7075
279.5000,0.0000,3.6210,21.6001,57.3006,61.4248
279.5500,0.0000,3.8301,21.9073,57.0273,61.1388
279.6000,0.0000,4.0499,22.2238,56.7515,60.8496
279.6500,0.0000,4.2805,22.5491,56.4729,60.5575
279.7000,0.0000,4.5220,22.8829,56.1910,60.2626
279.7500,0.0000,4.7744,23.2248,55.9056,59.9652
279.8000,0.0000,5.0379,23.5741,55.6161,59.6656
279.8500,0.0000,5.3125,23.9304,55.3220,59.3640
279.9000,0.0000,5.5982,24.2930,55.0228,59.0605
279.9500,0.0000,5.8950,24.6613,54.7180,58.7556
280.0000,0.0000,6.2029,25.0347,54.4069,58.4493
280.0500,0.0000,6.5219,25.4125,54.0889,58.1419
280.1000,0.0000,6.8519,25.7943,53.7642,57.8336
280.1500,0.0000,7.1928,26.1796,53.4328,57.5248
280.2000,0.0000,7.5446,26.5682,53.0950,57.2155
280.2500,0.0000,7.9071,26.9595,52.7510,56.9061
280.3000,0.0000,8.2803,27.3534,52.4008,56.5968
280.3500,0.0000,8.6640,27.7494,52.0447,56.2877
280.4000,0.0000,9.0580,28.1473,51.6829,55.9793
280.4500,0.0000,9.4622,28.5469,51.3155,55.6730
280.5000,0.0000,9.8763,28.9479,50.9427,55.3700
280.5500,0.0000,10.3001,29.3503,50.5649,55.0716
280.6000,0.0000,10.7326,29.7543,50.1828,54.7783
280.6500,0.0000,11.1729,30.1601,49.7974,54.4904
280.7000,0.0000,11.6198,30.5680,49.4097,54.2083
280.7500,0.0000,12.0725,30.9783,49.0205,53.9323
280.8000,0.0000,12.5301,31.3917,48.6305,53.6627
280.8500,0.0000,12.9917,31.8086,48.2406,53.3998
280.9000,0.0000,13.4564,32.2296,47.8514,53.1438
280.9500,0.0000,13.9235,32.6556,47.4635,52.8951
281.0000,0.0000,14.3920,33.0872,47.0775,52.6538
281.0500,0.0000,14.8613,33.5254,46.6941,52.4200
281.1000,0.0000,15.3307,33.9700,46.3136,52.1941
281.1500,0.0000,15.7994,34.4211,45.9366,51.9760
281.2000,0.0000,16.2668,34.8783,45.5634,51.7660
281.2500,0.0000,16.7322,35.3415,45.1943,51.5642
281.3000,0.0000,17.1950,35.8106,44.8297,51.3705
281.3500,0.0000,17.6546,36.2853,44.4699,51.1851
281.4000,0.0000,18.1105,36.7654,44.1150,51.0080
281.4500,0.0000,18.5622,37.2507,43.7651,50.8391
281.5000,0.0000,19.0090,37.7410,43.4205,50.6785
281.5500,0.0000,19.4506,38.2361,43.0812,50.5262
281.6000,0.0000,19.8865,38.7356,42.7476,50.3821
281.6500,0.0000,20.3162,39.2391,42.4198,50.2464
281.7000,0.0000,20.7394,39.7463,42.0981,50.1190
281.7500,0.0000,21.1555,40.2568,41.7829,50.0001
281.8000,0.0000,21.5644,40.7701,41.4742,49.8895
281.8500,0.0000,21.9656,41.2859,41.1724,49.7874
281.9000,0.0000,22.3588,41.8038,40.8775,49.6937
281.9500,0.0000,22.7437,42.3234,40.5896,49.6083
282.0000,0.0000,23.1201,42.8442,40.3090,49.5312
282.0500,0.0000,23.4877,43.3659,40.0356,49.4623
282.1000,0.0000,23.8466,43.8880,39.7699,49.4007
282.1500,0.0000,24.1968,44.4102,39.5121,49.3455
282.2000,0.0000,24.5384,44.9320,39.2624,49.2960
282.2500,0.0000,24.8714,45.4530,39.0212,49.2513
282.3000,0.0000,25.1959,45.9729,38.7885,49.2106
282.3500,0.0000,25.5120,46.4912,38.5646,49.1732
282.4000,0.0000,25.8198,47.0076,38.3495,49.1385
282.4500,0.0000,26.1195,47.5216,38.1433,49.1057
282.5000,0.0000,26.4110,48.0329,37.9461,49.0743
282.5500,0.0000,26.6945,48.5411,37.7578,49.0435
282.6000,0.0000,26.9703,49.0459,37.5784,49.0128
282.6500,0.0000,27.2382,49.5468,37.4079,48.9818
282.7000,0.0000,27.4987,50.0435,37.2462,48.9498
282.7500,0.0000,27.7517,50.5358,37.0931,48.9165
282.8000,0.0000,27.9975,51.0231,36.9485,48.8813
282.8500,0.0000,28.2363,51.5053,36.8122,48.8438
282.9000,0.0000,28.4682,51.9821,36.6839,48.8036
282.9500,0.0000,28.6935,52.4530,36.5635,48.7604
283.0000,0.0000,28.9123,52.9179,36.4505,48.7139
283.0500,0.0000,29.1250,53.3764,36.3448,48.6636
283.1000,0.0000,29.3316,53.8283,36.2462,48.6094
283.1500,0.0000,29.5323,54.2733,36.1543,48.5510
283.2000,0.0000,29.7272,54.7112,36.0689,48.4881
283.2500,0.0000,29.9164,55.1418,35.9899,48.4206
283.3000,0.0000,30.1001,55.5648,35.9169,48.3482
283.3500,0.0000,30.2785,55.9800,35.8496,48.2709
283.4000,0.0000,30.4516,56.3873,35.7878,48.1885
283.4500,0.0000,30.6197,56.7864,35.7310,48.1009
283.5000,0.0000,30.7830,57.1773,35.6790,48.0081
283.5500,0.0000,30.9418,57.5598,35.6314,47.9099
283.6000,0.0000,31.0967,57.9343,35.5880,47.8056
283.6500,0.0000,31.2486,58.3013,35.5488,47.6944
283.7000,0.0000,31.3981,58.6610,35.5135,47.5757
283.7500,0.0000,31.5460,59.0139,35.4819,47.4487
283.8000,0.0000,31.6931,59.3603,35.4539,47.3131
283.8500,0.0000,31.8399,59.7006,35.4291,47.1683
283.9000,0.0000,31.9873,60.0350,35.4073,47.0139
283.9500,0.0000,32.1359,60.3640,35.3881,46.8497
284.0000,0.0000,32.2863,60.6878,35.3711,46.6754
284.0500,0.0000,32.4393,61.0066,35.3560,46.4907
284.1000,0.0000,32.5954,61.3209,35.3424,46.2957
284.1500,0.0000,32.7555,61.6307,35.3298,46.0904
284.2000,0.0000,32.9200,61.9365,35.3177,45.8746
284.2500,0.0000,33.0898,62.2384,35.3057,45.6486
284.3000,0.0000,33.2655,62.5366,35.2931,45.4126
284.3500,0.0000,33.4477,62.8315,35.2796,45.1667
284.4000,0.0000,33.6371,63.1231,35.2644,44.9113
284.4500,0.0000,33.8344,63.4118,35.2470,44.6469
284.5000,0.0000,34.0404,63.6977,35.2267,44.3738
284.5500,0.0000,34.2556,63.9810,35.2030,44.0926
284.6000,0.0000,34.4805,64.2619,35.1755,43.8039
284.6500,0.0000,34.7149,64.5406,35.1441,43.5083
284.7000,0.0000,34.9585,64.8173,35.1084,43.2066
284.7500,0.0000,35.2111,65.0921,35.0682,42.8996
284.8000,0.0000,35.4724,65.3652,35.0233,42.5881
284.8500,0.0000,35.7421,65.6368,34.9735,42.2730
284.9000,0.0000,36.0200,65.9069,34.9186,41.9555
284.9500,0.0000,36.3058,66.1759,34.8583,41.6365
285.0000,0.0000,36.5990,66.4437,34.7923,41.3171
285.0500,0.0000,36.8995,66.7105,34.7208,40.9985
285.1000,0.0000,37.2065,66.9756,34.6441,40.6816
285.1500,0.0000,37.5196,67.2384,34.5628,40.3670
285.2000,0.0000,37.8381,67.4983,34.4775,40.0551
285.2500,0.0000,38.1614,67.7547,34.3887,39.7455
285.3000,0.0000,38.4891,68.0070,34.2970,39.4380
285.3500,0.0000,38.8206,68.2549,34.2026,39.1325
285.4000,0.0000,39.1553,68.4978,34.1061,38.8287
285.4500,0.0000,39.4927,68.7353,34.0078,38.5266
285.5000,0.0000,39.8324,68.9671,33.9080,38.2259
285.5500,0.0000,40.1739,69.1928,33.8071,37.9267
285.6000,0.0000,40.5168,69.4122,33.7054,37.6288
285.6500,0.0000,40.8605,69.6248,33.6031,37.3322
285.7000,0.0000,41.2048,69.8306,33.5004,37.0368
285.7500,0.0000,41.5492,70.0292,33.3976,36.7426
285.8000,0.0000,41.8934,70.2205,33.2949,36.4497
285.8500,0.0000,42.2371,70.4043,33.1924,36.1580
285.9000,0.0000,42.5799,70.5805,33.0902,35.8676
285.9500,0.0000,42.9215,70.7490,32.9886,35.5785
286.0000,0.0000,43.2618,70.9096,32.8876,35.2908
286.0500,0.0000,43.6004,71.0624,32.7873,35.0045
286.1000,0.0000,43.9370,71.2073,32.6878,34.7199
286.1500,0.0000,44.2709,71.3446,32.5892,34.4372
286.2000,0.0000,44.6019,71.4743,32.4915,34.1567
286.2500,0.0000,44.9294,71.5966,32.3949,33.8786
286.3000,0.0000,45.2531,71.7116,32.2992,33.6033
286.3500,0.0000,45.5725,71.8197,32.2047,33.3311
286.4000,0.0000,45.8872,71.9209,32.1112,33.0623
286.4500,0.0000,46.1968,72.0156,32.0188,32.7973
286.5000,0.0000,46.5011,72.1039,31.9276,32.5364
286.5500,0.0000,46.7996,72.1862,31.8376,32.2799
286.6000,0.0000,47.0915,72.2626,31.7496,32.0275
286.6500,0.0000,47.3761,72.3336,31.6643,31.7788
286.7000,0.0000,47.6525,72.3993,31.5825,31.5336
286.7500,0.0000,47.9200,72.4601,31.5049,31.2915
286.8000,0.0000,48.1781,72.5162,31.4321,31.0525
286.8500,0.0000,48.4261,72.5681,31.3647,30.8164
286.9000,0.0000,48.6636,72.6158,31.3032,30.5832
286.9500,0.0000,48.8899,72.6598,31.2482,30.3528
287.0000,0.0000,49.1048,72.7004,31.2001,30.1255
287.0500,0.0000,49.3078,72.7379,31.1594,29.9012
287.1000,0.0000,49.4986,72.7724,31.1264,29.6803
287.1500,0.0000,49.6770,72.8044,31.1014,29.4629
287.2000,0.0000,49.8428,72.8341,31.0849,29.2494
287.2500,0.0000,49.9958,72.8617,31.0771,29.0401
287.3000,0.0000,50.1360,72.8875,31.0783,28.8356
287.3500,0.0000,50.2634,72.9118,31.0886,28.6362
287.4000,0.0000,50.3779,72.9346,31.1083,28.4425
287.4500,0.0000,50.4796,72.9563,31.1376,28.2553
287.5000,0.0000,50.5688,72.9770,31.1766,28.0750
287.5500,0.0000,50.6454,72.9969,31.2254,27.9023
287.6000,0.0000,50.7094,73.0163,31.2839,27.7372
287.6500,0.0000,50.7602,73.0358,31.3517,27.5796
287.7000,0.0000,50.7978,73.0556,31.4287,27.4295
287.7500,0.0000,50.8217,73.0761,31.5145,27.2867
287.8000,0.0000,50.8318,73.0979,31.6088,27.1511
287.8500,0.0000,50.8278,73.1211,31.7112,27.0227
287.9000,0.0000,50.8095,73.1462,31.8212,26.9014
287.9500,0.0000,50.7768,73.1735,31.9385,26.7870
288.0000,0.0000,50.7295,73.2032,32.0625,26.6794
288.0500,0.0000,50.6673,73.2357,32.1928,26.5787
288.1000,0.0000,50.5903,73.2712,32.3293,26.4847
288.1500,0.0000,50.4982,73.3100,32.4720,26.3973
288.2000,0.0000,50.3910,73.3522,32.6206,26.3164
288.2500,0.0000,50.2687,73.3980,32.7754,26.2419
288.3000,0.0000,50.1310,73.4477,32.9366,26.1737
288.3500,0.0000,49.9781,73.5012,33.1042,26.1117
288.4000,0.0000,49.8098,73.5587,33.2783,26.0559
288.4500,0.0000,49.6261,73.6202,33.4591,26.0060
288.5000,0.0000,49.4271,73.6858,33.6463,25.9620
288.5500,0.0000,49.2127,73.7553,33.8402,25.9238
288.6000,0.0000,48.9830,73.8288,34.0404,25.8912
288.6500,0.0000,48.7380,73.9061,34.2468,25.8641
288.7000,0.0000,48.4777,73.9871,34.4593,25.8424
288.7500,0.0000,48.2023,74.0715,34.6776,25.8260
288.8000,0.0000,47.9117,74.1591,34.9014,25.8147
288.8500,0.0000,47.6061,74.2496,35.1304,25.8084
288.9000,0.0000,47.2856,74.3426,35.3643,25.8070
288.9500,0.0000,46.9502,74.4378,35.6025,25.8103
289.0000,0.0000,46.6001,74.5347,35.8446,25.8182
289.0500,0.0000,46.2355,74.6328,36.0902,25.8306
289.1000,0.0000,45.8567,74.7324,36.3390,25.8473
289.1500,0.0000,45.4642,74.8338,36.5907,25.8682
289.2000,0.0000,45.0584,74.9372,36.8450,25.8931
289.2500,0.0000,44.6400,75.0429,37.1015,25.9220
289.3000,0.0000,44.2095,75.1513,37.3600,25.9548
289.3500,0.0000,43.7673,75.2625,37.6201,25.9912
289.4000,0.0000,43.3141,75.3768,37.8812,26.0312
289.4500,0.0000,42.8506,75.4945,38.1431,26.0747
289.5000,0.0000,42.3773,75.6158,38.4053,26.1216
289.5500,0.0000,41.8950,75.7409,38.6675,26.1719
289.6000,0.0000,41.4037,75.8700,38.9298,26.2253
289.6500,0.0000,40.9037,76.0033,39.1925,26.2820
289.7000,0.0000,40.3954,76.1409,39.4559,26.3418
289.7500,0.0000,39.8790,76.2830,39.7200,26.4047
289.8000,0.0000,39.3550,76.4298,39.9849,26.4707
289.8500,0.0000,38.8237,76.5813,40.2506,26.5398
289.9000,0.0000,38.2857,76.7377,40.5170,26.6120
289.9500,0.0000,37.7417,76.8990,40.7839,26.6875
290.0000,0.0000,37.1922,77.0654,41.0512,26.7661
290.0500,0.0000,36.6378,77.2368,41.3185,26.8482
290.1000,0.0000,36.0795,77.4133,41.5855,26.9337
290.1500,0.0000,35.5179,77.5949,41.8517,27.0228
290.2000,0.0000,34.9540,77.7815,42.1167,27.1158
290.2500,0.0000,34.3887,77.9733,42.3799,27.2128
290.3000,0.0000,33.8229,78.1699,42.6407,27.3141
290.3500,0.0000,33.2577,78.3715,42.8984,27.4200
290.4000,0.0000,32.6942,78.5779,43.1523,27.5309
290.4500,0.0000,32.1336,78.7889,43.4014,27.6470
290.5000,0.0000,31.5769,79.0044,43.6451,27.7689
290.5500,0.0000,31.0254,79.2243,43.8823,27.8968
290.6000,0.0000,30.4796,79.4485,44.1130,28.0306
290.6500,0.0000,29.9400,79.6773,44.3369,28.1699
290.7000,0.0000,29.4069,79.9106,44.5539,28.3142
290.7500,0.0000,28.8808,80.1485,44.7639,28.4633
290.8000,0.0000,28.3621,80.3911,44.9667,28.6167
290.8500,0.0000,27.8513,80.6383,45.1620,28.7741
290.9000,0.0000,27.3487,80.8903,45.3498,28.9352
290.9500,0.0000,26.8547,81.1470,45.5299,29.0996
291.0000,0.0000,26.3697,81.4085,45.7020,29.2670
291.0500,0.0000,25.8942,81.6747,45.8661,29.4371
291.1000,0.0000,25.4285,81.9457,46.0226,29.6098
291.1500,0.0000,24.9729,82.2214,46.1723,29.7851
291.2000,0.0000,24.5278,82.5017,46.3155,29.9629
291.2500,0.0000,24.0936,82.7867,46.4528,30.1433
291.3000,0.0000,23.6705,83.0763,46.5845,30.3262
291.3500,0.0000,23.2588,83.3703,46.7111,30.5116
291.4000,0.0000,22.8589,83.6688,46.8329,30.6995
291.4500,0.0000,22.4709,83.9716,46.9502,30.8899
291.5000,0.0000,22.0952,84.2786,47.0632,31.0827
291.5500,0.0000,21.7319,84.5897,47.1721,31.2781
291.6000,0.0000,21.3811,84.9049,47.2770,31.4761
291.6500,0.0000,21.0432,85.2238,47.3782,31.6768
291.7000,0.0000,20.7181,85.5464,47.4755,31.8802
291.7500,0.0000,20.4061,85.8726,47.5692,32.0865
291.8000,0.0000,20.1071,86.2021,47.6591,32.2959
291.8500,0.0000,19.8212,86.5347,47.7453,32.5085
291.9000,0.0000,19.5484,86.8703,47.8276,32.7247
291.9500,0.0000,19.2887,87.2086,47.9060,32.9445
292.0000,0.0000,19.0420,87.5494,47.9803,33.1684
292.0500,0.0000,18.8083,87.8925,48.0505,33.3966
292.1000,0.0000,18.5877,88.2376,48.1164,33.6287
292.1500,0.0000,18.3804,88.5844,48.1782,33.8641
292.2000,0.0000,18.1863,88.9326,48.2360,34.1025
292.2500,0.0000,18.0057,89.2821,48.2897,34.3434
292.3000,0.0000,17.8386,89.6324,48.3395,34.5861
292.3500,0.0000,17.6851,89.9832,48.3853,34.8304
292.4000,0.0000,17.5451,90.3342,48.4272,35.0755
292.4500,0.0000,17.4187,90.6850,48.4650,35.3212
292.5000,0.0000,17.3059,91.0354,48.4989,35.5669
292.5500,0.0000,17.2063,91.3849,48.5288,35.8122
292.6000,0.0000,17.1189,91.7331,48.5544,36.0565
292.6500,0.0000,17.0425,92.0796,48.5757,36.2992
292.7000,0.0000,16.9759,92.4241,48.5924,36.5399
292.7500,0.0000,16.9183,92.7660,48.6043,36.7781
292.8000,0.0000,16.8686,93.1050,48.6114,37.0132
292.8500,0.0000,16.8261,93.4406,48.6133,37.2449
292.9000,0.0000,16.7900,93.7723,48.6099,37.4727
292.9500,0.0000,16.7596,94.0997,48.6009,37.6963
293.0000,0.0000,16.7342,94.4222,48.5863,37.9154
293.0500,0.0000,16.7134,94.7394,48.5658,38.1297
293.1000,0.0000,16.6966,95.0507,48.5391,38.3390
293.1500,0.0000,16.6833,95.3555,48.5062,38.5430
293.2000,0.0000,16.6731,95.6535,48.4666,38.7416
293.2500,0.0000,16.6656,95.9438,48.4204,38.9347
293.3000,0.0000,16.6604,96.2261,48.3671,39.1223
293.3500,0.0000,16.6570,96.4998,48.3065,39.3044
293.4000,0.0000,16.6553,96.7641,48.2385,39.4810
293.4500,0.0000,16.6547,97.0185,48.1628,39.6522
293.5000,0.0000,16.6551,97.2624,48.0790,39.8183
293.5500,0.0000,16.6561,97.4953,47.9870,39.9794
293.6000,0.0000,16.6579,97.7169,47.8867,40.1349
293.6500,0.0000,16.6607,97.9273,47.7781,40.2844
293.7000,0.0000,16.6649,98.1264,47.6612,40.4272
293.7500,0.0000,16.6708,98.3142,47.5361,40.5630
293.8000,0.0000,16.6786,98.4908,47.4027,40.6910
293.8500,0.0000,16.6888,98.6563,47.2610,40.8109
293.9000,0.0000,16.7016,98.8106,47.1111,40.9222
293.9500,0.0000,16.7174,98.9541,46.9529,41.0245
294.0000,0.0000,16.7366,99.0867,46.7865,41.1172
294.0500,0.0000,16.7594,99.2087,46.6118,41.2002
294.1000,0.0000,16.7862,99.3203,46.4289,41.2741
294.1500,0.0000,16.8171,99.4217,46.2377,41.3393
294.2000,0.0000,16.8523,99.5132,46.0381,41.3964
294.2500,0.0000,16.8921,99.5952,45.8302,41.4459
294.3000,0.0000,16.9367,99.6679,45.6139,41.4881
294.3500,0.0000,16.9862,99.7318,45.3891,41.5233
294.4000,0.0000,17.0409,99.7872,45.1557,41.5516
294.4500,0.0000,17.1009,99.8347,44.9136,41.5732
294.5000,0.0000,17.1665,99.8747,44.6628,41.5882
294.5500,0.0000,17.2378,99.9078,44.4029,41.5967
294.6000,0.0000,17.3150,99.9345,44.1340,41.5987
294.6500,0.0000,17.3982,99.9556,43.8558,41.5942
294.7000,0.0000,17.4877,99.9716,43.5680,41.5831
294.7500,0.0000,17.5834,99.9832,43.2705,41.5654
294.8000,0.0000,17.6857,99.9902,42.9629,41.5411
294.8500,0.0000,17.7944,99.9924,42.6450,41.5101
294.9000,0.0000,17.9098,99.9897,42.3163,41.4724
294.9500,0.0000,18.0320,99.9820,41.9765,41.4280
295.0000,0.0000,18.1609,99.9695,41.6252,41.3767
295.0500,0.0000,18.2968,99.9521,41.2620,41.3185
295.1000,0.0000,18.4401,99.9295,40.8871,41.2531
295.1500,0.0000,18.5911,99.9009,40.5010,41.1797
295.2000,0.0000,18.7500,99.8660,40.1040,41.0978
295.2500,0.0000,18.9171,99.8242,39.6965,41.0070
295.3000,0.0000,19.0927,99.7752,39.2789,40.9067
295.3500,0.0000,19.2768,99.7185,38.8515,40.7963
295.4000,0.0000,19.4697,99.6539,38.4148,40.6754
295.4500,0.0000,19.6714,99.5810,37.9691,40.5435
295.5000,0.0000,19.8819,99.4996,37.5148,40.4002
295.5500,0.0000,20.1012,99.4095,37.0523,40.2451
295.6000,0.0000,20.3286,99.3105,36.5818,40.0778
295.6500,0.0000,20.5633,99.2025,36.1038,39.8981
295.7000,0.0000,20.8044,99.0854,35.6186,39.7056
295.7500,0.0000,21.0513,98.9592,35.1265,39.5001
295.8000,0.0000,21.3031,98.8238,34.6279,39.2815
295.8500,0.0000,21.5592,98.6792,34.1229,39.0497
295.9000,0.0000,21.8190,98.5255,33.6119,38.8046
295.9500,0.0000,22.0816,98.3627,33.0951,38.5462
296.0000,0.0000,22.3467,98.1910,32.5728,38.2747
296.0500,0.0000,22.6135,98.0105,32.0450,37.9900
296.1000,0.0000,22.8816,97.8214,31.5121,37.6926
296.1500,0.0000,23.1505,97.6238,30.9742,37.3826
296.2000,0.0000,23.4197,97.4179,30.4313,37.0604
296.2500,0.0000,23.6889,97.2040,29.8835,36.7265
296.3000,0.0000,23.9577,96.9823,29.3310,36.3813
296.3500,0.0000,24.2258,96.7532,28.7735,36.0255
296.4000,0.0000,24.4931,96.5169,28.2112,35.6597
296.4500,0.0000,24.7593,96.2738,27.6440,35.2848
296.5000,0.0000,25.0245,96.0241,27.0717,34.9015
296.5500,0.0000,25.2883,95.7683,26.4942,34.5107
296.6000,0.0000,25.5505,95.5067,25.9121,34.1127
296.6500,0.0000,25.8106,95.2396,25.3261,33.7075
296.7000,0.0000,26.0680,94.9676,24.7368,33.2955
296.7500,0.0000,26.3224,94.6910,24.1449,32.8768
296.8000,0.0000,26.5735,94.4103,23.5509,32.4517
296.8500,0.0000,26.8210,94.1258,22.9556,32.0207
296.9000,0.0000,27.0647,93.8381,22.3596,31.5839
296.9500,0.0000,27.3044,93.5475,21.7635,31.1418
297.0000,0.0000,27.5401,93.2546,21.1680,30.6948
297.0500,0.0000,27.7717,92.9598,20.5736,30.2433
297.1000,0.0000,27.9985,92.6635,19.9812,29.7879
297.1500,0.0000,28.2200,92.3663,19.3916,29.3289
297.2000,0.0000,28.4357,92.0686,18.8056,28.8670
297.2500,0.0000,28.6454,91.7710,18.2243,28.4027
297.3000,0.0000,28.8488,91.4738,17.6483,27.9365
297.3500,0.0000,29.0459,91.1775,17.0788,27.4690
297.4000,0.0000,29.2370,90.8827,16.5163,27.0008
297.4500,0.0000,29.4224,90.5898,15.9619,26.5326
297.5000,0.0000,29.6025,90.2992,15.4161,26.0650
297.5500,0.0000,29.7780,90.0115,14.8797,25.5985
297.6000,0.0000,29.9485,89.7270,14.3532,25.1340
297.6500,0.0000,30.1138,89.4463,13.8374,24.6720
297.7000,0.0000,30.2737,89.1697,13.3326,24.2131
297.7500,0.0000,30.4279,88.8978,12.8393,23.7580
297.8000,0.0000,30.5762,88.6308,12.3580,23.3074
297.8500,0.0000,30.7185,88.3692,11.8890,22.8619
297.9000,0.0000,30.8548,88.1134,11.4326,22.4221
297.9500,0.0000,30.9848,87.8637,10.9890,21.9886
298.0000,0.0000,31.1086,87.6206,10.5583,21.5620
298.0500,0.0000,31.2263,87.3843,10.1408,21.1428
298.1000,0.0000,31.3378,87.1552,9.7369,20.7316
298.1500,0.0000,31.4432,86.9336,9.3473,20.3289
298.2000,0.0000,31.5427,86.7198,8.9725,19.9351
298.2500,0.0000,31.6363,86.5139,8.6129,19.5506
298.3000,0.0000,31.7243,86.3163,8.2691,19.1758
298.3500,0.0000,31.8068,86.1272,7.9415,18.8110
298.4000,0.0000,31.8841,85.9467,7.6305,18.4564
298.4500,0.0000,31.9565,85.7751,7.3364,18.1123
298.5000,0.0000,32.0242,85.6124,7.0596,17.7788
298.5500,0.0000,32.0874,85.4587,6.8002,17.4560
298.6000,0.0000,32.1462,85.3142,6.5586,17.1446
298.6500,0.0000,32.2002,85.1788,6.3348,16.8454
298.7000,0.0000,32.2494,85.0526,6.1291,16.5587
298.7500,0.0000,32.2938,84.9355,5.9414,16.2850
298.8000,0.0000,32.3334,84.8276,5.7719,16.0246
298.8500,0.0000,32.3683,84.7286,5.6204,15.7774
298.9000,0.0000,32.3986,84.6386,5.4870,15.5435
298.9500,0.0000,32.4245,84.5572,5.3714,15.3226
299.0000,0.0000,32.4463,84.4844,5.2735,15.1142
299.0500,0.0000,32.4642,84.4197,5.1931,14.9181
299.1000,0.0000,32.4786,84.3631,5.1298,14.7343
299.1500,0.0000,32.4899,84.3141,5.0833,14.5633
299.2000,0.0000,32.4986,84.2724,5.0531,14.4056
299.2500,0.0000,32.5051,84.2375,5.0388,14.2613
299.3000,0.0000,32.5100,84.2089,5.0399,14.1308
299.3500,0.0000,32.5138,84.1863,5.0555,14.0142
299.4000,0.0000,32.5172,84.1689,5.0852,13.9119
299.4500,0.0000,32.5210,84.1563,5.1282,13.8239
299.5000,0.0000,32.5257,84.1477,5.1835,13.7504
299.5500,0.0000,32.5321,84.1424,5.2505,13.6914
299.6000,0.0000,32.5406,84.1396,5.3290,13.6470
299.6500,0.0000,32.5513,84.1386,5.4187,13.6172
299.7000,0.0000,32.5644,84.1385,5.5196,13.6020
299.7500,0.0000,32.5803,84.1386,5.6315,13.6013
299.8000,0.0000,32.5992,84.1394,5.7543,13.6150
299.8500,0.0000,32.6213,84.1414,5.8876,13.6430
299.9000,0.0000,32.6469,84.1451,6.0314,13.6851
299.9500,0.0000,32.6763,84.1511,6.1852,13.7412
300.0000,0.0000,32.7097,84.1599,6.3489,13.8111
300.0500,0.0000,32.7473,84.1718,6.5222,13.8945
300.1000,0.0000,32.7888,84.1874,6.7054,13.9920
300.1500,0.0000,32.8341,84.2070,6.8990,14.1041
300.2000,0.0000,32.8829,84.2310,7.1033,14.2311
300.2500,0.0000,32.9349,84.2597,7.3186,14.3734
300.3000,0.0000,32.9901,84.2934,7.5450,14.5313
300.3500,0.0000,33.0482,84.3325,7.7826,14.7048
300.4000,0.0000,33.1091,84.3772,8.0314,14.8943
300.4500,0.0000,33.1728,84.4276,8.2913,15.0996
300.5000,0.0000,33.2390,84.4841,8.5623,15.3208
300.5500,0.0000,33.3079,84.5468,8.8440,15.5579
300.6000,0.0000,33.3792,84.6159,9.1363,15.8106
300.6500,0.0000,33.4530,84.6915,9.4386,16.0789
300.7000,0.0000,33.5293,84.7737,9.7507,16.3623
300.7500,0.0000,33.6081,84.8627,10.0719,16.6607
300.8000,0.0000,33.6894,84.9584,10.4017,16.9736
300.8500,0.0000,33.7731,85.0611,10.7393,17.3006
300.9000,0.0000,33.8595,85.1706,11.0842,17.6413
300.9500,0.0000,33.9484,85.2870,11.4353,17.9951
301.0000,0.0000,34.0400,85.4103,11.7919,18.3614
301.0500,0.0000,34.1343,85.5405,12.1531,18.7397
301.1000,0.0000,34.2315,85.6776,12.5187,19.1294
301.1500,0.0000,34.3315,85.8214,12.8884,19.5303
301.2000,0.0000,34.4345,85.9719,13.2621,19.9419
301.2500,0.0000,34.5407,86.1291,13.6395,20.3638
301.3000,0.0000,34.6500,86.2927,14.0205,20.7953
301.3500,0.0000,34.7626,86.4628,14.4047,21.2362
301.4000,0.0000,34.8786,86.6391,14.7921,21.6858
301.4500,0.0000,34.9982,86.8215,15.1822,22.1435
301.5000,0.0000,35.1213,87.0099,15.5748,22.6090
301.5500,0.0000,35.2483,87.2040,15.9697,23.0816
301.6000,0.0000,35.3788,87.4037,16.3667,23.5612
301.6500,0.0000,35.5128,87.6088,16.7660,24.0479
301.7000,0.0000,35.6502,87.8191,17.1673,24.5415
301.7500,0.0000,35.7908,88.0343,17.5706,25.0418
301.8000,0.0000,35.9347,88.2542,17.9758,25.5486
301.8500,0.0000,36.0816,88.4787,18.3828,26.0619
301.9000,0.0000,36.2316,88.7073,18.7915,26.5812
301.9500,0.0000,36.3847,88.9399,19.2016,27.1063
302.0000,0.0000,36.5407,89.1763,19.6130,27.6369
302.0500,0.0000,36.6998,89.4161,20.0256,28.1726
302.1000,0.0000,36.8619,89.6590,20.4391,28.7132
302.1500,0.0000,37.0270,89.9049,20.8534,29.2582
302.2000,0.0000,37.1953,90.1533,21.2681,29.8072
302.2500,0.0000,37.3666,90.4040,21.6832,30.3598
302.3000,0.0000,37.5412,90.6568,22.0984,30.9155
302.3500,0.0000,37.7192,90.9112,22.5135,31.4739
302.4000,0.0000,37.9005,91.1670,22.9281,32.0346
302.4500,0.0000,38.0853,91.4239,23.3423,32.5970
302.5000,0.0000,38.2737,91.6816,23.7556,33.1607
302.5500,0.0000,38.4659,91.9398,24.1678,33.7252
302.6000,0.0000,38.6619,92.1981,24.5787,34.2898
302.6500,0.0000,38.8617,92.4563,24.9877,34.8539
302.7000,0.0000,39.0654,92.7140,25.3946,35.4169
302.7500,0.0000,39.2729,92.9709,25.7990,35.9780
302.8000,0.0000,39.4842,93.2267,26.2004,36.5366
302.8500,0.0000,39.6995,93.4811,26.5986,37.0920
302.9000,0.0000,39.9188,93.7339,26.9930,37.6435
302.9500,0.0000,40.1422,93.9846,27.3834,38.1904
303.0000,0.0000,40.3696,94.2331,27.7694,38.7320
303.0500,0.0000,40.6012,94.4788,28.1505,39.2679
303.1000,0.0000,40.8368,94.7211,28.5264,39.7979
303.1500,0.0000,41.0762,94.9592,28.8967,40.3222
303.2000,0.0000,41.3193,95.1922,29.2612,40.8408
303.2500,0.0000,41.5659,95.4195,29.6193,41.3537
303.3000,0.0000,41.8161,95.6404,29.9708,41.8610
303.3500,0.0000,42.0696,95.8542,30.3153,42.3624
303.4000,0.0000,42.3266,96.0602,30.6526,42.8580
303.4500,0.0000,42.5870,96.2580,30.9821,43.3476
303.5000,0.0000,42.8508,96.4469,31.3038,43.8311
303.5500,0.0000,43.1182,96.6265,31.6171,44.3084
303.6000,0.0000,43.3891,96.7963,31.9220,44.7795
303.6500,0.0000,43.6637,96.9558,32.2180,45.2442
303.7000,0.0000,43.9422,97.1047,32.5049,45.7024
303.7500,0.0000,44.2247,97.2425,32.7824,46.1539
303.8000,0.0000,44.5109,97.3691,33.0504,46.5986
303.8500,0.0000,44.8003,97.4841,33.3085,47.0363
303.9000,0.0000,45.0921,97.5871,33.5566,47.4668
303.9500,0.0000,45.3859,97.6781,33.7944,47.8898
304.0000,0.0000,45.6811,97.7569,34.0219,48.3052
304.0500,0.0000,45.9771,97.8232,34.2387,48.7126
304.1000,0.0000,46.2734,97.8770,34.4448,49.1119
304.1500,0.0000,46.5693,97.9183,34.6399,49.5028
304.2000,0.0000,46.8643,97.9468,34.8241,49.8850
304.2500,0.0000,47.1578,97.9628,34.9972,50.2582
304.3000,0.0000,47.4493,97.9661,35.1591,50.6222
304.3500,0.0000,47.7383,97.9569,35.3098,50.9767
304.4000,0.0000,48.0244,97.9352,35.4491,51.3214
304.4500,0.0000,48.3070,97.9012,35.5771,51.6560
304.5000,0.0000,48.5859,97.8550,35.6938,51.9804
304.5500,0.0000,48.8606,97.7970,35.7992,52.2940
304.6000,0.0000,49.1308,97.7278,35.8938,52.5963
304.6500,0.0000,49.3962,97.6482,35.9783,52.8863
304.7000,0.0000,49.6565,97.5591,36.0532,53.1635
304.7500,0.0000,49.9116,97.4612,36.1190,53.4270
304.8000,0.0000,50.1611,97.3553,36.1762,53.6762
304.8500,0.0000,50.4051,97.2422,36.2254,53.9105
304.9000,0.0000,50.6432,97.1227,36.2670,54.1294
304.9500,0.0000,50.8756,96.9977,36.3005,54.3322
305.0000,0.0000,51.1021,96.8680,36.3247,54.5184
305.0500,0.0000,51.3229,96.7344,36.3389,54.6877
305.1000,0.0000,51.5378,96.5977,36.3422,54.8396
305.1500,0.0000,51.7472,96.4588,36.3340,54.9737
305.2000,0.0000,51.9510,96.3185,36.3136,55.0896
305.2500,0.0000,52.1496,96.1778,36.2805,55.1871
305.3000,0.0000,52.3433,96.0374,36.2345,55.2659
305.3500,0.0000,52.5323,95.8982,36.1750,55.3258
305.4000,0.0000,52.7170,95.7612,36.1020,55.3666
305.4500,0.0000,52.8980,95.6273,36.0153,55.3881
305.5000,0.0000,53.0756,95.4973,35.9148,55.3902
305.5500,0.0000,53.2504,95.3712,35.8005,55.3730
305.6000,0.0000,53.4221,95.2490,35.6725,55.3362
305.6500,0.0000,53.5906,95.1305,35.5310,55.2800
305.7000,0.0000,53.7557,95.0156,35.3762,55.2044
305.7500,0.0000,53.9171,94.9042,35.2083,55.1094
305.8000,0.0000,54.0746,94.7962,35.0277,54.9952
305.8500,0.0000,54.2282,94.6914,34.8347,54.8619
305.9000,0.0000,54.3775,94.5898,34.6299,54.7096
305.9500,0.0000,54.5225,94.4912,34.4137,54.5386
306.0000,0.0000,54.6632,94.3955,34.1866,54.3491
306.0500,0.0000,54.7993,94.3026,33.9491,54.1415
306.1000,0.0000,54.9308,94.2124,33.7015,53.9168
306.1500,0.0000,55.0578,94.1247,33.4444,53.6762
306.2000,0.0000,55.1802,94.0395,33.1780,53.4206
306.2500,0.0000,55.2979,93.9567,32.9027,53.1513
306.3000,0.0000,55.4112,93.8760,32.6192,52.8692
306.3500,0.0000,55.5199,93.7975,32.3278,52.5754
306.4000,0.0000,55.6243,93.7209,32.0291,52.2708
306.4500,0.0000,55.7245,93.6462,31.7237,51.9565
306.5000,0.0000,55.8207,93.5733,31.4121,51.6335
306.5500,0.0000,55.9131,93.5021,31.0949,51.3026
306.6000,0.0000,56.0019,93.4323,30.7726,50.9648
306.6500,0.0000,56.0875,93.3640,30.4459,50.6211
306.7000,0.0000,56.1701,93.2970,30.1153,50.2722
306.7500,0.0000,56.2502,93.2313,29.7814,49.9192
306.8000,0.0000,56.3282,93.1666,29.4448,49.5627
306.8500,0.0000,56.4045,93.1029,29.1060,49.2036
306.9000,0.0000,56.4797,93.0400,28.7655,48.8428
306.9500,0.0000,56.5544,92.9780,28.4238,48.4810
307.0000,0.0000,56.6291,92.9166,28.0813,48.1189
307.0500,0.0000,56.7045,92.8558,27.7387,47.7573
307.1000,0.0000,56.7804,92.7954,27.3964,47.3969
307.1500,0.0000,56.8568,92.7354,27.0551,47.0383
307.2000,0.0000,56.9335,92.6756,26.7154,46.6823
307.2500,0.0000,57.0104,92.6160,26.3780,46.3293
307.3000,0.0000,57.0873,92.5565,26.0434,45.9801
307.3500,0.0000,57.1642,92.4968,25.7120,45.6352
307.4000,0.0000,57.2409,92.4371,25.3843,45.2952
307.4500,0.0000,57.3172,92.3771,25.0607,44.9605
307.5000,0.0000,57.3932,92.3167,24.7414,44.6316
307.5500,0.0000,57.4688,92.2560,24.4270,44.3089
307.6000,0.0000,57.5438,92.1950,24.1179,43.9930
307.6500,0.0000,57.6183,92.1339,23.8149,43.6841
307.7000,0.0000,57.6922,92.0729,23.5184,43.3826
307.7500,0.0000,57.7655,92.0122,23.2289,43.0888
307.8000,0.0000,57.8381,91.9518,22.9467,42.8030
307.8500,0.0000,57.9102,91.8918,22.6720,42.5253
307.9000,0.0000,57.9817,91.8324,22.4047,42.2561
307.9500,0.0000,58.0527,91.7737,22.1448,41.9953
308.0000,0.0000,58.1233,91.7157,21.8921,41.7431
308.0500,0.0000,58.1936,91.6585,21.6462,41.4996
308.1000,0.0000,58.2636,91.6021,21.4066,41.2648
308.1500,0.0000,58.3337,91.5467,21.1726,41.0386
308.2000,0.0000,58.4038,91.4921,20.9435,40.8208
308.2500,0.0000,58.4744,91.4385,20.7189,40.6115
308.3000,0.0000,58.5454,91.3858,20.4996,40.4103
308.3500,0.0000,58.6174,91.3341,20.2860,40.2169
308.4000,0.0000,58.6905,91.2833,20.0786,40.0312
308.4500,0.0000,58.7650,91.2335,19.8779,39.8526
308.5000,0.0000,58.8414,91.1845,19.6843,39.6807
308.5500,0.0000,58.9199,91.1365,19.4984,39.5152
308.6000,0.0000,59.0005,91.0893,19.3203,39.3563
308.6500,0.0000,59.0831,91.0428,19.1507,39.2042
308.7000,0.0000,59.1674,90.9971,18.9896,39.0591
308.7500,0.0000,59.2534,90.9521,18.8375,38.9215
308.8000,0.0000,59.3409,90.9077,18.6946,38.7915
308.8500,0.0000,59.4298,90.8638,18.5611,38.6693
308.9000,0.0000,59.5200,90.8204,18.4372,38.5551
308.9500,0.0000,59.6113,90.7774,18.3230,38.4491
309.0000,0.0000,59.7037,90.7347,18.2188,38.3515
309.0500,0.0000,59.7970,90.6923,18.1243,38.2624
309.1000,0.0000,59.8911,90.6509,18.0390,38.1821
309.1500,0.0000,59.9861,90.6112,17.9622,38.1111
309.2000,0.0000,60.0818,90.5737,17.8929,38.0495
309.2500,0.0000,60.1782,90.5391,17.8305,37.9977
309.3000,0.0000,60.2752,90.5080,17.7742,37.9558
309.3500,0.0000,60.3729,90.4807,17.7233,37.9239
309.4000,0.0000,60.4712,90.4578,17.6770,37.9023
309.4500,0.0000,60.5701,90.4397,17.6346,37.8908
309.5000,0.0000,60.6696,90.4267,17.5952,37.8896
309.5500,0.0000,60.7699,90.4191,17.5583,37.8985
309.6000,0.0000,60.8709,90.4172,17.5230,37.9175
309.6500,0.0000,60.9728,90.4213,17.4885,37.9463
309.7000,0.0000,61.0756,90.4316,17.4540,37.9849
309.7500,0.0000,61.1795,90.4481,17.4189,38.0327
309.8000,0.0000,61.2847,90.4711,17.3822,38.0896
309.8500,0.0000,61.3912,90.5007,17.3431,38.1552
309.9000,0.0000,61.4994,90.5368,17.3009,38.2289
309.9500,0.0000,61.6094,90.5796,17.2546,38.3102
310.0000,0.0000,61.7215,90.6291,17.2033,38.3986
310.0500,0.0000,61.8359,90.6852,17.1464,38.4934
310.1000,0.0000,61.9523,90.7479,17.0835,38.5948
310.1500,0.0000,62.0706,90.8172,17.0147,38.7029
310.2000,0.0000,62.1903,90.8928,16.9399,38.8177
310.2500,0.0000,62.3113,90.9748,16.8592,38.9395
310.3000,0.0000,62.4332,91.0629,16.7726,39.0681
310.3500,0.0000,62.5556,91.1571,16.6801,39.2039
310.4000,0.0000,62.6784,91.2571,16.5818,39.3466
310.4500,0.0000,62.8012,91.3627,16.4778,39.4965
310.5000,0.0000,62.9237,91.4738,16.3681,39.6535
310.5500,0.0000,63.0455,91.5900,16.2528,39.8175
310.6000,0.0000,63.1657,91.7112,16.1319,39.9885
310.6500,0.0000,63.2837,91.8372,16.0051,40.1664
310.7000,0.0000,63.3984,91.9675,15.8724,40.3512
310.7500,0.0000,63.5093,92.1021,15.7337,40.5427
310.8000,0.0000,63.6155,92.2405,15.5889,40.7407
310.8500,0.0000,63.7163,92.3825,15.4380,40.9452
310.9000,0.0000,63.8110,92.5278,15.2810,41.1558
310.9500,0.0000,63.8990,92.6760,15.1178,41.3724
311.0000,0.0000,63.9796,92.8269,14.9485,41.5946
311.0500,0.0000,64.0523,92.9801,14.7731,41.8222
311.1000,0.0000,64.1175,93.1354,14.5917,42.0549
311.1500,0.0000,64.1761,93.2923,14.4043,42.2922
311.2000,0.0000,64.2290,93.4505,14.2110,42.5339
311.2500,0.0000,64.2774,93.6098,14.0119,42.7794
311.3000,0.0000,64.3221,93.7697,13.8070,43.0283
311.3500,0.0000,64.3641,93.9300,13.5966,43.2801
311.4000,0.0000,64.4043,94.0904,13.3805,43.5343
311.4500,0.0000,64.4437,94.2504,13.1591,43.7902
311.5000,0.0000,64.4830,94.4098,12.9323,44.0472
311.5500,0.0000,64.5232,94.5683,12.7003,44.3048
311.6000,0.0000,64.5649,94.7255,12.4635,44.5628
311.6500,0.0000,64.6086,94.8812,12.2223,44.8210
311.7000,0.0000,64.6549,95.0349,11.9771,45.0792
311.7500,0.0000,64.7042,95.1865,11.7284,45.3374
311.8000,0.0000,64.7571,95.3357,11.4766,45.5953
311.8500,0.0000,64.8139,95.4821,11.2222,45.8529
311.9000,0.0000,64.8751,95.6255,10.9656,46.1098
311.9500,0.0000,64.9411,95.7656,10.7073,46.3660
312.0000,0.0000,65.0123,95.9022,10.4479,46.6211
312.0500,0.0000,65.0890,96.0352,10.1878,46.8751
312.1000,0.0000,65.1711,96.1654,9.9275,47.1275
312.1500,0.0000,65.2586,96.2933,9.6675,47.3782
312.2000,0.0000,65.3513,96.4197,9.4084,47.6269
312.2500,0.0000,65.4493,96.5450,9.1506,47.8733
312.3000,0.0000,65.5525,96.6698,8.8946,48.1171
312.3500,0.0000,65.6608,96.7943,8.6411,48.3579
312.4000,0.0000,65.7741,96.9187,8.3903,48.5954
312.4500,0.0000,65.8925,97.0432,8.1430,48.8292
312.5000,0.0000,66.0159,97.1680,7.8995,49.0590
312.5500,0.0000,66.1443,97.2931,7.6604,49.2844
312.6000,0.0000,66.2776,97.4184,7.4262,49.5048
312.6500,0.0000,66.4159,97.5438,7.1973,49.7198
312.7000,0.0000,66.5591,97.6693,6.9743,49.9289
312.7500,0.0000,66.7072,97.7947,6.7576,50.1317
312.8000,0.0000,66.8604,97.9196,6.5477,50.3276
312.8500,0.0000,67.0185,98.0441,6.3449,50.5160
312.9000,0.0000,67.1817,98.1676,6.1499,50.6963
312.9500,0.0000,67.3500,98.2900,5.9630,50.8680
313.0000,0.0000,67.5234,98.4110,5.7845,51.0302
313.0500,0.0000,67.7020,98.5301,5.6150,51.1826
313.1000,0.0000,67.8856,98.6465,5.4548,51.3251
313.1500,0.0000,68.0740,98.7594,5.3043,51.4579
313.2000,0.0000,68.2670,98.8683,5.1638,51.5812
313.2500,0.0000,68.4644,98.9731,5.0336,51.6953
313.3000,0.0000,68.6659,99.0736,4.9142,51.8003
313.3500,0.0000,68.8713,99.1697,4.8057,51.8966
313.4000,0.0000,69.0804,99.2609,4.7084,51.9844
313.4500,0.0000,69.2929,99.3472,4.6226,52.0640
313.5000,0.0000,69.5086,99.4282,4.5486,52.1358
313.5500,0.0000,69.7272,99.5036,4.4863,52.2001
313.6000,0.0000,69.9482,99.5734,4.4346,52.2573
313.6500,0.0000,70.1711,99.6376,4.3923,52.3076
313.7000,0.0000,70.3955,99.6960,4.3584,52.3517
313.7500,0.0000,70.6208,99.7486,4.3318,52.3898
313.8000,0.0000,70.8465,99.7952,4.3119,52.4224
313.8500,0.0000,71.0723,99.8357,4.2978,52.4499
313.9000,0.0000,71.2977,99.8700,4.2888,52.4729
313.9500,0.0000,71.5222,99.8978,4.2844,52.4919
314.0000,0.0000,71.7455,99.9190,4.2842,52.5074
314.0500,0.0000,71.9671,99.9334,4.2875,52.5198
314.1000,0.0000,72.1866,99.9407,4.2942,52.5299
314.1500,0.0000,72.4038,99.9409,4.3038,52.5381
314.2000,0.0000,72.6183,99.9336,4.3162,52.5451
314.2500,0.0000,72.8296,99.9185,4.3310,52.5515
314.3000,0.0000,73.0375,99.8956,4.3482,52.5580
314.3500,0.0000,73.2417,99.8645,4.3675,52.5652
314.4000,0.0000,73.4419,99.8249,4.3889,52.5737
314.4500,0.0000,73.6378,99.7767,4.4121,52.5844
314.5000,0.0000,73.8292,99.7195,4.4371,52.5980
314.5500,0.0000,74.0157,99.6532,4.4640,52.6150
314.6000,0.0000,74.1972,99.5780,4.4930,52.6357
314.6500,0.0000,74.3735,99.4942,4.5247,52.6604
314.7000,0.0000,74.5443,99.4021,4.5596,52.6892
314.7500,0.0000,74.7095,99.3023,4.5984,52.7221
314.8000,0.0000,74.8689,99.1951,4.6415,52.7593
314.8500,0.0000,75.0223,99.0809,4.6896,52.8009
314.9000,0.0000,75.1696,98.9603,4.7434,52.8469
314.9500,0.0000,75.3108,98.8337,4.8033,52.8974
315.0000,0.0000,75.4457,98.7017,4.8700,52.9525
315.0500,0.0000,75.5742,98.5647,4.9441,53.0120
315.1000,0.0000,75.6962,98.4232,5.0253,53.0758
315.1500,0.0000,75.8119,98.2778,5.1137,53.1438
315.2000,0.0000,75.9210,98.1288,5.2092,53.2158
315.2500,0.0000,76.0237,97.9767,5.3120,53.2915
315.3000,0.0000,76.1199,97.8222,5.4222,53.3707
315.3500,0.0000,76.2097,97.6658,5.5400,53.4531
315.4000,0.0000,76.2932,97.5080,5.6658,53.5384
315.4500,0.0000,76.3705,97.3494,5.7999,53.6263
315.5000,0.0000,76.4416,97.1907,5.9428,53.7166
315.5500,0.0000,76.5067,97.0324,6.0948,53.8087
315.6000,0.0000,76.5660,96.8751,6.2566,53.9023
315.6500,0.0000,76.6197,96.7196,6.4286,53.9969
315.7000,0.0000,76.6679,96.5664,6.6114,54.0921
315.7500,0.0000,76.7109,96.4162,6.8054,54.1874
315.8000,0.0000,76.7491,96.2695,7.0114,54.2823
315.8500,0.0000,76.7825,96.1270,7.2299,54.3761
315.9000,0.0000,76.8117,95.9892,7.4615,54.4682
315.9500,0.0000,76.8370,95.8568,7.7066,54.5580
316.0000,0.0000,76.8586,95.7304,7.9660,54.6449
316.0500,0.0000,76.8771,95.6104,8.2401,54.7280
316.1000,0.0000,76.8930,95.4973,8.5292,54.8076
316.1500,0.0000,76.9065,95.3916,8.8336,54.8836
316.2000,0.0000,76.9184,95.2937,9.1533,54.9561
316.2500,0.0000,76.9291,95.2041,9.4884,55.0253
316.3000,0.0000,76.9392,95.1229,9.8392,55.0913
316.3500,0.0000,76.9493,95.0506,10.2055,55.1542
316.4000,0.0000,76.9602,94.9873,10.5874,55.2141
316.4500,0.0000,76.9723,94.9331,10.9848,55.2712
316.5000,0.0000,76.9867,94.8882,11.3975,55.3256
316.5500,0.0000,77.0038,94.8524,11.8252,55.3773
316.6000,0.0000,77.0244,94.8258,12.2679,55.4257
316.6500,0.0000,77.0489,94.8080,12.7250,55.4702
316.7000,0.0000,77.0782,94.7989,13.1963,55.5103
316.7500,0.0000,77.1128,94.7980,13.6812,55.5452
316.8000,0.0000,77.1535,94.8049,14.1793,55.5747
316.8500,0.0000,77.2012,94.8189,14.6900,55.5981
316.9000,0.0000,77.2569,94.8392,15.2126,55.6152
316.9500,0.0000,77.3212,94.8650,15.7464,55.6254
317.0000,0.0000,77.3944,94.8953,16.2907,55.6286
317.0500,0.0000,77.4759,94.9290,16.8446,55.6244
317.1000,0.0000,77.5652,94.9659,17.4072,55.6126
317.1500,0.0000,77.6619,95.0060,17.9776,55.5929
317.2000,0.0000,77.7656,95.0489,18.5548,55.5653
317.2500,0.0000,77.8758,95.0946,19.1377,55.5294
317.3000,0.0000,77.9922,95.1429,19.7253,55.4854
317.3500,0.0000,78.1142,95.1936,20.3163,55.4330
317.4000,0.0000,78.2414,95.2465,20.9096,55.3722
317.4500,0.0000,78.3735,95.3012,21.5040,55.3030
317.5000,0.0000,78.5101,95.3576,22.0981,55.2254
317.5500,0.0000,78.6508,95.4153,22.6907,55.1395
317.6000,0.0000,78.7952,95.4743,23.2811,55.0453
317.6500,0.0000,78.9430,95.5346,23.8685,54.9428
317.7000,0.0000,79.0937,95.5961,24.4521,54.8321
317.7500,0.0000,79.2470,95.6587,25.0313,54.7135
317.8000,0.0000,79.4026,95.7223,25.6054,54.5869
317.8500,0.0000,79.5601,95.7868,26.1738,54.4527
317.9000,0.0000,79.7192,95.8522,26.7358,54.3108
317.9500,0.0000,79.8796,95.9183,27.2911,54.1615
318.0000,0.0000,80.0409,95.9850,27.8390,54.0050
318.0500,0.0000,80.2027,96.0520,28.3794,53.8414
318.1000,0.0000,80.3640,96.1193,28.9125,53.6705
318.1500,0.0000,80.5237,96.1866,29.4390,53.4919
318.2000,0.0000,80.6807,96.2537,29.9593,53.3053
318.2500,0.0000,80.8341,96.3204,30.4741,53.1106
318.3000,0.0000,80.9829,96.3865,30.9842,52.9075
318.3500,0.0000,81.1263,96.4515,31.4902,52.6959
318.4000,0.0000,81.2635,96.5154,31.9930,52.4756
318.4500,0.0000,81.3936,96.5777,32.4936,52.2466
318.5000,0.0000,81.5160,96.6380,32.9930,52.0087
318.5500,0.0000,81.6300,96.6961,33.4922,51.7620
318.6000,0.0000,81.7349,96.7514,33.9914,51.5063
318.6500,0.0000,81.8303,96.8037,34.4908,51.2417
318.7000,0.0000,81.9155,96.8524,34.9904,50.9682
318.7500,0.0000,81.9900,96.8970,35.4903,50.6859
318.8000,0.0000,82.0535,96.9370,35.9906,50.3947
318.8500,0.0000,82.1055,96.9719,36.4915,50.0947
318.9000,0.0000,82.1457,97.0011,36.9931,49.7861
318.9500,0.0000,82.1738,97.0240,37.4957,49.4688
319.0000,0.0000,82.1894,97.0399,37.9994,49.1430
319.0500,0.0000,82.1924,97.0483,38.5045,48.8088
319.1000,0.0000,82.1826,97.0492,39.0105,48.4665
319.1500,0.0000,82.1598,97.0428,39.5168,48.1166
319.2000,0.0000,82.1239,97.0294,40.0231,47.7595
319.2500,0.0000,82.0748,97.0090,40.5287,47.3956
319.3000,0.0000,82.0125,96.9820,41.0333,47.0254
319.3500,0.0000,81.9371,96.9486,41.5363,46.6494
319.4000,0.0000,81.8485,96.9090,42.0374,46.2681
319.4500,0.0000,81.7469,96.8636,42.5363,45.8820
319.5000,0.0000,81.6324,96.8126,43.0326,45.4915
319.5500,0.0000,81.5050,96.7564,43.5262,45.0974
319.6000,0.0000,81.3648,96.6952,44.0172,44.7006
319.6500,0.0000,81.2117,96.6294,44.5057,44.3021
319.7000,0.0000,81.0458,96.5594,44.9919,43.9031
319.7500,0.0000,80.8670,96.4855,45.4762,43.5045
319.8000,0.0000,80.6757,96.4082,45.9590,43.1073
319.8500,0.0000,80.4718,96.3278,46.4407,42.7125
319.9000,0.0000,80.2557,96.2448,46.9220,42.3209
319.9500,0.0000,80.0277,96.1596,47.4034,41.9336
320.0000,0.0000,79.7881,96.0728,47.8859,41.5514
320.0500,0.0000,79.5372,95.9847,48.3700,41.1751
320.1000,0.0000,79.2756,95.8959,48.8559,40.8055
320.1500,0.0000,79.0036,95.8068,49.3434,40.4435
320.2000,0.0000,78.7219,95.7180,49.8323,40.0898
320.2500,0.0000,78.4310,95.6295,50.3223,39.7451
320.3000,0.0000,78.1316,95.5411,50.8134,39.4102
320.3500,0.0000,77.8244,95.4529,51.3052,39.0857
320.4000,0.0000,77.5101,95.3647,51.7977,38.7723
320.4500,0.0000,77.1894,95.2765,52.2907,38.4706
320.5000,0.0000,76.8633,95.1883,52.7839,38.1812
320.5500,0.0000,76.5326,95.0999,53.2772,37.9046
320.6000,0.0000,76.1976,95.0115,53.7701,37.6415
320.6500,0.0000,75.8587,94.9229,54.2623,37.3922
320.7000,0.0000,75.5164,94.8340,54.7532,37.1574
320.7500,0.0000,75.1710,94.7450,55.2423,36.9373
320.8000,0.0000,74.8229,94.6557,55.7293,36.7326
320.8500,0.0000,74.4726,94.5661,56.2135,36.5434
320.9000,0.0000,74.1205,94.4763,56.6946,36.3703
320.9500,0.0000,73.7670,94.3861,57.1721,36.2136
321.0000,0.0000,73.4126,94.2957,57.6455,36.0736
321.0500,0.0000,73.0576,94.2049,58.1144,35.9504
321.1000,0.0000,72.7019,94.1141,58.5785,35.8446
321.1500,0.0000,72.3451,94.0236,59.0376,35.7561
321.2000,0.0000,71.9871,93.9335,59.4915,35.6853
321.2500,0.0000,71.6275,93.8441,59.9401,35.6323
321.3000,0.0000,71.2664,93.7556,60.3830,35.5973
321.3500,0.0000,70.9037,93.6681,60.8201,35.5804
321.4000,0.0000,70.5393,93.5820,61.2511,35.5816
321.4500,0.0000,70.1734,93.4974,61.6758,35.6011
321.5000,0.0000,69.8059,93.4144,62.0939,35.6390
321.5500,0.0000,69.4372,93.3331,62.5051,35.6951
321.6000,0.0000,69.0673,93.2538,62.9093,35.7696
321.6500,0.0000,68.6966,93.1764,63.3062,35.8623
321.7000,0.0000,68.3253,93.1013,63.6955,35.9733
321.7500,0.0000,67.9537,93.0283,64.0770,36.1024
321.8000,0.0000,67.5824,92.9577,64.4505,36.2496
321.8500,0.0000,67.2116,92.8894,64.8157,36.4147
321.9000,0.0000,66.8420,92.8235,65.1725,36.5976
321.9500,0.0000,66.4740,92.7602,65.5201,36.7981
322.0000,0.0000,66.1081,92.6993,65.8577,37.0161
322.0500,0.0000,65.7450,92.6410,66.1844,37.2512
322.1000,0.0000,65.3848,92.5852,66.4995,37.5033
322.1500,0.0000,65.0279,92.5319,66.8022,37.7722
322.2000,0.0000,64.6744,92.4811,67.0918,38.0572
322.2500,0.0000,64.3246,92.4327,67.3678,38.3578
322.3000,0.0000,63.9787,92.3868,67.6295,38.6733
322.3500,0.0000,63.6369,92.3433,67.8764,39.0033
322.4000,0.0000,63.2996,92.3020,68.1081,39.3470
322.4500,0.0000,62.9671,92.2630,68.3242,39.7038
322.5000,0.0000,62.6395,92.2261,68.5242,40.0730
322.5500,0.0000,62.3170,92.1912,68.7079,40.4541
322.6000,0.0000,61.9993,92.1582,68.8757,40.8462
322.6500,0.0000,61.6858,92.1270,69.0276,41.2488
322.7000,0.0000,61.3760,92.0974,69.1642,41.6612
322.7500,0.0000,61.0696,92.0692,69.2857,42.0825
322.8000,0.0000,60.7662,92.0424,69.3925,42.5123
322.8500,0.0000,60.4655,92.0167,69.4850,42.9496
322.9000,0.0000,60.1672,91.9919,69.5636,43.3939
322.9500,0.0000,59.8711,91.9679,69.6288,43.8444
323.0000,0.0000,59.5770,91.9444,69.6809,44.3003
323.0500,0.0000,59.2848,91.9212,69.7205,44.7609
323.1000,0.0000,58.9942,91.8980,69.7480,45.2255
323.1500,0.0000,58.7053,91.8746,69.7640,45.6934
323.2000,0.0000,58.4180,91.8507,69.7691,46.1638
323.2500,0.0000,58.1323,91.8261,69.7636,46.6360
323.3000,0.0000,57.8481,91.8004,69.7484,47.1092
323.3500,0.0000,57.5655,91.7734,69.7239,47.5826
323.4000,0.0000,57.2852,91.7447,69.6909,48.0556
323.4500,0.0000,57.0081,91.7140,69.6499,48.5274
323.5000,0.0000,56.7350,91.6809,69.6017,48.9973
323.5500,0.0000,56.4667,91.6452,69.5468,49.4645
323.6000,0.0000,56.2038,91.6067,69.4857,49.9283
323.6500,0.0000,55.9470,91.5654,69.4187,50.3879
323.7000,0.0000,55.6968,91.5211,69.3459,50.8428
323.7500,0.0000,55.4536,91.4739,69.2678,51.2920
323.8000,0.0000,55.2180,91.4236,69.1846,51.7350
323.8500,0.0000,54.9903,91.3702,69.0965,52.1711
323.9000,0.0000,54.7711,91.3137,69.0039,52.5995
323.9500,0.0000,54.5607,91.2540,68.9069,53.0196
324.0000,0.0000,54.3596,91.1911,68.8060,53.4308
324.0500,0.0000,54.1679,91.1249,68.7011,53.8325
324.1000,0.0000,53.9856,91.0551,68.5922,54.2247
324.1500,0.0000,53.8124,90.9815,68.4788,54.6077
324.2000,0.0000,53.6482,90.9038,68.3608,54.9816
324.2500,0.0000,53.4927,90.8219,68.2380,55.3464
324.3000,0.0000,53.3457,90.7354,68.1100,55.7024
324.3500,0.0000,53.2071,90.6441,67.9766,56.0494
324.4000,0.0000,53.0766,90.5481,67.8378,56.3876
324.4500,0.0000,52.9540,90.4470,67.6933,56.7169
324.5000,0.0000,52.8393,90.3407,67.5429,57.0373
324.5500,0.0000,52.7322,90.2293,67.3864,57.3488
324.6000,0.0000,52.6325,90.1125,67.2239,57.6513
324.6500,0.0000,52.5401,89.9905,67.0550,57.9448
324.7000,0.0000,52.4547,89.8630,66.8797,58.2292
324.7500,0.0000,52.3763,89.7302,66.6978,58.5044
324.8000,0.0000,52.3047,89.5920,66.5092,58.7703
324.8500,0.0000,52.2397,89.4485,66.3138,59.0269
324.9000,0.0000,52.1811,89.2997,66.1114,59.2740
324.9500,0.0000,52.1289,89.1457,65.9019,59.5116
325.0000,0.0000,52.0827,88.9866,65.6850,59.7395
325.0500,0.0000,52.0425,88.8226,65.4608,59.9577
325.1000,0.0000,52.0081,88.6536,65.2293,60.1660
325.1500,0.0000,51.9794,88.4796,64.9905,60.3642
325.2000,0.0000,51.9562,88.3007,64.7447,60.5521
325.2500,0.0000,51.9384,88.1169,64.4919,60.7293
325.3000,0.0000,51.9258,87.9282,64.2323,60.8958
325.3500,0.0000,51.9183,87.7347,63.9659,61.0514
325.4000,0.0000,51.9157,87.5365,63.6929,61.1959
325.4500,0.0000,51.9180,87.3336,63.4133,61.3291
325.5000,0.0000,51.9250,87.1261,63.1273,61.4509
325.5500,0.0000,51.9364,86.9142,62.8348,61.5613
325.6000,0.0000,51.9518,86.6988,62.5355,61.6609
325.6500,0.0000,51.9704,86.4807,62.2287,61.7504
325.7000,0.0000,51.9917,86.2609,61.9142,61.8305
325.7500,0.0000,52.0152,86.0400,61.5914,61.9019
325.8000,0.0000,52.0403,85.8190,61.2598,61.9652
325.8500,0.0000,52.0665,85.5984,60.9190,62.0210
325.9000,0.0000,52.0936,85.3791,60.5686,62.0700
325.9500,0.0000,52.1209,85.1618,60.2081,62.1128
326.0000,0.0000,52.1484,84.9470,59.8371,62.1500
326.0500,0.0000,52.1755,84.7353,59.4551,62.1822
326.1000,0.0000,52.2022,84.5273,59.0620,62.2100
326.1500,0.0000,52.2281,84.3236,58.6580,62.2342
326.2000,0.0000,52.2532,84.1246,58.2433,62.2552
326.2500,0.0000,52.2772,83.9308,57.8183,62.2737
326.3000,0.0000,52.3002,83.7426,57.3832,62.2905
326.3500,0.0000,52.3221,83.5605,56.9385,62.3061
326.4000,0.0000,52.3430,83.3849,56.4845,62.3214
326.4500,0.0000,52.3628,83.2160,56.0216,62.3370
326.5000,0.0000,52.3818,83.0543,55.5501,62.3536
326.5500,0.0000,52.4000,82.8999,55.0706,62.3720
326.6000,0.0000,52.4175,82.7533,54.5833,62.3922
326.6500,0.0000,52.4342,82.6145,54.0889,62.4142
326.7000,0.0000,52.4500,82.4840,53.5876,62.4378
326.7500,0.0000,52.4651,82.3617,53.0801,62.4630
326.8000,0.0000,52.4796,82.2480,52.5667,62.4896
326.8500,0.0000,52.4935,82.1430,52.0479,62.5175
326.9000,0.0000,52.5069,82.0468,51.5242,62.5466
326.9500,0.0000,52.5202,81.9595,50.9960,62.5769
327.0000,0.0000,52.5335,81.8812,50.4638,62.6080
327.0500,0.0000,52.5470,81.8120,49.9280,62.6401
327.1000,0.0000,52.5604,81.7519,49.3888,62.6735
327.1500,0.0000,52.5731,81.7009,48.8464,62.7085
327.2000,0.0000,52.5850,81.6592,48.3010,62.7456
327.2500,0.0000,52.5957,81.6266,47.7527,62.7850
327.3000,0.0000,52.6053,81.6031,47.2016,62.8271
327.3500,0.0000,52.6136,81.5887,46.6481,62.8722
327.4000,0.0000,52.6207,81.5833,46.0922,62.9207
327.4500,0.0000,52.6269,81.5870,45.5341,62.9726
327.5000,0.0000,52.6325,81.5995,44.9739,63.0284
327.5500,0.0000,52.6377,81.6208,44.4118,63.0882
327.6000,0.0000,52.6431,81.6507,43.8479,63.1523
327.6500,0.0000,52.6493,81.6892,43.2822,63.2209
327.7000,0.0000,52.6569,81.7361,42.7148,63.2942
327.7500,0.0000,52.6667,81.7912,42.1458,63.3724
327.8000,0.0000,52.6791,81.8543,41.5751,63.4558
327.8500,0.0000,52.6943,81.9254,41.0028,63.5445
327.9000,0.0000,52.7127,82.0041,40.4288,63.6387
327.9500,0.0000,52.7349,82.0903,39.8529,63.7387
328.0000,0.0000,52.7612,82.1838,39.2751,63.8446
328.0500,0.0000,52.7923,82.2843,38.6954,63.9567
328.1000,0.0000,52.8280,82.3916,38.1142,64.0746
328.1500,0.0000,52.8681,82.5054,37.5323,64.1980
328.2000,0.0000,52.9123,82.6256,36.9502,64.3264
328.2500,0.0000,52.9606,82.7517,36.3688,64.4595
328.3000,0.0000,53.0127,82.8836,35.7886,64.5968
328.3500,0.0000,53.0684,83.0210,35.2104,64.7377
328.4000,0.0000,53.1277,83.1636,34.6348,64.8819
328.4500,0.0000,53.1904,83.3109,34.0626,65.0289
328.5000,0.0000,53.2563,83.4629,33.4943,65.1780
328.5500,0.0000,53.3254,83.6189,32.9306,65.3289
328.6000,0.0000,53.3981,83.7780,32.3723,65.4816
328.6500,0.0000,53.4749,83.9390,31.8198,65.6365
328.7000,0.0000,53.5561,84.1009,31.2740,65.7937
328.7500,0.0000,53.6422,84.2626,30.7353,65.9531
328.8000,0.0000,53.7334,84.4232,30.2045,66.1149
328.8500,0.0000,53.8302,84.5815,29.6820,66.2790
328.9000,0.0000,53.9329,84.7368,29.1685,66.4453
328.9500,0.0000,54.0419,84.8882,28.6645,66.6135
329.0000,0.0000,54.1573,85.0347,28.1706,66.7835
329.0500,0.0000,54.2796,85.1755,27.6872,66.9550
329.1000,0.0000,54.4089,85.3100,27.2149,67.1276
329.1500,0.0000,54.5456,85.4372,26.7541,67.3010
329.2000,0.0000,54.6900,85.5566,26.3053,67.4747
329.2500,0.0000,54.8421,85.6679,25.8690,67.6482
329.3000,0.0000,55.0024,85.7712,25.4453,67.8209
329.3500,0.0000,55.1710,85.8665,25.0349,67.9924
329.4000,0.0000,55.3482,85.9539,24.6379,68.1618
329.4500,0.0000,55.5342,86.0332,24.2546,68.3286
329.5000,0.0000,55.7292,86.1047,23.8854,68.4920
329.5500,0.0000,55.9334,86.1682,23.5305,68.6512
329.6000,0.0000,56.1468,86.2239,23.1903,68.8061
329.6500,0.0000,56.3693,86.2717,22.8653,68.9562
329.7000,0.0000,56.6008,86.3118,22.5560,69.1015
329.7500,0.0000,56.8412,86.3440,22.2628,69.2415
329.8000,0.0000,57.0904,86.3686,21.9860,69.3761
329.8500,0.0000,57.3483,86.3854,21.7261,69.5050
329.9000,0.0000,57.6148,86.3946,21.4834,69.6278
329.9500,0.0000,57.8897,86.3962,21.2583,69.7444
330.0000,0.0000,58.1729,86.3902,21.0509,69.8545
330.0500,0.0000,58.4642,86.3765,20.8615,69.9576
330.1000,0.0000,58.7633,86.3552,20.6894,70.0527
330.1500,0.0000,59.0699,86.3261,20.5338,70.1386
330.2000,0.0000,59.3834,86.2892,20.3941,70.2145
330.2500,0.0000,59.7037,86.2442,20.2698,70.2795
330.3000,0.0000,60.0303,86.1912,20.1604,70.3328
330.3500,0.0000,60.3630,86.1300,20.0654,70.3738
330.4000,0.0000,60.7015,86.0605,19.9845,70.4020
330.4500,0.0000,61.0456,85.9826,19.9176,70.4169
330.5000,0.0000,61.3952,85.8964,19.8642,70.4181
330.5500,0.0000,61.7500,85.8016,19.8243,70.4055
330.6000,0.0000,62.1098,85.6982,19.7978,70.3787
330.6500,0.0000,62.4747,85.5861,19.7844,70.3377
330.7000,0.0000,62.8446,85.4652,19.7843,70.2825
330.7500,0.0000,63.2195,85.3354,19.7972,70.2131
330.8000,0.0000,63.5993,85.1966,19.8231,70.1295
330.8500,0.0000,63.9842,85.0488,19.8621,70.0319
330.9000,0.0000,64.3743,84.8918,19.9141,69.9205
330.9500,0.0000,64.7699,84.7255,19.9791,69.7955
331.0000,0.0000,65.1710,84.5499,20.0570,69.6573
331.0500,0.0000,65.5779,84.3647,20.1479,69.5060
331.1000,0.0000,65.9902,84.1702,20.2520,69.3423
331.1500,0.0000,66.4073,83.9666,20.3694,69.1663
331.2000,0.0000,66.8287,83.7540,20.5004,68.9785
331.2500,0.0000,67.2539,83.5326,20.6453,68.7795
331.3000,0.0000,67.6823,83.3027,20.8042,68.5696
331.3500,0.0000,68.1136,83.0645,20.9774,68.3494
331.4000,0.0000,68.5471,82.8182,21.1650,68.1193
331.4500,0.0000,68.9825,82.5641,21.3671,67.8799
331.5000,0.0000,69.4193,82.3023,21.5838,67.6318
331.5500,0.0000,69.8571,82.0333,21.8152,67.3754
331.6000,0.0000,70.2963,81.7572,22.0609,67.1112
331.6500,0.0000,70.7371,81.4743,22.3206,66.8399
331.7000,0.0000,71.1798,81.1849,22.5939,66.5620
331.7500,0.0000,71.6245,80.8893,22.8803,66.2779
331.8000,0.0000,72.0712,80.5879,23.1794,65.9883
331.8500,0.0000,72.5200,80.2809,23.4906,65.6935
331.9000,0.0000,72.9708,79.9686,23.8137,65.3942
331.9500,0.0000,73.4234,79.6515,24.1479,65.0907
332.0000,0.0000,73.8779,79.3298,24.4927,64.7836
332.0500,0.0000,74.3340,79.0039,24.8476,64.4733
332.1000,0.0000,74.7914,78.6742,25.2119,64.1601
332.1500,0.0000,75.2500,78.3409,25.5850,63.8445
332.2000,0.0000,75.7096,78.0046,25.9661,63.5269
332.2500,0.0000,76.1699,77.6656,26.3545,63.2075
332.3000,0.0000,76.6308,77.3242,26.7494,62.8868
332.3500,0.0000,77.0918,76.9809,27.1499,62.5649
332.4000,0.0000,77.5530,76.6361,27.5552,62.2420
332.4500,0.0000,78.0140,76.2903,27.9644,61.9185
332.5000,0.0000,78.4747,75.9437,28.3765,61.5944
332.5500,0.0000,78.9349,75.5970,28.7905,61.2699
332.6000,0.0000,79.3936,75.2504,29.2059,60.9451
332.6500,0.0000,79.8501,74.9045,29.6222,60.6200
332.7000,0.0000,80.3031,74.5598,30.0389,60.2947
332.7500,0.0000,80.7518,74.2166,30.4555,59.9691
332.8000,0.0000,81.1953,73.8755,30.8715,59.6436
332.8500,0.0000,81.6324,73.5370,31.2862,59.3187
332.9000,0.0000,82.0624,73.2015,31.6993,58.9947
332.9500,0.0000,82.4841,72.8696,32.1101,58.6719
333.0000,0.0000,82.8969,72.5418,32.5181,58.3506
333.0500,0.0002,83.2997,72.2183,32.9228,58.0309
333.1000,0.0018,83.6916,71.8990,33.3235,57.7129
333.1500,0.0060,84.0716,71.5832,33.7198,57.3964
333.2000,0.0138,84.4389,71.2708,34.1111,57.0811
333.2500,0.0261,84.7926,70.9616,34.4968,56.7669
333.3000,0.0439,85.1319,70.6556,34.8764,56.4536
333.3500,0.0678,85.4562,70.3528,35.2495,56.1408
333.4000,0.0983,85.7646,70.0534,35.6155,55.8282
333.4500,0.1360,86.0566,69.7578,35.9739,55.5155
333.5000,0.1811,86.3317,69.4663,36.3243,55.2022
333.5500,0.2341,86.5894,69.1794,36.6662,54.8881
333.6000,0.2950,86.8292,68.8977,36.9993,54.5725
333.6500,0.3640,87.0508,68.6217,37.3231,54.2551
333.7000,0.4410,87.2541,68.3524,37.6374,53.9352
333.7500,0.5262,87.4387,68.0904,37.9418,53.6124
333.8000,0.6192,87.6045,67.8365,38.2361,53.2861
333.8500,0.7200,87.7517,67.5918,38.5201,52.9556
333.9000,0.8283,87.8801,67.3572,38.7936,52.6202
333.9500,0.9439,87.9900,67.1337,39.0566,52.2794
334.0000,1.0664,88.0815,66.9225,39.3091,51.9324
334.0500,1.1954,88.1550,66.7245,39.5511,51.5786
334.1000,1.3305,88.2103,66.5407,39.7821,51.2180
334.1500,1.4713,88.2473,66.3719,40.0017,50.8508
334.2000,1.6173,88.2659,66.2192,40.2097,50.4771
334.2500,1.7681,88.2661,66.0833,40.4056,50.0972
334.3000,1.9230,88.2479,65.9651,40.5892,49.7114
334.3500,2.0816,88.2114,65.8655,40.7605,49.3200
334.4000,2.2434,88.1568,65.7847,40.9191,48.9232
334.4500,2.4078,88.0844,65.7231,41.0652,48.5216
334.5000,2.5744,87.9942,65.6809,41.1988,48.1155
334.5500,2.7425,87.8866,65.6583,41.3200,47.7054
334.6000,2.9117,87.7613,65.6555,41.4290,47.2913
334.6500,3.0814,87.6178,65.6726,41.5263,46.8734
334.7000,3.2511,87.4558,65.7097,41.6122,46.4519
334.7500,3.4204,87.2754,65.7667,41.6873,46.0269
334.8000,3.5886,87.0763,65.8436,41.7523,45.5991
334.8500,3.7554,86.8587,65.9402,41.8080,45.1688
334.9000,3.9202,86.6226,66.0565,41.8554,44.7366
334.9500,4.0827,86.3684,66.1921,41.8955,44.3034
335.0000,4.2423,86.0962,66.3467,41.9296,43.8699
335.0500,4.3987,85.8066,66.5198,41.9589,43.4370
335.1000,4.5515,85.4999,66.7111,41.9840,43.0046
335.1500,4.7003,85.1768,66.9199,42.0051,42.5727
335.2000,4.8448,84.8379,67.1457,42.0228,42.1411
335.2500,4.9847,84.4839,67.3876,42.0373,41.7096
335.3000,5.1197,84.1156,67.6449,42.0493,41.2781
335.3500,5.2496,83.7338,67.9167,42.0591,40.8462
335.4000,5.3741,83.3395,68.2020,42.0673,40.4138
335.4500,5.4931,82.9336,68.4998,42.0744,39.9805
335.5000,5.6065,82.5172,68.8089,42.0811,39.5461
335.5500,5.7141,82.0913,69.1282,42.0879,39.1102
335.6000,5.8158,81.6565,69.4572,42.0949,38.6732
335.6500,5.9116,81.2133,69.7952,42.1022,38.2357
335.7000,6.0014,80.7622,70.1419,42.1099,37.7981
335.7500,6.0854,80.3040,70.4967,42.1181,37.3608
335.8000,6.1635,79.8390,70.8589,42.1268,36.9245
335.8500,6.2357,79.3679,71.2280,42.1361,36.4895
335.9000,6.3024,78.8912,71.6033,42.1461,36.0565
335.9500,6.3635,78.4093,71.9840,42.1569,35.6258
336.0000,6.4192,77.9228,72.3696,42.1686,35.1979
336.0500,6.4699,77.4319,72.7593,42.1813,34.7735
336.1000,6.5162,76.9366,73.1532,42.1950,34.3533
336.1500,6.5590,76.4369,73.5511,42.2100,33.9385
336.2000,6.5990,75.9323,73.9530,42.2263,33.5300
336.2500,6.6369,75.4229,74.3588,42.2439,33.1285
336.3000,6.6736,74.9082,74.7683,42.2632,32.7350
336.3500,6.7097,74.3881,75.1811,42.2841,32.3503
336.4000,6.7461,73.8622,75.5970,42.3068,31.9749
336.4500,6.7835,73.3301,76.0156,42.3314,31.6097
336.5000,6.8225,72.7913,76.4365,42.3581,31.2552
336.5500,6.8638,72.2456,76.8591,42.3871,30.9120
336.6000,6.9082,71.6935,77.2831,42.4185,30.5806
336.6500,6.9563,71.1355,77.7078,42.4525,30.2615
336.7000,7.0088,70.5725,78.1328,42.4893,29.9549
336.7500,7.0662,70.0052,78.5574,42.5290,29.6613
336.8000,7.1291,69.4346,78.9810,42.5719,29.3809
336.8500,7.1982,68.8615,79.4031,42.6181,29.1139
336.9000,7.2738,68.2870,79.8230,42.6679,28.8604
336.9500,7.3566,67.7120,80.2401,42.7216,28.6205
337.0000,7.4470,67.1378,80.6537,42.7792,28.3942
337.0500,7.5454,66.5652,81.0634,42.8412,28.1815
337.1000,7.6522,65.9949,81.4685,42.9074,27.9827
337.1500,7.7677,65.4269,81.8685,42.9779,27.7982
337.2000,7.8921,64.8618,82.2628,43.0525,27.6285
337.2500,8.0258,64.2998,82.6510,43.1314,27.4738
337.3000,8.1688,63.7412,83.0326,43.2143,27.3344
337.3500,8.3213,63.1864,83.4071,43.3013,27.2106
337.4000,8.4834,62.6356,83.7744,43.3923,27.1025
337.4500,8.6548,62.0891,84.1341,43.4872,27.0104
337.5000,8.8357,61.5472,84.4860,43.5860,26.9344
337.5500,9.0257,61.0101,84.8299,43.6884,26.8744
337.6000,9.2246,60.4776,85.1659,43.7938,26.8304
337.6500,9.4320,59.9494,85.4941,43.9011,26.8019
337.7000,9.6475,59.4252,85.8145,44.0097,26.7887
337.7500,9.8705,58.9048,86.1274,44.1187,26.7905
337.8000,10.1004,58.3879,86.4333,44.2274,26.8069
337.8500,10.3363,57.8743,86.7326,44.3351,26.8374
337.9000,10.5774,57.3638,87.0261,44.4411,26.8818
337.9500,10.8226,56.8562,87.3144,44.5448,26.9393
338.0000,11.0709,56.3512,87.5986,44.6454,27.0097
338.0500,11.3211,55.8486,87.8795,44.7423,27.0923
338.1000,11.5728,55.3482,88.1574,44.8351,27.1864
338.1500,11.8259,54.8499,88.4324,44.9231,27.2916
338.2000,12.0801,54.3532,88.7045,45.0058,27.4071
338.2500,12.3353,53.8582,88.9741,45.0827,27.5322
338.3000,12.5912,53.3644,89.2411,45.1534,27.6662
338.3500,12.8476,52.8716,89.5060,45.2175,27.8082
338.4000,13.1044,52.3797,89.7689,45.2745,27.9573
338.4500,13.3613,51.8882,90.0302,45.3242,28.1128
338.5000,13.6181,51.3969,90.2903,45.3663,28.2736
338.5500,13.8746,50.9056,90.5495,45.4003,28.4388
338.6000,14.1306,50.4144,90.8074,45.4261,28.6082
338.6500,14.3860,49.9236,91.0637,45.4434,28.7816
338.7000,14.6404,49.4335,91.3180,45.4520,28.9588
338.7500,14.8938,48.9444,91.5698,45.4517,29.1397
338.8000,15.1460,48.4566,91.8188,45.4423,29.3241
338.8500,15.3967,47.9703,92.0646,45.4237,29.5117
338.9000,15.6457,47.4860,92.3067,45.3958,29.7025
338.9500,15.8930,47.0040,92.5447,45.3585,29.8963
339.0000,16.1382,46.5246,92.7783,45.3116,30.0928
339.0500,16.3815,46.0482,93.0073,45.2551,30.2919
339.1000,16.6233,45.5757,93.2316,45.1882,30.4935
339.1500,16.8642,45.1080,93.4515,45.1100,30.6974
339.2000,17.1048,44.6458,93.6671,45.0199,30.9033
339.2500,17.3457,44.1902,93.8785,44.9172,31.1111
339.3000,17.5874,43.7418,94.0858,44.8013,31.3206
339.3500,17.8303,43.3015,94.2891,44.6716,31.5317
339.4000,18.0749,42.8700,94.4885,44.5277,31.7441
339.4500,18.3215,42.4481,94.6839,44.3692,31.9577
339.5000,18.5705,42.0364,94.8755,44.1957,32.1723
339.5500,18.8222,41.6357,95.0632,44.0069,32.3877
339.6000,19.0769,41.2467,95.2470,43.8026,32.6037
339.6500,19.3349,40.8700,95.4270,43.5826,32.8201
339.7000,19.5963,40.5062,95.6030,43.3467,33.0368
339.7500,19.8614,40.1560,95.7752,43.0949,33.2535
339.8000,20.1304,39.8199,95.9434,42.8271,33.4701
339.8500,20.4033,39.4985,96.1076,42.5434,33.6865
339.9000,20.6803,39.1924,96.2677,42.2437,33.9023
339.9500,20.9615,38.9022,96.4237,41.9283,34.1175
340.0000,21.2470,38.6282,96.5756,41.5972,34.3318
340.0500,21.5368,38.3711,96.7233,41.2507,34.5450
340.1000,21.8308,38.1311,96.8666,40.8889,34.7572
340.1500,22.1292,37.9083,97.0053,40.5122,34.9684
340.2000,22.4320,37.7029,97.1391,40.1208,35.1784
340.2500,22.7390,37.5150,97.2679,39.7152,35.3872
340.3000,23.0502,37.3447,97.3915,39.2956,35.5950
340.3500,23.3656,37.1920,97.5095,38.8626,35.8017
340.4000,23.6851,37.0571,97.6218,38.4165,36.0073
340.4500,24.0086,36.9399,97.7282,37.9579,36.2120
340.5000,24.3360,36.8404,97.8284,37.4873,36.4155
340.5500,24.6669,36.7586,97.9221,37.0052,36.6175
340.6000,25.0002,36.6948,98.0090,36.5119,36.8167
340.6500,25.3348,36.6494,98.0887,36.0078,37.0121
340.7000,25.6694,36.6226,98.1609,35.4933,37.2024
340.7500,26.0031,36.6146,98.2252,34.9689,37.3868
340.8000,26.3351,36.6256,98.2813,34.4350,37.5642
340.8500,26.6645,36.6558,98.3288,33.8921,37.7341
340.9000,26.9907,36.7053,98.3675,33.3409,37.8956
340.9500,27.3130,36.7740,98.3970,32.7818,38.0484
341.0000,27.6311,36.8622,98.4170,32.2157,38.1918
341.0500,27.9444,36.9696,98.4274,31.6430,38.3257
341.1000,28.2527,37.0964,98.4277,31.0647,38.4495
341.1500,28.5557,37.2424,98.4177,30.4814,38.5632
341.2000,28.8532,37.4076,98.3973,29.8939,38.6666
341.2500,29.1450,37.5918,98.3662,29.3030,38.7596
341.3000,29.4311,37.7949,98.3241,28.7096,38.8421
341.3500,29.7115,38.0166,98.2709,28.1146,38.9144
341.4000,29.9862,38.2569,98.2064,27.5189,38.9763
341.4500,30.2552,38.5155,98.1304,26.9234,39.0281
341.5000,30.5187,38.7921,98.0427,26.3292,39.0700
341.5500,30.7769,39.0865,97.9433,25.7371,39.1022
341.6000,31.0298,39.3982,97.8320,25.1479,39.1249
341.6500,31.2777,39.7266,97.7087,24.5620,39.1385
341.7000,31.5208,40.0710,97.5733,23.9802,39.1432
341.7500,31.7594,40.4309,97.4258,23.4030,39.1395
341.8000,31.9937,40.8055,97.2659,22.8309,39.1278
341.8500,32.2239,41.1942,97.0938,22.2647,39.1084
341.9000,32.4505,41.5962,96.9094,21.7048,39.0817
341.9500,32.6736,42.0109,96.7127,21.1518,39.0482
342.0000,32.8935,42.4375,96.5036,20.6064,39.0084
342.0500,33.1108,42.8752,96.2822,20.0689,38.9626
342.1000,33.3262,43.3236,96.0489,19.5391,38.9111
342.1500,33.5410,43.7821,95.8038,19.0169,38.8540
342.2000,33.7561,44.2501,95.5473,18.5021,38.7917
342.2500,33.9724,44.7271,95.2797,17.9945,38.7244
342.3000,34.1909,45.2125,95.0014,17.4939,38.6523
342.3500,34.4123,45.7055,94.7126,17.0002,38.5757
342.4000,34.6375,46.2057,94.4136,16.5134,38.4950
342.4500,34.8671,46.7123,94.1047,16.0335,38.4103
342.5000,35.1017,47.2246,93.7862,15.5604,38.3220
342.5500,35.3420,47.7420,93.4585,15.0941,38.2305
342.6000,35.5883,48.2637,93.1219,14.6347,38.1360
342.6500,35.8411,48.7891,92.7765,14.1823,38.0390
342.7000,36.1008,49.3174,92.4229,13.7368,37.9396
342.7500,36.3677,49.8480,92.0612,13.2985,37.8383
342.8000,36.6420,50.3801,91.6918,12.8673,37.7353
342.8500,36.9239,50.9129,91.3150,12.4435,37.6312
342.9000,37.2133,51.4458,90.9310,12.0272,37.5261
342.9500,37.5104,51.9782,90.5403,11.6185,37.4204
343.0000,37.8151,52.5091,90.1431,11.2176,37.3145
343.0500,38.1274,53.0381,89.7397,10.8246,37.2087
343.1000,38.4472,53.5643,89.3305,10.4397,37.1031
343.1500,38.7746,54.0868,88.9158,10.0632,36.9977
343.2000,39.1097,54.6048,88.4958,9.6952,36.8925
343.2500,39.4525,55.1176,88.0709,9.3358,36.7877
343.3000,39.8027,55.6244,87.6415,8.9853,36.6831
343.3500,40.1604,56.1245,87.2077,8.6439,36.5788
343.4000,40.5252,56.6170,86.7700,8.3117,36.4748
343.4500,40.8971,57.1012,86.3286,7.9889,36.3709
343.5000,41.2758,57.5765,85.8839,7.6758,36.2672
343.5500,41.6609,58.0423,85.4362,7.3724,36.1637
343.6000,42.0518,58.4983,84.9858,7.0784,36.0605
343.6500,42.4479,58.9445,84.5330,6.7935,35.9578
343.7000,42.8487,59.3808,84.0780,6.5174,35.8559
343.7500,43.2534,59.8071,83.6213,6.2497,35.7547
343.8000,43.6613,60.2232,83.1631,5.9901,35.6546
343.8500,44.0718,60.6292,82.7036,5.7385,35.5556
343.9000,44.4841,61.0248,82.2433,5.4946,35.4578
343.9500,44.8977,61.4102,81.7824,5.2581,35.3614
344.0000,45.3117,61.7852,81.3211,5.0289,35.2664
344.0500,45.7255,62.1498,80.8597,4.8068,35.1729
344.1000,46.1384,62.5041,80.3985,4.5916,35.0810
344.1500,46.5496,62.8480,79.9379,4.3831,34.9909
344.2000,46.9586,63.1816,79.4779,4.1812,34.9026
344.2500,47.3645,63.5050,79.0189,3.9858,34.8163
344.3000,47.7667,63.8184,78.5612,3.7968,34.7321
344.3500,48.1646,64.1219,78.1048,3.6139,34.6502
344.4000,48.5575,64.4158,77.6502,3.4372,34.5707
344.4500,48.9448,64.7003,77.1974,3.2665,34.4938
344.5000,49.3259,64.9757,76.7467,3.1017,34.4198
344.5500,49.7003,65.2422,76.2982,2.9427,34.3488
344.6000,50.0673,65.4995,75.8521,2.7895,34.2807
344.6500,50.4266,65.7472,75.4087,2.6419,34.2152
344.7000,50.7776,65.9848,74.9679,2.4999,34.1521
344.7500,51.1200,66.2118,74.5300,2.3634,34.0910
344.8000,51.4533,66.4279,74.0950,2.2323,34.0318
344.8500,51.7772,66.6325,73.6631,2.1065,33.9744
344.9000,52.0916,66.8253,73.2343,1.9860,33.9184
344.9500,52.3961,67.0060,72.8087,1.8707,33.8639
345.0000,52.6907,67.1740,72.3863,1.7604,33.8107
345.0500,52.9753,67.3291,71.9671,1.6552,33.7587
345.1000,53.2507,67.4702,71.5516,1.5550,33.7067
345.1500,53.5173,67.5966,71.1400,1.4596,33.6539
345.2000,53.7758,67.7075,70.7328,1.3689,33.5993
345.2500,54.0269,67.8024,70.3301,1.2830,33.5424
345.3000,54.2712,67.8806,69.9321,1.2017,33.4828
345.3500,54.5092,67.9418,69.5390,1.1249,33.4201
345.4000,54.7418,67.9858,69.1510,1.0525,33.3545
345.4500,54.9696,68.0124,68.7680,0.9844,33.2859
345.5000,55.1934,68.0216,68.3901,0.9206,33.2147
345.5500,55.4138,68.0133,68.0171,0.8610,33.1414
345.6000,55.6306,67.9877,67.6491,0.8054,33.0655
345.6500,55.8436,67.9451,67.2859,0.7538,32.9866
345.7000,56.0521,67.8857,66.9271,0.7060,32.9042
345.7500,56.2557,67.8100,66.5726,0.6619,32.8181
345.8000,56.4539,67.7185,66.2220,0.6216,32.7279
345.8500,56.6460,67.6116,65.8750,0.5848,32.6333
345.9000,56.8314,67.4902,65.5310,0.5515,32.5338
345.9500,57.0094,67.3549,65.1895,0.5215,32.4294
346.0000,57.1792,67.2064,64.8501,0.4949,32.3197
346.0500,57.3401,67.0457,64.5122,0.4714,32.2044
346.1000,57.4919,66.8730,64.1758,0.4511,32.0840
346.1500,57.6344,66.6889,63.8412,0.4337,31.9586
346.2000,57.7672,66.4937,63.5085,0.4194,31.8287
346.2500,57.8902,66.2878,63.1779,0.4080,31.6948
346.3000,58.0032,66.0718,62.8495,0.3994,31.5571
346.3500,58.1060,65.8460,62.5234,0.3935,31.4162
346.4000,58.1984,65.6111,62.1999,0.3905,31.2725
346.4500,58.2804,65.3675,61.8790,0.3901,31.1265
346.5000,58.3516,65.1157,61.5609,0.3925,30.9786
346.5500,58.4121,64.8564,61.2457,0.3975,30.8293
346.6000,58.4617,64.5907,60.9337,0.4049,30.6792
346.6500,58.5004,64.3196,60.6252,0.4145,30.5286
346.7000,58.5282,64.0441,60.3207,0.4261,30.3781
346.7500,58.5449,63.7654,60.0204,0.4395,30.2282
346.8000,58.5507,63.4845,59.7245,0.4546,30.0792
346.8500,58.5455,63.2023,59.4334,0.4713,29.9318
346.9000,58.5295,62.9199,59.1472,0.4895,29.7862
346.9500,58.5027,62.6381,58.8661,0.5092,29.6431
347.0000,58.4653,62.3578,58.5904,0.5304,29.5027
347.0500,58.4175,62.0801,58.3202,0.5533,29.3655
347.1000,58.3593,61.8056,58.0556,0.5778,29.2320
347.1500,58.2912,61.5353,57.7968,0.6041,29.1024
347.2000,58.2133,61.2700,57.5438,0.6325,28.9772
347.2500,58.1259,61.0103,57.2968,0.6631,28.8567
347.3000,58.0294,60.7572,57.0556,0.6963,28.7413
347.3500,57.9240,60.5113,56.8205,0.7324,28.6313
347.4000,57.8103,60.2733,56.5914,0.7719,28.5269
347.4500,57.6886,60.0439,56.3683,0.8150,28.4285
347.5000,57.5593,59.8237,56.1511,0.8625,28.3363
347.5500,57.4229,59.6134,55.9399,0.9146,28.2506
347.6000,57.2800,59.4129,55.7344,0.9713,28.1712
347.6500,57.1309,59.2223,55.5348,1.0322,28.0981
347.7000,56.9764,59.0415,55.3407,1.0973,28.0312
347.7500,56.8169,58.8703,55.1522,1.1661,27.9703
347.8000,56.6530,58.7086,54.9690,1.2385,27.9151
347.8500,56.4853,58.5561,54.7911,1.3143,27.8655
347.9000,56.3144,58.4124,54.6181,1.3933,27.8212
347.9500,56.1410,58.2773,54.4499,1.4753,27.7819
348.0000,55.9657,58.1503,54.2863,1.5601,27.7473
348.0500,55.7892,58.0309,54.1270,1.6473,27.7169
348.1000,55.6124,57.9186,53.9722,1.7359,27.6906
348.1500,55.4361,57.8127,53.8220,1.8245,27.6681
348.2000,55.2613,57.7124,53.6764,1.9123,27.6491
348.2500,55.0889,57.6170,53.5354,1.9982,27.6332
348.3000,54.9196,57.5257,53.3990,2.0815,27.6200
348.3500,54.7544,57.4377,53.2672,2.1616,27.6092
348.4000,54.5940,57.3521,53.1398,2.2379,27.6003
348.4500,54.4392,57.2681,53.0167,2.3102,27.5930
348.5000,54.2906,57.1847,52.8976,2.3782,27.5866
348.5500,54.1491,57.1011,52.7824,2.4416,27.5809
348.6000,54.0152,57.0162,52.6707,2.5007,27.5752
348.6500,53.8895,56.9291,52.5622,2.5553,27.5691
348.7000,53.7725,56.8388,52.4566,2.6058,27.5621
348.7500,53.6648,56.7443,52.3533,2.6524,27.5536
348.8000,53.5667,56.6444,52.2521,2.6955,27.5432
348.8500,53.4786,56.5383,52.1524,2.7357,27.5304
348.9000,53.4008,56.4248,52.0536,2.7734,27.5147
348.9500,53.3334,56.3029,51.9552,2.8095,27.4955
349.0000,53.2766,56.1714,51.8566,2.8446,27.4725
349.0500,53.2306,56.0295,51.7573,2.8794,27.4452
349.1000,53.1960,55.8765,51.6569,2.9142,27.4131
349.1500,53.1737,55.7120,51.5555,2.9490,27.3759
349.2000,53.1644,55.5357,51.4528,2.9838,27.3333
349.2500,53.1687,55.3470,51.3489,3.0188,27.2848
349.3000,53.1872,55.1459,51.2435,3.0541,27.2302
349.3500,53.2207,54.9320,51.1366,3.0898,27.1693
349.4000,53.2694,54.7051,51.0280,3.1261,27.1020
349.4500,53.3339,54.4651,50.9176,3.1631,27.0280
349.5000,53.4144,54.2120,50.8053,3.2010,26.9474
349.5500,53.5113,53.9459,50.6910,3.2399,26.8602
349.6000,53.6247,53.6673,50.5749,3.2800,26.7665
349.6500,53.7546,53.3770,50.4570,3.3214,26.6663
349.7000,53.9011,53.0758,50.3375,3.3643,26.5601
349.7500,54.0639,52.7644,50.2165,3.4088,26.4481
349.8000,54.2428,52.4437,50.0941,3.4552,26.3309
349.8500,54.4375,52.1148,49.9705,3.5035,26.2089
349.9000,54.6474,51.7786,49.8456,3.5539,26.0829
349.9500,54.8719,51.4364,49.7196,3.6064,25.9536
350.0000,55.1102,51.0894,49.5926,3.6613,25.8219
350.0500,55.3616,50.7386,49.4645,3.7186,25.6888
350.1000,55.6260,50.3845,49.3355,3.7784,25.5544
350.1500,55.9035,50.0272,49.2056,3.8408,25.4186
350.2000,56.1943,49.6670,49.0748,3.9059,25.2814
350.2500,56.4985,49.3039,48.9432,3.9738,25.1429
350.3000,56.8161,48.9380,48.8109,4.0445,25.0029
350.3500,57.1472,48.5694,48.6778,4.1180,24.8615
350.4000,57.4918,48.1981,48.5439,4.1945,24.7186
350.4500,57.8499,47.8240,48.4094,4.2739,24.5743
350.5000,58.2216,47.4472,48.2742,4.3563,24.4285
350.5500,58.6068,47.0675,48.1384,4.4416,24.2813
350.6000,59.0054,46.6853,48.0018,4.5297,24.1326
350.6500,59.4171,46.3009,47.8644,4.6203,23.9825
350.7000,59.8418,45.9145,47.7259,4.7129,23.8310
350.7500,60.2791,45.5265,47.5863,4.8074,23.6780
350.8000,60.7287,45.1371,47.4454,4.9034,23.5237
350.8500,61.1904,44.7466,47.3031,5.0004,23.3680
350.9000,61.6638,44.3553,47.1592,5.0983,23.2110
350.9500,62.1485,43.9634,47.0135,5.1964,23.0527
351.0000,62.6441,43.5712,46.8659,5.2946,22.8932
351.0500,63.1501,43.1790,46.7162,5.3924,22.7326
351.1000,63.6662,42.7880,46.5647,5.4894,22.5710
351.1500,64.1917,42.3994,46.4115,5.5853,22.4086
351.2000,64.7261,42.0141,46.2569,5.6796,22.2457
351.2500,65.2689,41.6330,46.1009,5.7720,22.0824
351.3000,65.8195,41.2570,45.9438,5.8621,21.9190
351.3500,66.3772,40.8866,45.7855,5.9496,21.7557
351.4000,66.9413,40.5225,45.6261,6.0341,21.5926
351.4500,67.5111,40.1649,45.4658,6.1154,21.4300
351.5000,68.0860,39.8144,45.3045,6.1931,21.2680
351.5500,68.6650,39.4710,45.1422,6.2670,21.1070
351.6000,69.2474,39.1349,44.9788,6.3369,20.9470
351.6500,69.8324,38.8062,44.8144,6.4025,20.7884
351.7000,70.4189,38.4848,44.6488,6.4639,20.6313
351.7500,71.0062,38.1707,44.4819,6.5208,20.4760
351.8000,71.5931,37.8636,44.3135,6.5732,20.3227
351.8500,72.1788,37.5632,44.1436,6.6212,20.1716
351.9000,72.7621,37.2694,43.9720,6.6648,20.0230
351.9500,73.3420,36.9816,43.7984,6.7042,19.8771
352.0000,73.9172,36.6994,43.6226,6.7396,19.7343
352.0500,74.4868,36.4225,43.4445,6.7711,19.5946
352.1000,75.0504,36.1504,43.2640,6.7985,19.4581
352.1500,75.6074,35.8829,43.0811,6.8213,19.3249
352.2000,76.1578,35.6197,42.8958,6.8390,19.1948
352.2500,76.7010,35.3605,42.7083,6.8512,19.0677
352.3000,77.2370,35.1049,42.5184,6.8578,18.9437
352.3500,77.7653,34.8525,42.3263,6.8584,18.8226
352.4000,78.2857,34.6029,42.1318,6.8528,18.7044
352.4500,78.7979,34.3558,41.9351,6.8409,18.5889
352.5000,79.3017,34.1106,41.7361,6.8227,18.4762
352.5500,79.7969,33.8670,41.5349,6.7983,18.3659
352.6000,80.2832,33.6246,41.3316,6.7677,18.2583
352.6500,80.7606,33.3829,41.1263,6.7312,18.1532
352.7000,81.2286,33.1414,40.9193,6.6892,18.0508
352.7500,81.6873,32.8997,40.7106,6.6421,17.9509
352.8000,82.1365,32.6575,40.5004,6.5904,17.8535
352.8500,82.5760,32.4141,40.2889,6.5348,17.7587
352.9000,83.0058,32.1692,40.0760,6.4762,17.6661
352.9500,83.4257,31.9223,39.8619,6.4155,17.5759
353.0000,83.8357,31.6731,39.6468,6.3537,17.4878
353.0500,84.2357,31.4209,39.4306,6.2920,17.4018
353.1000,84.6258,31.1655,39.2136,6.2307,17.3176
353.1500,85.0059,30.9064,38.9957,6.1700,17.2351
353.2000,85.3761,30.6432,38.7770,6.1102,17.1540
353.2500,85.7364,30.3753,38.5576,6.0514,17.0742
353.3000,86.0869,30.1025,38.3375,5.9940,16.9955
353.3500,86.4277,29.8243,38.1169,5.9383,16.9175
353.4000,86.7589,29.5403,37.8957,5.8846,16.8401
353.4500,87.0808,29.2500,37.6739,5.8333,16.7628
353.5000,87.3934,28.9531,37.4516,5.7848,16.6855
353.5500,87.6970,28.6491,37.2289,5.7394,16.6078
353.6000,87.9916,28.3383,37.0057,5.6970,16.5296
353.6500,88.2771,28.0208,36.7820,5.6576,16.4509
353.7000,88.5536,27.6968,36.5579,5.6209,16.3716
353.7500,88.8210,27.3667,36.3333,5.5868,16.2917
353.8000,89.0793,27.0306,36.1083,5.5552,16.2112
353.8500,89.3286,26.6889,35.8828,5.5259,16.1299
353.9000,89.5689,26.3419,35.6568,5.4988,16.0479
353.9500,89.8003,25.9901,35.4302,5.4737,15.9651
354.0000,90.0228,25.6337,35.2031,5.4504,15.8814
354.0500,90.2368,25.2733,34.9754,5.4289,15.7968
354.1000,90.4433,24.9092,34.7472,5.4088,15.7114
354.1500,90.6431,24.5419,34.5184,5.3902,15.6249
354.2000,90.8373,24.1717,34.2893,5.3728,15.5376
354.2500,91.0265,23.7993,34.0597,5.3564,15.4492
354.3000,91.2115,23.4250,33.8297,5.3410,15.3597
354.3500,91.3928,23.0494,33.5993,5.3263,15.2693
354.4000,91.5709,22.6728,33.3684,5.3122,15.1778
354.4500,91.7462,22.2959,33.1370,5.2986,15.0853
354.5000,91.9190,21.9189,32.9050,5.2852,14.9917
354.5500,92.0895,21.5425,32.6723,5.2720,14.8971
354.6000,92.2580,21.1671,32.4388,5.2587,14.8016
354.6500,92.4246,20.7930,32.2044,5.2453,14.7050
354.7000,92.5894,20.4208,31.9688,5.2315,14.6075
354.7500,92.7525,20.0507,31.7319,5.2174,14.5090
354.8000,92.9141,19.6832,31.4935,5.2026,14.4098
354.8500,93.0741,19.3185,31.2534,5.1871,14.3097
354.9000,93.2326,18.9570,31.0113,5.1707,14.2089
354.9500,93.3896,18.5989,30.7669,5.1534,14.1074
355.0000,93.5451,18.2444,30.5199,5.1350,14.0054
355.0500,93.6993,17.8938,30.2700,5.1154,13.9029
355.1000,93.8516,17.5473,30.0174,5.0944,13.7999
355.1500,94.0019,17.2057,29.7620,5.0720,13.6963
355.2000,94.1496,16.8693,29.5039,5.0481,13.5922
355.2500,94.2945,16.5385,29.2432,5.0226,13.4874
355.3000,94.4361,16.2136,28.9801,4.9954,13.3820
355.3500,94.5741,15.8950,28.7145,4.9664,13.2759
355.4000,94.7082,15.5829,28.4466,4.9355,13.1691
355.4500,94.8380,15.2774,28.1764,4.9028,13.0615
355.5000,94.9633,14.9787,27.9040,4.8681,12.9532
355.5500,95.0837,14.6867,27.6295,4.8315,12.8441
355.6000,95.1992,14.4013,27.3530,4.7928,12.7341
355.6500,95.3093,14.1224,27.0744,4.7521,12.6234
355.7000,95.4140,13.8496,26.7939,4.7094,12.5118
355.7500,95.5132,13.5826,26.5115,4.6646,12.3993
355.8000,95.6066,13.3210,26.2273,4.6177,12.2860
355.8500,95.6943,13.0639,25.9413,4.5689,12.1717
355.9000,95.7762,12.8108,25.6535,4.5181,12.0566
355.9500,95.8523,12.5607,25.3640,4.4654,11.9406
356.0000,95.9227,12.3126,25.0727,4.4109,11.8237
356.0500,95.9874,12.0655,24.7798,4.3546,11.7059
356.1000,96.0466,11.8191,24.4852,4.2966,11.5872
356.1500,96.1003,11.5733,24.1889,4.2371,11.4676
356.2000,96.1490,11.3279,23.8908,4.1761,11.3471
356.2500,96.1926,11.0827,23.5911,4.1139,11.2257
356.3000,96.2316,10.8375,23.2895,4.0505,11.1034
356.3500,96.2663,10.5922,22.9862,3.9862,10.9803
356.4000,96.2969,10.3463,22.6810,3.9211,10.8563
356.4500,96.3238,10.0997,22.3738,3.8555,10.7315
356.5000,96.3475,9.8521,22.0646,3.7895,10.6058
356.5500,96.3684,9.6031,21.7533,3.7235,10.4793
356.6000,96.3869,9.3530,21.4400,3.6573,10.3520
356.6500,96.4034,9.1019,21.1248,3.5910,10.2239
356.7000,96.4185,8.8502,20.8081,3.5247,10.0950
356.7500,96.4326,8.5979,20.4899,3.4581,9.9654
356.8000,96.4463,8.3454,20.1704,3.3914,9.8351
356.8500,96.4601,8.0930,19.8498,3.3246,9.7041
356.9000,96.4744,7.8408,19.5283,3.2576,9.5723
356.9500,96.4899,7.5891,19.2059,3.1904,9.4399
357.0000,96.5068,7.3382,18.8829,3.1231,9.3068
357.0500,96.5259,7.0883,18.5595,3.0556,9.1731
357.1000,96.5474,6.8398,18.2357,2.9879,9.0387
357.1500,96.5720,6.5927,17.9116,2.9202,8.9038
357.2000,96.5998,6.3475,17.5875,2.8523,8.7682
357.2500,96.6314,6.1044,17.2635,2.7844,8.6321
357.3000,96.6671,5.8636,16.9396,2.7164,8.4954
357.3500,96.7070,5.6254,16.6160,2.6485,8.3582
357.4000,96.7515,5.3901,16.2928,2.5806,8.2204
357.4500,96.8007,5.1580,15.9700,2.5128,8.0820
357.5000,96.8546,4.9293,15.6477,2.4451,7.9432
357.5500,96.9133,4.7043,15.3260,2.3777,7.8038
357.6000,96.9766,4.4833,15.0049,2.3105,7.6639
357.6500,97.0444,4.2665,14.6844,2.2437,7.5234
357.7000,97.1163,4.0541,14.3645,2.1773,7.3824
357.7500,97.1919,3.8466,14.0453,2.1115,7.2408
357.8000,97.2707,3.6441,13.7266,2.0463,7.0987
357.8500,97.3521,3.4469,13.4085,1.9819,6.9559
357.9000,97.4351,3.2552,13.0908,1.9182,6.8125
357.9500,97.5189,3.0694,12.7736,1.8556,6.6685
358.0000,97.6022,2.8896,12.4565,1.7940,6.5238
358.0500,97.6841,2.7161,12.1397,1.7336,6.3784
358.1000,97.7642,2.5490,11.8232,1.6744,6.2323
358.1500,97.8426,2.3884,11.5075,1.6165,6.0857
358.2000,97.9194,2.2344,11.1926,1.5598,5.9387
358.2500,97.9944,2.0870,10.8790,1.5042,5.7913
358.3000,98.0678,1.9462,10.5668,1.4499,5.6438
358.3500,98.1396,1.8122,10.2564,1.3967,5.4961
358.4000,98.2097,1.6848,9.9479,1.3448,5.3485
358.4500,98.2781,1.5641,9.6418,1.2940,5.2009
358.5000,98.3449,1.4501,9.3381,1.2443,5.0537
358.5500,98.4101,1.3427,9.0372,1.1959,4.9067
358.6000,98.4738,1.2418,8.7393,1.1486,4.7602
358.6500,98.5358,1.1474,8.4445,1.1024,4.6144
358.7000,98.5962,1.0594,8.1533,1.0574,4.4692
358.7500,98.6551,0.9776,7.8656,1.0135,4.3248
358.8000,98.7124,0.9019,7.5818,0.9708,4.1814
358.8500,98.7682,0.8321,7.3021,0.9292,4.0390
358.9000,98.8225,0.7681,7.0265,0.8886,3.8979
358.9500,98.8753,0.7095,6.7553,0.8492,3.7580
359.0000,98.9266,0.6562,6.4886,0.8109,3.6195
359.0500,98.9763,0.6079,6.2266,0.7736,3.4825
359.1000,99.0247,0.5643,5.9694,0.7375,3.3472
359.1500,99.0715,0.5251,5.7170,0.7023,3.2136
359.2000,99.1170,0.4899,5.4696,0.6683,3.0819
359.2500,99.1610,0.4583,5.2272,0.6352,2.9521
359.3000,99.2036,0.4300,4.9898,0.6032,2.8245
359.3500,99.2449,0.4045,4.7575,0.5723,2.6990
359.4000,99.2848,0.3813,4.5304,0.5423,2.5758
359.4500,99.3233,0.3600,4.3082,0.5133,2.4550
359.5000,99.3605,0.3399,4.0911,0.4853,2.3367
359.5500,99.3963,0.3206,3.8790,0.4583,2.2209
359.6000,99.4309,0.3021,3.6721,0.4323,2.1078
359.6500,99.4642,0.2843,3.4704,0.4072,1.9974
359.7000,99.4962,0.2671,3.2743,0.3830,1.8899
359.7500,99.5270,0.2506,3.0838,0.3598,1.7853
359.8000,99.5566,0.2348,2.8992,0.3374,1.6836
359.8500,99.5849,0.2197,2.7206,0.3160,1.5850
359.9000,99.6121,0.2052,2.5480,0.2954,1.4895
359.9500,99.6381,0.1913,2.3817,0.2757,1.3971
360.0000,99.6630,0.1781,2.2216,0.2569,1.3079
360.0500,99.6868,0.1654,2.0680,0.2389,1.2220
360.1000,99.7094,0.1534,1.9208,0.2217,1.1393
360.1500,99.7310,0.1419,1.7801,0.2053,1.0600
360.2000,99.7515,0.1310,1.6460,0.1897,0.9839
360.2500,99.7710,0.1207,1.5184,0.1749,0.9112
360.3000,99.7895,0.1109,1.3973,0.1609,0.8418
360.3500,99.8070,0.1016,1.2827,0.1476,0.7757
360.4000,99.8235,0.0928,1.1745,0.1350,0.7130
360.4500,99.8391,0.0846,1.0728,0.1231,0.6535
360.5000,99.8538,0.0768,0.9772,0.1120,0.5973
360.5500,99.8675,0.0696,0.8878,0.1015,0.5443
360.6000,99.8804,0.0628,0.8044,0.0916,0.4944
360.6500,99.8925,0.0564,0.7267,0.0824,0.4477
360.7000,99.9037,0.0505,0.6547,0.0738,0.4039
360.7500,99.9142,0.0450,0.5880,0.0659,0.3631
360.8000,99.9239,0.0399,0.5263,0.0584,0.3251
360.8500,99.9328,0.0352,0.4695,0.0516,0.2898
360.9000,99.9410,0.0309,0.4170,0.0453,0.2571
360.9500,99.9486,0.0269,0.3687,0.0395,0.2269
361.0000,99.9554,0.0233,0.3240,0.0343,0.1989
361.0500,99.9617,0.0200,0.2827,0.0295,0.1731
361.1000,99.9673,0.0171,0.2445,0.0251,0.1494
361.1500,99.9724,0.0144,0.2096,0.0212,0.1277
361.2000,99.9769,0.0120,0.1777,0.0178,0.1081
361.2500,99.9809,0.0099,0.1489,0.0147,0.0904
361.3000,99.9845,0.0081,0.1232,0.0120,0.0746
361.3500,99.9875,0.0065,0.1003,0.0096,0.0606
361.4000,99.9902,0.0051,0.0802,0.0076,0.0483
361.4500,99.9924,0.0040,0.0628,0.0059,0.0378
361.5000,99.9943,0.0030,0.0480,0.0044,0.0288
361.5500,99.9958,0.0022,0.0356,0.0032,0.0213
361.6000,99.9971,0.0015,0.0254,0.0023,0.0152
361.6500,99.9980,0.0010,0.0173,0.0015,0.0103
361.7000,99.9987,0.0006,0.0111,0.0010,0.0066
361.7500,99.9993,0.0004,0.0065,0.0006,0.0039
361.8000,99.9996,0.0002,0.0034,0.0003,0.0020
361.8500,99.9998,0.0001,0.0015,0.0001,0.0009
361.9000,100.0000,0.0000,0.0004,0.0000,0.0003
361.9500,100.0000,0.0000,0.0001,0.0000,0.0000
362.0000,100.0000,0.0000,0.0000,0.0000,0.0000
362.0500,100.0000,0.0000,0.0000,0.0000,0.0000
362.1000,100.0000,0.0000,0.0000,0.0000,0.0000
362.1500,100.0000,0.0000,0.0000,0.0000,0.0000
362.2000,100.0000,0.0000,0.0000,0.0000,0.0000
362.2500,100.0000,0.0000,0.0000,0.0000,0.0000
362.3000,100.0000,0.0000,0.0000,0.0000,0.0000
362.3500,100.0000,0.0000,0.0000,0.0000,0.0000
362.4000,100.0000,0.0000,0.0000,0.0000,0.0000
362.4500,100.0000,0.0000,0.0000,0.0000,0.0000
362.5000,100.0000,0.0000,0.0000,0.0000,0.0000
362.5500,100.0000,0.0000,0.0000,0.0000,0.0000
362.6000,100.0000,0.0000,0.0000,0.0000,0.0000
362.6500,100.0000,0.0000,0.0000,0.0000,0.0000
362.7000,100.0000,0.0000,0.0000,0.0000,0.0000
362.7500,100.0000,0.0000,0.0000,0.0000,0.0000
362.8000,100.0000,0.0000,0.0000,0.0000,0.0000
362.8500,100.0000,0.0000,0.0000,0.0000,0.0000
362.9000,100.0000,0.0000,0.0000,0.0000,0.0000
362.9500,100.0000,0.0000,0.0000,0.0000,0.0000
363.0000,100.0000,0.0000,0.0000,0.0000,0.0000
363.0500,100.0000,0.0000,0.0000,0.0000,0.0000
363.1000,100.0000,0.0000,0.0000,0.0000,0.0000
363.1500,100.0000,0.0000,0.0000,0.0000,0.0000
363.2000,100.0000,0.0000,0.0000,0.0000,0.0000
363.2500,100.0000,0.0000,0.0000,0.0000,0.0000
363.3000,100.0000,0.0000,0.0000,0.0000,0.0000
363.3500,100.0000,0.0000,0.0000,0.0000,0.0000
363.4000,100.0000,0.0000,0.0000,0.0000,0.0000
363.4500,100.0000,0.0000,0.0000,0.0000,0.0000
363.5000,100.0000,0.0000,0.0000,0.0000,0.0000
363.5500,100.0000,0.0000,0.0000,0.0000,0.0000
363.6000,100.0000,0.0000,0.0000,0.0000,0.0000
363.6500,100.0000,0.0000,0.0000,0.0000,0.0000
363.7000,100.0000,0.0000,0.0000,0.0000,0.0000
363.7500,100.0000,0.0000,0.0000,0.0000,0.0000
363.8000,100.0000,0.0000,0.0000,0.0000,0.0000
363.8500,100.0000,0.0000,0.0000,0.0000,0.0000
363.9000,100.0000,0.0000,0.0000,0.0000,0.0000
363.9500,100.0000,0.0000,0.0000,0.0000,0.0000
364.0000,100.0000,0.0000,0.0000,0.0000,0.0000
364.0500,100.0000,0.0000,0.0000,0.0000,0.0000
364.1000,100.0000,0.0000,0.0000,0.0000,0.0000
364.1500,100.0000,0.0000,0.0000,0.0000,0.0000
364.2000,100.0000,0.0000,0.0000,0.0000,0.0000
364.2500,100.0000,0.0000,0.0000,0.0000,0.0000
364.3000,100.0000,0.0000,0.0000,0.0000,0.0000
364.3500,100.0000,0.0000,0.0000,0.0000,0.0000
364.4000,100.0000,0.0000,0.0000,0.0000,0.0000
364.4500,100.0000,0.0000,0.0000,0.0000,0.0000
364.5000,100.0000,0.0000,0.0000,0.0000,0.0000
364.5500,100.0000,0.0000,0.0000,0.0000,0.0000
364.6000,100.0000,0.0000,0.0000,0.0000,0.0000
364.6500,100.0000,0.0000,0.0000,0.0000,0.0000
364.7000,100.0000,0.0000,0.0000,0.0000,0.0000
364.7500,100.0000,0.0000,0.0000,0.0000,0.0000
364.8000,100.0000,0.0000,0.0000,0.0000,0.0000
364.8500,100.0000,0.0000,0.0000,0.0000,0.0000
364.9000,100.0000,0.0000,0.0000,0.0000,0.0000
364.9500,100.0000,0.0000,0.0000,0.0000,0.0000
365.0000,100.0000,0.0000,0.0000,0.0000,0.0000
365.0500,100.0000,0.0000,0.0000,0.0000,0.0000
365.1000,100.0000,0.0000,0.0000,0.0000,0.0000
365.1500,100.0000,0.0000,0.0000,0.0000,0.0000
365.2000,100.0000,0.0000,0.0000,0.0000,0.0000
365.2500,100.0000,0.0000,0.0000,0.0000,0.0000
365.3000,100.0000,0.0000,0.0000,0.0000,0.0000
365.3500,100.0000,0.0000,0.0000,0.0000,0.0000
365.4000,100.0000,0.0000,0.0000,0.0000,0.0000
365.4500,100.0000,0.0000,0.0000,0.0000,0.0000
365.5000,100.0000,0.0000,0.0000,0.0000,0.0000
365.5500,100.0000,0.0000,0.0000,0.0000,0.0000
365.6000,100.0000,0.0000,0.0000,0.0000,0.0000
365.6500,100.0000,0.0000,0.0000,0.0000,0.0000
365.7000,100.0000,0.0000,0.0000,0.0000,0.0000
365.7500,100.0000,0.0000,0.0000,0.0000,0.0000
365.8000,100.0000,0.0000,0.0000,0.0000,0.0000
365.8500,100.0000,0.0000,0.0000,0.0000,0.0000
365.9000,100.0000,0.0000,0.0000,0.0000,0.0000
365.9500,100.0000,0.0000,0.0000,0.0000,0.0000
366.0000,100.0000,0.0000,0.0000,0.0000,0.0000
366.0500,100.0000,0.0000,0.0000,0.0000,0.0000
366.1000,100.0000,0.0000,0.0000,0.0000,0.0000
366.1500,100.0000,0.0000,0.0000,0.0000,0.0000
366.2000,100.0000,0.0000,0.0000,0.0000,0.0000
366.2500,100.0000,0.0000,0.0000,0.0000,0.0000
366.3000,100.0000,0.0000,0.0000,0.0000,0.0000
366.3500,100.0000,0.0000,0.0000,0.0000,0.0000
366.4000,100.0000,0.0000,0.0000,0.0000,0.0000
366.4500,100.0000,0.0000,0.0000,0.0000,0.0000
366.5000,100.0000,0.0000,0.0000,0.0000,0.0000
366.5500,100.0000,0.0000,0.0000,0.0000,0.0000
366.6000,100.0000,0.0000,0.0000,0.0000,0.0000
366.6500,100.0000,0.0000,0.0000,0.0000,0.0000
366.7000,100.0000,0.0000,0.0000,0.0000,0.0000
366.7500,100.0000,0.0000,0.0000,0.0000,0.0000
366.8000,100.0000,0.0000,0.0000,0.0000,0.0000
366.8500,100.0000,0.0000,0.0000,0.0000,0.0000
366.9000,100.0000,0.0000,0.0000,0.0000,0.0000
366.9500,100.0000,0.0000,0.0000,0.0000,0.0000
367.0000,100.0000,0.0000,0.0000,0.0000,0.0000
367.0500,100.0000,0.0001,0.0002,0.0000,0.0000
367.1000,99.9998,0.0006,0.0014,0.0001,0.0000
367.1500,99.9993,0.0019,0.0047,0.0002,0.0000
367.2000,99.9983,0.0043,0.0109,0.0005,0.0000
367.2500,99.9966,0.0083,0.0206,0.0009,0.0000
367.3000,99.9943,0.0142,0.0344,0.0016,0.0000
367.3500,99.9910,0.0222,0.0530,0.0027,0.0000
367.4000,99.9868,0.0326,0.0765,0.0040,0.0000
367.4500,99.9815,0.0457,0.1055,0.0059,0.0000
367.5000,99.9749,0.0617,0.1400,0.0082,0.0000
367.5500,99.9670,0.0809,0.1802,0.0110,0.0000
367.6000,99.9578,0.1033,0.2262,0.0146,0.0000
367.6500,99.9470,0.1293,0.2784,0.0188,0.0000
367.7000,99.9347,0.1589,0.3376,0.0238,0.0000
367.7500,99.9208,0.1923,0.4042,0.0296,0.0000
367.8000,99.9052,0.2296,0.4786,0.0364,0.0000
367.8500,99.8879,0.2710,0.5611,0.0443,0.0000
367.9000,99.8687,0.3164,0.6519,0.0532,0.0000
367.9500,99.8477,0.3660,0.7514,0.0633,0.0000
368.0000,99.8248,0.4199,0.8595,0.0747,0.0000
368.0500,99.7999,0.4780,0.9763,0.0874,0.0000
368.1000,99.7732,0.5405,1.1019,0.1016,0.0000
368.1500,99.7444,0.6072,1.2360,0.1172,0.0000
368.2000,99.7136,0.6783,1.3787,0.1345,0.0000
368.2500,99.6808,0.7537,1.5298,0.1535,0.0000
368.3000,99.6460,0.8333,1.6891,0.1742,0.0000
368.3500,99.6091,0.9172,1.8563,0.1969,0.0000
368.4000,99.5701,1.0053,2.0312,0.2214,0.0000
368.4500,99.5291,1.0976,2.2135,0.2480,0.0000
368.5000,99.4861,1.1939,2.4029,0.2768,0.0000
368.5500,99.4410,1.2942,2.5989,0.3076,0.0000
368.6000,99.3939,1.3989,2.8011,0.3404,0.0000
368.6500,99.3447,1.5082,3.0088,0.3747,0.0000
368.7000,99.2936,1.6224,3.2212,0.4103,0.0000
368.7500,99.2404,1.7417,3.4379,0.4469,0.0000
368.8000,99.1853,1.8664,3.6583,0.4843,0.0000
368.8500,99.1283,1.9965,3.8816,0.5223,0.0000
368.9000,99.0693,2.1322,4.1074,0.5607,0.0000
368.9500,99.0085,2.2737,4.3351,0.5992,0.0000
369.0000,98.9457,2.4210,4.5640,0.6378,0.0000
369.0500,98.8812,2.5742,4.7938,0.6763,0.0000
369.1000,98.8149,2.7334,5.0239,0.7146,0.0000
369.1500,98.7469,2.8985,5.2538,0.7525,0.0000
369.2000,98.6771,3.0695,5.4831,0.7901,0.0000
369.2500,98.6056,3.2464,5.7113,0.8271,0.0000
369.3000,98.5326,3.4291,5.9381,0.8637,0.0000
369.3500,98.4579,3.6176,6.1630,0.8997,0.0000
369.4000,98.3817,3.8118,6.3857,0.9351,0.0000
369.4500,98.3040,4.0116,6.6059,0.9700,0.0000
369.5000,98.2249,4.2168,6.8233,1.0042,0.0000
369.5500,98.1444,4.4273,7.0378,1.0379,0.0000
369.6000,98.0625,4.6429,7.2489,1.0710,0.0000
369.6500,97.9793,4.8634,7.4566,1.1037,0.0000
369.7000,97.8949,5.0887,7.6607,1.1359,0.0000
369.7500,97.8092,5.3186,7.8611,1.1677,0.0000
369.8000,97.7224,5.5528,8.0576,1.1992,0.0000
369.8500,97.6345,5.7911,8.2502,1.2305,0.0000
369.9000,97.5456,6.0333,8.4389,1.2617,0.0000
369.9500,97.4557,6.2791,8.6237,1.2928,0.0000
370.0000,97.3648,6.5282,8.8045,1.3239,0.0000
370.0500,97.2730,6.7804,8.9815,1.3552,0.0001
370.1000,97.1803,7.0355,9.1547,1.3866,0.0011
370.1500,97.0869,7.2930,9.3242,1.4178,0.0037
370.2000,96.9927,7.5528,9.4901,1.4487,0.0087
370.2500,96.8978,7.8145,9.6526,1.4794,0.0167
370.3000,96.8022,8.0779,9.8118,1.5096,0.0284
370.3500,96.7061,8.3426,9.9680,1.5395,0.0444
370.4000,96.6094,8.6083,10.1213,1.5688,0.0652
370.4500,96.5122,8.8747,10.2720,1.5976,0.0914
370.5000,96.4145,9.1414,10.4203,1.6259,0.1235
370.5500,96.3164,9.4083,10.5664,1.6537,0.1617
370.6000,96.2180,9.6749,10.7107,1.6811,0.2067
370.6500,96.1192,9.9409,10.8533,1.7081,0.2586
370.7000,96.0201,10.2059,10.9945,1.7347,0.3178
370.7500,95.9208,10.4698,11.1347,1.7610,0.3846
370.8000,95.8212,10.7321,11.2740,1.7872,0.4593
370.8500,95.7215,10.9926,11.4127,1.8132,0.5420
370.9000,95.6217,11.2508,11.5512,1.8393,0.6329
370.9500,95.5217,11.5066,11.6895,1.8654,0.7321
371.0000,95.4217,11.7595,11.8280,1.8919,0.8398
371.0500,95.3217,12.0093,11.9668,1.9187,0.9561
371.1000,95.2216,12.2556,12.1062,1.9460,1.0809
371.1500,95.1216,12.4982,12.2463,1.9741,1.2144
371.2000,95.0217,12.7368,12.3872,2.0029,1.3566
371.2500,94.9218,12.9710,12.5290,2.0328,1.5073
371.3000,94.8220,13.2006,12.6718,2.0638,1.6666
371.3500,94.7224,13.4253,12.8155,2.0962,1.8344
371.4000,94.6229,13.6447,12.9603,2.1301,2.0106
371.4500,94.5236,13.8587,13.1058,2.1657,2.1951
371.5000,94.4245,14.0670,13.2521,2.2031,2.3877
371.5500,94.3255,14.2694,13.3990,2.2425,2.5883
371.6000,94.2265,14.4661,13.5464,2.2837,2.7967
371.6500,94.1272,14.6575,13.6942,2.3262,3.0128
371.7000,94.0273,14.8436,13.8423,2.3697,3.2362
371.7500,93.9266,15.0249,13.9904,2.4141,3.4668
371.8000,93.8250,15.2015,14.1380,2.4590,3.7043
371.8500,93.7222,15.3736,14.2848,2.5042,3.9486
371.9000,93.6180,15.5413,14.4302,2.5496,4.1992
371.9500,93.5123,15.7049,14.5733,2.5950,4.4560
372.0000,93.4050,15.8644,14.7134,2.6403,4.7186
372.0500,93.2958,16.0200,14.8496,2.6853,4.9867
372.1000,93.1846,16.1718,14.9819,2.7301,5.2601
372.1500,93.0713,16.3198,15.1104,2.7745,5.5383
372.2000,92.9559,16.4642,15.2352,2.8184,5.8211
372.2500,92.8381,16.6049,15.3564,2.8620,6.1081
372.3000,92.7179,16.7420,15.4741,2.9052,6.3989
372.3500,92.5953,16.8756,15.5884,2.9479,6.6933
372.4000,92.4701,17.0056,15.6995,2.9904,6.9908
372.4500,92.3422,17.1322,15.8075,3.0325,7.2911
372.5000,92.2117,17.2552,15.9125,3.0744,7.5937
372.5500,92.0784,17.3747,16.0146,3.1161,7.8984
372.6000,91.9423,17.4906,16.1141,3.1578,8.2048
372.6500,91.8034,17.6030,16.2110,3.1995,8.5124
372.7000,91.6617,17.7118,16.3056,3.2414,8.8209
372.7500,91.5171,17.8170,16.3981,3.2835,9.1299
372.8000,91.3696,17.9185,16.4885,3.3261,9.4390
372.8500,91.2193,18.0164,16.5772,3.3693,9.7478
372.9000,91.0660,18.1104,16.6644,3.4132,10.0559
372.9500,90.9098,18.2007,16.7502,3.4579,10.3630
373.0000,90.7507,18.2871,16.8350,3.5037,10.6687
373.0500,90.5888,18.3697,16.9191,3.5507,10.9727
373.1000,90.4243,18.4486,17.0033,3.5991,11.2753
373.1500,90.2575,18.5240,17.0883,3.6490,11.5770
373.2000,90.0887,18.5962,17.1750,3.7007,11.8781
373.2500,89.9181,18.6652,17.2642,3.7543,12.1789
373.3000,89.7460,18.7313,17.3567,3.8099,12.4798
373.3500,89.5725,18.7946,17.4532,3.8679,12.7809
373.4000,89.3981,18.8552,17.5546,3.9282,13.0825
373.4500,89.2227,18.9133,17.6616,3.9913,13.3848
373.5000,89.0467,18.9690,17.7749,4.0571,13.6877
373.5500,88.8703,19.0224,17.8954,4.1259,13.9916
373.6000,88.6935,19.0735,18.0237,4.1978,14.2963
373.6500,88.5167,19.1224,18.1607,4.2731,14.6020
373.7000,88.3399,19.1692,18.3071,4.3519,14.9086
373.7500,88.1633,19.2141,18.4631,4.4344,15.2162
373.8000,87.9870,19.2569,18.6276,4.5206,15.5246
373.8500,87.8112,19.2978,18.7996,4.6109,15.8338
373.9000,87.6360,19.3369,18.9779,4.7052,16.1437
373.9500,87.4615,19.3741,19.1616,4.8039,16.4542
374.0000,87.2877,19.4095,19.3498,4.9069,16.7651
374.0500,87.1149,19.4431,19.5414,5.0145,17.0762
374.1000,86.9430,19.4749,19.7358,5.1267,17.3874
374.1500,86.7722,19.5050,19.9321,5.2438,17.6985
374.2000,86.6024,19.5334,20.1298,5.3657,18.0093
374.2500,86.4339,19.5600,20.3281,5.4926,18.3195
374.3000,86.2666,19.5850,20.5264,5.6245,18.6288
374.3500,86.1005,19.6082,20.7243,5.7617,18.9372
374.4000,85.9357,19.6298,20.9212,5.9041,19.2442
374.4500,85.7723,19.6497,21.1168,6.0518,19.5496
374.5000,85.6102,19.6679,21.3107,6.2049,19.8531
374.5500,85.4493,19.6845,21.5025,6.3634,20.1546
374.6000,85.2890,19.6999,21.6922,6.5274,20.4545
374.6500,85.1284,19.7148,21.8799,6.6968,20.7532
374.7000,84.9669,19.7296,22.0655,6.8718,21.0512
374.7500,84.8036,19.7447,22.2492,7.0524,21.3488
374.8000,84.6380,19.7606,22.4309,7.2385,21.6465
374.8500,84.4695,19.7777,22.6110,7.4301,21.9444
374.9000,84.2974,19.7963,22.7893,7.6273,22.2429
374.9500,84.1212,19.8168,22.9662,7.8300,22.5420
375.0000,83.9404,19.8395,23.1416,8.0382,22.8421
375.0500,83.7546,19.8646,23.3159,8.2518,23.1431
375.1000,83.5633,19.8925,23.4892,8.4708,23.4452
375.1500,83.3661,19.9233,23.6617,8.6951,23.7483
375.2000,83.1626,19.9573,23.8335,8.9247,24.0527
375.2500,82.9526,19.9947,24.0049,9.1595,24.3581
375.3000,82.7357,20.0355,24.1761,9.3994,24.6645
375.3500,82.5117,20.0800,24.3474,9.6443,24.9720
375.4000,82.2803,20.1282,24.5188,9.8942,25.2803
375.4500,82.0413,20.1802,24.6907,10.1488,25.5893
375.5000,81.7946,20.2361,24.8633,10.4081,25.8989
375.5500,81.5399,20.2960,25.0367,10.6721,26.2090
375.6000,81.2772,20.3598,25.2112,10.9404,26.5193
375.6500,81.0064,20.4276,25.3870,11.2131,26.8296
375.7000,80.7274,20.4993,25.5644,11.4900,27.1397
375.7500,80.4401,20.5749,25.7434,11.7708,27.4493
375.8000,80.1446,20.6543,25.9242,12.0556,27.7583
375.8500,79.8408,20.7375,26.1071,12.3440,28.0663
375.9000,79.5288,20.8243,26.2922,12.6361,28.3730
375.9500,79.2086,20.9146,26.4796,12.9315,28.6782
376.0000,78.8802,21.0084,26.6694,13.2301,28.9816
376.0500,78.5440,21.1054,26.8617,13.5316,29.2829
376.1000,78.2007,21.2054,27.0566,13.8352,29.5818
376.1500,77.8512,21.3084,27.2541,14.1398,29.8779
376.2000,77.4964,21.4139,27.4543,14.4446,30.1709
376.2500,77.1373,21.5219,27.6572,14.7487,30.4606
376.3000,76.7745,21.6320,27.8627,15.0513,30.7466
376.3500,76.4090,21.7440,28.0708,15.3515,31.0285
376.4000,76.0414,21.8576,28.2814,15.6487,31.3062
376.4500,75.6726,21.9724,28.4943,15.9422,31.5791
376.5000,75.3032,22.0882,28.7094,16.2313,31.8471
376.5500,74.9340,22.2045,28.9264,16.5154,32.1099
376.6000,74.5656,22.3211,29.1452,16.7941,32.3670
376.6500,74.1987,22.4374,29.3654,17.0666,32.6183
376.7000,73.8340,22.5532,29.5867,17.3327,32.8633
376.7500,73.4719,22.6679,29.8088,17.5919,33.1019
376.8000,73.1131,22.7810,30.0311,17.8437,33.3337
376.8500,72.7582,22.8922,30.2533,18.0879,33.5584
376.9000,72.4077,23.0008,30.4747,18.3242,33.7758
376.9500,72.0621,23.1064,30.6948,18.5522,33.9857
377.0000,71.7220,23.2084,30.9130,18.7718,34.1877
377.0500,71.3877,23.3062,31.1286,18.9827,34.3816
377.1000,71.0597,23.3997,31.3407,19.1848,34.5672
377.1500,70.7382,23.4887,31.5487,19.3777,34.7442
377.2000,70.4235,23.5729,31.7515,19.5613,34.9125
377.2500,70.1158,23.6524,31.9482,19.7353,35.0719
377.3000,69.8154,23.7268,32.1378,19.8996,35.2221
377.3500,69.5225,23.7960,32.3192,20.0541,35.3629
377.4000,69.2372,23.8599,32.4913,20.1986,35.4943
377.4500,68.9597,23.9183,32.6528,20.3332,35.6159
377.5000,68.6901,23.9710,32.8023,20.4577,35.7278
377.5500,68.4286,24.0179,32.9390,20.5724,35.8299
377.6000,68.1752,24.0590,33.0629,20.6775,35.9227
377.6500,67.9300,24.0945,33.1743,20.7739,36.0070
377.7000,67.6931,24.1245,33.2731,20.8620,36.0833
377.7500,67.4644,24.1489,33.3597,20.9424,36.1524
377.8000,67.2441,24.1678,33.4343,21.0158,36.2146
377.8500,67.0320,24.1812,33.4971,21.0827,36.2707
377.9000,66.8282,24.1892,33.5483,21.1436,36.3210
377.9500,66.6327,24.1917,33.5882,21.1993,36.3661
378.0000,66.4453,24.1886,33.6171,21.2503,36.4063
378.0500,66.2660,24.1799,33.6354,21.2971,36.4422
378.1000,66.0948,24.1656,33.6432,21.3405,36.4739
378.1500,65.9314,24.1455,33.6411,21.3810,36.5020
378.2000,65.7759,24.1195,33.6293,21.4193,36.5267
378.2500,65.6280,24.0875,33.6083,21.4560,36.5483
378.3000,65.4876,24.0494,33.5784,21.4917,36.5671
378.3500,65.3546,24.0048,33.5401,21.5272,36.5833
378.4000,65.2288,23.9537,33.4939,21.5630,36.5970
378.4500,65.1100,23.8959,33.4402,21.6000,36.6086
378.5000,64.9981,23.8310,33.3796,21.6384,36.6182
378.5500,64.8927,23.7589,33.3125,21.6784,36.6258
378.6000,64.7938,23.6798,33.2392,21.7200,36.6316
378.6500,64.7010,23.5936,33.1601,21.7629,36.6357
378.7000,64.6142,23.5007,33.0753,21.8070,36.6381
378.7500,64.5331,23.4012,32.9852,21.8520,36.6389
378.8000,64.4575,23.2952,32.8900,21.8978,36.6381
378.8500,64.3870,23.1829,32.7901,21.9441,36.6357
378.9000,64.3215,23.0646,32.6857,21.9909,36.6316
378.9500,64.2607,22.9404,32.5771,22.0379,36.6258
379.0000,64.2042,22.8104,32.4647,22.0850,36.6182
379.0500,64.1518,22.6750,32.3487,22.1320,36.6087
379.1000,64.1033,22.5345,32.2295,22.1793,36.5978
379.1500,64.0583,22.3894,32.1075,22.2272,36.5857
379.2000,64.0165,22.2402,31.9828,22.2761,36.5729
379.2500,63.9776,22.0873,31.8559,22.3263,36.5594
379.3000,63.9414,21.9311,31.7272,22.3781,36.5456
379.3500,63.9074,21.7720,31.5968,22.4317,36.5316
379.4000,63.8755,21.6103,31.4653,22.4874,36.5174
379.4500,63.8453,21.4466,31.3329,22.5455,36.5031
379.5000,63.8164,21.2812,31.2000,22.6062,36.4886
379.5500,63.7887,21.1143,31.0669,22.6696,36.4739
379.6000,63.7617,20.9464,30.9340,22.7360,36.4588
379.6500,63.7351,20.7778,30.8016,22.8055,36.4431
379.7000,63.7087,20.6088,30.6702,22.8783,36.4265
379.7500,63.6821,20.4398,30.5399,22.9546,36.4088
379.8000,63.6551,20.2709,30.4113,23.0346,36.3895
379.8500,63.6273,20.1025,30.2846,23.1183,36.3683
379.9000,63.5984,19.9348,30.1602,23.2060,36.3446
379.9500,63.5682,19.7682,30.0384,23.2978,36.3179
380.0000,63.5362,19.6028,29.9197,23.3939,36.2877
380.0500,63.5024,19.4389,29.8042,23.4943,36.2533
380.1000,63.4663,19.2767,29.6925,23.5990,36.2149
380.1500,63.4277,19.1163,29.5847,23.7078,36.1725
380.2000,63.3863,18.9580,29.4812,23.8207,36.1264
380.2500,63.3419,18.8020,29.3824,23.9373,36.0768
380.3000,63.2942,18.6483,29.2885,24.0575,36.0236
380.3500,63.2429,18.4972,29.1999,24.1813,35.9672
380.4000,63.1879,18.3487,29.1169,24.3083,35.9076
380.4500,63.1288,18.2030,29.0397,24.4385,35.8450
380.5000,63.0655,18.0601,28.9686,24.5715,35.7795
380.5500,62.9979,17.9201,28.9038,24.7074,35.7112
380.6000,62.9265,17.7830,28.8448,24.8465,35.6404
380.6500,62.8519,17.6490,28.7911,24.9889,35.5674
380.7000,62.7746,17.5179,28.7422,25.1352,35.4926
380.7500,62.6952,17.3898,28.6975,25.2856,35.4162
380.8000,62.6141,17.2647,28.6568,25.4403,35.3385
380.8500,62.5318,17.1425,28.6194,25.5995,35.2599
380.9000,62.4488,17.0231,28.5852,25.7636,35.1805
380.9500,62.3653,16.9064,28.5536,25.9328,35.1007
381.0000,62.2819,16.7923,28.5245,26.1071,35.0208
381.0500,62.1989,16.6807,28.4974,26.2869,34.9409
381.1000,62.1165,16.5713,28.4721,26.4722,34.8612
381.1500,62.0350,16.4641,28.4483,26.6632,34.7820
381.2000,61.9548,16.3586,28.4257,26.8602,34.7036
381.2500,61.8761,16.2548,28.4041,27.0632,34.6260
381.3000,61.7991,16.1522,28.3833,27.2724,34.5494
381.3500,61.7241,16.0506,28.3631,27.4879,34.4741
381.4000,61.6513,15.9497,28.3431,27.7100,34.4000
381.4500,61.5808,15.8489,28.3233,27.9387,34.3275
381.5000,61.5129,15.7480,28.3033,28.1743,34.2566
381.5500,61.4477,15.6466,28.2831,28.4167,34.1874
381.6000,61.3851,15.5446,28.2626,28.6658,34.1199
381.6500,61.3249,15.4421,28.2420,28.9210,34.0543
381.7000,61.2670,15.3394,28.2213,29.1820,33.9907
381.7500,61.2112,15.2364,28.2007,29.4482,33.9289
381.8000,61.1573,15.1332,28.1803,29.7192,33.8692
381.8500,61.1051,15.0299,28.1602,29.9945,33.8114
381.9000,61.0542,14.9267,28.1406,30.2735,33.7555
381.9500,61.0044,14.8235,28.1215,30.5558,33.7015
382.0000,60.9554,14.7205,28.1032,30.8407,33.6494
382.0500,60.9070,14.6178,28.0859,31.1277,33.5989
382.1000,60.8591,14.5165,28.0707,31.4163,33.5494
382.1500,60.8116,14.4176,28.0587,31.7059,33.5002
382.2000,60.7644,14.3218,28.0507,31.9959,33.4507
382.2500,60.7174,14.2300,28.0477,32.2857,33.4003
382.3000,60.6704,14.1428,28.0503,32.5747,33.3485
382.3500,60.6233,14.0607,28.0592,32.8623,33.2950
382.4000,60.5758,13.9841,28.0747,33.1480,33.2392
382.4500,60.5277,13.9132,28.0973,33.4310,33.1810
382.5000,60.4788,13.8483,28.1272,33.7108,33.1198
382.5500,60.4288,13.7894,28.1647,33.9868,33.0555
382.6000,60.3774,13.7367,28.2096,34.2584,32.9878
382.6500,60.3244,13.6899,28.2622,34.5250,32.9165
382.7000,60.2693,13.6490,28.3221,34.7859,32.8412
382.7500,60.2119,13.6137,28.3893,35.0406,32.7617
382.8000,60.1518,13.5837,28.4634,35.2884,32.6779
382.8500,60.0886,13.5586,28.5441,35.5289,32.5893
382.9000,60.0220,13.5381,28.6309,35.7613,32.4958
382.9500,59.9516,13.5215,28.7234,35.9852,32.3970
383.0000,59.8769,13.5085,28.8209,36.2000,32.2927
383.0500,59.7976,13.4983,28.9229,36.4050,32.1825
383.1000,59.7136,13.4906,29.0292,36.5998,32.0669
383.1500,59.6246,13.4850,29.1397,36.7839,31.9463
383.2000,59.5307,13.4812,29.2541,36.9566,31.8212
383.2500,59.4317,13.4786,29.3723,37.1176,31.6921
383.3000,59.3276,13.4768,29.4941,37.2663,31.5595
383.3500,59.2183,13.4754,29.6192,37.4022,31.4240
383.4000,59.1037,13.4738,29.7474,37.5249,31.2858
383.4500,58.9838,13.4716,29.8785,37.6339,31.1456
383.5000,58.8587,13.4682,30.0121,37.7289,31.0038
383.5500,58.7284,13.4632,30.1480,37.8093,30.8607
383.6000,58.5934,13.4560,30.2857,37.8748,30.7171
383.6500,58.4543,13.4461,30.4246,37.9251,30.5735
383.7000,58.3118,13.4329,30.5642,37.9598,30.4305
383.7500,58.1662,13.4161,30.7040,37.9785,30.2887
383.8000,58.0183,13.3950,30.8435,37.9811,30.1484
383.8500,57.8686,13.3692,30.9822,37.9671,30.0102
383.9000,57.7176,13.3380,31.1198,37.9363,29.8742
383.9500,57.5659,13.3011,31.2557,37.8885,29.7410
384.0000,57.4141,13.2579,31.3895,37.8236,29.6105
384.0500,57.2627,13.2080,31.5210,37.7412,29.4831
384.1000,57.1123,13.1508,31.6496,37.6413,29.3587
384.1500,56.9635,13.0860,31.7751,37.5238,29.2375
384.2000,56.8169,13.0129,31.8971,37.3885,29.1193
384.2500,56.6731,12.9312,32.0153,37.2354,29.0041
384.3000,56.5326,12.8405,32.1295,37.0644,28.8915
384.3500,56.3962,12.7402,32.2394,36.8755,28.7814
384.4000,56.2645,12.6300,32.3448,36.6688,28.6734
384.4500,56.1381,12.5094,32.4454,36.4442,28.5670
384.5000,56.0178,12.3780,32.5410,36.2020,28.4618
384.5500,55.9041,12.2356,32.6316,35.9421,28.3572
384.6000,55.7969,12.0821,32.7172,35.6648,28.2533
384.6500,55.6962,11.9179,32.7980,35.3703,28.1504
384.7000,55.6016,11.7432,32.8742,35.0587,28.0485
384.7500,55.5130,11.5582,32.9460,34.7302,27.9478
384.8000,55.4301,11.3634,33.0137,34.3853,27.8484
384.8500,55.3526,11.1592,33.0777,34.0242,27.7502
384.9000,55.2801,10.9459,33.1382,33.6472,27.6534
384.9500,55.2123,10.7239,33.1956,33.2549,27.5580
385.0000,55.1489,10.4939,33.2503,32.8475,27.4639
385.0500,55.0894,10.2562,33.3027,32.4256,27.3710
385.1000,55.0340,10.0118,33.3526,31.9906,27.2797
385.1500,54.9827,9.7614,33.4001,31.5438,27.1900
385.2000,54.9355,9.5059,33.4451,31.0863,27.1021
385.2500,54.8923,9.2462,33.4877,30.6196,27.0160
385.3000,54.8531,8.9830,33.5279,30.1450,26.9319
385.3500,54.8175,8.7173,33.5659,29.6638,26.8498
385.4000,54.7855,8.4499,33.6019,29.1772,26.7696
385.4500,54.7567,8.1817,33.6360,28.6865,26.6914
385.5000,54.7307,7.9136,33.6686,28.1931,26.6151
385.5500,54.7072,7.6463,33.6998,27.6982,26.5406
385.6000,54.6856,7.3809,33.7301,27.2031,26.4679
385.6500,54.6655,7.1181,33.7596,26.7091,26.3969
385.7000,54.6462,6.8587,33.7888,26.2175,26.3274
385.7500,54.6271,6.6035,33.8180,25.7296,26.2593
385.8000,54.6075,6.3534,33.8475,25.2468,26.1925
385.8500,54.5867,6.1092,33.8779,24.7703,26.1268
385.9000,54.5638,5.8714,33.9093,24.3014,26.0622
385.9500,54.5380,5.6410,33.9423,23.8415,25.9985
386.0000,54.5083,5.4185,33.9771,23.3920,25.9356
386.0500,54.4739,5.2046,34.0141,22.9541,25.8734
386.1000,54.4346,4.9999,34.0537,22.5284,25.8117
386.1500,54.3901,4.8049,34.0962,22.1153,25.7505
386.2000,54.3403,4.6202,34.1419,21.7153,25.6898
386.2500,54.2850,4.4461,34.1910,21.3288,25.6295
386.3000,54.2241,4.2831,34.2438,20.9561,25.5695
386.3500,54.1575,4.1315,34.3004,20.5975,25.5101
386.4000,54.0849,3.9915,34.3610,20.2532,25.4511
386.4500,54.0062,3.8634,34.4257,19.9236,25.3929
386.5000,53.9212,3.7471,34.4944,19.6087,25.3354
386.5500,53.8299,3.6425,34.5672,19.3087,25.2790
386.6000,53.7329,3.5489,34.6440,19.0238,25.2241
386.6500,53.6308,3.4653,34.7244,18.7539,25.1708
386.7000,53.5241,3.3906,34.8084,18.4992,25.1189
386.7500,53.4136,3.3237,34.8954,18.2596,25.0685
386.8000,53.2995,3.2636,34.9851,18.0350,25.0198
386.8500,53.1825,3.2089,35.0769,17.8253,24.9730
386.9000,53.0630,3.1585,35.1702,17.6305,24.9284
386.9500,52.9413,3.1116,35.2640,17.4503,24.8865
387.0000,52.8179,3.0672,35.3576,17.2844,24.8479
387.0500,52.6931,3.0242,35.4502,17.1326,24.8129
387.1000,52.5671,2.9825,35.5415,16.9946,24.7814
387.1500,52.4402,2.9420,35.6316,16.8699,24.7529
387.2000,52.3128,2.9025,35.7206,16.7582,24.7268
387.2500,52.1850,2.8640,35.8086,16.6590,24.7026
387.3000,52.0570,2.8264,35.8956,16.5718,24.6798
387.3500,51.9291,2.7896,35.9816,16.4959,24.6577
387.4000,51.8013,2.7535,36.0668,16.4307,24.6358
387.4500,51.6737,2.7180,36.1512,16.3756,24.6134
387.5000,51.5466,2.6829,36.2348,16.3299,24.5897
387.5500,51.4200,2.6481,36.3178,16.2927,24.5642
387.6000,51.2939,2.6138,36.4002,16.2638,24.5368
387.6500,51.1685,2.5801,36.4821,16.2429,24.5076
387.7000,51.0438,2.5470,36.5635,16.2297,24.4768
387.7500,50.9197,2.5148,36.6446,16.2238,24.4444
387.8000,50.7965,2.4836,36.7253,16.2249,24.4106
387.8500,50.6739,2.4535,36.8058,16.2326,24.3754
387.9000,50.5522,2.4247,36.8862,16.2464,24.3391
387.9500,50.4311,2.3972,36.9665,16.2660,24.3016
388.0000,50.3107,2.3713,37.0469,16.2911,24.2631
388.0500,50.1910,2.3470,37.1275,16.3219,24.2238
388.1000,50.0720,2.3242,37.2092,16.3589,24.1837
388.1500,49.9535,2.3027,37.2928,16.4030,24.1428
388.2000,49.8355,2.2825,37.3792,16.4549,24.1014
388.2500,49.7180,2.2633,37.4691,16.5152,24.0594
388.3000,49.6008,2.2450,37.5634,16.5844,24.0170
388.3500,49.4840,2.2276,37.6627,16.6630,23.9741
388.4000,49.3673,2.2109,37.7677,16.7514,23.9308
388.4500,49.2508,2.1948,37.8791,16.8500,23.8871
388.5000,49.1343,2.1793,37.9974,16.9590,23.8430
388.5500,49.0177,2.1641,38.1233,17.0785,23.7986
388.6000,48.9009,2.1493,38.2572,17.2088,23.7536
388.6500,48.7839,2.1346,38.3995,17.3499,23.7081
388.7000,48.6664,2.1200,38.5505,17.5018,23.6620
388.7500,48.5484,2.1055,38.7103,17.6643,23.6151
388.8000,48.4297,2.0908,38.8790,17.8374,23.5673
388.8500,48.3103,2.0759,39.0566,18.0208,23.5184
388.9000,48.1899,2.0606,39.2433,18.2143,23.4681
388.9500,48.0684,2.0448,39.4390,18.4175,23.4163
389.0000,47.9458,2.0284,39.6438,18.6299,23.3626
389.0500,47.8217,2.0112,39.8576,18.8512,23.3068
389.1000,47.6961,1.9934,40.0804,19.0814,23.2489
389.1500,47.5689,1.9751,40.3122,19.3203,23.1893
389.2000,47.4397,1.9565,40.5528,19.5681,23.1281
389.2500,47.3085,1.9377,40.8023,19.8246,23.0656
389.3000,47.1751,1.9189,41.0605,20.0898,23.0017
389.3500,47.0392,1.9002,41.3272,20.3635,22.9368
389.4000,46.9007,1.8818,41.6025,20.6455,22.8710
389.4500,46.7593,1.8639,41.8861,20.9358,22.8044
389.5000,46.6148,1.8467,42.1780,21.2340,22.7371
389.5500,46.4671,1.8302,42.4780,21.5402,22.6694
389.6000,46.3157,1.8145,42.7863,21.8546,22.6020
389.6500,46.1605,1.7994,43.1029,22.1778,22.5357
389.7000,46.0012,1.7850,43.4281,22.5103,22.4713
389.7500,45.8375,1.7710,43.7619,22.8523,22.4095
389.8000,45.6691,1.7576,44.1045,23.2041,22.3508
389.8500,45.4956,1.7447,44.4558,23.5659,22.2960
389.9000,45.3168,1.7322,44.8161,23.9379,22.2453
389.9500,45.1322,1.7203,45.1854,24.3200,22.1992
390.0000,44.9415,1.7088,45.5638,24.7123,22.1580
390.0500,44.7444,1.6979,45.9513,25.1148,22.1219
390.1000,44.5402,1.6876,46.3482,25.5271,22.0912
390.1500,44.3287,1.6779,46.7544,25.9492,22.0658
390.2000,44.1093,1.6689,47.1702,26.3807,22.0457
390.2500,43.8815,1.6607,47.5956,26.8214,22.0310
390.3000,43.6449,1.6534,48.0309,27.2707,22.0214
390.3500,43.3988,1.6470,48.4761,27.7283,22.0167
390.4000,43.1427,1.6416,48.9314,28.1936,22.0166
390.4500,42.8759,1.6373,49.3972,28.6660,22.0207
390.5000,42.5978,1.6343,49.8735,29.1450,22.0285
390.5500,42.3078,1.6326,50.3606,29.6299,22.0395
390.6000,42.0059,1.6323,50.8579,30.1204,22.0537
390.6500,41.6924,1.6337,51.3649,30.6164,22.0712
390.7000,41.3674,1.6367,51.8810,31.1176,22.0921
390.7500,41.0312,1.6416,52.4054,31.6240,22.1164
390.8000,40.6838,1.6484,52.9376,32.1351,22.1443
390.8500,40.3255,1.6573,53.4768,32.6509,22.1756
390.9000,39.9567,1.6683,54.0223,33.1709,22.2105
390.9500,39.5774,1.6817,54.5735,33.6951,22.2490
391.0000,39.1880,1.6976,55.1296,34.2230,22.2909
391.0500,38.7887,1.7161,55.6901,34.7543,22.3362
391.1000,38.3798,1.7373,56.2545,35.2886,22.3848
391.1500,37.9616,1.7613,56.8227,35.8252,22.4366
391.2000,37.5343,1.7883,57.3945,36.3636,22.4915
391.2500,37.0982,1.8185,57.9696,36.9032,22.5492
391.3000,36.6536,1.8518,58.5476,37.4435,22.6097
391.3500,36.2007,1.8885,59.1281,37.9841,22.6727
391.4000,35.7400,1.9287,59.7109,38.5243,22.7381
391.4500,35.2716,1.9725,60.2953,39.0637,22.8054
391.5000,34.7959,2.0201,60.8811,39.6018,22.8746
391.5500,34.3131,2.0714,61.4677,40.1382,22.9453
391.6000,33.8236,2.1267,62.0547,40.6724,23.0171
391.6500,33.3276,2.1860,62.6415,41.2039,23.0898
391.7000,32.8254,2.2494,63.2275,41.7323,23.1630
391.7500,32.3173,2.3171,63.8123,42.2574,23.2363
391.8000,31.8035,2.3891,64.3952,42.7785,23.3093
391.8500,31.2842,2.4656,64.9757,43.2955,23.3816
391.9000,30.7599,2.5465,65.5531,43.8079,23.4527
391.9500,30.2306,2.6321,66.1270,44.3154,23.5222
392.0000,29.6966,2.7223,66.6965,44.8177,23.5895
392.0500,29.1581,2.8172,67.2612,45.3145,23.6541
392.1000,28.6156,2.9170,67.8204,45.8055,23.7160
392.1500,28.0696,3.0216,68.3735,46.2904,23.7750
392.2000,27.5206,3.1312,68.9198,46.7690,23.8309
392.2500,26.9690,3.2457,69.4588,47.2411,23.8837
392.3000,26.4154,3.3653,69.9897,47.7064,23.9332
392.3500,25.8601,3.4899,70.5120,48.1648,23.9794
392.4000,25.3038,3.6197,71.0250,48.6161,24.0221
392.4500,24.7467,3.7546,71.5282,49.0600,24.0613
392.5000,24.1895,3.8947,72.0209,49.4966,24.0967
392.5500,23.6325,4.0400,72.5027,49.9256,24.1283
392.6000,23.0762,4.1899,72.9738,50.3470,24.1560
392.6500,22.5210,4.3439,73.4343,50.7606,24.1796
392.7000,21.9673,4.5017,73.8844,51.1663,24.1990
392.7500,21.4155,4.6627,74.3243,51.5642,24.2142
392.8000,20.8660,4.8266,74.7542,51.9541,24.2249
392.8500,20.3192,4.9929,75.1742,52.3360,24.2311
392.9000,19.7753,5.1612,75.5842,52.7100,24.2326
392.9500,19.2347,5.3313,75.9845,53.0759,24.2294
393.0000,18.6977,5.5028,76.3751,53.4339,24.2211
393.0500,18.1646,5.6754,76.7560,53.7838,24.2078
393.1000,17.6356,5.8489,77.1273,54.1259,24.1893
393.1500,17.1109,6.0230,77.4889,54.4600,24.1654
393.2000,16.5907,6.1975,77.8409,54.7863,24.1360
393.2500,16.0752,6.3721,78.1833,55.1048,24.1009
393.3000,15.5644,6.5469,78.5162,55.4156,24.0599
393.3500,15.0586,6.7214,78.8395,55.7187,24.0128
393.4000,14.5576,6.8958,79.1533,56.0144,23.9596
393.4500,14.0616,7.0698,79.4575,56.3026,23.8999
393.5000,13.5704,7.2433,79.7524,56.5834,23.8336
393.5500,13.0842,7.4164,80.0378,56.8570,23.7605
393.6000,12.6033,7.5889,80.3135,57.1235,23.6806
393.6500,12.1281,7.7608,80.5795,57.3830,23.5941
393.7000,11.6592,7.9322,80.8353,57.6355,23.5009
393.7500,11.1969,8.1030,81.0809,57.8813,23.4012
393.8000,10.7417,8.2734,81.3159,58.1205,23.2950
393.8500,10.2940,8.4433,81.5403,58.3530,23.1825
393.9000,9.8541,8.6128,81.7537,58.5792,23.0637
393.9500,9.4225,8.7820,81.9560,58.7990,22.9388
394.0000,8.9995,8.9512,82.1471,59.0125,22.8078
394.0500,8.5854,9.1204,82.3269,59.2200,22.6709
394.1000,8.1805,9.2900,82.4956,59.4214,22.5281
394.1500,7.7851,9.4605,82.6537,59.6168,22.3796
394.2000,7.3995,9.6322,82.8017,59.8064,22.2254
394.2500,7.0240,9.8045,82.9398,59.9901,22.0656
394.3000,6.6586,9.9764,83.0684,60.1680,21.9004
394.3500,6.3036,10.1468,83.1879,60.3402,21.7298
394.4000,5.9592,10.3149,83.2987,60.5066,21.5540
394.4500,5.6253,10.4797,83.4011,60.6673,21.3730
394.5000,5.3022,10.6404,83.4956,60.8222,21.1869
394.5500,4.9899,10.7961,83.5823,60.9713,20.9957
394.6000,4.6883,10.9461,83.6619,61.1145,20.7996
394.6500,4.3974,11.0896,83.7345,61.2518,20.5986
394.7000,4.1172,11.2259,83.8007,61.3830,20.3928
394.7500,3.8476,11.3543,83.8608,61.5079,20.1821
394.8000,3.5883,11.4742,83.9152,61.6265,19.9666
394.8500,3.3392,11.5849,83.9644,61.7385,19.7464
394.9000,3.1000,11.6858,84.0088,61.8436,19.5215
394.9500,2.8704,11.7765,84.0489,61.9417,19.2917
395.0000,2.6501,11.8564,84.0852,62.0323,19.0572
395.0500,2.4388,11.9250,84.1182,62.1154,18.8179
395.1000,2.2366,11.9821,84.1478,62.1912,18.5740
395.1500,2.0434,12.0276,84.1740,62.2602,18.3257
395.2000,1.8595,12.0615,84.1968,62.3231,18.0733
395.2500,1.6849,12.0837,84.2161,62.3802,17.8170
395.3000,1.5197,12.0942,84.2318,62.4322,17.5571
395.3500,1.3638,12.0930,84.2438,62.4797,17.2937
395.4000,1.2174,12.0804,84.2522,62.5231,17.0271
395.4500,1.0804,12.0564,84.2567,62.5630,16.7575
395.5000,0.9526,12.0213,84.2572,62.6000,16.4851
395.5500,0.8342,11.9753,84.2539,62.6346,16.2101
395.6000,0.7249,11.9190,84.2471,62.6668,15.9328
395.6500,0.6246,11.8529,84.2372,62.6968,15.6532
395.7000,0.5332,11.7776,84.2246,62.7245,15.3715
395.7500,0.4504,11.6940,84.2097,62.7502,15.0880
395.8000,0.3761,11.6025,84.1928,62.7739,14.8027
395.8500,0.3099,11.5039,84.1742,62.7959,14.5158
395.9000,0.2516,11.3991,84.1542,62.8162,14.2274
395.9500,0.2009,11.2887,84.1331,62.8352,13.9377
396.0000,0.1573,11.1735,84.1111,62.8532,13.6466
396.0500,0.1204,11.0545,84.0883,62.8702,13.3543
396.1000,0.0899,10.9324,84.0650,62.8867,13.0608
396.1500,0.0652,10.8083,84.0413,62.9030,12.7661
396.2000,0.0457,10.6830,84.0173,62.9193,12.4703
396.2500,0.0309,10.5575,83.9931,62.9361,12.1734
396.3000,0.0202,10.4328,83.9688,62.9535,11.8752
396.3500,0.0130,10.3100,83.9445,62.9721,11.5757
396.4000,0.0084,10.1902,83.9201,62.9921,11.2749
396.4500,0.0057,10.0745,83.8957,63.0139,10.9726
396.5000,0.0042,9.9641,83.8713,63.0379,10.6687
396.5500,0.0030,9.8600,83.8469,63.0644,10.3630
396.6000,0.0021,9.7628,83.8223,63.0938,10.0559
396.6500,0.0014,9.6728,83.7975,63.1265,9.7478
396.7000,0.0009,9.5902,83.7725,63.1628,9.4390
396.7500,0.0005,9.5156,83.7471,63.2031,9.1299
396.8000,0.0002,9.4491,83.7211,63.2478,8.8209
396.8500,0.0001,9.3911,83.6945,63.2970,8.5124
396.9000,0.0000,9.3419,83.6670,63.3513,8.2048
396.9500,0.0000,9.3016,83.6384,63.4108,7.8984
397.0000,0.0000,9.2707,83.6086,63.4758,7.5937
397.0500,0.0000,9.2494,83.5774,63.5466,7.2912
397.1000,0.0000,9.2381,83.5453,63.6229,6.9915
397.1500,0.0000,9.2373,83.5127,63.7044,6.6958
397.2000,0.0000,9.2475,83.4802,63.7907,6.4047
397.2500,0.0000,9.2691,83.4480,63.8816,6.1192
397.3000,0.0000,9.3024,83.4165,63.9769,5.8400
397.3500,0.0000,9.3479,83.3859,64.0761,5.5679
397.4000,0.0000,9.4059,83.3563,64.1790,5.3036
397.4500,0.0000,9.4765,83.3278,64.2852,5.0477
397.5000,0.0000,9.5602,83.3005,64.3945,4.8009
397.5500,0.0000,9.6571,83.2744,64.5065,4.5638
397.6000,0.0000,9.7675,83.2491,64.6208,4.3370
397.6500,0.0000,9.8914,83.2247,64.7371,4.1210
397.7000,0.0000,10.0291,83.2009,64.8549,3.9162
397.7500,0.0000,10.1806,83.1773,64.9738,3.7232
397.8000,0.0000,10.3460,83.1535,65.0934,3.5424
397.8500,0.0000,10.5255,83.1292,65.2130,3.3741
397.9000,0.0000,10.7189,83.1037,65.3323,3.2186
397.9500,0.0000,10.9262,83.0765,65.4506,3.0764
398.0000,0.0000,11.1475,83.0470,65.5673,2.9476
398.0500,0.0000,11.3827,83.0145,65.6819,2.8325
398.1000,0.0000,11.6313,82.9791,65.7945,2.7313
398.1500,0.0000,11.8929,82.9408,65.9051,2.6441
398.2000,0.0000,12.1671,82.8997,66.0140,2.5710
398.2500,0.0000,12.4533,82.8558,66.1213,2.5122
398.3000,0.0000,12.7509,82.8092,66.2272,2.4677
398.3500,0.0000,13.0593,82.7600,66.3319,2.4374
398.4000,0.0000,13.3778,82.7081,66.4355,2.4214
398.4500,0.0000,13.7056,82.6535,66.5382,2.4195
398.5000,0.0000,14.0421,82.5963,66.6401,2.4316
398.5500,0.0000,14.3865,82.5365,66.7413,2.4576
398.6000,0.0000,14.7380,82.4745,66.8419,2.4973
398.6500,0.0000,15.0961,82.4109,66.9420,2.5505
398.7000,0.0000,15.4600,82.3461,67.0417,2.6167
398.7500,0.0000,15.8289,82.2804,67.1410,2.6958
398.8000,0.0000,16.2019,82.2143,67.2399,2.7874
398.8500,0.0000,16.5782,82.1481,67.3384,2.8910
398.9000,0.0000,16.9568,82.0820,67.4365,3.0062
398.9500,0.0000,17.3366,82.0164,67.5342,3.1324
399.0000,0.0000,17.7168,81.9513,67.6313,3.2692
399.0500,0.0000,18.0972,81.8870,67.7277,3.4159
399.1000,0.0000,18.4779,81.8236,67.8234,3.5719
399.1500,0.0000,18.8590,81.7612,67.9181,3.7366
399.2000,0.0000,19.2403,81.6998,68.0116,3.9091
399.2500,0.0000,19.6220,81.6396,68.1036,4.0887
399.3000,0.0000,20.0040,81.5804,68.1939,4.2746
399.3500,0.0000,20.3864,81.5222,68.2820,4.4659
399.4000,0.0000,20.7692,81.4649,68.3678,4.6617
399.4500,0.0000,21.1524,81.4084,68.4506,4.8609
399.5000,0.0000,21.5361,81.3526,68.5301,5.0625
399.5500,0.0000,21.9201,81.2973,68.6059,5.2656
399.6000,0.0000,22.3043,81.2426,68.6781,5.4699
399.6500,0.0000,22.6885,81.1885,68.7472,5.6749
399.7000,0.0000,23.0723,81.1350,68.8134,5.8806
399.7500,0.0000,23.4555,81.0821,68.8770,6.0866
399.8000,0.0000,23.8377,81.0300,68.9385,6.2926
399.8500,0.0000,24.2188,80.9785,68.9982,6.4985
399.9000,0.0000,24.5983,80.9276,69.0563,6.7039
399.9500,0.0000,24.9760,80.8773,69.1133,6.9087
400.0000,0.0000,25.3516,80.8274,69.1694,7.1124
400.0500,0.0000,25.7248,80.7781,69.2250,7.3150
400.1000,0.0000,26.0953,80.7290,69.2799,7.5161
400.1500,0.0000,26.4627,80.6802,69.3340,7.7155
400.2000,0.0000,26.8268,80.6314,69.3871,7.9129
400.2500,0.0000,27.1873,80.5826,69.4391,8.1082
400.3000,0.0000,27.5439,80.5335,69.4900,8.3009
400.3500,0.0000,27.8963,80.4839,69.5396,8.4910
400.4000,0.0000,28.2442,80.4337,69.5880,8.6782
400.4500,0.0000,28.5872,80.3825,69.6352,8.8622
400.5000,0.0000,28.9253,80.3302,69.6812,9.0429
400.5500,0.0000,29.2580,80.2764,69.7262,9.2199
400.6000,0.0000,29.5852,80.2209,69.7702,9.3931
400.6500,0.0000,29.9066,80.1633,69.8134,9.5623
400.7000,0.0000,30.2219,80.1032,69.8558,9.7272
400.7500,0.0000,30.5309,80.0403,69.8978,9.8877
400.8000,0.0000,30.8334,79.9741,69.9395,10.0435
400.8500,0.0000,31.1292,79.9042,69.9812,10.1946
400.9000,0.0000,31.4182,79.8302,70.0231,10.3406
400.9500,0.0000,31.7001,79.7515,70.0655,10.4814
401.0000,0.0000,31.9748,79.6675,70.1087,10.6168
401.0500,0.0000,32.2421,79.5779,70.1531,10.7468
401.1000,0.0000,32.5019,79.4825,70.1986,10.8710
401.1500,0.0000,32.7542,79.3812,70.2455,10.9894
401.2000,0.0000,32.9987,79.2741,70.2937,11.1018
401.2500,0.0000,33.2355,79.1611,70.3433,11.2081
401.3000,0.0000,33.4645,79.0422,70.3945,11.3081
401.3500,0.0000,33.6857,78.9174,70.4473,11.4018
401.4000,0.0000,33.8989,78.7866,70.5018,11.4890
401.4500,0.0000,34.1044,78.6498,70.5580,11.5696
401.5000,0.0000,34.3020,78.5068,70.6161,11.6436
401.5500,0.0000,34.4918,78.3579,70.6763,11.7108
401.6000,0.0000,34.6740,78.2035,70.7391,11.7711
401.6500,0.0000,34.8485,78.0445,70.8050,11.8245
401.7000,0.0000,35.0156,77.8813,70.8748,11.8709
401.7500,0.0000,35.1754,77.7147,70.9489,11.9102
401.8000,0.0000,35.3281,77.5450,71.0279,11.9425
401.8500,0.0000,35.4738,77.3728,71.1122,11.9676
401.9000,0.0000,35.6128,77.1985,71.2023,11.9856
401.9500,0.0000,35.7454,77.0223,71.2986,11.9964
402.0000,0.0000,35.8719,76.8445,71.4014,12.0000
402.0500,0.0000,35.9925,76.6653,71.5113,11.9964
402.1000,0.0000,36.1076,76.4848,71.6284,11.9856
402.1500,0.0000,36.2175,76.3031,71.7530,11.9676
402.2000,0.0000,36.3228,76.1201,71.8855,11.9425
402.2500,0.0000,36.4238,75.9359,72.0261,11.9102
402.3000,0.0000,36.5210,75.7503,72.1749,11.8709
402.3500,0.0000,36.6149,75.5630,72.3322,11.8245
402.4000,0.0000,36.7061,75.3738,72.4982,11.7711
402.4500,0.0000,36.7950,75.1824,72.6729,11.7108
402.5000,0.0000,36.8823,74.9888,72.8564,11.6436
402.5500,0.0000,36.9686,74.7928,73.0490,11.5696
402.6000,0.0000,37.0540,74.5949,73.2505,11.4890
402.6500,0.0000,37.1386,74.3957,73.4610,11.4018
402.7000,0.0000,37.2225,74.1957,73.6807,11.3081
402.7500,0.0000,37.3057,73.9954,73.9093,11.2081
402.8000,0.0000,37.3884,73.7952,74.1470,11.1018
402.8500,0.0000,37.4705,73.5957,74.3937,10.9894
402.9000,0.0000,37.5522,73.3973,74.6492,10.8710
402.9500,0.0000,37.6336,73.2004,74.9136,10.7468
403.0000,0.0000,37.7146,73.0052,75.1867,10.6168
403.0500,0.0000,37.7954,72.8123,75.4682,10.4814
403.1000,0.0000,37.8759,72.6218,75.7574,10.3408
403.1500,0.0000,37.9559,72.4341,76.0535,10.1952
403.2000,0.0000,38.0355,72.2493,76.3555,10.0450
403.2500,0.0000,38.1146,72.0679,76.6631,9.8905
403.3000,0.0000,38.1930,71.8898,76.9754,9.7319
403.3500,0.0000,38.2707,71.7153,77.2921,9.5697
403.4000,0.0000,38.3476,71.5445,77.6127,9.4040
403.4500,0.0000,38.4237,71.3776,77.9369,9.2351
403.5000,0.0000,38.4988,71.2144,78.2644,9.0634
403.5500,0.0000,38.5730,71.0552,78.5949,8.8892
403.6000,0.0000,38.6460,70.8999,78.9284,8.7126
403.6500,0.0000,38.7179,70.7485,79.2646,8.5341
403.7000,0.0000,38.7885,70.6008,79.6035,8.3539
403.7500,0.0000,38.8577,70.4567,79.9444,8.1723
403.8000,0.0000,38.9254,70.3162,80.2871,7.9895
403.8500,0.0000,38.9915,70.1791,80.6309,7.8058
403.9000,0.0000,39.0558,70.0450,80.9755,7.6216
403.9500,0.0000,39.1182,69.9137,81.3206,7.4370
404.0000,0.0000,39.1786,69.7850,81.6657,7.2524
404.0500,0.0000,39.2369,69.6585,82.0107,7.0680
404.1000,0.0000,39.2930,69.5343,82.3552,6.8841
404.1500,0.0000,39.3472,69.4127,82.6990,6.7009
404.2000,0.0000,39.3995,69.2938,83.0419,6.5187
404.2500,0.0000,39.4501,69.1778,83.3837,6.3378
404.3000,0.0000,39.4991,69.0648,83.7241,6.1584
404.3500,0.0000,39.5466,68.9549,84.0632,5.9807
404.4000,0.0000,39.5927,68.8483,84.4006,5.8050
404.4500,0.0000,39.6376,68.7450,84.7364,5.6315
404.5000,0.0000,39.6814,68.6453,85.0704,5.4605
404.5500,0.0000,39.7241,68.5491,85.4025,5.2922
404.6000,0.0000,39.7659,68.4564,85.7328,5.1270
404.6500,0.0000,39.8070,68.3674,86.0617,4.9656
404.7000,0.0000,39.8473,68.2821,86.3891,4.8082
404.7500,0.0000,39.8871,68.2005,86.7154,4.6554
404.8000,0.0000,39.9263,68.1224,87.0407,4.5076
404.8500,0.0000,39.9651,68.0480,87.3650,4.3651
404.9000,0.0000,40.0035,67.9772,87.6886,4.2283
404.9500,0.0000,40.0416,67.9098,88.0116,4.0976
405.0000,0.0000,40.0795,67.8457,88.3341,3.9733
405.0500,0.0000,40.1172,67.7848,88.6563,3.8557
405.1000,0.0000,40.1547,67.7270,88.9781,3.7450
405.1500,0.0000,40.1920,67.6720,89.2998,3.6416
405.2000,0.0000,40.2292,67.6197,89.6215,3.5457
405.2500,0.0000,40.2663,67.5697,89.9431,3.4574
405.3000,0.0000,40.3031,67.5218,90.2649,3.3770
405.3500,0.0000,40.3397,67.4756,90.5869,3.3047
405.4000,0.0000,40.3760,67.4308,90.9091,3.2406
405.4500,0.0000,40.4119,67.3870,91.2317,3.1848
405.5000,0.0000,40.4474,67.3438,91.5548,3.1374
405.5500,0.0000,40.4823,67.3007,91.8784,3.0985
405.6000,0.0000,40.5168,67.2578,92.2020,3.0682
405.6500,0.0000,40.5511,67.2150,92.5252,3.0465
405.7000,0.0000,40.5852,67.1725,92.8474,3.0334
405.7500,0.0000,40.6193,67.1303,93.1681,3.0290
405.8000,0.0000,40.6537,67.0884,93.4866,3.0331
405.8500,0.0000,40.6883,67.0469,93.8024,3.0457
405.9000,0.0000,40.7234,67.0057,94.1148,3.0668
405.9500,0.0000,40.7590,66.9648,94.4233,3.0962
406.0000,0.0000,40.7952,66.9242,94.7271,3.1339
406.0500,0.0000,40.8321,66.8840,95.0257,3.1796
406.1000,0.0000,40.8691,66.8447,95.3185,3.2332
406.1500,0.0000,40.9053,66.8072,95.6053,3.2944
406.2000,0.0000,40.9402,66.7720,95.8856,3.3632
406.2500,0.0000,40.9731,66.7397,96.1589,3.4391
406.3000,0.0000,41.0035,66.7108,96.4248,3.5219
406.3500,0.0000,41.0307,66.6856,96.6829,3.6114
406.4000,0.0000,41.0543,66.6646,96.9326,3.7071
406.4500,0.0000,41.0737,66.6480,97.1736,3.8087
406.5000,0.0000,41.0885,66.6361,97.4053,3.9159
406.5500,0.0000,41.0982,66.6288,97.6274,4.0282
406.6000,0.0000,41.1024,66.6264,97.8393,4.1451
406.6500,0.0000,41.1008,66.6288,98.0407,4.2663
406.7000,0.0000,41.0928,66.6358,98.2311,4.3911
406.7500,0.0000,41.0783,66.6474,98.4103,4.5191
406.8000,0.0000,41.0567,66.6633,98.5778,4.6496
406.8500,0.0000,41.0279,66.6832,98.7334,4.7822
406.9000,0.0000,40.9914,66.7067,98.8769,4.9162
406.9500,0.0000,40.9470,66.7333,99.0079,5.0508
407.0000,0.0000,40.8944,66.7625,99.1265,5.1855
407.0500,0.0000,40.8334,66.7939,99.2322,5.3195
407.1000,0.0000,40.7638,66.8274,99.3248,5.4527
407.1500,0.0000,40.6859,66.8633,99.4035,5.5848
407.2000,0.0000,40.5995,66.9016,99.4678,5.7157
407.2500,0.0000,40.5048,66.9426,99.5172,5.8453
407.3000,0.0000,40.4019,66.9862,99.5513,5.9734
407.3500,0.0000,40.2909,67.0326,99.5696,6.0998
407.4000,0.0000,40.1720,67.0818,99.5719,6.2247
407.4500,0.0000,40.0452,67.1339,99.5578,6.3479
407.5000,0.0000,39.9108,67.1887,99.5272,6.4694
407.5500,0.0000,39.7687,67.2463,99.4799,6.5892
407.6000,0.0000,39.6188,67.3073,99.4157,6.7068
407.6500,0.0000,39.4607,67.3719,99.3343,6.8221
407.7000,0.0000,39.2940,67.4407,99.2358,6.9348
407.7500,0.0000,39.1186,67.5138,99.1200,7.0446
407.8000,0.0000,38.9343,67.5916,98.9872,7.1512
407.8500,0.0000,38.7407,67.6744,98.8378,7.2544
407.9000,0.0000,38.5378,67.7622,98.6720,7.3541
407.9500,0.0000,38.3255,67.8552,98.4906,7.4499
408.0000,0.0000,38.1037,67.9534,98.2942,7.5417
408.0500,0.0000,37.8722,68.0569,98.0835,7.6293
408.1000,0.0000,37.6312,68.1656,97.8587,7.7126
408.1500,0.0000,37.3804,68.2794,97.6195,7.7914
408.2000,0.0000,37.1201,68.3981,97.3659,7.8656
408.2500,0.0000,36.8501,68.5216,97.0977,7.9351
408.3000,0.0000,36.5705,68.6496,96.8150,7.9998
408.3500,0.0000,36.2814,68.7818,96.5178,8.0596
408.4000,0.0000,35.9829,68.9178,96.2060,8.1144
408.4500,0.0000,35.6750,69.0573,95.8797,8.1642
408.5000,0.0000,35.3579,69.1999,95.5390,8.2090
408.5500,0.0000,35.0316,69.3450,95.1840,8.2486
408.6000,0.0000,34.6966,69.4927,94.8149,8.2832
408.6500,0.0000,34.3534,69.6430,94.4317,8.3126
408.7000,0.0000,34.0022,69.7959,94.0348,8.3368
408.7500,0.0000,33.6437,69.9515,93.6243,8.3560
408.8000,0.0000,33.2783,70.1097,93.2005,8.3702
408.8500,0.0000,32.9065,70.2706,92.7636,8.3792
408.9000,0.0000,32.5290,70.4340,92.3141,8.3834
408.9500,0.0000,32.1461,70.6001,91.8522,8.3826
409.0000,0.0000,31.7585,70.7687,91.3783,8.3769
409.0500,0.0000,31.3668,70.9399,90.8931,8.3665
409.1000,0.0000,30.9719,71.1141,90.3975,8.3515
409.1500,0.0000,30.5746,71.2918,89.8929,8.3319
409.2000,0.0000,30.1757,71.4734,89.3805,8.3078
409.2500,0.0000,29.7761,71.6593,88.8615,8.2795
409.3000,0.0000,29.3767,71.8499,88.3371,8.2469
409.3500,0.0000,28.9783,72.0454,87.8086,8.2103
409.4000,0.0000,28.5817,72.2463,87.2770,8.1698
409.4500,0.0000,28.1878,72.4527,86.7436,8.1255
409.5000,0.0000,27.7974,72.6649,86.2094,8.0777
409.5500,0.0000,27.4113,72.8831,85.6757,8.0264
409.6000,0.0000,27.0303,73.1074,85.1435,7.9719
409.6500,0.0000,26.6550,73.3380,84.6140,7.9144
409.7000,0.0000,26.2854,73.5749,84.0882,7.8540
409.7500,0.0000,25.9210,73.8184,83.5674,7.7910
409.8000,0.0000,25.5615,74.0685,83.0524,7.7255
409.8500,0.0000,25.2067,74.3251,82.5446,7.6577
409.9000,0.0000,24.8562,74.5883,82.0448,7.5879
409.9500,0.0000,24.5098,74.8581,81.5543,7.5163
410.0000,0.0000,24.1674,75.1345,81.0740,7.4431
410.0500,0.0000,23.8288,75.4175,80.6051,7.3686
410.1000,0.0000,23.4939,75.7068,80.1479,7.2929
410.1500,0.0000,23.1626,76.0022,79.7031,7.2164
410.2000,0.0000,22.8348,76.3032,79.2710,7.1392
410.2500,0.0000,22.5106,76.6093,78.8519,7.0615
410.3000,0.0000,22.1899,76.9201,78.4463,6.9837
410.3500,0.0000,21.8727,77.2350,78.0544,6.9060
410.4000,0.0000,21.5592,77.5535,77.6765,6.8287
410.4500,0.0000,21.2493,77.8751,77.3128,6.7519
410.5000,0.0000,20.9432,78.1991,76.9635,6.6759
410.5500,0.0000,20.6410,78.5251,76.6287,6.6011
410.6000,0.0000,20.3429,78.8529,76.3084,6.5279
410.6500,0.0000,20.0489,79.1822,76.0023,6.4569
410.7000,0.0000,19.7593,79.5131,75.7103,6.3884
410.7500,0.0000,19.4742,79.8451,75.4320,6.3231
410.8000,0.0000,19.1939,80.1779,75.1673,6.2614
410.8500,0.0000,18.9186,80.5113,74.9159,6.2037
410.9000,0.0000,18.6484,80.8448,74.6776,6.1505
410.9500,0.0000,18.3837,81.1778,74.4519,6.1022
411.0000,0.0000,18.1247,81.5100,74.2385,6.0592
411.0500,0.0000,17.8717,81.8407,74.0371,6.0219
411.1000,0.0000,17.6248,82.1692,73.8472,5.9906
411.1500,0.0000,17.3845,82.4949,73.6685,5.9658
411.2000,0.0000,17.1509,82.8170,73.5004,5.9477
411.2500,0.0000,16.9244,83.1348,73.3424,5.9366
411.3000,0.0000,16.7052,83.4474,73.1941,5.9330
411.3500,0.0000,16.4936,83.7539,73.0549,5.9370
411.4000,0.0000,16.2900,84.0533,72.9241,5.9489
411.4500,0.0000,16.0946,84.3447,72.8011,5.9690
411.5000,0.0000,15.9078,84.6269,72.6852,5.9976
411.5500,0.0000,15.7297,84.8991,72.5759,6.0349
411.6000,0.0000,15.5607,85.1608,72.4729,6.0810
411.6500,0.0000,15.4012,85.4118,72.3760,6.1362
411.7000,0.0000,15.2513,85.6517,72.2850,6.2006
411.7500,0.0000,15.1113,85.8804,72.1998,6.2744
411.8000,0.0000,14.9816,86.0975,72.1201,6.3578
411.8500,0.0000,14.8624,86.3028,72.0458,6.4509
411.9000,0.0000,14.7540,86.4961,71.9766,6.5538
411.9500,0.0000,14.6566,86.6771,71.9124,6.6665
412.0000,0.0000,14.5705,86.8456,71.8530,6.7892
412.0500,0.0000,14.4959,87.0014,71.7980,6.9218
412.1000,0.0000,14.4330,87.1449,71.7473,7.0640
412.1500,0.0000,14.3821,87.2762,71.7005,7.2151
412.2000,0.0000,14.3434,87.3958,71.6575,7.3748
412.2500,0.0000,14.3170,87.5038,71.6179,7.5426
412.3000,0.0000,14.3032,87.6006,71.5815,7.7179
412.3500,0.0000,14.3022,87.6864,71.5479,7.9005
412.4000,0.0000,14.3140,87.7614,71.5168,8.0897
412.4500,0.0000,14.3389,87.8258,71.4878,8.2853
412.5000,0.0000,14.3770,87.8798,71.4607,8.4868
412.5500,0.0000,14.4283,87.9236,71.4351,8.6938
412.6000,0.0000,14.4931,87.9573,71.4105,8.9060
412.6500,0.0000,14.5713,87.9811,71.3866,9.1228
412.7000,0.0000,14.6631,87.9952,71.3628,9.3441
412.7500,0.0000,14.7685,87.9997,71.3389,9.5693
412.8000,0.0000,14.8875,87.9948,71.3143,9.7981
412.8500,0.0000,15.0202,87.9805,71.2885,10.0302
412.9000,0.0000,15.1666,87.9570,71.2610,10.2651
412.9500,0.0000,15.3267,87.9243,71.2313,10.5026
413.0000,0.0000,15.5003,87.8827,71.1988,10.7422
413.0500,0.0000,15.6876,87.8322,71.1630,10.9837
413.1000,0.0000,15.8881,87.7730,71.1241,11.2267
413.1500,0.0000,16.1018,87.7050,71.0831,11.4712
413.2000,0.0000,16.3283,87.6285,71.0408,11.7168
413.2500,0.0000,16.5673,87.5436,70.9979,11.9634
413.3000,0.0000,16.8185,87.4503,70.9553,12.2107
413.3500,0.0000,17.0816,87.3487,70.9135,12.4587
413.4000,0.0000,17.3561,87.2390,70.8735,12.7071
413.4500,0.0000,17.6415,87.1213,70.8357,12.9557
413.5000,0.0000,17.9375,86.9956,70.8008,13.2043
413.5500,0.0000,18.2436,86.8622,70.7694,13.4529
413.6000,0.0000,18.5589,86.7217,70.7418,13.7018
413.6500,0.0000,18.8826,86.5746,70.7182,13.9512
413.7000,0.0000,19.2140,86.4216,70.6989,14.2015
413.7500,0.0000,19.5521,86.2633,70.6841,14.4530
413.8000,0.0000,19.8962,86.1002,70.6739,14.7059
413.8500,0.0000,20.2452,85.9328,70.6686,14.9605
413.9000,0.0000,20.5984,85.7617,70.6682,15.2168
413.9500,0.0000,20.9548,85.5872,70.6730,15.4751
414.0000,0.0000,21.3135,85.4100,70.6831,15.7354
414.0500,0.0000,21.6734,85.2302,70.6985,15.9979
414.1000,0.0000,22.0337,85.0484,70.7193,16.2626
414.1500,0.0000,22.3933,84.8650,70.7455,16.5295
414.2000,0.0000,22.7512,84.6802,70.7772,16.7985
414.2500,0.0000,23.1064,84.4943,70.8143,17.0697
414.3000,0.0000,23.4577,84.3078,70.8569,17.3429
414.3500,0.0000,23.8041,84.1208,70.9049,17.6180
414.4000,0.0000,24.1445,83.9336,70.9582,17.8950
414.4500,0.0000,24.4777,83.7464,71.0166,18.1735
414.5000,0.0000,24.8026,83.5594,71.0801,18.4535
414.5500,0.0000,25.1180,83.3729,71.1486,18.7347
414.6000,0.0000,25.4226,83.1869,71.2221,19.0170
414.6500,0.0000,25.7152,83.0017,71.3006,19.3006
414.7000,0.0000,25.9945,82.8173,71.3844,19.5854
414.7500,0.0000,26.2600,82.6337,71.4735,19.8713
414.8000,0.0000,26.5122,82.4512,71.5678,20.1585
414.8500,0.0000,26.7521,82.2697,71.6676,20.4467
414.9000,0.0000,26.9805,82.0893,71.7728,20.7361
414.9500,0.0000,27.1980,81.9099,71.8835,21.0265
415.0000,0.0000,27.4054,81.7315,71.9996,21.3178
415.0500,0.0000,27.6032,81.5542,72.1212,21.6100
415.1000,0.0000,27.7919,81.3783,72.2483,21.9027
415.1500,0.0000,27.9720,81.2043,72.3809,22.1956
415.2000,0.0000,28.1440,81.0325,72.5189,22.4884
415.2500,0.0000,28.3082,80.8632,72.6622,22.7806
415.3000,0.0000,28.4650,80.6966,72.8109,23.0720
415.3500,0.0000,28.6147,80.5330,72.9648,23.3623
415.4000,0.0000,28.7576,80.3724,73.1239,23.6511
415.4500,0.0000,28.8939,80.2150,73.2881,23.9381
415.5000,0.0000,29.0240,80.0606,73.4572,24.2232
415.5500,0.0000,29.1481,79.9093,73.6312,24.5059
415.6000,0.0000,29.2664,79.7608,73.8098,24.7860
415.6500,0.0000,29.3791,79.6151,73.9929,25.0633
415.7000,0.0000,29.4864,79.4719,74.1804,25.3375
415.7500,0.0000,29.5887,79.3308,74.3721,25.6084
415.8000,0.0000,29.6861,79.1915,74.5678,25.8757
415.8500,0.0000,29.7790,79.0535,74.7672,26.1393
415.9000,0.0000,29.8677,78.9164,74.9701,26.3989
415.9500,0.0000,29.9524,78.7795,75.1762,26.6544
416.0000,0.0000,30.0336,78.6422,75.3854,26.9055
416.0500,0.0000,30.1114,78.5040,75.5973,27.1522
416.1000,0.0000,30.1857,78.3648,75.8120,27.3941
416.1500,0.0000,30.2559,78.2248,76.0293,27.6313
416.2000,0.0000,30.3216,78.0840,76.2494,27.8635
416.2500,0.0000,30.3825,77.9424,76.4721,28.0907
416.3000,0.0000,30.4379,77.8002,76.6976,28.3127
416.3500,0.0000,30.4876,77.6573,76.9258,28.5294
416.4000,0.0000,30.5312,77.5138,77.1566,28.7408
416.4500,0.0000,30.5682,77.3696,77.3902,28.9468
416.5000,0.0000,30.5983,77.2249,77.6265,29.1473
416.5500,0.0000,30.6213,77.0795,77.8654,29.3424
416.6000,0.0000,30.6367,76.9340,78.1068,29.5329
416.6500,0.0000,30.6445,76.7887,78.3503,29.7194
416.7000,0.0000,30.6443,76.6442,78.5958,29.9027
416.7500,0.0000,30.6360,76.5007,78.8431,30.0836
416.8000,0.0000,30.6194,76.3586,79.0918,30.2627
416.8500,0.0000,30.5947,76.2180,79.3419,30.4406
416.9000,0.0000,30.5617,76.0793,79.5933,30.6180
416.9500,0.0000,30.5205,75.9426,79.8456,30.7954
417.0000,0.0000,30.4713,75.8079,80.0989,30.9734
417.0500,0.0000,30.4142,75.6755,80.3529,31.1526
417.1000,0.0000,30.3495,75.5451,80.6076,31.3335
417.1500,0.0000,30.2777,75.4170,80.8630,31.5165
417.2000,0.0000,30.1991,75.2908,81.1189,31.7022
417.2500,0.0000,30.1143,75.1666,81.3753,31.8910
417.3000,0.0000,30.0240,75.0441,81.6322,32.0832
417.3500,0.0000,29.9287,74.9230,81.8896,32.2795
417.4000,0.0000,29.8294,74.8032,82.1473,32.4801
417.4500,0.0000,29.7270,74.6843,82.4056,32.6855
417.5000,0.0000,29.6225,74.5659,82.6643,32.8960
417.5500,0.0000,29.5170,74.4476,82.9235,33.1120
417.6000,0.0000,29.4112,74.3295,83.1830,33.3336
417.6500,0.0000,29.3060,74.2116,83.4425,33.5609
417.7000,0.0000,29.2020,74.0941,83.7019,33.7937
417.7500,0.0000,29.1004,73.9769,83.9607,34.0322
417.8000,0.0000,29.0022,73.8602,84.2188,34.2764
417.8500,0.0000,28.9084,73.7439,84.4760,34.5261
417.9000,0.0000,28.8203,73.6280,84.7318,34.7813
417.9500,0.0000,28.7382,73.5126,84.9862,35.0419
418.0000,0.0000,28.6618,73.3976,85.2386,35.3078
418.0500,0.0000,28.5909,73.2830,85.4889,35.5789
418.1000,0.0000,28.5253,73.1693,85.7358,35.8554
418.1500,0.0000,28.4648,73.0568,85.9784,36.1372
418.2000,0.0000,28.4090,72.9461,86.2156,36.4246
418.2500,0.0000,28.3577,72.8373,86.4462,36.7174
418.3000,0.0000,28.3107,72.7309,86.6695,37.0158
418.3500,0.0000,28.2676,72.6270,86.8843,37.3197
418.4000,0.0000,28.2283,72.5259,87.0898,37.6290
418.4500,0.0000,28.1924,72.4276,87.2850,37.9437
418.5000,0.0000,28.1596,72.3323,87.4691,38.2637
418.5500,0.0000,28.1295,72.2401,87.6413,38.5889
418.6000,0.0000,28.1020,72.1508,87.8007,38.9191
418.6500,0.0000,28.0766,72.0645,87.9465,39.2541
418.7000,0.0000,28.0531,71.9810,88.0779,39.5937
418.7500,0.0000,28.0310,71.9003,88.1943,39.9378
418.8000,0.0000,28.0100,71.8220,88.2947,40.2861
418.8500,0.0000,27.9897,71.7459,88.3786,40.6383
418.9000,0.0000,27.9698,71.6718,88.4452,40.9943
418.9500,0.0000,27.9498,71.5992,88.4938,41.3536
419.0000,0.0000,27.9293,71.5278,88.5238,41.7160
419.0500,0.0000,27.9080,71.4572,88.5344,42.0813
419.1000,0.0000,27.8856,71.3874,88.5260,42.4490
419.1500,0.0000,27.8619,71.3184,88.4986,42.8188
419.2000,0.0000,27.8370,71.2504,88.4527,43.1904
419.2500,0.0000,27.8106,71.1832,88.3887,43.5634
419.3000,0.0000,27.7825,71.1170,88.3069,43.9375
419.3500,0.0000,27.7527,71.0517,88.2079,44.3122
419.4000,0.0000,27.7210,70.9873,88.0922,44.6872
419.4500,0.0000,27.6873,70.9237,87.9605,45.0621
419.5000,0.0000,27.6514,70.8610,87.8135,45.4365
419.5500,0.0000,27.6133,70.7991,87.6518,45.8099
419.6000,0.0000,27.5734,70.7383,87.4762,46.1823
419.6500,0.0000,27.5320,70.6792,87.2877,46.5534
419.7000,0.0000,27.4896,70.6220,87.0870,46.9231
419.7500,0.0000,27.4464,70.5671,86.8752,47.2912
419.8000,0.0000,27.4028,70.5147,86.6532,47.6575
419.8500,0.0000,27.3591,70.4650,86.4222,48.0217
419.9000,0.0000,27.3155,70.4183,86.1831,48.3836
419.9500,0.0000,27.2723,70.3745,85.9373,48.7428
420.0000,0.0000,27.2296,70.3337,85.6860,49.0993
420.0500,0.0000,27.1877,70.2961,85.4303,49.4525
420.1000,0.0000,27.1467,70.2614,85.1709,49.8022
420.1500,0.0000,27.1068,70.2297,84.9081,50.1478
420.2000,0.0000,27.0680,70.2007,84.6420,50.4887
420.2500,0.0000,27.0304,70.1743,84.3730,50.8244
420.3000,0.0000,26.9942,70.1503,84.1015,51.1542
420.3500,0.0000,26.9593,70.1283,83.8277,51.4776
420.4000,0.0000,26.9259,70.1081,83.5522,51.7939
420.4500,0.0000,26.8938,70.0891,83.2753,52.1026
420.5000,0.0000,26.8632,70.0710,82.9974,52.4030
420.5500,0.0000,26.8340,70.0534,82.7191,52.6946
420.6000,0.0000,26.8061,70.0362,82.4405,52.9769
420.6500,0.0000,26.7795,70.0194,82.1619,53.2497
420.7000,0.0000,26.7541,70.0030,81.8834,53.5127
420.7500,0.0000,26.7299,69.9871,81.6055,53.7656
420.8000,0.0000,26.7068,69.9715,81.3282,54.0081
420.8500,0.0000,26.6846,69.9563,81.0518,54.2399
420.9000,0.0000,26.6633,69.9413,80.7766,54.4609
420.9500,0.0000,26.6427,69.9265,80.5028,54.6707
421.0000,0.0000,26.6226,69.9118,80.2307,54.8693
421.0500,0.0000,26.6031,69.8970,79.9605,55.0566
421.1000,0.0000,26.5841,69.8817,79.6920,55.2331
421.1500,0.0000,26.5658,69.8656,79.4248,55.3996
421.2000,0.0000,26.5482,69.8481,79.1589,55.5566
421.2500,0.0000,26.5314,69.8289,78.8939,55.7047
421.3000,0.0000,26.5154,69.8074,78.6299,55.8447
421.3500,0.0000,26.5003,69.7834,78.3665,55.9769
421.4000,0.0000,26.4860,69.7563,78.1038,56.1021
421.4500,0.0000,26.4725,69.7257,77.8416,56.2207
421.5000,0.0000,26.4598,69.6911,77.5800,56.3333
421.5500,0.0000,26.4479,69.6520,77.3188,56.4405
421.6000,0.0000,26.4365,69.6080,77.0582,56.5426
421.6500,0.0000,26.4258,69.5586,76.7982,56.6403
421.7000,0.0000,26.4155,69.5032,76.5387,56.7341
421.7500,0.0000,26.4056,69.4414,76.2799,56.8244
421.8000,0.0000,26.3960,69.3726,76.0220,56.9118
421.8500,0.0000,26.3865,69.2962,75.7649,56.9967
421.9000,0.0000,26.3770,69.2119,75.5088,57.0797
421.9500,0.0000,26.3673,69.1194,75.2539,57.1612
422.0000,0.0000,26.3574,69.0185,75.0004,57.2419
422.0500,0.0000,26.3470,68.9091,74.7484,57.3221
422.1000,0.0000,26.3360,68.7914,74.4982,57.4018
422.1500,0.0000,26.3243,68.6657,74.2499,57.4811
422.2000,0.0000,26.3116,68.5322,74.0037,57.5596
422.2500,0.0000,26.2979,68.3914,73.7600,57.6374
422.3000,0.0000,26.2829,68.2435,73.5189,57.7143
422.3500,0.0000,26.2665,68.0888,73.2807,57.7901
422.4000,0.0000,26.2486,67.9276,73.0458,57.8646
422.4500,0.0000,26.2289,67.7603,72.8142,57.9376
422.5000,0.0000,26.2074,67.5871,72.5865,58.0088
422.5500,0.0000,26.1838,67.4085,72.3627,58.0781
422.6000,0.0000,26.1581,67.2252,72.1430,58.1453
422.6500,0.0000,26.1301,67.0380,71.9274,58.2105
422.7000,0.0000,26.0996,66.8477,71.7160,58.2736
422.7500,0.0000,26.0666,66.6550,71.5089,58.3345
422.8000,0.0000,26.0309,66.4607,71.3062,58.3929
422.8500,0.0000,25.9924,66.2653,71.1080,58.4489
422.9000,0.0000,25.9511,66.0695,70.9145,58.5021
422.9500,0.0000,25.9068,65.8738,70.7258,58.5523
423.0000,0.0000,25.8595,65.6788,70.5422,58.5993
423.0500,0.0000,25.8091,65.4849,70.3639,58.6428
423.1000,0.0000,25.7556,65.2926,70.1910,58.6823
423.1500,0.0000,25.6990,65.1023,70.0239,58.7176
423.2000,0.0000,25.6392,64.9143,69.8628,58.7483
423.2500,0.0000,25.5762,64.7289,69.7079,58.7738
423.3000,0.0000,25.5101,64.5463,69.5595,58.7939
423.3500,0.0000,25.4409,64.3668,69.4181,58.8080
423.4000,0.0000,25.3687,64.1904,69.2837,58.8155
423.4500,0.0000,25.2935,64.0174,69.1569,58.8160
423.5000,0.0000,25.2155,63.8477,69.0379,58.8088
423.5500,0.0000,25.1347,63.6815,68.9271,58.7935
423.6000,0.0000,25.0509,63.5191,68.8245,58.7699
423.6500,0.0000,24.9642,63.3611,68.7303,58.7380
423.7000,0.0000,24.8742,63.2080,68.6444,58.6978
423.7500,0.0000,24.7809,63.0602,68.5670,58.6492
423.8000,0.0000,24.6842,62.9183,68.4980,58.5922
423.8500,0.0000,24.5838,62.7826,68.4376,58.5269
423.9000,0.0000,24.4797,62.6535,68.3857,58.4532
423.9500,0.0000,24.3718,62.5314,68.3424,58.3711
424.0000,0.0000,24.2599,62.4168,68.3077,58.2807
424.0500,0.0000,24.1441,62.3097,68.2815,58.1822
424.1000,0.0000,24.0243,62.2102,68.2632,58.0763
424.1500,0.0000,23.9009,62.1179,68.2524,57.9638
424.2000,0.0000,23.7739,62.0326,68.2486,57.8455
424.2500,0.0000,23.6435,61.9541,68.2511,57.7223
424.3000,0.0000,23.5099,61.8822,68.2596,57.5948
424.3500,0.0000,23.3732,61.8166,68.2736,57.4638
424.4000,0.0000,23.2335,61.7572,68.2926,57.3299
424.4500,0.0000,23.0909,61.7037,68.3162,57.1939
424.5000,0.0000,22.9457,61.6559,68.3439,57.0562
424.5500,0.0000,22.7978,61.6135,68.3754,56.9176
424.6000,0.0000,22.6475,61.5763,68.4103,56.7785
424.6500,0.0000,22.4947,61.5441,68.4481,56.6395
424.7000,0.0000,22.3396,61.5166,68.4886,56.5011
424.7500,0.0000,22.1823,61.4936,68.5313,56.3639
424.8000,0.0000,22.0229,61.4747,68.5759,56.2282
424.8500,0.0000,21.8614,61.4597,68.6221,56.0946
424.9000,0.0000,21.6980,61.4482,68.6695,55.9635
424.9500,0.0000,21.5327,61.4398,68.7179,55.8353
425.0000,0.0000,21.3656,61.4343,68.7668,55.7104
425.0500,0.0000,21.1968,61.4314,68.8160,55.5892
425.1000,0.0000,21.0264,61.4310,68.8652,55.4717
425.1500,0.0000,20.8544,61.4334,68.9141,55.3580
425.2000,0.0000,20.6809,61.4388,68.9624,55.2482
425.2500,0.0000,20.5059,61.4473,69.0098,55.1421
425.3000,0.0000,20.3296,61.4592,69.0561,55.0398
425.3500,0.0000,20.1520,61.4746,69.1009,54.9412
425.4000,0.0000,19.9732,61.4938,69.1440,54.8460
425.4500,0.0000,19.7932,61.5168,69.1850,54.7543
425.5000,0.0000,19.6121,61.5440,69.2239,54.6658
425.5500,0.0000,19.4301,61.5754,69.2601,54.5805
425.6000,0.0000,19.2474,61.6112,69.2930,54.4987
425.6500,0.0000,19.0643,61.6517,69.3226,54.4211
425.7000,0.0000,18.8811,61.6969,69.3492,54.3480
425.7500,0.0000,18.6983,61.7469,69.3731,54.2798
425.8000,0.0000,18.5159,61.8020,69.3944,54.2168
425.8500,0.0000,18.3344,61.8622,69.4136,54.1591
425.9000,0.0000,18.1539,61.9276,69.4308,54.1070
425.9500,0.0000,17.9747,61.9983,69.4462,54.0603
426.0000,0.0000,17.7971,62.0743,69.4601,54.0192
426.0500,0.0000,17.6211,62.1557,69.4727,53.9834
426.1000,0.0000,17.4471,62.2425,69.4842,53.9529
426.1500,0.0000,17.2751,62.3346,69.4948,53.9273
426.2000,0.0000,17.1055,62.4320,69.5047,53.9063
426.2500,0.0000,16.9382,62.5347,69.5140,53.8894
426.3000,0.0000,16.7735,62.6426,69.5230,53.8763
426.3500,0.0000,16.6115,62.7554,69.5318,53.8664
426.4000,0.0000,16.4524,62.8731,69.5406,53.8589
426.4500,0.0000,16.2961,62.9954,69.5496,53.8533
426.5000,0.0000,16.1429,63.1222,69.5591,53.8487
426.5500,0.0000,15.9928,63.2531,69.5691,53.8445
426.6000,0.0000,15.8459,63.3884,69.5797,53.8405
426.6500,0.0000,15.7022,63.5283,69.5908,53.8365
426.7000,0.0000,15.5618,63.6731,69.6023,53.8326
426.7500,0.0000,15.4248,63.8231,69.6140,53.8287
426.8000,0.0000,15.2911,63.9784,69.6260,53.8246
426.8500,0.0000,15.1609,64.1393,69.6381,53.8202
426.9000,0.0000,15.0340,64.3059,69.6502,53.8154
426.9500,0.0000,14.9104,64.4785,69.6624,53.8101
427.0000,0.0000,14.7903,64.6571,69.6744,53.8039
427.0500,0.0000,14.6736,64.8421,69.6863,53.7970
427.1000,0.0000,14.5607,65.0335,69.6980,53.7895
427.1500,0.0000,14.4522,65.2313,69.7094,53.7817
427.2000,0.0000,14.3484,65.4358,69.7206,53.7740
427.2500,0.0000,14.2497,65.6469,69.7316,53.7665
427.3000,0.0000,14.1566,65.8647,69.7424,53.7595
427.3500,0.0000,14.0692,66.0892,69.7530,53.7530
427.4000,0.0000,13.9878,66.3205,69.7636,53.7473
427.4500,0.0000,13.9127,66.5584,69.7741,53.7423
427.5000,0.0000,13.8440,66.8029,69.7848,53.7381
427.5500,0.0000,13.7818,67.0539,69.7958,53.7347
427.6000,0.0000,13.7263,67.3113,69.8073,53.7321
427.6500,0.0000,13.6777,67.5749,69.8196,53.7302
427.7000,0.0000,13.6367,67.8445,69.8329,53.7288
427.7500,0.0000,13.6040,68.1199,69.8475,53.7279
427.8000,0.0000,13.5801,68.4008,69.8638,53.7272
427.8500,0.0000,13.5656,68.6869,69.8822,53.7265
427.9000,0.0000,13.5610,68.9778,69.9032,53.7257
427.9500,0.0000,13.5667,69.2732,69.9273,53.7245
428.0000,0.0000,13.5831,69.5726,69.9551,53.7225
428.0500,0.0000,13.6106,69.8757,69.9870,53.7194
428.1000,0.0000,13.6495,70.1823,70.0231,53.7153
428.1500,0.0000,13.7001,70.4926,70.0630,53.7099
428.2000,0.0000,13.7625,70.8066,70.1067,53.7032
428.2500,0.0000,13.8370,71.1244,70.1540,53.6952
428.3000,0.0000,13.9237,71.4459,70.2048,53.6856
428.3500,0.0000,14.0228,71.7712,70.2589,53.6745
428.4000,0.0000,14.1341,72.1001,70.3162,53.6616
428.4500,0.0000,14.2579,72.4328,70.3767,53.6469
428.5000,0.0000,14.3940,72.7691,70.4404,53.6302
428.5500,0.0000,14.5425,73.1090,70.5071,53.6114
428.6000,0.0000,14.7041,73.4525,70.5763,53.5905
428.6500,0.0000,14.8792,73.7993,70.6476,53.5678
428.7000,0.0000,15.0685,74.1494,70.7205,53.5432
428.7500,0.0000,15.2725,74.5026,70.7948,53.5168
428.8000,0.0000,15.4915,74.8588,70.8700,53.4886
428.8500,0.0000,15.7258,75.2178,70.9460,53.4586
428.9000,0.0000,15.9755,75.5793,71.0227,53.4269
428.9500,0.0000,16.2409,75.9433,71.0999,53.3933
429.0000,0.0000,16.5219,76.3093,71.1777,53.3579
429.0500,0.0000,16.8185,76.6771,71.2561,53.3204
429.1000,0.0000,17.1305,77.0465,71.3353,53.2809
429.1500,0.0000,17.4578,77.4171,71.4155,53.2391
429.2000,0.0000,17.8001,77.7885,71.4970,53.1950
429.2500,0.0000,18.1570,78.1604,71.5801,53.1482
429.3000,0.0000,18.5280,78.5323,71.6655,53.0988
429.3500,0.0000,18.9127,78.9038,71.7534,53.0463
429.4000,0.0000,19.3105,79.2745,71.8438,52.9906
429.4500,0.0000,19.7207,79.6439,71.9364,52.9314
429.5000,0.0000,20.1425,80.0114,72.0308,52.8684
429.5500,0.0000,20.5753,80.3766,72.1268,52.8013
429.6000,0.0000,21.0187,80.7393,72.2240,52.7300
429.6500,0.0000,21.4724,81.0997,72.3222,52.6545
429.7000,0.0000,21.9359,81.4576,72.4211,52.5747
429.7500,0.0000,22.4090,81.8132,72.5206,52.4904
429.8000,0.0000,22.8912,82.1664,72.6203,52.4017
429.8500,0.0000,23.3820,82.5172,72.7201,52.3084
429.9000,0.0000,23.8810,82.8657,72.8199,52.2105
429.9500,0.0000,24.3877,83.2118,72.9194,52.1077
430.0000,0.0000,24.9015,83.5557,73.0185,51.9999
430.0500,0.0000,25.4220,83.8973,73.1171,51.8872
430.1000,0.0000,25.9490,84.2368,73.2151,51.7701
430.1500,0.0000,26.4826,84.5740,73.3124,51.6492
430.2000,0.0000,27.0225,84.9091,73.4089,51.5250
430.2500,0.0000,27.5685,85.2421,73.5046,51.3981
430.3000,0.0000,28.1205,85.5731,73.5995,51.2688
430.3500,0.0000,28.6781,85.9021,73.6935,51.1375
430.4000,0.0000,29.2411,86.2292,73.7868,51.0046
430.4500,0.0000,29.8090,86.5544,73.8792,50.8702
430.5000,0.0000,30.3814,86.8779,73.9710,50.7344
430.5500,0.0000,30.9579,87.1997,74.0622,50.5976
430.6000,0.0000,31.5379,87.5198,74.1528,50.4595
430.6500,0.0000,32.1210,87.8384,74.2431,50.3203
430.7000,0.0000,32.7065,88.1556,74.3332,50.1799
430.7500,0.0000,33.2939,88.4714,74.4234,50.0380
430.8000,0.0000,33.8824,88.7860,74.5137,49.8946
430.8500,0.0000,34.4714,89.0995,74.6045,49.7493
430.9000,0.0000,35.0603,89.4119,74.6961,49.6017
430.9500,0.0000,35.6481,89.7236,74.7888,49.4516
431.0000,0.0000,36.2343,90.0344,74.8829,49.2983
431.0500,0.0000,36.8180,90.3447,74.9787,49.1415
431.1000,0.0000,37.3986,90.6542,75.0762,48.9813
431.1500,0.0000,37.9757,90.9628,75.1751,48.8180
431.2000,0.0000,38.5487,91.2703,75.2752,48.6519
431.2500,0.0000,39.1169,91.5766,75.3764,48.4831
431.3000,0.0000,39.6800,91.8815,75.4786,48.3120
431.3500,0.0000,40.2372,92.1847,75.5815,48.1386
431.4000,0.0000,40.7882,92.4861,75.6849,47.9632
431.4500,0.0000,41.3322,92.7855,75.7887,47.7859
431.5000,0.0000,41.8689,93.0825,75.8928,47.6070
431.5500,0.0000,42.3975,93.3771,75.9968,47.4265
431.6000,0.0000,42.9180,93.6689,76.0998,47.2449
431.6500,0.0000,43.4299,93.9576,76.2010,47.0626
431.7000,0.0000,43.9331,94.2430,76.2994,46.8798
431.7500,0.0000,44.4271,94.5249,76.3943,46.6969
431.8000,0.0000,44.9118,94.8028,76.4847,46.5142
431.8500,0.0000,45.3867,95.0765,76.5701,46.3319
431.9000,0.0000,45.8517,95.3457,76.6497,46.1503
431.9500,0.0000,46.3063,95.6100,76.7229,45.9695
432.0000,0.0000,46.7503,95.8691,76.7891,45.7897
432.0500,0.0000,47.1834,96.1226,76.8479,45.6110
432.1000,0.0000,47.6053,96.3701,76.8987,45.4335
432.1500,0.0000,48.0156,96.6113,76.9412,45.2574
432.2000,0.0000,48.4141,96.8457,76.9750,45.0827
432.2500,0.0000,48.8004,97.0729,76.9997,44.9101
432.3000,0.0000,49.1743,97.2926,77.0151,44.7400
432.3500,0.0000,49.5354,97.5041,77.0210,44.5729
432.4000,0.0000,49.8836,97.7072,77.0173,44.4092
432.4500,0.0000,50.2185,97.9013,77.0038,44.2492
432.5000,0.0000,50.5399,98.0859,76.9804,44.0932
432.5500,0.0000,50.8475,98.2606,76.9471,43.9416
432.6000,0.0000,51.1410,98.4254,76.9037,43.7948
432.6500,0.0000,51.4204,98.5805,76.8500,43.6533
432.7000,0.0000,51.6853,98.7258,76.7858,43.5175
432.7500,0.0000,51.9355,98.8615,76.7109,43.3879
432.8000,0.0000,52.1710,98.9879,76.6252,43.2648
432.8500,0.0000,52.3914,99.1050,76.5286,43.1487
432.9000,0.0000,52.5966,99.2132,76.4210,43.0397
432.9500,0.0000,52.7866,99.3125,76.3024,42.9383
433.0000,0.0000,52.9611,99.4033,76.1729,42.8447
433.0500,0.0000,53.1202,99.4859,76.0325,42.7592
433.1000,0.0000,53.2643,99.5605,75.8811,42.6828
433.1500,0.0000,53.3937,99.6275,75.7190,42.6163
433.2000,0.0000,53.5090,99.6873,75.5463,42.5606
433.2500,0.0000,53.6104,99.7402,75.3632,42.5165
433.3000,0.0000,53.6986,99.7867,75.1697,42.4847
433.3500,0.0000,53.7738,99.8272,74.9663,42.4657
433.4000,0.0000,53.8364,99.8622,74.7531,42.4601
433.4500,0.0000,53.8868,99.8922,74.5305,42.4683
433.5000,0.0000,53.9254,99.9177,74.2988,42.4906
433.5500,0.0000,53.9525,99.9389,74.0583,42.5273
433.6000,0.0000,53.9685,99.9559,73.8096,42.5786
433.6500,0.0000,53.9736,99.9690,73.5530,42.6444
433.7000,0.0000,53.9683,99.9783,73.2890,42.7249
433.7500,0.0000,53.9529,99.9842,73.0182,42.8199
433.8000,0.0000,53.9276,99.9868,72.7411,42.9293
433.8500,0.0000,53.8928,99.9866,72.4583,43.0527
433.9000,0.0000,53.8488,99.9838,72.1704,43.1898
433.9500,0.0000,53.7959,99.9788,71.8782,43.3402
434.0000,0.0000,53.7344,99.9721,71.5823,43.5033
434.0500,0.0000,53.6646,99.9641,71.2834,43.6786
434.1000,0.0000,53.5870,99.9547,70.9818,43.8662
434.1500,0.0000,53.5018,99.9439,70.6778,44.0661
434.2000,0.0000,53.4091,99.9316,70.3716,44.2785
434.2500,0.0000,53.3087,99.9176,70.0633,44.5034
434.3000,0.0000,53.2008,99.9020,69.7533,44.7409
434.3500,0.0000,53.0854,99.8847,69.4419,44.9908
434.4000,0.0000,52.9625,99.8655,69.1291,45.2532
434.4500,0.0000,52.8321,99.8444,68.8155,45.5278
434.5000,0.0000,52.6943,99.8214,68.5011,45.8146
434.5500,0.0000,52.5491,99.7965,68.1864,46.1135
434.6000,0.0000,52.3972,99.7698,67.8716,46.4246
434.6500,0.0000,52.2389,99.7415,67.5570,46.7483
434.7000,0.0000,52.0749,99.7118,67.2430,47.0848
434.7500,0.0000,51.9057,99.6810,66.9299,47.4341
434.8000,0.0000,51.7316,99.6492,66.6180,47.7963
434.8500,0.0000,51.5532,99.6165,66.3077,48.1713
434.9000,0.0000,51.3708,99.5832,65.9993,48.5591
434.9500,0.0000,51.1847,99.5493,65.6934,48.9594
435.0000,0.0000,50.9954,99.5150,65.3901,49.3721
435.0500,0.0000,50.8030,99.4804,65.0901,49.7968
435.1000,0.0000,50.6080,99.4455,64.7936,50.2332
435.1500,0.0000,50.4105,99.4106,64.5011,50.6807
435.2000,0.0000,50.2107,99.3757,64.2132,51.1388
435.2500,0.0000,50.0088,99.3408,63.9302,51.6070
435.3000,0.0000,49.8049,99.3061,63.6526,52.0845
435.3500,0.0000,49.5993,99.2716,63.3811,52.5707
435.4000,0.0000,49.3918,99.2373,63.1160,53.0647
435.4500,0.0000,49.1827,99.2034,62.8580,53.5656
435.5000,0.0000,48.9720,99.1698,62.6076,54.0725
435.5500,0.0000,48.7596,99.1365,62.3654,54.5845
435.6000,0.0000,48.5458,99.1036,62.1314,55.1011
435.6500,0.0000,48.3308,99.0712,61.9056,55.6223
435.7000,0.0000,48.1148,99.0391,61.6881,56.1477
435.7500,0.0000,47.8981,99.0075,61.4789,56.6770
435.8000,0.0000,47.6808,98.9763,61.2779,57.2100
435.8500,0.0000,47.4631,98.9455,61.0850,57.7463
435.9000,0.0000,47.2451,98.9151,60.9003,58.2856
435.9500,0.0000,47.0271,98.8852,60.7238,58.8275
436.0000,0.0000,46.8091,98.8555,60.5552,59.3717
436.0500,0.0000,46.5912,98.8262,60.3944,59.9178
436.1000,0.0000,46.3735,98.7972,60.2407,60.4660
436.1500,0.0000,46.1561,98.7685,60.0932,61.0162
436.2000,0.0000,45.9390,98.7400,59.9509,61.5686
436.2500,0.0000,45.7222,98.7117,59.8131,62.1232
436.3000,0.0000,45.5058,98.6835,59.6791,62.6799
436.3500,0.0000,45.2897,98.6554,59.5481,63.2385
436.4000,0.0000,45.0739,98.6274,59.4194,63.7990
436.4500,0.0000,44.8583,98.5993,59.2924,64.3611
436.5000,0.0000,44.6428,98.5712,59.1664,64.9247
436.5500,0.0000,44.4273,98.5430,59.0409,65.4893
436.6000,0.0000,44.2116,98.5145,58.9152,66.0547
436.6500,0.0000,43.9957,98.4858,58.7890,66.6206
436.7000,0.0000,43.7792,98.4568,58.6616,67.1864
436.7500,0.0000,43.5619,98.4275,58.5327,67.7517
436.8000,0.0000,43.3436,98.3977,58.4018,68.3160
436.8500,0.0000,43.1240,98.3673,58.2685,68.8787
436.9000,0.0000,42.9027,98.3364,58.1325,69.4393
436.9500,0.0000,42.6793,98.3049,57.9934,69.9970
437.0000,0.0000,42.4536,98.2726,57.8509,70.5512
437.0500,0.0000,42.2250,98.2396,57.7047,71.1013
437.1000,0.0000,41.9936,98.2057,57.5546,71.6470
437.1500,0.0000,41.7595,98.1708,57.4005,72.1880
437.2000,0.0000,41.5228,98.1350,57.2419,72.7242
437.2500,0.0000,41.2836,98.0982,57.0790,73.2554
437.3000,0.0000,41.0420,98.0602,56.9114,73.7812
437.3500,0.0000,40.7979,98.0210,56.7390,74.3016
437.4000,0.0000,40.5515,97.9806,56.5619,74.8163
437.4500,0.0000,40.3027,97.9388,56.3799,75.3250
437.5000,0.0000,40.0517,97.8957,56.1931,75.8274
437.5500,0.0000,39.7984,97.8512,56.0013,76.3234
437.6000,0.0000,39.5428,97.8057,55.8041,76.8123
437.6500,0.0000,39.2849,97.7598,55.6010,77.2937
437.7000,0.0000,39.0246,97.7139,55.3916,77.7670
437.7500,0.0000,38.7618,97.6683,55.1756,78.2317
437.8000,0.0000,38.4966,97.6234,54.9527,78.6874
437.8500,0.0000,38.2287,97.5796,54.7227,79.1334
437.9000,0.0000,37.9580,97.5372,54.4853,79.5695
437.9500,0.0000,37.6844,97.4965,54.2405,79.9950
438.0000,0.0000,37.4077,97.4578,53.9882,80.4095
438.0500,0.0000,37.1277,97.4212,53.7284,80.8126
438.1000,0.0000,36.8441,97.3871,53.4611,81.2038
438.1500,0.0000,36.5567,97.3556,53.1865,81.5826
438.2000,0.0000,36.2651,97.3269,52.9047,81.9486
438.2500,0.0000,35.9690,97.3012,52.6160,82.3014
438.3000,0.0000,35.6680,97.2785,52.3206,82.6405
438.3500,0.0000,35.3618,97.2591,52.0188,82.9655
438.4000,0.0000,35.0497,97.2429,51.7110,83.2759
438.4500,0.0000,34.7314,97.2301,51.3977,83.5714
438.5000,0.0000,34.4063,97.2207,51.0793,83.8514
438.5500,0.0000,34.0739,97.2148,50.7563,84.1156
438.6000,0.0000,33.7344,97.2123,50.4287,84.3638
438.6500,0.0000,33.3879,97.2134,50.0967,84.5959
438.7000,0.0000,33.0348,97.2179,49.7602,84.8116
438.7500,0.0000,32.6753,97.2259,49.4193,85.0110
438.8000,0.0000,32.3096,97.2374,49.0740,85.1939
438.8500,0.0000,31.9380,97.2522,48.7245,85.3601
438.9000,0.0000,31.5608,97.2704,48.3708,85.5097
438.9500,0.0000,31.1781,97.2919,48.0131,85.6425
439.0000,0.0000,30.7903,97.3166,47.6515,85.7585
439.0500,0.0000,30.3976,97.3444,47.2860,85.8576
439.1000,0.0000,30.0005,97.3752,46.9164,85.9400
439.1500,0.0000,29.5995,97.4090,46.5422,86.0059
439.2000,0.0000,29.1950,97.4455,46.1632,86.0554
439.2500,0.0000,28.7874,97.4847,45.7791,86.0887
439.3000,0.0000,28.3773,97.5265,45.3897,86.1060
439.3500,0.0000,27.9649,97.5707,44.9947,86.1074
439.4000,0.0000,27.5507,97.6172,44.5941,86.0930
439.4500,0.0000,27.1349,97.6658,44.1877,86.0629
439.5000,0.0000,26.7179,97.7164,43.7754,86.0171
439.5500,0.0000,26.2999,97.7688,43.3573,85.9556
439.6000,0.0000,25.8812,97.8229,42.9333,85.8785
439.6500,0.0000,25.4619,97.8785,42.5035,85.7858
439.7000,0.0000,25.0424,97.9355,42.0679,85.6774
439.7500,0.0000,24.6226,97.9936,41.6267,85.5533
439.8000,0.0000,24.2027,98.0528,41.1799,85.4133
439.8500,0.0000,23.7828,98.1128,40.7278,85.2574
439.9000,0.0000,23.3629,98.1734,40.2705,85.0853
439.9500,0.0000,22.9430,98.2346,39.8083,84.8968
440.0000,0.0000,22.5230,98.2960,39.3415,84.6917
440.0500,0.0000,22.1030,98.3576,38.8703,84.4699
440.1000,0.0000,21.6833,98.4192,38.3950,84.2319
440.1500,0.0000,21.2644,98.4806,37.9161,83.9781
440.2000,0.0000,20.8468,98.5416,37.4338,83.7092
440.2500,0.0000,20.4307,98.6021,36.9486,83.4258
440.3000,0.0000,20.0168,98.6618,36.4609,83.1285
440.3500,0.0000,19.6054,98.7207,35.9712,82.8180
440.4000,0.0000,19.1968,98.7785,35.4800,82.4948
440.4500,0.0000,18.7916,98.8351,34.9877,82.1597
440.5000,0.0000,18.3900,98.8903,34.4950,81.8131
440.5500,0.0000,17.9926,98.9440,34.0022,81.4560
440.6000,0.0000,17.5998,98.9959,33.5095,81.0891
440.6500,0.0000,17.2122,99.0461,33.0170,80.7134
440.7000,0.0000,16.8305,99.0942,32.5248,80.3297
440.7500,0.0000,16.4552,99.1402,32.0332,79.9391
440.8000,0.0000,16.0868,99.1840,31.5424,79.5423
440.8500,0.0000,15.7257,99.2252,31.0527,79.1402
440.9000,0.0000,15.3724,99.2640,30.5646,78.7338
440.9500,0.0000,15.0273,99.3000,30.0784,78.3238
441.0000,0.0000,14.6908,99.3333,29.5947,77.9111
441.0500,0.0000,14.3632,99.3636,29.1139,77.4964
441.1000,0.0000,14.0448,99.3908,28.6368,77.0806
441.1500,0.0000,13.7358,99.4149,28.1638,76.6645
441.2000,0.0000,13.4365,99.4357,27.6958,76.2488
441.2500,0.0000,13.1471,99.4531,27.2335,75.8342
441.3000,0.0000,12.8677,99.4670,26.7777,75.4214
441.3500,0.0000,12.5985,99.4774,26.3293,75.0112
441.4000,0.0000,12.3395,99.4840,25.8891,74.6042
441.4500,0.0000,12.0907,99.4870,25.4582,74.2010
441.5000,0.0000,11.8521,99.4861,25.0376,73.8023
441.5500,0.0000,11.6238,99.4812,24.6282,73.4087
441.6000,0.0000,11.4059,99.4724,24.2304,73.0210
441.6500,0.0000,11.1986,99.4596,23.8443,72.6401
441.7000,0.0000,11.0020,99.4426,23.4704,72.2667
441.7500,0.0000,10.8162,99.4215,23.1087,71.9009
441.8000,0.0000,10.6413,99.3961,22.7596,71.5427
441.8500,0.0000,10.4775,99.3664,22.4232,71.1922
441.9000,0.0000,10.3247,99.3325,22.0997,70.8491
441.9500,0.0000,10.1830,99.2941,21.7894,70.5135
442.0000,0.0000,10.0523,99.2514,21.4925,70.1853
442.0500,0.0000,9.9326,99.2042,21.2089,69.8643
442.1000,0.0000,9.8238,99.1525,20.9378,69.5504
442.1500,0.0000,9.7258,99.0963,20.6780,69.2435
442.2000,0.0000,9.6384,99.0356,20.4287,68.9434
442.2500,0.0000,9.5615,98.9704,20.1890,68.6499
442.3000,0.0000,9.4948,98.9006,19.9584,68.3627
442.3500,0.0000,9.4382,98.8262,19.7362,68.0816
442.4000,0.0000,9.3912,98.7472,19.5220,67.8064
442.4500,0.0000,9.3536,98.6635,19.3154,67.5366
442.5000,0.0000,9.3251,98.5753,19.1162,67.2721
442.5500,0.0000,9.3051,98.4824,18.9241,67.0122
442.6000,0.0000,9.2934,98.3848,18.7391,66.7568
442.6500,0.0000,9.2893,98.2826,18.5610,66.5052
442.7000,0.0000,9.2925,98.1757,18.3899,66.2570
442.7500,0.0000,9.3022,98.0642,18.2259,66.0117
442.8000,0.0000,9.3180,97.9480,18.0690,65.7686
442.8500,0.0000,9.3394,97.8275,17.9194,65.5272
442.9000,0.0000,9.3658,97.7038,17.7774,65.2868
442.9500,0.0000,9.3967,97.5780,17.6431,65.0466
443.0000,0.0000,9.4315,97.4510,17.5168,64.8059
443.0500,0.0000,9.4696,97.3240,17.3988,64.5641
443.1000,0.0000,9.5108,97.1976,17.2894,64.3208
443.1500,0.0000,9.5551,97.0728,17.1889,64.0763
443.2000,0.0000,9.6023,96.9504,17.0977,63.8304
443.2500,0.0000,9.6523,96.8310,17.0161,63.5832
443.3000,0.0000,9.7051,96.7154,16.9445,63.3346
443.3500,0.0000,9.7609,96.6041,16.8831,63.0847
443.4000,0.0000,9.8196,96.4977,16.8324,62.8335
443.4500,0.0000,9.8811,96.3968,16.7927,62.5808
443.5000,0.0000,9.9456,96.3017,16.7642,62.3266
443.5500,0.0000,10.0130,96.2129,16.7472,62.0709
443.6000,0.0000,10.0828,96.1307,16.7413,61.8137
443.6500,0.0000,10.1549,96.0555,16.7460,61.5548
443.7000,0.0000,10.2287,95.9875,16.7607,61.2941
443.7500,0.0000,10.3041,95.9269,16.7851,61.0316
443.8000,0.0000,10.3806,95.8739,16.8187,60.7671
443.8500,0.0000,10.4579,95.8286,16.8610,60.5005
443.9000,0.0000,10.5356,95.7911,16.9117,60.2317
443.9500,0.0000,10.6134,95.7615,16.9704,59.9604
444.0000,0.0000,10.6907,95.7396,17.0367,59.6864
444.0500,0.0000,10.7673,95.7256,17.1103,59.4096
444.1000,0.0000,10.8427,95.7193,17.1907,59.1297
444.1500,0.0000,10.9165,95.7205,17.2777,58.8464
444.2000,0.0000,10.9882,95.7291,17.3708,58.5595
444.2500,0.0000,11.0574,95.7449,17.4697,58.2686
444.3000,0.0000,11.1237,95.7676,17.5741,57.9734
444.3500,0.0000,11.1865,95.7971,17.6835,57.6736
444.4000,0.0000,11.2453,95.8328,17.7977,57.3687
444.4500,0.0000,11.2996,95.8746,17.9162,57.0583
444.5000,0.0000,11.3489,95.9219,18.0387,56.7419
444.5500,0.0000,11.3927,95.9745,18.1649,56.4192
444.6000,0.0000,11.4309,96.0320,18.2943,56.0901
444.6500,0.0000,11.4635,96.0944,18.4266,55.7547
444.7000,0.0000,11.4906,96.1615,18.5617,55.4130
444.7500,0.0000,11.5121,96.2330,18.6993,55.0651
444.8000,0.0000,11.5282,96.3087,18.8392,54.7111
444.8500,0.0000,11.5390,96.3884,18.9811,54.3509
444.9000,0.0000,11.5444,96.4718,19.1249,53.9847
444.9500,0.0000,11.5445,96.5588,19.2702,53.6124
445.0000,0.0000,11.5396,96.6489,19.4168,53.2342
445.0500,0.0000,11.5296,96.7421,19.5645,52.8502
445.1000,0.0000,11.5147,96.8379,19.7130,52.4612
445.1500,0.0000,11.4950,96.9362,19.8618,52.0680
445.2000,0.0000,11.4707,97.0366,20.0108,51.6714
445.2500,0.0000,11.4418,97.1389,20.1594,51.2720
445.3000,0.0000,11.4086,97.2427,20.3075,50.8702
445.3500,0.0000,11.3712,97.3478,20.4548,50.4664
445.4000,0.0000,11.3298,97.4539,20.6010,50.0609
445.4500,0.0000,11.2845,97.5607,20.7460,49.6538
445.5000,0.0000,11.2356,97.6678,20.8895,49.2453
445.5500,0.0000,11.1832,97.7751,21.0313,48.8353
445.6000,0.0000,11.1275,97.8822,21.1715,48.4237
445.6500,0.0000,11.0687,97.9889,21.3100,48.0104
445.7000,0.0000,11.0071,98.0948,21.4466,47.5951
445.7500,0.0000,10.9428,98.1997,21.5815,47.1775
445.8000,0.0000,10.8761,98.3033,21.7147,46.7572
445.8500,0.0000,10.8072,98.4054,21.8465,46.3338
445.9000,0.0000,10.7363,98.5058,21.9770,45.9068
445.9500,0.0000,10.6637,98.6041,22.1065,45.4755
446.0000,0.0000,10.5896,98.7001,22.2353,45.0395
446.0500,0.0000,10.5143,98.7937,22.3639,44.5981
446.1000,0.0000,10.4379,98.8846,22.4918,44.1512
446.1500,0.0000,10.3608,98.9727,22.6189,43.6986
446.2000,0.0000,10.2832,99.0576,22.7449,43.2401
446.2500,0.0000,10.2054,99.1394,22.8695,42.7757
446.3000,0.0000,10.1275,99.2177,22.9925,42.3053
446.3500,0.0000,10.0500,99.2925,23.1138,41.8288
446.4000,0.0000,9.9730,99.3636,23.2333,41.3459
446.4500,0.0000,9.8967,99.4310,23.3511,40.8567
446.5000,0.0000,9.8216,99.4945,23.4673,40.3611
446.5500,0.0000,9.7477,99.5541,23.5818,39.8591
446.6000,0.0000,9.6754,99.6097,23.6945,39.3505
446.6500,0.0000,9.6049,99.6613,23.8053,38.8354
446.7000,0.0000,9.5365,99.7089,23.9140,38.3138
446.7500,0.0000,9.4705,99.7524,24.0207,37.7857
446.8000,0.0000,9.4071,99.7920,24.1256,37.2513
446.8500,0.0000,9.3465,99.8276,24.2292,36.7106
446.9000,0.0000,9.2890,99.8593,24.3320,36.1638
446.9500,0.0000,9.2349,99.8873,24.4346,35.6110
447.0000,0.0000,9.1843,99.9116,24.5379,35.0525
447.0500,0.0000,9.1376,99.9324,24.6427,34.4884
447.1000,0.0000,9.0949,99.9499,24.7493,33.9192
447.1500,0.0000,9.0565,99.9642,24.8576,33.3452
447.2000,0.0000,9.0226,99.9757,24.9678,32.7666
447.2500,0.0000,8.9934,99.9845,25.0799,32.1839
447.3000,0.0000,8.9691,99.9910,25.1943,31.5976
447.3500,0.0000,8.9499,99.9954,25.3109,31.0082
447.4000,0.0000,8.9361,99.9982,25.4303,30.4162
447.4500,0.0000,8.9278,99.9995,25.5525,29.8222
447.5000,0.0000,8.9251,100.0000,25.6782,29.2269
447.5500,0.0000,8.9283,100.0000,25.8074,28.6308
447.6000,0.0000,8.9375,99.9999,25.9402,28.0344
447.6500,0.0000,8.9528,99.9996,26.0766,27.4382
447.7000,0.0000,8.9744,99.9989,26.2163,26.8426
447.7500,0.0000,9.0025,99.9976,26.3593,26.2481
447.8000,0.0000,9.0370,99.9957,26.5055,25.6554
447.8500,0.0000,9.0782,99.9930,26.6550,25.0647
447.9000,0.0000,9.1262,99.9893,26.8075,24.4769
447.9500,0.0000,9.1809,99.9845,26.9632,23.8923
448.0000,0.0000,9.2425,99.9785,27.1219,23.3116
448.0500,0.0000,9.3109,99.9712,27.2837,22.7354
448.1000,0.0000,9.3860,99.9627,27.4480,22.1644
448.1500,0.0000,9.4676,99.9532,27.6144,21.5990
448.2000,0.0000,9.5553,99.9427,27.7825,21.0401
448.2500,0.0000,9.6490,99.9314,27.9519,20.4881
448.3000,0.0000,9.7483,99.9195,28.1222,19.9437
448.3500,0.0000,9.8532,99.9069,28.2932,19.4076
448.4000,0.0000,9.9632,99.8938,28.4647,18.8804
448.4500,0.0000,10.0781,99.8803,28.6363,18.3627
448.5000,0.0000,10.1978,99.8664,28.8081,17.8551
448.5500,0.0000,10.3219,99.8521,28.9799,17.3582
448.6000,0.0000,10.4501,99.8375,29.1517,16.8727
448.6500,0.0000,10.5822,99.8226,29.3235,16.3990
448.7000,0.0000,10.7179,99.8075,29.4954,15.9376
448.7500,0.0000,10.8568,99.7921,29.6674,15.4892
448.8000,0.0000,10.9987,99.7765,29.8398,15.0541
448.8500,0.0000,11.1433,99.7606,30.0128,14.6329
448.9000,0.0000,11.2902,99.7445,30.1865,14.2258
448.9500,0.0000,11.4391,99.7281,30.3614,13.8332
449.0000,0.0000,11.5895,99.7113,30.5378,13.4555
449.0500,0.0000,11.7412,99.6942,30.7161,13.0929
449.1000,0.0000,11.8941,99.6767,30.8961,12.7459
449.1500,0.0000,12.0480,99.6588,31.0778,12.4148
449.2000,0.0000,12.2028,99.6403,31.2612,12.1001
449.2500,0.0000,12.3584,99.6213,31.4461,11.8020
449.3000,0.0000,12.5147,99.6016,31.6324,11.5208
449.3500,0.0000,12.6716,99.5812,31.8203,11.2567
449.4000,0.0000,12.8291,99.5601,32.0095,11.0098
449.4500,0.0000,12.9869,99.5381,32.2002,10.7801
449.5000,0.0000,13.1451,99.5151,32.3924,10.5676
449.5500,0.0000,13.3033,99.4912,32.5860,10.3723
449.6000,0.0000,13.4616,99.4664,32.7809,10.1946
449.6500,0.0000,13.6198,99.4409,32.9769,10.0349
449.7000,0.0000,13.7778,99.4148,33.1738,9.8935
449.7500,0.0000,13.9354,99.3884,33.3716,9.7706
449.8000,0.0000,14.0925,99.3616,33.5701,9.6661
449.8500,0.0000,14.2490,99.3347,33.7692,9.5797
449.9000,0.0000,14.4046,99.3075,33.9690,9.5111
449.9500,0.0000,14.5591,99.2803,34.1695,9.4597
450.0000,0.0000,14.7125,99.2531,34.3708,9.4246
450.0500,0.0000,14.8646,99.2259,34.5728,9.4051
450.1000,0.0000,15.0150,99.1986,34.7759,9.4011
450.1500,0.0000,15.1637,99.1714,34.9800,9.4125
450.2000,0.0000,15.3104,99.1441,35.1854,9.4392
450.2500,0.0000,15.4549,99.1168,35.3924,9.4810
450.3000,0.0000,15.5969,99.0894,35.6013,9.5378
450.3500,0.0000,15.7362,99.0619,35.8122,9.6093
450.4000,0.0000,15.8725,99.0342,36.0256,9.6951
450.4500,0.0000,16.0056,99.0062,36.2419,9.7947
450.5000,0.0000,16.1351,98.9779,36.4614,9.9078
450.5500,0.0000,16.2609,98.9492,36.6846,10.0338
450.6000,0.0000,16.3828,98.9199,36.9114,10.1724
450.6500,0.0000,16.5008,98.8900,37.1418,10.3233
450.7000,0.0000,16.6150,98.8594,37.3757,10.4861
450.7500,0.0000,16.7252,98.8279,37.6129,10.6604
450.8000,0.0000,16.8316,98.7953,37.8536,10.8456
450.8500,0.0000,16.9340,98.7617,38.0975,11.0414
450.9000,0.0000,17.0326,98.7268,38.3446,11.2472
450.9500,0.0000,17.1273,98.6905,38.5950,11.4632
451.0000,0.0000,17.2181,98.6526,38.8485,11.6895
451.0500,0.0000,17.3051,98.6131,39.1051,11.9265
451.1000,0.0000,17.3882,98.5723,39.3647,12.1744
451.1500,0.0000,17.4675,98.5305,39.6275,12.4333
451.2000,0.0000,17.5430,98.4881,39.8932,12.7034
451.2500,0.0000,17.6148,98.4454,40.1621,12.9848
451.3000,0.0000,17.6829,98.4026,40.4340,13.2776
451.3500,0.0000,17.7473,98.3600,40.7089,13.5819
451.4000,0.0000,17.8081,98.3177,40.9869,13.8976
451.4500,0.0000,17.8653,98.2760,41.2681,14.2248
451.5000,0.0000,17.9190,98.2350,41.5524,14.5634
451.5500,0.0000,17.9693,98.1948,41.8400,14.9134
451.6000,0.0000,18.0162,98.1554,42.1308,15.2747
451.6500,0.0000,18.0598,98.1170,42.4250,15.6472
451.7000,0.0000,18.1002,98.0796,42.7227,16.0308
451.7500,0.0000,18.1375,98.0432,43.0239,16.4252
451.8000,0.0000,18.1717,98.0078,43.3289,16.8304
451.8500,0.0000,18.2030,97.9733,43.6377,17.2461
451.9000,0.0000,18.2315,97.9398,43.9505,17.6720
451.9500,0.0000,18.2573,97.9072,44.2674,18.1081
452.0000,0.0000,18.2805,97.8753,44.5888,18.5540
452.0500,0.0000,18.3012,97.8441,44.9147,19.0095
452.1000,0.0000,18.3197,97.8135,45.2451,19.4742
452.1500,0.0000,18.3360,97.7834,45.5800,19.9479
452.2000,0.0000,18.3503,97.7535,45.9193,20.4303
452.2500,0.0000,18.3627,97.7238,46.2630,20.9210
452.3000,0.0000,18.3735,97.6941,46.6110,21.4197
452.3500,0.0000,18.3829,97.6643,46.9634,21.9260
452.4000,0.0000,18.3909,97.6340,47.3201,22.4396
452.4500,0.0000,18.3979,97.6032,47.6811,22.9602
452.5000,0.0000,18.4040,97.5716,48.0464,23.4873
452.5500,0.0000,18.4096,97.5391,48.4158,24.0206
452.6000,0.0000,18.4154,97.5057,48.7888,24.5596
452.6500,0.0000,18.4221,97.4714,49.1645,25.1040
452.7000,0.0000,18.4305,97.4362,49.5424,25.6533
452.7500,0.0000,18.4414,97.4002,49.9217,26.2073
452.8000,0.0000,18.4554,97.3633,50.3019,26.7653
452.8500,0.0000,18.4732,97.3254,50.6825,27.3271
452.9000,0.0000,18.4953,97.2866,51.0632,27.8922
452.9500,0.0000,18.5220,97.2467,51.4435,28.4601
453.0000,0.0000,18.5535,97.2057,51.8231,29.0306
453.0500,0.0000,18.5903,97.1634,52.2019,29.6030
453.1000,0.0000,18.6325,97.1198,52.5797,30.1771
453.1500,0.0000,18.6805,97.0746,52.9563,30.7524
453.2000,0.0000,18.7344,97.0279,53.3317,31.3284
453.2500,0.0000,18.7946,96.9794,53.7060,31.9049
453.3000,0.0000,18.8612,96.9289,54.0792,32.4812
453.3500,0.0000,18.9346,96.8764,54.4516,33.0571
453.4000,0.0000,19.0149,96.8216,54.8233,33.6322
453.4500,0.0000,19.1024,96.7644,55.1947,34.2060
453.5000,0.0000,19.1973,96.7045,55.5661,34.7781
453.5500,0.0000,19.2997,96.6418,55.9378,35.3481
453.6000,0.0000,19.4097,96.5762,56.3097,35.9158
453.6500,0.0000,19.5271,96.5073,56.6812,36.4806
453.7000,0.0000,19.6518,96.4350,57.0521,37.0422
453.7500,0.0000,19.7837,96.3592,57.4221,37.6004
453.8000,0.0000,19.9226,96.2795,57.7908,38.1546
453.8500,0.0000,20.0684,96.1959,58.1580,38.7046
453.9000,0.0000,20.2209,96.1081,58.5233,39.2501
453.9500,0.0000,20.3799,96.0159,58.8865,39.7907
454.0000,0.0000,20.5453,95.9191,59.2474,40.3261
454.0500,0.0000,20.7167,95.8177,59.6057,40.8562
454.1000,0.0000,20.8943,95.7121,59.9612,41.3814
454.1500,0.0000,21.0781,95.6031,60.3137,41.9022
454.2000,0.0000,21.2680,95.4910,60.6629,42.4190
454.2500,0.0000,21.4640,95.3765,61.0089,42.9324
454.3000,0.0000,21.6661,95.2600,61.3512,43.4427
454.3500,0.0000,21.8742,95.1420,61.6899,43.9503
454.4000,0.0000,22.0881,95.0228,62.0248,44.4556
454.4500,0.0000,22.3078,94.9028,62.3558,44.9589
454.5000,0.0000,22.5331,94.7823,62.6827,45.4605
454.5500,0.0000,22.7639,94.6616,63.0055,45.9607
454.6000,0.0000,22.9999,94.5410,63.3242,46.4597
454.6500,0.0000,23.2409,94.4207,63.6386,46.9577
454.7000,0.0000,23.4867,94.3009,63.9487,47.4550
454.7500,0.0000,23.7371,94.1817,64.2544,47.9517
454.8000,0.0000,23.9919,94.0633,64.5559,48.4481
454.8500,0.0000,24.2506,93.9459,64.8530,48.9442
454.9000,0.0000,24.5132,93.8294,65.1459,49.4403
454.9500,0.0000,24.7792,93.7141,65.4345,49.9364
455.0000,0.0000,25.0484,93.5999,65.7189,50.4327
455.0500,0.0000,25.3204,93.4869,65.9992,50.9292
455.1000,0.0000,25.5949,93.3751,66.2753,51.4259
455.1500,0.0000,25.8716,93.2645,66.5471,51.9229
455.2000,0.0000,26.1502,93.1551,66.8148,52.4199
455.2500,0.0000,26.4302,93.0468,67.0782,52.9169
455.3000,0.0000,26.7113,92.9396,67.3373,53.4137
455.3500,0.0000,26.9931,92.8335,67.5922,53.9104
455.4000,0.0000,27.2753,92.7283,67.8428,54.4066
455.4500,0.0000,27.5575,92.6241,68.0892,54.9024
455.5000,0.0000,27.8393,92.5206,68.3314,55.3974
455.5500,0.0000,28.1204,92.4180,68.5694,55.8917
455.6000,0.0000,28.4006,92.3169,68.8029,56.3852
455.6500,0.0000,28.6798,92.2178,69.0313,56.8781
455.7000,0.0000,28.9578,92.1214,69.2544,57.3704
455.7500,0.0000,29.2346,92.0284,69.4717,57.8622
455.8000,0.0000,29.5099,91.9391,69.6829,58.3535
455.8500,0.0000,29.7836,91.8541,69.8880,58.8442
455.9000,0.0000,30.0554,91.7738,70.0866,59.3344
455.9500,0.0000,30.3251,91.6985,70.2786,59.8240
456.0000,0.0000,30.5926,91.6285,70.4640,60.3130
456.0500,0.0000,30.8577,91.5642,70.6427,60.8013
456.1000,0.0000,31.1200,91.5058,70.8147,61.2888
456.1500,0.0000,31.3793,91.4535,70.9802,61.7755
456.2000,0.0000,31.6355,91.4073,71.1391,62.2612
456.2500,0.0000,31.8883,91.3676,71.2918,62.7458
456.3000,0.0000,32.1373,91.3343,71.4383,63.2292
456.3500,0.0000,32.3824,91.3075,71.5791,63.7112
456.4000,0.0000,32.6233,91.2873,71.7143,64.1918
456.4500,0.0000,32.8598,91.2735,71.8445,64.6706
456.5000,0.0000,33.0916,91.2663,71.9700,65.1477
456.5500,0.0000,33.3184,91.2655,72.0913,65.6227
456.6000,0.0000,33.5401,91.2711,72.2083,66.0956
456.6500,0.0000,33.7563,91.2828,72.3211,66.5661
456.7000,0.0000,33.9668,91.3007,72.4296,67.0341
456.7500,0.0000,34.1714,91.3245,72.5338,67.4993
456.8000,0.0000,34.3699,91.3540,72.6339,67.9616
456.8500,0.0000,34.5620,91.3891,72.7298,68.4208
456.9000,0.0000,34.7476,91.4294,72.8217,68.8767
456.9500,0.0000,34.9264,91.4748,72.9095,69.3290
457.0000,0.0000,35.0983,91.5250,72.9935,69.7776
457.0500,0.0000,35.2630,91.5796,73.0739,70.2224
457.1000,0.0000,35.4205,91.6385,73.1509,70.6638
457.1500,0.0000,35.5704,91.7013,73.2251,71.1026
457.2000,0.0000,35.7128,91.7676,73.2969,71.5391
457.2500,0.0000,35.8475,91.8370,73.3668,71.9738
457.3000,0.0000,35.9743,91.9093,73.4351,72.4073
457.3500,0.0000,36.0932,91.9841,73.5025,72.8399
457.4000,0.0000,36.2041,92.0609,73.5693,73.2718
457.4500,0.0000,36.3069,92.1393,73.6360,73.7035
457.5000,0.0000,36.4016,92.2190,73.7032,74.1352
457.5500,0.0000,36.4881,92.2994,73.7713,74.5672
457.6000,0.0000,36.5665,92.3802,73.8409,74.9995
457.6500,0.0000,36.6368,92.4608,73.9125,75.4323
457.7000,0.0000,36.6990,92.5409,73.9865,75.8658
457.7500,0.0000,36.7531,92.6199,74.0636,76.3000
457.8000,0.0000,36.7993,92.6973,74.1444,76.7349
457.8500,0.0000,36.8376,92.7726,74.2294,77.1706
457.9000,0.0000,36.8682,92.8453,74.3192,77.6071
457.9500,0.0000,36.8912,92.9148,74.4144,78.0442
458.0000,0.0000,36.9068,92.9807,74.5158,78.4819
458.0500,0.0000,36.9151,93.0424,74.6238,78.9200
458.1000,0.0000,36.9162,93.0996,74.7386,79.3585
458.1500,0.0000,36.9099,93.1520,74.8603,79.7971
458.2000,0.0000,36.8963,93.1993,74.9890,80.2356
458.2500,0.0000,36.8752,93.2413,75.1247,80.6738
458.3000,0.0000,36.8467,93.2778,75.2675,81.1115
458.3500,0.0000,36.8106,93.3084,75.4175,81.5484
458.4000,0.0000,36.7671,93.3330,75.5745,81.9841
458.4500,0.0000,36.7160,93.3513,75.7387,82.4183
458.5000,0.0000,36.6575,93.3631,75.9100,82.8507
458.5500,0.0000,36.5917,93.3679,76.0885,83.2808
458.6000,0.0000,36.5197,93.3647,76.2742,83.7075
458.6500,0.0000,36.4429,93.3526,76.4673,84.1297
458.7000,0.0000,36.3624,93.3306,76.6679,84.5463
458.7500,0.0000,36.2790,93.2979,76.8761,84.9564
458.8000,0.0000,36.1938,93.2538,77.0918,85.3592
458.8500,0.0000,36.1074,93.1976,77.3152,85.7538
458.9000,0.0000,36.0206,93.1289,77.5464,86.1395
458.9500,0.0000,35.9338,93.0473,77.7853,86.5156
459.0000,0.0000,35.8476,92.9523,78.0320,86.8815
459.0500,0.0000,35.7622,92.8438,78.2864,87.2366
459.1000,0.0000,35.6781,92.7215,78.5487,87.5802
459.1500,0.0000,35.5954,92.5854,78.8188,87.9120
459.2000,0.0000,35.5143,92.4352,79.0966,88.2315
459.2500,0.0000,35.4349,92.2711,79.3823,88.5381
459.3000,0.0000,35.3572,92.0929,79.6757,88.8315
459.3500,0.0000,35.2811,91.9008,79.9768,89.1112
459.4000,0.0000,35.2066,91.6950,80.2857,89.3768
459.4500,0.0000,35.1335,91.4754,80.6023,89.6280
459.5000,0.0000,35.0618,91.2422,80.9266,89.8643
459.5500,0.0000,34.9912,90.9957,81.2585,90.0855
459.6000,0.0000,34.9214,90.7363,81.5978,90.2919
459.6500,0.0000,34.8522,90.4645,81.9441,90.4841
459.7000,0.0000,34.7834,90.1808,82.2971,90.6626
459.7500,0.0000,34.7145,89.8857,82.6565,90.8280
459.8000,0.0000,34.6454,89.5799,83.0219,90.9809
459.8500,0.0000,34.5757,89.2638,83.3929,91.1221
459.9000,0.0000,34.5049,88.9381,83.7691,91.2522
459.9500,0.0000,34.4329,88.6033,84.1502,91.3719
460.0000,0.0000,34.3591,88.2600,84.5358,91.4817
460.0500,0.0000,34.2833,87.9087,84.9254,91.5816
460.1000,0.0000,34.2051,87.5499,85.3186,91.6721
460.1500,0.0000,34.1242,87.1839,85.7151,91.7536
460.2000,0.0000,34.0402,86.8112,86.1144,91.8264
460.2500,0.0000,33.9528,86.4321,86.5161,91.8909
460.3000,0.0000,33.8616,86.0470,86.9197,91.9476
460.3500,0.0000,33.7663,85.6562,87.3249,91.9967
460.4000,0.0000,33.6667,85.2601,87.7311,92.0385
460.4500,0.0000,33.5624,84.8589,88.1381,92.0734
460.5000,0.0000,33.4533,84.4529,88.5453,92.1017
460.5500,0.0000,33.3389,84.0424,88.9523,92.1237
460.6000,0.0000,33.2191,83.6275,89.3587,92.1395
460.6500,0.0000,33.0939,83.2085,89.7641,92.1494
460.7000,0.0000,32.9635,82.7858,90.1681,92.1536
460.7500,0.0000,32.8282,82.3598,90.5703,92.1523
460.8000,0.0000,32.6882,81.9307,90.9703,92.1456
460.8500,0.0000,32.5439,81.4988,91.3676,92.1337
460.9000,0.0000,32.3956,81.0642,91.7620,92.1167
460.9500,0.0000,32.2436,80.6272,92.1530,92.0946
461.0000,0.0000,32.0883,80.1877,92.5404,92.0675
461.0500,0.0000,31.9300,79.7458,92.9237,92.0355
461.1000,0.0000,31.7691,79.3022,93.3026,91.9985
461.1500,0.0000,31.6060,78.8572,93.6769,91.9565
461.2000,0.0000,31.4412,78.4115,94.0462,91.9095
461.2500,0.0000,31.2750,77.9655,94.4103,91.8575
461.3000,0.0000,31.1079,77.5195,94.7689,91.8002
461.3500,0.0000,30.9403,77.0742,95.1215,91.7377
461.4000,0.0000,30.7727,76.6299,95.4671,91.6698
461.4500,0.0000,30.6055,76.1869,95.8043,91.5964
461.5000,0.0000,30.4393,75.7456,96.1322,91.5172
461.5500,0.0000,30.2745,75.3064,96.4495,91.4321
461.6000,0.0000,30.1119,74.8701,96.7551,91.3408
461.6500,0.0000,29.9522,74.4375,97.0479,91.2432
461.7000,0.0000,29.7961,74.0092,97.3268,91.1390
461.7500,0.0000,29.6443,73.5859,97.5909,91.0280
461.8000,0.0000,29.4976,73.1683,97.8393,90.9099
461.8500,0.0000,29.3565,72.7569,98.0713,90.7844
461.9000,0.0000,29.2217,72.3522,98.2863,90.6512
461.9500,0.0000,29.0938,71.9546,98.4838,90.5101
462.0000,0.0000,28.9733,71.5646,98.6632,90.3607
462.0500,0.0000,28.8609,71.1824,98.8243,90.2028
462.1000,0.0000,28.7569,70.8084,98.9669,90.0361
462.1500,0.0000,28.6619,70.4427,99.0907,89.8603
462.2000,0.0000,28.5763,70.0857,99.1958,89.6750
462.2500,0.0000,28.5003,69.7374,99.2821,89.4800
462.3000,0.0000,28.4343,69.3980,99.3500,89.2751
462.3500,0.0000,28.3786,69.0675,99.3995,89.0599
462.4000,0.0000,28.3333,68.7460,99.4311,88.8343
462.4500,0.0000,28.2985,68.4335,99.4452,88.5979
462.5000,0.0000,28.2743,68.1301,99.4424,88.3506
462.5500,0.0000,28.2608,67.8356,99.4231,88.0922
462.6000,0.0000,28.2584,67.5502,99.3874,87.8225
462.6500,0.0000,28.2674,67.2743,99.3351,87.5415
462.7000,0.0000,28.2883,67.0080,99.2663,87.2489
462.7500,0.0000,28.3214,66.7515,99.1808,86.9448
462.8000,0.0000,28.3670,66.5051,99.0787,86.6291
462.8500,0.0000,28.4252,66.2691,98.9602,86.3019
462.9000,0.0000,28.4961,66.0436,98.8252,85.9631
462.9500,0.0000,28.5799,65.8290,98.6739,85.6131
463.0000,0.0000,28.6765,65.6256,98.5065,85.2518
463.0500,0.0000,28.7857,65.4338,98.3233,84.8796
463.1000,0.0000,28.9072,65.2546,98.1244,84.4966
463.1500,0.0000,29.0406,65.0888,97.9102,84.1030
463.2000,0.0000,29.1852,64.9374,97.6810,83.6992
463.2500,0.0000,29.3405,64.8013,97.4370,83.2856
463.3000,0.0000,29.5057,64.6812,97.1788,82.8627
463.3500,0.0000,29.6799,64.5780,96.9066,82.4310
463.4000,0.0000,29.8621,64.4924,96.6209,81.9912
463.4500,0.0000,30.0512,64.4252,96.3222,81.5442
463.5000,0.0000,30.2460,64.3771,96.0109,81.0907
463.5500,0.0000,30.4452,64.3487,95.6876,80.6317
463.6000,0.0000,30.6483,64.3398,95.3527,80.1672
463.6500,0.0000,30.8549,64.3499,95.0068,79.6970
463.7000,0.0000,31.0648,64.3784,94.6505,79.2210
463.7500,0.0000,31.2774,64.4244,94.2844,78.7391
463.8000,0.0000,31.4925,64.4872,93.9089,78.2510
463.8500,0.0000,31.7097,64.5659,93.5249,77.7565
463.9000,0.0000,31.9285,64.6593,93.1328,77.2553
463.9500,0.0000,32.1484,64.7664,92.7334,76.7470
464.0000,0.0000,32.3691,64.8860,92.3273,76.2315
464.0500,0.0000,32.5901,65.0169,91.9152,75.7083
464.1000,0.0000,32.8112,65.1584,91.4977,75.1779
464.1500,0.0000,33.0322,65.3101,91.0755,74.6407
464.2000,0.0000,33.2530,65.4713,90.6494,74.0971
464.2500,0.0000,33.4732,65.6415,90.2201,73.5478
464.3000,0.0000,33.6928,65.8201,89.7882,72.9930
464.3500,0.0000,33.9115,66.0063,89.3545,72.4334
464.4000,0.0000,34.1292,66.1997,88.9197,71.8694
464.4500,0.0000,34.3456,66.3995,88.4845,71.3015
464.5000,0.0000,34.5606,66.6050,88.0497,70.7302
464.5500,0.0000,34.7740,66.8154,87.6159,70.1560
464.6000,0.0000,34.9858,67.0303,87.1831,69.5795
464.6500,0.0000,35.1962,67.2486,86.7513,69.0010
464.7000,0.0000,35.4051,67.4699,86.3203,68.4211
464.7500,0.0000,35.6126,67.6932,85.8904,67.8403
464.8000,0.0000,35.8187,67.9180,85.4615,67.2590
464.8500,0.0000,36.0233,68.1433,85.0338,66.6777
464.9000,0.0000,36.2264,68.3685,84.6075,66.0968
464.9500,0.0000,36.4280,68.5928,84.1827,65.5169
465.0000,0.0000,36.6280,68.8155,83.7597,64.9383
465.0500,0.0000,36.8264,69.0357,83.3387,64.3614
465.1000,0.0000,37.0229,69.2527,82.9200,63.7866
465.1500,0.0000,37.2175,69.4657,82.5041,63.2144
465.2000,0.0000,37.4100,69.6740,82.0911,62.6451
465.2500,0.0000,37.6003,69.8767,81.6815,62.0790
465.3000,0.0000,37.7882,70.0731,81.2757,61.5165
465.3500,0.0000,37.9735,70.2624,80.8740,60.9579
465.4000,0.0000,38.1559,70.4437,80.4770,60.4034
465.4500,0.0000,38.3352,70.6163,80.0851,59.8534
465.5000,0.0000,38.5112,70.7793,79.6987,59.3079
465.5500,0.0000,38.6837,70.9321,79.3182,58.7673
465.6000,0.0000,38.8525,71.0746,78.9436,58.2320
465.6500,0.0000,39.0177,71.2069,78.5748,57.7024
465.7000,0.0000,39.1793,71.3290,78.2115,57.1789
465.7500,0.0000,39.3372,71.4412,77.8537,56.6620
465.8000,0.0000,39.4916,71.5438,77.5010,56.1521
465.8500,0.0000,39.6423,71.6368,77.1532,55.6494
465.9000,0.0000,39.7893,71.7207,76.8099,55.1545
465.9500,0.0000,39.9328,71.7957,76.4709,54.6675
466.0000,0.0000,40.0725,71.8622,76.1357,54.1887
466.0500,0.0000,40.2086,71.9207,75.8038,53.7186
466.1000,0.0000,40.3404,71.9714,75.4748,53.2572
466.1500,0.0000,40.4674,72.0149,75.1481,52.8048
466.2000,0.0000,40.5893,72.0517,74.8230,52.3617
466.2500,0.0000,40.7054,72.0822,74.4989,51.9279
466.3000,0.0000,40.8154,72.1071,74.1751,51.5035
466.3500,0.0000,40.9189,72.1267,73.8519,51.0887
466.4000,0.0000,41.0155,72.1418,73.5302,50.6835
466.4500,0.0000,41.1048,72.1529,73.2108,50.2879
466.5000,0.0000,41.1866,72.1606,72.8945,49.9018
466.5500,0.0000,41.2606,72.1656,72.5822,49.5252
466.6000,0.0000,41.3265,72.1684,72.2747,49.1580
466.6500,0.0000,41.3842,72.1697,71.9725,48.8000
466.7000,0.0000,41.4333,72.1701,71.6764,48.4510
466.7500,0.0000,41.4739,72.1702,71.3870,48.1108
466.8000,0.0000,41.5056,72.1708,71.1049,47.7789
466.8500,0.0000,41.5284,72.1723,70.8305,47.4551
466.9000,0.0000,41.5422,72.1755,70.5644,47.1389
466.9500,0.0000,41.5469,72.1808,70.3070,46.8300
467.0000,0.0000,41.5425,72.1889,70.0586,46.5276
467.0500,0.0000,41.5289,72.2004,69.8197,46.2315
467.1000,0.0000,41.5061,72.2156,69.5907,45.9416
467.1500,0.0000,41.4743,72.2352,69.3722,45.6583
467.2000,0.0000,41.4333,72.2596,69.1648,45.3817
467.2500,0.0000,41.3832,72.2892,68.9689,45.1120
467.3000,0.0000,41.3242,72.3243,68.7849,44.8496
467.3500,0.0000,41.2563,72.3652,68.6133,44.5944
467.4000,0.0000,41.1796,72.4123,68.4545,44.3467
467.4500,0.0000,41.0942,72.4656,68.3088,44.1067
467.5000,0.0000,41.0003,72.5253,68.1766,43.8746
467.5500,0.0000,40.8980,72.5916,68.0581,43.6503
467.6000,0.0000,40.7876,72.6645,67.9536,43.4341
467.6500,0.0000,40.6691,72.7443,67.8632,43.2260
467.7000,0.0000,40.5427,72.8310,67.7873,43.0262
467.7500,0.0000,40.4088,72.9244,67.7260,42.8346
467.8000,0.0000,40.2674,73.0245,67.6794,42.6514
467.8500,0.0000,40.1188,73.1308,67.6476,42.4766
467.9000,0.0000,39.9633,73.2429,67.6306,42.3101
467.9500,0.0000,39.8011,73.3603,67.6286,42.1520
468.0000,0.0000,39.6324,73.4822,67.6415,42.0021
468.0500,0.0000,39.4575,73.6078,67.6692,41.8606
468.1000,0.0000,39.2767,73.7373,67.7118,41.7273
468.1500,0.0000,39.0902,73.8706,67.7691,41.6020
468.2000,0.0000,38.8984,74.0081,67.8411,41.4848
468.2500,0.0000,38.7014,74.1498,67.9275,41.3753
468.3000,0.0000,38.4997,74.2957,68.0282,41.2735
468.3500,0.0000,38.2934,74.4461,68.1431,41.1792
468.4000,0.0000,38.0828,74.6009,68.2717,41.0921
468.4500,0.0000,37.8683,74.7601,68.4140,41.0120
468.5000,0.0000,37.6501,74.9238,68.5696,40.9386
468.5500,0.0000,37.4286,75.0921,68.7382,40.8716
468.6000,0.0000,37.2043,75.2650,68.9196,40.8110
468.6500,0.0000,36.9772,75.4426,69.1135,40.7567
468.7000,0.0000,36.7474,75.6251,69.3198,40.7087
468.7500,0.0000,36.5149,75.8126,69.5381,40.6668
468.8000,0.0000,36.2798,76.0051,69.7683,40.6310
468.8500,0.0000,36.0420,76.2028,70.0099,40.6012
468.9000,0.0000,35.8018,76.4056,70.2628,40.5772
468.9500,0.0000,35.5590,76.6138,70.5265,40.5590
469.0000,0.0000,35.3140,76.8272,70.8008,40.5463
469.0500,0.0000,35.0666,77.0460,71.0852,40.5391
469.1000,0.0000,34.8169,77.2703,71.3786,40.5371
469.1500,0.0000,34.5647,77.5000,71.6799,40.5401
469.2000,0.0000,34.3099,77.7351,71.9879,40.5479
469.2500,0.0000,34.0524,77.9757,72.3016,40.5604
469.3000,0.0000,33.7921,78.2218,72.6199,40.5772
469.3500,0.0000,33.5292,78.4734,72.9418,40.5982
469.4000,0.0000,33.2635,78.7304,73.2664,40.6229
469.4500,0.0000,32.9951,78.9929,73.5927,40.6512
469.5000,0.0000,32.7240,79.2608,73.9197,40.6827
469.5500,0.0000,32.4503,79.5341,74.2468,40.7172
469.6000,0.0000,32.1741,79.8128,74.5729,40.7545
469.6500,0.0000,31.8955,80.0968,74.8974,40.7945
469.7000,0.0000,31.6145,80.3860,75.2194,40.8370
469.7500,0.0000,31.3314,80.6805,75.5383,40.8817
469.8000,0.0000,31.0463,80.9801,75.8533,40.9285
469.8500,0.0000,30.7593,81.2848,76.1639,40.9770
469.9000,0.0000,30.4707,81.5945,76.4693,41.0271
469.9500,0.0000,30.1805,81.9091,76.7690,41.0783
470.0000,0.0000,29.8890,82.2286,77.0624,41.1305
470.0500,0.0000,29.5965,82.5528,77.3491,41.1834
470.1000,0.0000,29.3030,82.8815,77.6285,41.2369
470.1500,0.0000,29.0088,83.2144,77.9002,41.2909
470.2000,0.0000,28.7142,83.5513,78.1638,41.3454
470.2500,0.0000,28.4193,83.8918,78.4189,41.4004
470.3000,0.0000,28.1245,84.2358,78.6652,41.4558
470.3500,0.0000,27.8298,84.5828,78.9023,41.5116
470.4000,0.0000,27.5357,84.9325,79.1299,41.5678
470.4500,0.0000,27.2422,85.2845,79.3479,41.6242
470.5000,0.0000,26.9497,85.6386,79.5560,41.6809
470.5500,0.0000,26.6584,85.9943,79.7540,41.7380
470.6000,0.0000,26.3685,86.3513,79.9413,41.7961
470.6500,0.0000,26.0802,86.7090,80.1172,41.8560
470.7000,0.0000,25.7938,87.0672,80.2813,41.9183
470.7500,0.0000,25.5095,87.4253,80.4329,41.9837
470.8000,0.0000,25.2275,87.7829,80.5718,42.0528
470.8500,0.0000,24.9480,88.1395,80.6976,42.1262
470.9000,0.0000,24.6712,88.4946,80.8099,42.2044
470.9500,0.0000,24.3973,88.8477,80.9087,42.2879
471.0000,0.0000,24.1265,89.1984,80.9937,42.3770
471.0500,0.0000,23.8590,89.5459,81.0649,42.4722
471.1000,0.0000,23.5948,89.8899,81.1223,42.5738
471.1500,0.0000,23.3342,90.2296,81.1660,42.6822
471.2000,0.0000,23.0773,90.5645,81.1961,42.7976
471.2500,0.0000,22.8243,90.8940,81.2128,42.9204
471.3000,0.0000,22.5751,91.2175,81.2163,43.0505
471.3500,0.0000,22.3299,91.5343,81.2071,43.1884
471.4000,0.0000,22.0888,91.8436,81.1855,43.3341
471.4500,0.0000,21.8518,92.1449,81.1519,43.4877
471.5000,0.0000,21.6190,92.4374,81.1070,43.6494
471.5500,0.0000,21.3904,92.7204,81.0513,43.8192
471.6000,0.0000,21.1662,92.9938,80.9852,43.9971
471.6500,0.0000,20.9468,93.2574,80.9092,44.1832
471.7000,0.0000,20.7324,93.5109,80.8238,44.3774
471.7500,0.0000,20.5233,93.7544,80.7294,44.5798
471.8000,0.0000,20.3198,93.9877,80.6267,44.7902
471.8500,0.0000,20.1222,94.2108,80.5162,45.0086
471.9000,0.0000,19.9307,94.4235,80.3988,45.2350
471.9500,0.0000,19.7455,94.6259,80.2751,45.4691
472.0000,0.0000,19.5670,94.8178,80.1456,45.7109
472.0500,0.0000,19.3953,94.9994,80.0100,45.9602
472.1000,0.0000,19.2307,95.1709,79.8676,46.2170
472.1500,0.0000,19.0735,95.3325,79.7176,46.4809
472.2000,0.0000,18.9238,95.4846,79.5593,46.7519
472.2500,0.0000,18.7819,95.6275,79.3922,47.0297
472.3000,0.0000,18.6480,95.7615,79.2157,47.3141
472.3500,0.0000,18.5222,95.8868,79.0293,47.6050
472.4000,0.0000,18.4048,96.0039,78.8326,47.9021
472.4500,0.0000,18.2960,96.1130,78.6253,48.2052
472.5000,0.0000,18.1959,96.2146,78.4071,48.5140
472.5500,0.0000,18.1048,96.3089,78.1776,48.8283
472.6000,0.0000,18.0226,96.3963,77.9368,49.1479
472.6500,0.0000,17.9497,96.4772,77.6846,49.4726
472.7000,0.0000,17.8861,96.5521,77.4207,49.8020
472.7500,0.0000,17.8319,96.6213,77.1452,50.1359
472.8000,0.0000,17.7874,96.6852,76.8582,50.4741
472.8500,0.0000,17.7525,96.7443,76.5597,50.8164
472.9000,0.0000,17.7274,96.7991,76.2498,51.1624
472.9500,0.0000,17.7122,96.8500,75.9287,51.5120
473.0000,0.0000,17.7069,96.8976,75.5966,51.8649
473.0500,0.0000,17.7115,96.9422,75.2538,52.2208
473.1000,0.0000,17.7261,96.9842,74.9006,52.5794
473.1500,0.0000,17.7505,97.0235,74.5373,52.9403
473.2000,0.0000,17.7846,97.0603,74.1643,53.3031
473.2500,0.0000,17.8282,97.0946,73.7821,53.6674
473.3000,0.0000,17.8811,97.1266,73.3910,54.0329
473.3500,0.0000,17.9431,97.1564,72.9917,54.3992
473.4000,0.0000,18.0141,97.1839,72.5847,54.7658
473.4500,0.0000,18.0937,97.2094,72.1705,55.1323
473.5000,0.0000,18.1818,97.2328,71.7498,55.4985
473.5500,0.0000,18.2780,97.2544,71.3232,55.8638
473.6000,0.0000,18.3817,97.2744,70.8908,56.2280
473.6500,0.0000,18.4924,97.2932,70.4530,56.5906
473.7000,0.0000,18.6095,97.3111,70.0099,56.9513
473.7500,0.0000,18.7324,97.3284,69.5620,57.3097
473.8000,0.0000,18.8605,97.3454,69.1095,57.6654
473.8500,0.0000,18.9931,97.3624,68.6531,58.0180
473.9000,0.0000,19.1296,97.3796,68.1932,58.3673
473.9500,0.0000,19.2694,97.3974,67.7305,58.7127
474.0000,0.0000,19.4119,97.4158,67.2656,59.0541
474.0500,0.0000,19.5564,97.4352,66.7991,59.3911
474.1000,0.0000,19.7023,97.4558,66.3320,59.7233
474.1500,0.0000,19.8488,97.4777,65.8651,60.0503
474.2000,0.0000,19.9953,97.5012,65.3991,60.3720
474.2500,0.0000,20.1411,97.5265,64.9352,60.6879
474.3000,0.0000,20.2854,97.5536,64.4743,60.9978
474.3500,0.0000,20.4276,97.5828,64.0174,61.3014
474.4000,0.0000,20.5669,97.6142,63.5658,61.5983
474.4500,0.0000,20.7026,97.6479,63.1205,61.8884
474.5000,0.0000,20.8340,97.6842,62.6828,62.1713
474.5500,0.0000,20.9607,97.7230,62.2538,62.4468
474.6000,0.0000,21.0827,97.7645,61.8342,62.7146
474.6500,0.0000,21.1998,97.8089,61.4243,62.9746
474.7000,0.0000,21.3121,97.8561,61.0247,63.2264
474.7500,0.0000,21.4194,97.9060,60.6357,63.4699
474.8000,0.0000,21.5217,97.9583,60.2578,63.7049
474.8500,0.0000,21.6191,98.0126,59.8914,63.9311
474.9000,0.0000,21.7115,98.0685,59.5370,64.1484
474.9500,0.0000,21.7991,98.1258,59.1949,64.3567
475.0000,0.0000,21.8817,98.1841,58.8656,64.5557
475.0500,0.0000,21.9598,98.2430,58.5493,64.7454
475.1000,0.0000,22.0336,98.3026,58.2457,64.9255
475.1500,0.0000,22.1040,98.3627,57.9543,65.0961
475.2000,0.0000,22.1716,98.4233,57.6748,65.2568
475.2500,0.0000,22.2369,98.4842,57.4069,65.4078
475.3000,0.0000,22.3006,98.5455,57.1501,65.5488
475.3500,0.0000,22.3632,98.6069,56.9042,65.6799
475.4000,0.0000,22.4255,98.6684,56.6688,65.8009
475.4500,0.0000,22.4879,98.7298,56.4438,65.9118
475.5000,0.0000,22.5511,98.7910,56.2289,66.0126
475.5500,0.0000,22.6156,98.8518,56.0238,66.1032
475.6000,0.0000,22.6820,98.9122,55.8284,66.1837
475.6500,0.0000,22.7510,98.9718,55.6425,66.2541
475.7000,0.0000,22.8231,99.0306,55.4658,66.3143
475.7500,0.0000,22.8989,99.0883,55.2983,66.3645
475.8000,0.0000,22.9790,99.1448,55.1397,66.4046
475.8500,0.0000,23.0640,99.1999,54.9898,66.4347
475.9000,0.0000,23.1545,99.2533,54.8486,66.4549
475.9500,0.0000,23.2512,99.3049,54.7158,66.4652
476.0000,0.0000,23.3547,99.3545,54.5914,66.4658
476.0500,0.0000,23.4655,99.4017,54.4751,66.4568
476.1000,0.0000,23.5839,99.4465,54.3668,66.4382
476.1500,0.0000,23.7098,99.4885,54.2664,66.4103
476.2000,0.0000,23.8433,99.5275,54.1736,66.3731
476.2500,0.0000,23.9844,99.5633,54.0884,66.3268
476.3000,0.0000,24.1331,99.5956,54.0105,66.2716
476.3500,0.0000,24.2893,99.6242,53.9397,66.2077
476.4000,0.0000,24.4532,99.6488,53.8758,66.1352
476.4500,0.0000,24.6245,99.6692,53.8186,66.0544
476.5000,0.0000,24.8033,99.6850,53.7680,65.9654
476.5500,0.0000,24.9894,99.6962,53.7234,65.8686
476.6000,0.0000,25.1827,99.7032,53.6841,65.7649
476.6500,0.0000,25.3832,99.7065,53.6488,65.6555
476.7000,0.0000,25.5908,99.7065,53.6166,65.5412
476.7500,0.0000,25.8052,99.7036,53.5864,65.4230
476.8000,0.0000,26.0264,99.6983,53.5574,65.3018
476.8500,0.0000,26.2542,99.6907,53.5285,65.1785
476.9000,0.0000,26.4884,99.6812,53.4989,65.0540
476.9500,0.0000,26.7289,99.6699,53.4677,64.9290
477.0000,0.0000,26.9755,99.6571,53.4342,64.8043
477.0500,0.0000,27.2280,99.6427,53.3990,64.6807
477.1000,0.0000,27.4862,99.6270,53.3625,64.5589
477.1500,0.0000,27.7499,99.6100,53.3253,64.4395
477.2000,0.0000,28.0189,99.5915,53.2878,64.3232
477.2500,0.0000,28.2930,99.5716,53.2505,64.2106
477.3000,0.0000,28.5721,99.5502,53.2136,64.1023
477.3500,0.0000,28.8557,99.5271,53.1777,63.9988
477.4000,0.0000,29.1438,99.5022,53.1429,63.9006
477.4500,0.0000,29.4362,99.4752,53.1095,63.8084
477.5000,0.0000,29.7325,99.4460,53.0779,63.7225
477.5500,0.0000,30.0326,99.4142,53.0481,63.6433
477.6000,0.0000,30.3363,99.3799,53.0205,63.5714
477.6500,0.0000,30.6432,99.3429,52.9952,63.5071
477.7000,0.0000,30.9533,99.3033,52.9722,63.4507
477.7500,0.0000,31.2662,99.2609,52.9519,63.4026
477.8000,0.0000,31.5818,99.2157,52.9341,63.3632
477.8500,0.0000,31.8998,99.1676,52.9191,63.3327
477.9000,0.0000,32.2200,99.1165,52.9070,63.3114
477.9500,0.0000,32.5423,99.0622,52.8977,63.2996
478.0000,0.0000,32.8663,99.0048,52.8913,63.2974
478.0500,0.0000,33.1919,98.9441,52.8878,63.3052
478.1000,0.0000,33.5190,98.8807,52.8870,63.3237
478.1500,0.0000,33.8472,98.8153,52.8888,63.3535
478.2000,0.0000,34.1765,98.7485,52.8928,63.3952
478.2500,0.0000,34.5067,98.6808,52.8989,63.4495
478.3000,0.0000,34.8376,98.6127,52.9070,63.5168
478.3500,0.0000,35.1690,98.5446,52.9168,63.5977
478.4000,0.0000,35.5009,98.4770,52.9282,63.6925
478.4500,0.0000,35.8330,98.4101,52.9413,63.8017
478.5000,0.0000,36.1653,98.3444,52.9558,63.9255
478.5500,0.0000,36.4977,98.2800,52.9718,64.0643
478.6000,0.0000,36.8300,98.2171,52.9892,64.2182
478.6500,0.0000,37.1623,98.1561,53.0082,64.3876
478.7000,0.0000,37.4943,98.0970,53.0289,64.5724
478.7500,0.0000,37.8261,98.0399,53.0512,64.7728
478.8000,0.0000,38.1576,97.9850,53.0755,64.9889
478.8500,0.0000,38.4888,97.9323,53.1020,65.2207
478.9000,0.0000,38.8198,97.8819,53.1309,65.4680
478.9500,0.0000,39.1504,97.8337,53.1626,65.7310
479.0000,0.0000,39.4808,97.7877,53.1976,66.0093
479.0500,0.0000,39.8110,97.7439,53.2361,66.3030
479.1000,0.0000,40.1407,97.7022,53.2779,66.6117
479.1500,0.0000,40.4698,97.6626,53.3227,66.9352
479.2000,0.0000,40.7980,97.6249,53.3702,67.2733
479.2500,0.0000,41.1251,97.5890,53.4201,67.6256
479.3000,0.0000,41.4509,97.5548,53.4721,67.9918
479.3500,0.0000,41.7752,97.5221,53.5260,68.3715
479.4000,0.0000,42.0978,97.4907,53.5817,68.7641
479.4500,0.0000,42.4184,97.4605,53.6388,69.1694
479.5000,0.0000,42.7369,97.4313,53.6973,69.5866
479.5500,0.0000,43.0531,97.4029,53.7569,70.0155
479.6000,0.0000,43.3671,97.3752,53.8169,70.4557
479.6500,0.0000,43.6789,97.3485,53.8765,70.9073
479.7000,0.0000,43.9886,97.3226,53.9350,71.3701
479.7500,0.0000,44.2962,97.2976,53.9917,71.8438
479.8000,0.0000,44.6018,97.2734,54.0461,72.3281
479.8500,0.0000,44.9054,97.2501,54.0979,72.8225
479.9000,0.0000,45.2071,97.2274,54.1466,73.3268
479.9500,0.0000,45.5068,97.2053,54.1922,73.8402
480.0000,0.0000,45.8046,97.1838,54.2344,74.3623
480.0500,0.0000,46.1004,97.1627,54.2734,74.8924
480.1000,0.0000,46.3942,97.1419,54.3092,75.4298
480.1500,0.0000,46.6860,97.1212,54.3420,75.9736
480.2000,0.0000,46.9759,97.1005,54.3722,76.5231
480.2500,0.0000,47.2637,97.0795,54.4002,77.0774
480.3000,0.0000,47.5494,97.0582,54.4267,77.6353
480.3500,0.0000,47.8330,97.0363,54.4523,78.1960
480.4000,0.0000,48.1144,97.0137,54.4779,78.7583
480.4500,0.0000,48.3937,96.9900,54.5043,79.3211
480.5000,0.0000,48.6706,96.9652,54.5328,79.8830
480.5500,0.0000,48.9453,96.9390,54.5643,80.4430
480.6000,0.0000,49.2175,96.9111,54.5998,81.0005
480.6500,0.0000,49.4874,96.8813,54.6398,81.5550
480.7000,0.0000,49.7547,96.8495,54.6844,82.1060
480.7500,0.0000,50.0195,96.8153,54.7335,82.6530
480.8000,0.0000,50.2816,96.7785,54.7868,83.1956
480.8500,0.0000,50.5411,96.7389,54.8441,83.7332
480.9000,0.0000,50.7978,96.6961,54.9055,84.2653
480.9500,0.0000,51.0518,96.6501,54.9708,84.7915
481.0000,0.0000,51.3028,96.6004,55.0398,85.3112
481.0500,0.0000,51.5509,96.5470,55.1125,85.8240
481.1000,0.0000,51.7960,96.4903,55.1883,86.3299
481.1500,0.0000,52.0381,96.4309,55.2667,86.8290
481.2000,0.0000,52.2771,96.3692,55.3471,87.3211
481.2500,0.0000,52.5129,96.3056,55.4291,87.8064
481.3000,0.0000,52.7455,96.2405,55.5123,88.2847
481.3500,0.0000,52.9748,96.1743,55.5963,88.7560
481.4000,0.0000,53.2009,96.1072,55.6807,89.2201
481.4500,0.0000,53.4236,96.0395,55.7655,89.6770
481.5000,0.0000,53.6429,95.9714,55.8502,90.1265
481.5500,0.0000,53.8589,95.9030,55.9348,90.5685
481.6000,0.0000,54.0714,95.8344,56.0191,91.0028
481.6500,0.0000,54.2805,95.7657,56.1030,91.4292
481.7000,0.0000,54.4861,95.6970,56.1866,91.8475
481.7500,0.0000,54.6882,95.6282,56.2698,92.2575
481.8000,0.0000,54.8869,95.5593,56.3528,92.6590
481.8500,0.0000,55.0821,95.4902,56.4355,93.0518
481.9000,0.0000,55.2738,95.4208,56.5183,93.4357
481.9500,0.0000,55.4621,95.3510,56.6014,93.8103
482.0000,0.0000,55.6469,95.2804,56.6849,94.1755
482.0500,0.0000,55.8284,95.2090,56.7692,94.5311
482.1000,0.0000,56.0064,95.1368,56.8540,94.8768
482.1500,0.0000,56.1812,95.0637,56.9393,95.2123
482.2000,0.0000,56.3526,94.9897,57.0247,95.5374
482.2500,0.0000,56.5209,94.9149,57.1102,95.8519
482.3000,0.0000,56.6860,94.8392,57.1956,96.1555
482.3500,0.0000,56.8480,94.7626,57.2807,96.4480
482.4000,0.0000,57.0069,94.6850,57.3654,96.7292
482.4500,0.0000,57.1630,94.6063,57.4497,96.9988
482.5000,0.0000,57.3162,94.5264,57.5334,97.2566
482.5500,0.0000,57.4668,94.4454,57.6164,97.5025
482.6000,0.0000,57.6147,94.3636,57.6984,97.7361
482.6500,0.0000,57.7601,94.2813,57.7792,97.9574
482.7000,0.0000,57.9032,94.1990,57.8585,98.1661
482.7500,0.0000,58.0441,94.1170,57.9360,98.3620
482.8000,0.0000,58.1829,94.0354,58.0116,98.5451
482.8500,0.0000,58.3197,93.9546,58.0851,98.7151
482.9000,0.0000,58.4549,93.8748,58.1565,98.8719
482.9500,0.0000,58.5884,93.7960,58.2256,99.0154
483.0000,0.0000,58.7206,93.7185,58.2923,99.1455
483.0500,0.0000,58.8515,93.6421,58.3568,99.2620
483.1000,0.0000,58.9815,93.5671,58.4190,99.3650
483.1500,0.0000,59.1107,93.4933,58.4790,99.4542
483.2000,0.0000,59.2392,93.4207,58.5369,99.5297
483.2500,0.0000,59.3675,93.3493,58.5929,99.5914
483.3000,0.0000,59.4956,93.2789,58.6472,99.6393
483.3500,0.0000,59.6239,93.2093,58.7000,99.6734
483.4000,0.0000,59.7525,93.1404,58.7516,99.6936
483.4500,0.0000,59.8818,93.0719,58.8024,99.7001
483.5000,0.0000,60.0120,93.0035,58.8527,99.6928
483.5500,0.0000,60.1434,92.9351,58.9028,99.6718
483.6000,0.0000,60.2759,92.8664,58.9527,99.6372
483.6500,0.0000,60.4097,92.7975,59.0024,99.5890
483.7000,0.0000,60.5445,92.7282,59.0516,99.5274
483.7500,0.0000,60.6805,92.6585,59.1004,99.4524
483.8000,0.0000,60.8176,92.5883,59.1487,99.3643
483.8500,0.0000,60.9556,92.5173,59.1965,99.2630
483.9000,0.0000,61.0946,92.4455,59.2436,99.1489
483.9500,0.0000,61.2344,92.3726,59.2901,99.0221
484.0000,0.0000,61.3750,92.2985,59.3361,98.8828
484.0500,0.0000,61.5161,92.2230,59.3813,98.7313
484.1000,0.0000,61.6579,92.1459,59.4252,98.5685
484.1500,0.0000,61.7999,92.0669,59.4670,98.3955
484.2000,0.0000,61.9422,91.9856,59.5062,98.2132
484.2500,0.0000,62.0846,91.9020,59.5420,98.0227
484.3000,0.0000,62.2267,91.8156,59.5742,97.8247
484.3500,0.0000,62.3686,91.7263,59.6021,97.6203
484.4000,0.0000,62.5098,91.6342,59.6254,97.4103
484.4500,0.0000,62.6502,91.5399,59.6439,97.1954
484.5000,0.0000,62.7896,91.4436,59.6574,96.9764
484.5500,0.0000,62.9275,91.3456,59.6658,96.7542
484.6000,0.0000,63.0638,91.2463,59.6688,96.5294
484.6500,0.0000,63.1981,91.1460,59.6667,96.3027
484.7000,0.0000,63.3300,91.0448,59.6594,96.0748
484.7500,0.0000,63.4592,90.9430,59.6471,95.8463
484.8000,0.0000,63.5852,90.8409,59.6301,95.6178
484.8500,0.0000,63.7076,90.7385,59.6086,95.3900
484.9000,0.0000,63.8261,90.6360,59.5831,95.1632
484.9500,0.0000,63.9400,90.5336,59.5540,94.9381
485.0000,0.0000,64.0490,90.4314,59.5218,94.7151
485.0500,0.0000,64.1525,90.3293,59.4871,94.4946
485.1000,0.0000,64.2505,90.2278,59.4497,94.2772
485.1500,0.0000,64.3430,90.1272,59.4096,94.0631
485.2000,0.0000,64.4301,90.0276,59.3666,93.8528
485.2500,0.0000,64.5119,89.9294,59.3205,93.6465
485.3000,0.0000,64.5882,89.8329,59.2714,93.4446
485.3500,0.0000,64.6593,89.7383,59.2192,93.2474
485.4000,0.0000,64.7251,89.6459,59.1638,93.0550
485.4500,0.0000,64.7858,89.5557,59.1053,92.8677
485.5000,0.0000,64.8413,89.4680,59.0437,92.6857
485.5500,0.0000,64.8918,89.3831,58.9789,92.5092
485.6000,0.0000,64.9370,89.3009,58.9103,92.3390
485.6500,0.0000,64.9767,89.2216,58.8374,92.1760
485.7000,0.0000,65.0109,89.1453,58.7594,92.0210
485.7500,0.0000,65.0394,89.0721,58.6759,91.8746
485.8000,0.0000,65.0620,89.0020,58.5865,91.7375
485.8500,0.0000,65.0786,88.9350,58.4908,91.6102
485.9000,0.0000,65.0892,88.8710,58.3886,91.4925
485.9500,0.0000,65.0936,88.8100,58.2796,91.3844
486.0000,0.0000,65.0919,88.7520,58.1637,91.2855
486.0500,0.0000,65.0840,88.6967,58.0409,91.1955
486.1000,0.0000,65.0699,88.6439,57.9113,91.1139
486.1500,0.0000,65.0495,88.5936,57.7749,91.0403
486.2000,0.0000,65.0229,88.5454,57.6319,90.9741
486.2500,0.0000,64.9902,88.4991,57.4825,90.9148
486.3000,0.0000,64.9513,88.4542,57.3272,90.8617
486.3500,0.0000,64.9063,88.4105,57.1662,90.8141
486.4000,0.0000,64.8554,88.3675,57.0001,90.7713
486.4500,0.0000,64.7985,88.3246,56.8295,90.7323
486.5000,0.0000,64.7358,88.2814,56.6549,90.6964
486.5500,0.0000,64.6674,88.2374,56.4769,90.6628
486.6000,0.0000,64.5933,88.1928,56.2956,90.6310
486.6500,0.0000,64.5139,88.1476,56.1108,90.6011
486.7000,0.0000,64.4290,88.1023,55.9226,90.5728
486.7500,0.0000,64.3391,88.0569,55.7307,90.5461
486.8000,0.0000,64.2441,88.0117,55.5354,90.5206
486.8500,0.0000,64.1443,87.9669,55.3364,90.4963
486.9000,0.0000,64.0398,87.9227,55.1339,90.4730
486.9500,0.0000,63.9308,87.8793,54.9279,90.4503
487.0000,0.0000,63.8176,87.8368,54.7184,90.4281
487.0500,0.0000,63.7003,87.7951,54.5053,90.4061
487.1000,0.0000,63.5789,87.7536,54.2875,90.3829
487.1500,0.0000,63.4536,87.7114,54.0640,90.3575
487.2000,0.0000,63.3245,87.6677,53.8339,90.3287
487.2500,0.0000,63.1917,87.6219,53.5962,90.2955
487.3000,0.0000,63.0552,87.5734,53.3504,90.2571
487.3500,0.0000,62.9153,87.5219,53.0959,90.2125
487.4000,0.0000,62.7721,87.4668,52.8325,90.1611
487.4500,0.0000,62.6256,87.4079,52.5597,90.1022
487.5000,0.0000,62.4762,87.3450,52.2775,90.0353
487.5500,0.0000,62.3239,87.2777,51.9859,89.9597
487.6000,0.0000,62.1689,87.2059,51.6849,89.8752
487.6500,0.0000,62.0115,87.1296,51.3747,89.7811
487.7000,0.0000,61.8518,87.0485,51.0557,89.6773
487.7500,0.0000,61.6899,86.9627,50.7281,89.5633
487.8000,0.0000,61.5262,86.8719,50.3924,89.4389
487.8500,0.0000,61.3608,86.7763,50.0493,89.3038
487.9000,0.0000,61.1940,86.6758,49.6992,89.1578
487.9500,0.0000,61.0258,86.5702,49.3429,89.0006
488.0000,0.0000,60.8567,86.4596,48.9811,88.8320
488.0500,0.0000,60.6867,86.3440,48.6147,88.6519
488.1000,0.0000,60.5161,86.2240,48.2442,88.4606
488.1500,0.0000,60.3451,86.1005,47.8702,88.2585
488.2000,0.0000,60.1740,85.9743,47.4935,88.0460
488.2500,0.0000,60.0030,85.8463,47.1147,87.8236
488.3000,0.0000,59.8322,85.7172,46.7345,87.5917
488.3500,0.0000,59.6618,85.5880,46.3537,87.3508
488.4000,0.0000,59.4922,85.4596,45.9731,87.1014
488.4500,0.0000,59.3235,85.3328,45.5934,86.8439
488.5000,0.0000,59.1560,85.2084,45.2154,86.5790
488.5500,0.0000,58.9897,85.0873,44.8400,86.3071
488.6000,0.0000,58.8249,84.9704,44.4680,86.0295
488.6500,0.0000,58.6618,84.8584,44.1002,85.7474
488.7000,0.0000,58.5006,84.7522,43.7374,85.4620
488.7500,0.0000,58.3414,84.6524,43.3806,85.1744
488.8000,0.0000,58.1844,84.5600,43.0305,84.8856
488.8500,0.0000,58.0298,84.4754,42.6881,84.5967
488.9000,0.0000,57.8776,84.3995,42.3541,84.3085
488.9500,0.0000,57.7281,84.3329,42.0296,84.0219
489.0000,0.0000,57.5814,84.2761,41.7152,83.7375
489.0500,0.0000,57.4376,84.2297,41.4119,83.4562
489.1000,0.0000,57.2966,84.1942,41.1206,83.1785
489.1500,0.0000,57.1585,84.1701,40.8421,82.9049
489.2000,0.0000,57.0231,84.1576,40.5773,82.6358
489.2500,0.0000,56.8900,84.1573,40.3270,82.3716
489.3000,0.0000,56.7591,84.1693,40.0922,82.1126
489.3500,0.0000,56.6302,84.1940,39.8736,81.8588
489.4000,0.0000,56.5029,84.2314,39.6722,81.6105
489.4500,0.0000,56.3771,84.2817,39.4888,81.3676
489.5000,0.0000,56.2525,84.3449,39.3243,81.1300
489.5500,0.0000,56.1288,84.4210,39.1794,80.8977
489.6000,0.0000,56.0060,84.5102,39.0543,80.6708
489.6500,0.0000,55.8842,84.6126,38.9489,80.4497
489.7000,0.0000,55.7632,84.7284,38.8632,80.2345
489.7500,0.0000,55.6431,84.8575,38.7969,80.0254
489.8000,0.0000,55.5239,85.0000,38.7500,79.8225
489.8500,0.0000,55.4056,85.1558,38.7223,79.6258
489.9000,0.0000,55.2882,85.3247,38.7134,79.4354
489.9500,0.0000,55.1718,85.5066,38.7231,79.2512
490.0000,0.0000,55.0563,85.7013,38.7510,79.0730
490.0500,0.0000,54.9418,85.9084,38.7969,78.9008
490.1000,0.0000,54.8282,86.1277,38.8603,78.7348
490.1500,0.0000,54.7156,86.3586,38.9409,78.5753
490.2000,0.0000,54.6040,86.6008,39.0380,78.4225
490.2500,0.0000,54.4934,86.8538,39.1514,78.2764
490.3000,0.0000,54.3839,87.1168,39.2806,78.1371
490.3500,0.0000,54.2754,87.3894,39.4249,78.0046
490.4000,0.0000,54.1679,87.6709,39.5839,77.8786
490.4500,0.0000,54.0615,87.9605,39.7571,77.7591
490.5000,0.0000,53.9561,88.2574,39.9440,77.6456
490.5500,0.0000,53.8518,88.5608,40.1439,77.5381
490.6000,0.0000,53.7486,88.8698,40.3564,77.4359
490.6500,0.0000,53.6465,89.1834,40.5810,77.3387
490.7000,0.0000,53.5455,89.5008,40.8170,77.2460
490.7500,0.0000,53.4456,89.8207,41.0640,77.1572
490.8000,0.0000,53.3468,90.1423,41.3215,77.0717
490.8500,0.0000,53.2491,90.4643,41.5891,76.9888
490.9000,0.0000,53.1525,90.7856,41.8662,76.9079
490.9500,0.0000,53.0570,91.1050,42.1525,76.8282
491.0000,0.0000,52.9626,91.4213,42.4476,76.7489
491.0500,0.0000,52.8693,91.7333,42.7511,76.6693
491.1000,0.0000,52.7771,92.0405,43.0623,76.5891
491.1500,0.0000,52.6859,92.3425,43.3801,76.5081
491.2000,0.0000,52.5958,92.6390,43.7040,76.4259
491.2500,0.0000,52.5068,92.9295,44.0329,76.3424
491.3000,0.0000,52.4188,93.2139,44.3663,76.2574
491.3500,0.0000,52.3317,93.4918,44.7033,76.1707
491.4000,0.0000,52.2457,93.7630,45.0434,76.0822
491.4500,0.0000,52.1606,94.0275,45.3859,75.9919
491.5000,0.0000,52.0765,94.2849,45.7302,75.8996
491.5500,0.0000,51.9934,94.5355,46.0759,75.8053
491.6000,0.0000,51.9119,94.7790,46.4219,75.7092
491.6500,0.0000,51.8330,95.0156,46.7676,75.6113
491.7000,0.0000,51.7572,95.2455,47.1121,75.5118
491.7500,0.0000,51.6852,95.4689,47.4549,75.4108
491.8000,0.0000,51.6176,95.6860,47.7954,75.3089
491.8500,0.0000,51.5550,95.8974,48.1334,75.2063
491.9000,0.0000,51.4979,96.1034,48.4687,75.1035
491.9500,0.0000,51.4467,96.3047,48.8012,75.0010
492.0000,0.0000,51.4018,96.5019,49.1311,74.8997
492.0500,0.0000,51.3637,96.6958,49.4586,74.8000
492.1000,0.0000,51.3326,96.8862,49.7830,74.7018
492.1500,0.0000,51.3089,97.0727,50.1036,74.6047
492.2000,0.0000,51.2928,97.2551,50.4198,74.5083
492.2500,0.0000,51.2845,97.4330,50.7310,74.4122
492.3000,0.0000,51.2843,97.6060,51.0366,74.3160
492.3500,0.0000,51.2921,97.7737,51.3360,74.2192
492.4000,0.0000,51.3083,97.9358,51.6288,74.1215
492.4500,0.0000,51.3327,98.0916,51.9145,74.0232
492.5000,0.0000,51.3655,98.2409,52.1927,73.9246
492.5500,0.0000,51.4068,98.3831,52.4631,73.8259
492.6000,0.0000,51.4564,98.5183,52.7250,73.7273
492.6500,0.0000,51.5143,98.6466,52.9779,73.6292
492.7000,0.0000,51.5805,98.7679,53.2212,73.5315
492.7500,0.0000,51.6548,98.8825,53.4545,73.4346
492.8000,0.0000,51.7372,98.9904,53.6773,73.3386
492.8500,0.0000,51.8274,99.0917,53.8891,73.2436
492.9000,0.0000,51.9254,99.1865,54.0896,73.1496
492.9500,0.0000,52.0309,99.2750,54.2783,73.0569
493.0000,0.0000,52.1437,99.3573,54.4551,72.9653
493.0500,0.0000,52.2637,99.4336,54.6193,72.8752
493.1000,0.0000,52.3914,99.5040,54.7702,72.7868
493.1500,0.0000,52.5272,99.5687,54.9067,72.7007
493.2000,0.0000,52.6717,99.6278,55.0279,72.6174
493.2500,0.0000,52.8253,99.6815,55.1331,72.5372
493.3000,0.0000,52.9881,99.7301,55.2214,72.4603
493.3500,0.0000,53.1607,99.7737,55.2924,72.3872
493.4000,0.0000,53.3430,99.8125,55.3454,72.3179
493.4500,0.0000,53.5354,99.8468,55.3801,72.2526
493.5000,0.0000,53.7379,99.8768,55.3960,72.1912
493.5500,0.0000,53.9506,99.9027,55.3931,72.1339
493.6000,0.0000,54.1734,99.9248,55.3710,72.0806
493.6500,0.0000,54.4065,99.9434,55.3297,72.0310
493.7000,0.0000,54.6496,99.9587,55.2694,71.9849
493.7500,0.0000,54.9027,99.9710,55.1900,71.9422
493.8000,0.0000,55.1656,99.9807,55.0919,71.9024
493.8500,0.0000,55.4382,99.9879,54.9754,71.8652
493.9000,0.0000,55.7201,99.9931,54.8408,71.8300
493.9500,0.0000,56.0113,99.9966,54.6888,71.7963
494.0000,0.0000,56.3113,99.9986,54.5199,71.7634
494.0500,0.0000,56.6198,99.9996,54.3347,71.7308
494.1000,0.0000,56.9366,100.0000,54.1332,71.6985
494.1500,0.0000,57.2612,100.0000,53.9155,71.6665
494.2000,0.0000,57.5933,99.9999,53.6816,71.6349
494.2500,0.0000,57.9324,99.9993,53.4314,71.6037
494.3000,0.0000,58.2782,99.9979,53.1653,71.5730
494.3500,0.0000,58.6301,99.9952,52.8832,71.5427
494.4000,0.0000,58.9878,99.9910,52.5855,71.5128
494.4500,0.0000,59.3507,99.9850,52.2724,71.4833
494.5000,0.0000,59.7185,99.9767,51.9442,71.4540
494.5500,0.0000,60.0906,99.9660,51.6011,71.4250
494.6000,0.0000,60.4671,99.9531,51.2434,71.3966
494.6500,0.0000,60.8479,99.9382,50.8713,71.3690
494.7000,0.0000,61.2332,99.9216,50.4850,71.3428
494.7500,0.0000,61.6227,99.9034,50.0847,71.3180
494.8000,0.0000,62.0166,99.8838,49.6709,71.2949
494.8500,0.0000,62.4145,99.8631,49.2440,71.2737
494.9000,0.0000,62.8165,99.8413,48.8045,71.2543
494.9500,0.0000,63.2223,99.8186,48.3530,71.2368
495.0000,0.0000,63.6318,99.7952,47.8900,71.2212
495.0500,0.0000,64.0448,99.7711,47.4162,71.2074
495.1000,0.0000,64.4611,99.7464,46.9324,71.1952
495.1500,0.0000,64.8804,99.7212,46.4394,71.1844
495.2000,0.0000,65.3026,99.6956,45.9381,71.1747
495.2500,0.0000,65.7273,99.6697,45.4293,71.1659
495.3000,0.0000,66.1544,99.6434,44.9140,71.1574
495.3500,0.0000,66.5835,99.6168,44.3934,71.1489
495.4000,0.0000,67.0144,99.5899,43.8685,71.1399
495.4500,0.0000,67.4469,99.5628,43.3405,71.1298
495.5000,0.0000,67.8806,99.5354,42.8106,71.1179
495.5500,0.0000,68.3154,99.5076,42.2800,71.1038
495.6000,0.0000,68.7506,99.4796,41.7492,71.0875
495.6500,0.0000,69.1858,99.4512,41.2189,71.0690
495.7000,0.0000,69.6204,99.4224,40.6894,71.0486
495.7500,0.0000,70.0537,99.3931,40.1613,71.0263
495.8000,0.0000,70.4854,99.3634,39.6351,71.0022
495.8500,0.0000,70.9146,99.3331,39.1113,70.9765
495.9000,0.0000,71.3410,99.3022,38.5904,70.9494
495.9500,0.0000,71.7639,99.2705,38.0730,70.9208
496.0000,0.0000,72.1828,99.2381,37.5596,70.8909
496.0500,0.0000,72.5972,99.2049,37.0506,70.8597
496.1000,0.0000,73.0072,99.1711,36.5459,70.8271
496.1500,0.0000,73.4131,99.1367,36.0453,70.7930
496.2000,0.0000,73.8150,99.1019,35.5485,70.7571
496.2500,0.0000,74.2131,99.0670,35.0554,70.7194
496.3000,0.0000,74.6076,99.0319,34.5659,70.6797
496.3500,0.0000,74.9984,98.9968,34.0801,70.6378
496.4000,0.0000,75.3857,98.9617,33.5979,70.5937
496.4500,0.0000,75.7694,98.9268,33.1194,70.5473
496.5000,0.0000,76.1495,98.8921,32.6446,70.4985
496.5500,0.0000,76.5259,98.8575,32.1738,70.4473
496.6000,0.0000,76.8987,98.8232,31.7071,70.3935
496.6500,0.0000,77.2677,98.7890,31.2448,70.3371
496.7000,0.0000,77.6328,98.7551,30.7870,70.2782
496.7500,0.0000,77.9939,98.7214,30.3341,70.2166
496.8000,0.0000,78.3508,98.6878,29.8864,70.1524
496.8500,0.0000,78.7035,98.6543,29.4443,70.0856
496.9000,0.0000,79.0516,98.6209,29.0082,70.0161
496.9500,0.0000,79.3952,98.5875,28.5784,69.9439
497.0000,0.0000,79.7339,98.5541,28.1555,69.8692
497.0500,0.0000,80.0676,98.5204,27.7399,69.7919
497.1000,0.0000,80.3960,98.4866,27.3319,69.7120
497.1500,0.0000,80.7186,98.4524,26.9316,69.6296
497.2000,0.0000,81.0353,98.4178,26.5394,69.5446
497.2500,0.0000,81.3456,98.3827,26.1554,69.4573
497.3000,0.0000,81.6490,98.3469,25.7799,69.3675
497.3500,0.0000,81.9454,98.3104,25.4132,69.2754
497.4000,0.0000,82.2342,98.2730,25.0554,69.1810
497.4500,0.0000,82.5152,98.2347,24.7069,69.0843
497.5000,0.0000,82.7878,98.1952,24.3679,68.9854
497.5500,0.0000,83.0519,98.1546,24.0386,68.8842
497.6000,0.0000,83.3078,98.1128,23.7191,68.7810
497.6500,0.0000,83.5559,98.0701,23.4093,68.6756
497.7000,0.0000,83.7966,98.0266,23.1092,68.5681
497.7500,0.0000,84.0301,97.9824,22.8188,68.4585
497.8000,0.0000,84.2568,97.9375,22.5382,68.3469
497.8500,0.0000,84.4769,97.8920,22.2674,68.2332
497.9000,0.0000,84.6905,97.8459,22.0064,68.1174
497.9500,0.0000,84.8979,97.7994,21.7552,67.9993
498.0000,0.0000,85.0991,97.7524,21.5140,67.8775
498.0500,0.0000,85.2944,97.7050,21.2827,67.7510
498.1000,0.0000,85.4836,97.6571,21.0615,67.6184
498.1500,0.0000,85.6669,97.6088,20.8503,67.4785
498.2000,0.0000,85.8442,97.5600,20.6493,67.3303
498.2500,0.0000,86.0156,97.5107,20.4585,67.1726
498.3000,0.0000,86.1810,97.4609,20.2779,67.0044
498.3500,0.0000,86.3404,97.4106,20.1077,66.8247
498.4000,0.0000,86.4936,97.3596,19.9478,66.6325
498.4500,0.0000,86.6405,97.3080,19.7983,66.4268
498.5000,0.0000,86.7811,97.2556,19.6593,66.2068
498.5500,0.0000,86.9151,97.2024,19.5308,65.9716
498.6000,0.0000,87.0425,97.1484,19.4129,65.7210
498.6500,0.0000,87.1631,97.0935,19.3055,65.4552
498.7000,0.0000,87.2770,97.0375,19.2088,65.1742
498.7500,0.0000,87.3846,96.9804,19.1227,64.8782
498.8000,0.0000,87.4860,96.9222,19.0472,64.5674
498.8500,0.0000,87.5816,96.8627,18.9823,64.2421
498.9000,0.0000,87.6714,96.8018,18.9281,63.9025
498.9500,0.0000,87.7558,96.7395,18.8846,63.5491
499.0000,0.0000,87.8349,96.6756,18.8516,63.1822
499.0500,0.0000,87.9090,96.6102,18.8291,62.8022
499.1000,0.0000,87.9788,96.5430,18.8169,62.4096
499.1500,0.0000,88.0449,96.4739,18.8147,62.0049
499.2000,0.0000,88.1081,96.4030,18.8221,61.5886
499.2500,0.0000,88.1690,96.3301,18.8388,61.1612
499.3000,0.0000,88.2281,96.2551,18.8646,60.7232
499.3500,0.0000,88.2861,96.1780,18.8992,60.2753
499.4000,0.0000,88.3435,96.0986,18.9422,59.8179
499.4500,0.0000,88.4007,96.0169,18.9935,59.3518
499.5000,0.0000,88.4582,95.9327,19.0527,58.8774
499.5500,0.0000,88.5165,95.8461,19.1195,58.3954
499.6000,0.0000,88.5759,95.7569,19.1938,57.9063
499.6500,0.0000,88.6369,95.6650,19.2753,57.4107
499.7000,0.0000,88.6998,95.5705,19.3637,56.9093
499.7500,0.0000,88.7649,95.4731,19.4587,56.4024
499.8000,0.0000,88.8325,95.3730,19.5601,55.8908
499.8500,0.0000,88.9029,95.2699,19.6677,55.3749
499.9000,0.0000,88.9764,95.1639,19.7813,54.8551
499.9500,0.0000,89.0530,95.0549,19.9006,54.3320
500.0000,0.0000,89.1331,94.9429,20.0253,53.8060
500.0500,0.0000,89.2168,94.8277,20.1554,53.2775
500.1000,0.0000,89.3042,94.7095,20.2904,52.7475
500.1500,0.0000,89.3955,94.5880,20.4304,52.2168
500.2000,0.0000,89.4908,94.4634,20.5749,51.6864
500.2500,0.0000,89.5901,94.3356,20.7240,51.1572
500.3000,0.0000,89.6934,94.2045,20.8772,50.6301
500.3500,0.0000,89.8009,94.0701,21.0346,50.1060
500.4000,0.0000,89.9124,93.9325,21.1959,49.5858
500.4500,0.0000,90.0280,93.7916,21.3609,49.0701
500.5000,0.0000,90.1476,93.6474,21.5295,48.5600
500.5500,0.0000,90.2710,93.4998,21.7014,48.0559
500.6000,0.0000,90.3974,93.3490,21.8758,47.5579
500.6500,0.0000,90.5258,93.1949,22.0518,47.0659
500.7000,0.0000,90.6553,93.0375,22.2286,46.5798
500.7500,0.0000,90.7852,92.8768,22.4052,46.0996
500.8000,0.0000,90.9144,92.7129,22.5811,45.6251
500.8500,0.0000,91.0422,92.5457,22.7556,45.1563
500.9000,0.0000,91.1677,92.3752,22.9281,44.6930
500.9500,0.0000,91.2901,92.2016,23.0980,44.2351
501.0000,0.0000,91.4085,92.0247,23.2654,43.7825
501.0500,0.0000,91.5222,91.8447,23.4309,43.3350
501.1000,0.0000,91.6304,91.6615,23.5952,42.8925
501.1500,0.0000,91.7322,91.4752,23.7592,42.4547
501.2000,0.0000,91.8268,91.2858,23.9234,42.0214
501.2500,0.0000,91.9134,91.0933,24.0885,41.5922
501.3000,0.0000,91.9913,90.8977,24.2550,41.1668
501.3500,0.0000,92.0595,90.6992,24.4236,40.7449
501.4000,0.0000,92.1173,90.4976,24.5948,40.3260
501.4500,0.0000,92.1637,90.2930,24.7691,39.9095
501.5000,0.0000,92.1979,90.0855,24.9470,39.4950
501.5500,0.0000,92.2193,89.8751,25.1290,39.0817
501.6000,0.0000,92.2275,89.6617,25.3149,38.6691
501.6500,0.0000,92.2226,89.4454,25.5048,38.2563
501.7000,0.0000,92.2046,89.2262,25.6983,37.8441
501.7500,0.0000,92.1737,89.0041,25.8953,37.4334
501.8000,0.0000,92.1298,88.7791,26.0956,37.0257
501.8500,0.0000,92.0730,88.5512,26.2988,36.6218
501.9000,0.0000,92.0035,88.3204,26.5047,36.2230
501.9500,0.0000,91.9214,88.0866,26.7130,35.8302
502.0000,0.0000,91.8269,87.8499,26.9234,35.4442
502.0500,0.0000,91.7200,87.6102,27.1355,35.0660
502.1000,0.0000,91.6006,87.3674,27.3486,34.6957
502.1500,0.0000,91.4687,87.1216,27.5623,34.3338
502.2000,0.0000,91.3243,86.8726,27.7759,33.9803
502.2500,0.0000,91.1672,86.6204,27.9888,33.6354
502.3000,0.0000,90.9974,86.3651,28.2005,33.2992
502.3500,0.0000,90.8149,86.1075,28.4105,32.9719
502.4000,0.0000,90.6198,85.8486,28.6183,32.6534
502.4500,0.0000,90.4119,85.5895,28.8234,32.3439
502.5000,0.0000,90.1913,85.3309,29.0254,32.0433
502.5500,0.0000,89.9580,85.0738,29.2239,31.7516
502.6000,0.0000,89.7121,84.8191,29.4186,31.4686
502.6500,0.0000,89.4534,84.5675,29.6092,31.1943
502.7000,0.0000,89.1821,84.3200,29.7954,30.9285
502.7500,0.0000,88.8981,84.0773,29.9772,30.6709
502.8000,0.0000,88.6013,83.8400,30.1543,30.4213
502.8500,0.0000,88.2918,83.6090,30.3268,30.1795
502.9000,0.0000,87.9695,83.3849,30.4946,29.9449
502.9500,0.0000,87.6343,83.1684,30.6579,29.7173
503.0000,0.0000,87.2860,82.9600,30.8168,29.4962
503.0500,0.0000,86.9248,82.7604,30.9714,29.2812
503.1000,0.0000,86.5512,82.5701,31.1213,29.0723
503.1500,0.0000,86.1659,82.3896,31.2660,28.8693
503.2000,0.0000,85.7697,82.2194,31.4050,28.6725
503.2500,0.0000,85.3634,82.0600,31.5379,28.4817
503.3000,0.0000,84.9478,81.9118,31.6644,28.2968
503.3500,0.0000,84.5236,81.7751,31.7840,28.1180
503.4000,0.0000,84.0916,81.6504,31.8965,27.9451
503.4500,0.0000,83.6528,81.5378,32.0017,27.7779
503.5000,0.0000,83.2078,81.4378,32.0994,27.6164
503.5500,0.0000,82.7574,81.3504,32.1896,27.4604
503.6000,0.0000,82.3020,81.2754,32.2722,27.3089
503.6500,0.0000,81.8418,81.2124,32.3472,27.1611
503.7000,0.0000,81.3772,81.1610,32.4147,27.0160
503.7500,0.0000,80.9084,81.1210,32.4751,26.8726
503.8000,0.0000,80.4359,81.0919,32.5284,26.7302
503.8500,0.0000,79.9600,81.0733,32.5752,26.5878
503.9000,0.0000,79.4811,81.0648,32.6159,26.4447
503.9500,0.0000,78.9995,81.0660,32.6509,26.3000
504.0000,0.0000,78.5158,81.0765,32.6811,26.1530
504.0500,0.0000,78.0303,81.0958,32.7070,26.0029
504.1000,0.0000,77.5434,81.1236,32.7296,25.8490
504.1500,0.0000,77.0556,81.1593,32.7498,25.6905
504.2000,0.0000,76.5672,81.2023,32.7687,25.5267
504.2500,0.0000,76.0786,81.2523,32.7875,25.3569
504.3000,0.0000,75.5902,81.3087,32.8075,25.1806
504.3500,0.0000,75.1024,81.3709,32.8298,24.9969
504.4000,0.0000,74.6155,81.4383,32.8545,24.8052
504.4500,0.0000,74.1298,81.5103,32.8816,24.6050
504.5000,0.0000,73.6457,81.5863,32.9112,24.3955
504.5500,0.0000,73.1635,81.6657,32.9433,24.1763
504.6000,0.0000,72.6839,81.7483,32.9778,23.9473
504.6500,0.0000,72.2078,81.8340,33.0143,23.7084
504.7000,0.0000,71.7360,81.9226,33.0529,23.4598
504.7500,0.0000,71.2693,82.0142,33.0934,23.2015
504.8000,0.0000,70.8085,82.1085,33.1355,22.9337
504.8500,0.0000,70.3545,82.2055,33.1794,22.6567
504.9000,0.0000,69.9079,82.3051,33.2248,22.3706
504.9500,0.0000,69.4696,82.4071,33.2718,22.0757
505.0000,0.0000,69.0403,82.5115,33.3203,21.7725
505.0500,0.0000,68.6206,82.6181,33.3702,21.4611
505.1000,0.0000,68.2105,82.7269,33.4211,21.1416
505.1500,0.0000,67.8098,82.8377,33.4725,20.8139
505.2000,0.0000,67.4186,82.9503,33.5241,20.4780
505.2500,0.0000,67.0366,83.0647,33.5753,20.1341
505.3000,0.0000,66.6638,83.1808,33.6260,19.7822
505.3500,0.0000,66.3002,83.2983,33.6760,19.4227
505.4000,0.0000,65.9457,83.4171,33.7249,19.0560
505.4500,0.0000,65.6002,83.5371,33.7728,18.6823
505.5000,0.0000,65.2636,83.6581,33.8195,18.3024
505.5500,0.0000,64.9359,83.7799,33.8651,17.9166
505.6000,0.0000,64.6170,83.9023,33.9097,17.5257
505.6500,0.0000,64.3068,84.0252,33.9533,17.1304
505.7000,0.0000,64.0050,84.1482,33.9961,16.7314
505.7500,0.0000,63.7117,84.2713,34.0384,16.3298
505.8000,0.0000,63.4265,84.3941,34.0806,15.9265
505.8500,0.0000,63.1493,84.5164,34.1229,15.5224
505.9000,0.0000,62.8798,84.6379,34.1658,15.1188
505.9500,0.0000,62.6177,84.7583,34.2099,14.7169
506.0000,0.0000,62.3627,84.8775,34.2556,14.3178
506.0500,0.0000,62.1145,84.9950,34.3036,13.9230
506.1000,0.0000,61.8734,85.1108,34.3536,13.5336
506.1500,0.0000,61.6400,85.2248,34.4057,13.1508
506.2000,0.0000,61.4145,85.3371,34.4595,12.7760
506.2500,0.0000,61.1975,85.4476,34.5150,12.4102
506.3000,0.0000,60.9893,85.5563,34.5720,12.0537
506.3500,0.0000,60.7904,85.6630,34.6304,11.7062
506.4000,0.0000,60.6011,85.7679,34.6901,11.3674
506.4500,0.0000,60.4219,85.8707,34.7510,11.0370
506.5000,0.0000,60.2530,85.9716,34.8130,10.7149
506.5500,0.0000,60.0946,86.0704,34.8759,10.4009
506.6000,0.0000,59.9464,86.1671,34.9390,10.0947
506.6500,0.0000,59.8079,86.2617,35.0014,9.7961
506.7000,0.0000,59.6784,86.3540,35.0623,9.5050
506.7500,0.0000,59.5576,86.4441,35.1211,9.2213
506.8000,0.0000,59.4450,86.5319,35.1771,8.9447
506.8500,0.0000,59.3401,86.6173,35.2297,8.6752
506.9000,0.0000,59.2424,86.7002,35.2783,8.4127
506.9500,0.0000,59.1515,86.7806,35.3225,8.1569
507.0000,0.0000,59.0669,86.8584,35.3619,7.9078
507.0500,0.0000,58.9881,86.9336,35.3960,7.6652
507.1000,0.0000,58.9146,87.0060,35.4245,7.4291
507.1500,0.0000,58.8460,87.0755,35.4472,7.1994
507.2000,0.0000,58.7817,87.1422,35.4639,6.9759
507.2500,0.0000,58.7211,87.2058,35.4743,6.7585
507.3000,0.0000,58.6638,87.2663,35.4784,6.5473
507.3500,0.0000,58.6092,87.3236,35.4761,6.3419
507.4000,0.0000,58.5565,87.3775,35.4673,6.1425
507.4500,0.0000,58.5052,87.4280,35.4521,5.9488
507.5000,0.0000,58.4546,87.4749,35.4305,5.7607
507.5500,0.0000,58.4041,87.5182,35.4026,5.5783
507.6000,0.0000,58.3536,87.5579,35.3684,5.4013
507.6500,0.0000,58.3033,87.5943,35.3276,5.2296
507.7000,0.0000,58.2533,87.6276,35.2802,5.0632
507.7500,0.0000,58.2038,87.6579,35.2262,4.9020
507.8000,0.0000,58.1548,87.6854,35.1655,4.7458
507.8500,0.0000,58.1066,87.7105,35.0981,4.5945
507.9000,0.0000,58.0592,87.7333,35.0240,4.4480
507.9500,0.0000,58.0127,87.7541,34.9433,4.3061
508.0000,0.0000,57.9674,87.7731,34.8560,4.1689
508.0500,0.0000,57.9231,87.7908,34.7621,4.0360
508.1000,0.0000,57.8792,87.8072,34.6619,3.9075
508.1500,0.0000,57.8352,87.8229,34.5554,3.7830
508.2000,0.0000,57.7903,87.8381,34.4427,3.6626
508.2500,0.0000,57.7439,87.8531,34.3241,3.5461
508.3000,0.0000,57.6954,87.8684,34.1997,3.4333
508.3500,0.0000,57.6444,87.8842,34.0696,3.3240
508.4000,0.0000,57.5902,87.9011,33.9342,3.2182
508.4500,0.0000,57.5324,87.9195,33.7937,3.1156
508.5000,0.0000,57.4704,87.9397,33.6483,3.0161
508.5500,0.0000,57.4040,87.9623,33.4984,2.9196
508.6000,0.0000,57.3325,87.9877,33.3441,2.8259
508.6500,0.0000,57.2557,88.0164,33.1859,2.7347
508.7000,0.0000,57.1731,88.0490,33.0241,2.6461
508.7500,0.0000,57.0843,88.0860,32.8589,2.5597
508.8000,0.0000,56.9889,88.1279,32.6909,2.4755
508.8500,0.0000,56.8867,88.1753,32.5204,2.3933
508.9000,0.0000,56.7772,88.2289,32.3478,2.3128
508.9500,0.0000,56.6600,88.2892,32.1735,2.2341
509.0000,0.0000,56.5350,88.3563,31.9981,2.1569
509.0500,0.0000,56.4017,88.4299,31.8218,2.0811
509.1000,0.0000,56.2604,88.5099,31.6451,2.0065
509.1500,0.0000,56.1113,88.5960,31.4680,1.9330
509.2000,0.0000,55.9549,88.6881,31.2909,1.8605
509.2500,0.0000,55.7913,88.7859,31.1138,1.7889
509.3000,0.0000,55.6210,88.8892,30.9370,1.7181
509.3500,0.0000,55.4445,88.9978,30.7608,1.6479
509.4000,0.0000,55.2622,89.1114,30.5853,1.5783
509.4500,0.0000,55.0745,89.2299,30.4108,1.5092
509.5000,0.0000,54.8820,89.3531,30.2376,1.4406
509.5500,0.0000,54.6851,89.4806,30.0656,1.3724
509.6000,0.0000,54.4837,89.6123,29.8946,1.3045
509.6500,0.0000,54.2776,89.7479,29.7238,1.2371
509.7000,0.0000,54.0667,89.8871,29.5529,1.1700
509.7500,0.0000,53.8510,90.0299,29.3814,1.1034
509.8000,0.0000,53.6306,90.1758,29.2090,1.0372
509.8500,0.0000,53.4055,90.3246,29.0353,0.9716
509.9000,0.0000,53.1761,90.4762,28.8600,0.9067
509.9500,0.0000,52.9425,90.6302,28.6830,0.8426
510.0000,0.0000,52.7052,90.7864,28.5041,0.7794
510.0500,0.0000,52.4646,90.9445,28.3237,0.7173
510.1000,0.0000,52.2213,91.1043,28.1424,0.6567
510.1500,0.0000,51.9757,91.2656,27.9607,0.5976
510.2000,0.0000,51.7286,91.4281,27.7792,0.5405
510.2500,0.0000,51.4807,91.5914,27.5987,0.4856
510.3000,0.0000,51.2328,91.7555,27.4198,0.4334
510.3500,0.0000,50.9857,91.9199,27.2434,0.3842
510.4000,0.0000,50.7405,92.0845,27.0703,0.3384
510.4500,0.0000,50.4981,92.2490,26.9014,0.2966
510.5000,0.0000,50.2596,92.4131,26.7377,0.2594
510.5500,0.0000,50.0260,92.5767,26.5801,0.2272
510.6000,0.0000,49.7978,92.7393,26.4288,0.1998
510.6500,0.0000,49.5755,92.9008,26.2840,0.1770
510.7000,0.0000,49.3592,93.0610,26.1460,0.1587
510.7500,0.0000,49.1495,93.2195,26.0149,0.1445
510.8000,0.0000,48.9467,93.3761,25.8910,0.1343
510.8500,0.0000,48.7511,93.5306,25.7744,0.1277
510.9000,0.0000,48.5625,93.6828,25.6653,0.1247
510.9500,0.0000,48.3807,93.8323,25.5639,0.1249
511.0000,0.0000,48.2054,93.9791,25.4704,0.1281
511.0500,0.0000,48.0364,94.1227,25.3850,0.1343
511.1000,0.0000,47.8727,94.2631,25.3077,0.1431
511.1500,0.0000,47.7135,94.4000,25.2384,0.1544
511.2000,0.0000,47.5579,94.5331,25.1769,0.1681
511.2500,0.0000,47.4050,94.6623,25.1234,0.1839
511.3000,0.0000,47.2542,94.7874,25.0778,0.2018
511.3500,0.0000,47.1047,94.9081,25.0400,0.2217
511.4000,0.0000,46.9560,95.0243,25.0102,0.2434
511.4500,0.0000,46.8074,95.1357,24.9883,0.2669
511.5000,0.0000,46.6585,95.2423,24.9743,0.2920
511.5500,0.0000,46.5088,95.3438,24.9683,0.3189
511.6000,0.0000,46.3579,95.4401,24.9704,0.3474
511.6500,0.0000,46.2055,95.5310,24.9806,0.3776
511.7000,0.0000,46.0513,95.6164,24.9991,0.4096
511.7500,0.0000,45.8951,95.6961,25.0259,0.4433
511.8000,0.0000,45.7366,95.7701,25.0611,0.4789
511.8500,0.0000,45.5758,95.8381,25.1049,0.5166
511.9000,0.0000,45.4124,95.9002,25.1573,0.5564
511.9500,0.0000,45.2466,95.9562,25.2186,0.5987
512.0000,0.0000,45.0783,96.0061,25.2888,0.6435
512.0500,0.0000,44.9075,96.0498,25.3681,0.6912
512.1000,0.0000,44.7341,96.0872,25.4565,0.7415
512.1500,0.0000,44.5579,96.1183,25.5537,0.7942
512.2000,0.0000,44.3787,96.1430,25.6597,0.8490
512.2500,0.0000,44.1965,96.1615,25.7743,0.9056
512.3000,0.0000,44.0111,96.1737,25.8973,0.9638
512.3500,0.0000,43.8225,96.1796,26.0287,1.0234
512.4000,0.0000,43.6306,96.1792,26.1682,1.0842
512.4500,0.0000,43.4355,96.1726,26.3156,1.1458
512.5000,0.0000,43.2372,96.1600,26.4709,1.2083
512.5500,0.0000,43.0356,96.1414,26.6338,1.2713
512.6000,0.0000,42.8299,96.1168,26.8041,1.3354
512.6500,0.0000,42.6196,96.0866,26.9817,1.4008
512.7000,0.0000,42.4041,96.0507,27.1662,1.4679
512.7500,0.0000,42.1826,96.0094,27.3576,1.5371
512.8000,0.0000,41.9549,95.9629,27.5556,1.6086
512.8500,0.0000,41.7204,95.9115,27.7600,1.6830
512.9000,0.0000,41.4788,95.8553,27.9705,1.7603
512.9500,0.0000,41.2299,95.7946,28.1869,1.8411
513.0000,0.0000,40.9735,95.7297,28.4090,1.9257
513.0500,0.0000,40.7093,95.6610,28.6365,2.0142
513.1000,0.0000,40.4374,95.5888,28.8693,2.1072
513.1500,0.0000,40.1578,95.5134,29.1069,2.2049
513.2000,0.0000,39.8704,95.4353,29.3492,2.3076
513.2500,0.0000,39.5754,95.3549,29.5960,2.4157
513.3000,0.0000,39.2731,95.2727,29.8469,2.5296
513.3500,0.0000,38.9637,95.1891,30.1017,2.6496
513.4000,0.0000,38.6474,95.1047,30.3602,2.7761
513.4500,0.0000,38.3248,95.0199,30.6220,2.9095
513.5000,0.0000,37.9962,94.9355,30.8870,3.0504
513.5500,0.0000,37.6620,94.8518,31.1548,3.1988
513.6000,0.0000,37.3224,94.7692,31.4253,3.3547
513.6500,0.0000,36.9774,94.6875,31.6981,3.5175
513.7000,0.0000,36.6270,94.6069,31.9730,3.6868
513.7500,0.0000,36.2713,94.5274,32.2499,3.8620
513.8000,0.0000,35.9104,94.4490,32.5283,4.0428
513.8500,0.0000,35.5444,94.3719,32.8082,4.2284
513.9000,0.0000,35.1736,94.2960,33.0892,4.4185
513.9500,0.0000,34.7981,94.2214,33.3712,4.6123
514.0000,0.0000,34.4182,94.1482,33.6541,4.8093
514.0500,0.0000,34.0341,94.0764,33.9374,5.0090
514.1000,0.0000,33.6459,94.0060,34.2211,5.2109
514.1500,0.0000,33.2539,93.9370,34.5048,5.4146
514.2000,0.0000,32.8582,93.8696,34.7882,5.6198
514.2500,0.0000,32.4592,93.8037,35.0711,5.8259
514.3000,0.0000,32.0572,93.7394,35.3533,6.0328
514.3500,0.0000,31.6524,93.6767,35.6345,6.2412
514.4000,0.0000,31.2453,93.6156,35.9147,6.4516
514.4500,0.0000,30.8363,93.5562,36.1937,6.6646
514.5000,0.0000,30.4258,93.4985,36.4715,6.8809
514.5500,0.0000,30.0144,93.4426,36.7478,7.1009
514.6000,0.0000,29.6026,93.3883,37.0228,7.3253
514.6500,0.0000,29.1910,93.3358,37.2964,7.5545
514.7000,0.0000,28.7803,93.2851,37.5687,7.7892
514.7500,0.0000,28.3711,93.2362,37.8397,8.0297
514.8000,0.0000,27.9641,93.1891,38.1096,8.2766
514.8500,0.0000,27.5601,93.1439,38.3786,8.5304
514.9000,0.0000,27.1600,93.1004,38.6468,8.7916
514.9500,0.0000,26.7647,93.0588,38.9145,9.0605
515.0000,0.0000,26.3750,93.0189,39.1820,9.3378
515.0500,0.0000,25.9917,92.9810,39.4496,9.6238
515.1000,0.0000,25.6153,92.9448,39.7172,9.9184
515.1500,0.0000,25.2458,92.9105,39.9846,10.2216
515.2000,0.0000,24.8833,92.8779,40.2516,10.5331
515.2500,0.0000,24.5281,92.8472,40.5181,10.8528
515.3000,0.0000,24.1803,92.8182,40.7840,11.1805
515.3500,0.0000,23.8400,92.7910,41.0493,11.5158
515.4000,0.0000,23.5075,92.7655,41.3137,11.8585
515.4500,0.0000,23.1829,92.7418,41.5774,12.2084
515.5000,0.0000,22.8664,92.7197,41.8402,12.5651
515.5500,0.0000,22.5583,92.6993,42.1021,12.9284
515.6000,0.0000,22.2589,92.6805,42.3623,13.2986
515.6500,0.0000,21.9688,92.6632,42.6202,13.6762
515.7000,0.0000,21.6885,92.6475,42.8751,14.0615
515.7500,0.0000,21.4184,92.6333,43.1265,14.4548
515.8000,0.0000,21.1589,92.6205,43.3738,14.8563
515.8500,0.0000,20.9106,92.6091,43.6167,15.2662
515.9000,0.0000,20.6740,92.5990,43.8548,15.6846
515.9500,0.0000,20.4494,92.5902,44.0879,16.1115
516.0000,0.0000,20.2374,92.5825,44.3159,16.5470
516.0500,0.0000,20.0386,92.5760,44.5386,16.9910
516.1000,0.0000,19.8532,92.5705,44.7561,17.4433
516.1500,0.0000,19.6820,92.5661,44.9684,17.9040
516.2000,0.0000,19.5254,92.5624,45.1757,18.3726
516.2500,0.0000,19.3840,92.5596,45.3775,18.8492
516.3000,0.0000,19.2583,92.5575,45.5733,19.3333
516.3500,0.0000,19.1489,92.5561,45.7629,19.8246
516.4000,0.0000,19.0564,92.5551,45.9459,20.3230
516.4500,0.0000,18.9815,92.5545,46.1221,20.8278
516.5000,0.0000,18.9247,92.5543,46.2915,21.3389
516.5500,0.0000,18.8867,92.5542,46.4540,21.8556
516.6000,0.0000,18.8674,92.5542,46.6090,22.3777
516.6500,0.0000,18.8667,92.5546,46.7558,22.9045
516.7000,0.0000,18.8843,92.5562,46.8937,23.4357
516.7500,0.0000,18.9200,92.5595,47.0221,23.9706
516.8000,0.0000,18.9736,92.5653,47.1404,24.5087
516.8500,0.0000,19.0449,92.5742,47.2482,25.0494
516.9000,0.0000,19.1337,92.5866,47.3449,25.5923
516.9500,0.0000,19.2395,92.6030,47.4301,26.1366
517.0000,0.0000,19.3623,92.6239,47.5034,26.6817
517.0500,0.0000,19.5017,92.6495,47.5644,27.2272
517.1000,0.0000,19.6569,92.6801,47.6126,27.7726
517.1500,0.0000,19.8271,92.7161,47.6474,28.3175
517.2000,0.0000,20.0116,92.7575,47.6684,28.8615
517.2500,0.0000,20.2097,92.8046,47.6750,29.4042
517.3000,0.0000,20.4207,92.8575,47.6670,29.9453
517.3500,0.0000,20.6439,92.9161,47.6439,30.4842
517.4000,0.0000,20.8788,92.9806,47.6056,31.0205
517.4500,0.0000,21.1247,93.0508,47.5517,31.5537
517.5000,0.0000,21.3812,93.1268,47.4821,32.0833
517.5500,0.0000,21.6478,93.2085,47.3967,32.6088
517.6000,0.0000,21.9241,93.2957,47.2953,33.1298
517.6500,0.0000,22.2096,93.3882,47.1780,33.6457
517.7000,0.0000,22.5041,93.4860,47.0446,34.1560
517.7500,0.0000,22.8072,93.5887,46.8953,34.6603
517.8000,0.0000,23.1188,93.6961,46.7301,35.1579
517.8500,0.0000,23.4386,93.8079,46.5492,35.6485
517.9000,0.0000,23.7666,93.9240,46.3526,36.1314
517.9500,0.0000,24.1027,94.0438,46.1407,36.6063
518.0000,0.0000,24.4468,94.1672,45.9136,37.0725
518.0500,0.0000,24.7989,94.2938,45.6717,37.5297
518.1000,0.0000,25.1584,94.4232,45.4152,37.9773
518.1500,0.0000,25.5245,94.5550,45.1446,38.4149
518.2000,0.0000,25.8966,94.6889,44.8601,38.8420
518.2500,0.0000,26.2738,94.8244,44.5623,39.2582
518.3000,0.0000,26.6554,94.9612,44.2517,39.6632
518.3500,0.0000,27.0409,95.0988,43.9286,40.0564
518.4000,0.0000,27.4295,95.2369,43.5937,40.4375
518.4500,0.0000,27.8205,95.3750,43.2475,40.8061
518.5000,0.0000,28.2134,95.5127,42.8907,41.1619
518.5500,0.0000,28.6076,95.6495,42.5237,41.5047
518.6000,0.0000,29.0025,95.7852,42.1465,41.8343
518.6500,0.0000,29.3974,95.9193,41.7591,42.1507
518.7000,0.0000,29.7920,96.0513,41.3615,42.4540
518.7500,0.0000,30.1857,96.1809,40.9538,42.7441
518.8000,0.0000,30.5780,96.3078,40.5361,43.0211
518.8500,0.0000,30.9686,96.4315,40.1087,43.2850
518.9000,0.0000,31.3569,96.5517,39.6719,43.5358
518.9500,0.0000,31.7427,96.6681,39.2262,43.7737
519.0000,0.0000,32.1256,96.7804,38.7720,43.9987
519.0500,0.0000,32.5053,96.8882,38.3099,44.2109
519.1000,0.0000,32.8815,96.9914,37.8406,44.4104
519.1500,0.0000,33.2541,97.0896,37.3646,44.5974
519.2000,0.0000,33.6229,97.1827,36.8829,44.7721
519.2500,0.0000,33.9877,97.2704,36.3963,44.9346
519.3000,0.0000,34.3485,97.3526,35.9057,45.0852
519.3500,0.0000,34.7052,97.4291,35.4120,45.2241
519.4000,0.0000,35.0579,97.5000,34.9165,45.3516
519.4500,0.0000,35.4067,97.5650,34.4201,45.4680
519.5000,0.0000,35.7517,97.6242,33.9241,45.5736
519.5500,0.0000,36.0928,97.6776,33.4297,45.6688
519.6000,0.0000,36.4298,97.7252,32.9374,45.7540
519.6500,0.0000,36.7618,97.7672,32.4476,45.8296
519.7000,0.0000,37.0883,97.8036,31.9609,45.8956
519.7500,0.0000,37.4086,97.8348,31.4776,45.9517
519.8000,0.0000,37.7223,97.8609,30.9985,45.9979
519.8500,0.0000,38.0286,97.8822,30.5238,46.0338
519.9000,0.0000,38.3271,97.8990,30.0541,46.0594
519.9500,0.0000,38.6172,97.9118,29.5899,46.0745
520.0000,0.0000,38.8982,97.9210,29.1318,46.0790
520.0500,0.0000,39.1698,97.9272,28.6802,46.0728
520.1000,0.0000,39.4311,97.9317,28.2356,46.0567
520.1500,0.0000,39.6814,97.9360,27.7986,46.0311
520.2000,0.0000,39.9200,97.9414,27.3696,45.9970
520.2500,0.0000,40.1462,97.9495,26.9492,45.9547
520.3000,0.0000,40.3597,97.9607,26.5378,45.9051
520.3500,0.0000,40.5609,97.9750,26.1359,45.8485
520.4000,0.0000,40.7501,97.9920,25.7441,45.7856
520.4500,0.0000,40.9278,98.0116,25.3627,45.7168
520.5000,0.0000,41.0943,98.0332,24.9922,45.6427
520.5500,0.0000,41.2502,98.0568,24.6331,45.5636
520.6000,0.0000,41.3961,98.0820,24.2858,45.4801
520.6500,0.0000,41.5326,98.1085,23.9506,45.3924
520.7000,0.0000,41.6602,98.1360,23.6282,45.3009
520.7500,0.0000,41.7797,98.1641,23.3187,45.2061
520.8000,0.0000,41.8918,98.1927,23.0225,45.1082
520.8500,0.0000,41.9973,98.2213,22.7401,45.0075
520.9000,0.0000,42.0972,98.2497,22.4718,44.9042
520.9500,0.0000,42.1922,98.2776,22.2178,44.7987
521.0000,0.0000,42.2834,98.3047,21.9785,44.6912
521.0500,0.0000,42.3717,98.3306,21.7540,44.5819
521.1000,0.0000,42.4573,98.3550,21.5445,44.4709
521.1500,0.0000,42.5405,98.3777,21.3497,44.3584
521.2000,0.0000,42.6216,98.3984,21.1696,44.2446
521.2500,0.0000,42.7007,98.4167,21.0041,44.1297
521.3000,0.0000,42.7782,98.4324,20.8528,44.0136
521.3500,0.0000,42.8542,98.4451,20.7156,43.8965
521.4000,0.0000,42.9292,98.4547,20.5921,43.7785
521.4500,0.0000,43.0032,98.4607,20.4820,43.6596
521.5000,0.0000,43.0768,98.4631,20.3852,43.5398
521.5500,0.0000,43.1500,98.4614,20.3018,43.4193
521.6000,0.0000,43.2225,98.4557,20.2318,43.2984
521.6500,0.0000,43.2940,98.4460,20.1750,43.1777
521.7000,0.0000,43.3639,98.4322,20.1311,43.0576
521.7500,0.0000,43.4322,98.4145,20.0997,42.9386
521.8000,0.0000,43.4985,98.3927,20.0808,42.8208
521.8500,0.0000,43.5627,98.3668,20.0740,42.7047
521.9000,0.0000,43.6248,98.3368,20.0790,42.5905
521.9500,0.0000,43.6846,98.3026,20.0957,42.4782
522.0000,0.0000,43.7424,98.2642,20.1237,42.3682
522.0500,0.0000,43.7982,98.2215,20.1629,42.2604
522.1000,0.0000,43.8521,98.1746,20.2130,42.1549
522.1500,0.0000,43.9046,98.1232,20.2737,42.0516
522.2000,0.0000,43.9558,98.0674,20.3448,41.9505
522.2500,0.0000,44.0063,98.0070,20.4260,41.8515
522.3000,0.0000,44.0564,97.9421,20.5172,41.7544
522.3500,0.0000,44.1067,97.8725,20.6179,41.6590
522.4000,0.0000,44.1578,97.7981,20.7281,41.5651
522.4500,0.0000,44.2104,97.7190,20.8474,41.4722
522.5000,0.0000,44.2652,97.6349,20.9755,41.3801
522.5500,0.0000,44.3229,97.5459,21.1122,41.2884
522.6000,0.0000,44.3835,97.4519,21.2572,41.1972
522.6500,0.0000,44.4472,97.3528,21.4103,41.1065
522.7000,0.0000,44.5139,97.2485,21.5712,41.0165
522.7500,0.0000,44.5837,97.1389,21.7396,40.9273
522.8000,0.0000,44.6566,97.0241,21.9151,40.8388
522.8500,0.0000,44.7326,96.9039,22.0977,40.7512
522.9000,0.0000,44.8119,96.7783,22.2868,40.6645
522.9500,0.0000,44.8945,96.6472,22.4824,40.5787
523.0000,0.0000,44.9805,96.5105,22.6840,40.4938
523.0500,0.0000,45.0699,96.3683,22.8914,40.4098
523.1000,0.0000,45.1621,96.2201,23.1037,40.3270
523.1500,0.0000,45.2564,96.0658,23.3201,40.2457
523.2000,0.0000,45.3522,95.9049,23.5399,40.1659
523.2500,0.0000,45.4490,95.7374,23.7623,40.0878
523.3000,0.0000,45.5463,95.5628,23.9866,40.0117
523.3500,0.0000,45.6435,95.3811,24.2121,39.9376
523.4000,0.0000,45.7403,95.1920,24.4382,39.8655
523.4500,0.0000,45.8364,94.9954,24.6642,39.7956
523.5000,0.0000,45.9313,94.7910,24.8896,39.7278
523.5500,0.0000,46.0250,94.5788,25.1138,39.6622
523.6000,0.0000,46.1170,94.3587,25.3362,39.5987
523.6500,0.0000,46.2074,94.1304,25.5565,39.5372
523.7000,0.0000,46.2958,93.8941,25.7741,39.4776
523.7500,0.0000,46.3821,93.6496,25.9887,39.4199
523.8000,0.0000,46.4664,93.3968,26.1997,39.3638
523.8500,0.0000,46.5486,93.1358,26.4070,39.3091
523.9000,0.0000,46.6286,92.8665,26.6101,39.2557
523.9500,0.0000,46.7066,92.5889,26.8088,39.2033
524.0000,0.0000,46.7824,92.3032,27.0028,39.1516
524.0500,0.0000,46.8563,92.0093,27.1919,39.1003
524.1000,0.0000,46.9282,91.7072,27.3757,39.0494
524.1500,0.0000,46.9980,91.3972,27.5540,38.9988
524.2000,0.0000,47.0658,91.0791,27.7266,38.9483
524.2500,0.0000,47.1315,90.7533,27.8931,38.8979
524.3000,0.0000,47.1952,90.4197,28.0534,38.8475
524.3500,0.0000,47.2570,90.0786,28.2072,38.7970
524.4000,0.0000,47.3168,89.7300,28.3545,38.7461
524.4500,0.0000,47.3747,89.3742,28.4950,38.6948
524.5000,0.0000,47.4309,89.0112,28.6288,38.6428
524.5500,0.0000,47.4852,88.6415,28.7558,38.5900
524.6000,0.0000,47.5379,88.2659,28.8760,38.5367
524.6500,0.0000,47.5889,87.8855,28.9893,38.4831
524.7000,0.0000,47.6384,87.5010,29.0958,38.4295
524.7500,0.0000,47.6865,87.1136,29.1957,38.3760
524.8000,0.0000,47.7332,86.7240,29.2891,38.3228
524.8500,0.0000,47.7785,86.3332,29.3761,38.2699
524.9000,0.0000,47.8227,85.9418,29.4570,38.2174
524.9500,0.0000,47.8657,85.5508,29.5320,38.1651
525.0000,0.0000,47.9077,85.1607,29.6014,38.1130
525.0500,0.0000,47.9486,84.7723,29.6656,38.0610
525.1000,0.0000,47.9887,84.3863,29.7249,38.0088
525.1500,0.0000,48.0278,84.0033,29.7799,37.9561
525.2000,0.0000,48.0662,83.6240,29.8309,37.9028
525.2500,0.0000,48.1037,83.2487,29.8787,37.8483
525.3000,0.0000,48.1405,82.8782,29.9237,37.7922
525.3500,0.0000,48.1766,82.5128,29.9666,37.7341
525.4000,0.0000,48.2120,82.1531,30.0081,37.6735
525.4500,0.0000,48.2468,81.7995,30.0490,37.6096
525.5000,0.0000,48.2808,81.4524,30.0901,37.5419
525.5500,0.0000,48.3143,81.1121,30.1322,37.4697
525.6000,0.0000,48.3473,80.7791,30.1755,37.3931
525.6500,0.0000,48.3801,80.4536,30.2201,37.3121
525.7000,0.0000,48.4132,80.1358,30.2660,37.2269
525.7500,0.0000,48.4466,79.8261,30.3134,37.1374
525.8000,0.0000,48.4809,79.5246,30.3623,37.0439
525.8500,0.0000,48.5161,79.2316,30.4131,36.9462
525.9000,0.0000,48.5528,78.9472,30.4657,36.8446
525.9500,0.0000,48.5911,78.6716,30.5204,36.7390
526.0000,0.0000,48.6314,78.4048,30.5774,36.6295
526.0500,0.0000,48.6739,78.1469,30.6368,36.5162
526.1000,0.0000,48.7182,77.8979,30.6983,36.3996
526.1500,0.0000,48.7640,77.6579,30.7618,36.2802
526.2000,0.0000,48.8108,77.4268,30.8271,36.1586
526.2500,0.0000,48.8582,77.2046,30.8938,36.0353
526.3000,0.0000,48.9061,76.9912,30.9621,35.9106
526.3500,0.0000,48.9542,76.7864,31.0318,35.7849
526.4000,0.0000,49.0023,76.5903,31.1030,35.6586
526.4500,0.0000,49.0504,76.4025,31.1758,35.5320
526.5000,0.0000,49.0983,76.2228,31.2502,35.4053
526.5500,0.0000,49.1461,76.0512,31.3266,35.2789
526.6000,0.0000,49.1938,75.8871,31.4051,35.1529
526.6500,0.0000,49.2416,75.7305,31.4857,35.0274
526.7000,0.0000,49.2896,75.5809,31.5679,34.9027
526.7500,0.0000,49.3379,75.4379,31.6514,34.7788
526.8000,0.0000,49.3869,75.3013,31.7357,34.6557
526.8500,0.0000,49.4369,75.1705,31.8205,34.5335
526.9000,0.0000,49.4882,75.0451,31.9056,34.4122
526.9500,0.0000,49.5412,74.9246,31.9908,34.2918
527.0000,0.0000,49.5964,74.8084,32.0758,34.1720
527.0500,0.0000,49.6542,74.6961,32.1604,34.0530
527.1000,0.0000,49.7146,74.5869,32.2444,33.9347
527.1500,0.0000,49.7777,74.4803,32.3273,33.8173
527.2000,0.0000,49.8434,74.3756,32.4088,33.7009
527.2500,0.0000,49.9118,74.2720,32.4885,33.5856
527.3000,0.0000,49.9828,74.1690,32.5663,33.4714
527.3500,0.0000,50.0565,74.0666,32.6418,33.3585
527.4000,0.0000,50.1330,73.9652,32.7147,33.2468
527.4500,0.0000,50.2123,73.8655,32.7849,33.1364
527.5000,0.0000,50.2945,73.7677,32.8523,33.0272
527.5500,0.0000,50.3797,73.6725,32.9164,32.9192
527.6000,0.0000,50.4679,73.5804,32.9766,32.8125
527.6500,0.0000,50.5592,73.4921,33.0319,32.7069
527.7000,0.0000,50.6539,73.4083,33.0816,32.6024
527.7500,0.0000,50.7519,73.3296,33.1248,32.4988
527.8000,0.0000,50.8535,73.2566,33.1611,32.3960
527.8500,0.0000,50.9587,73.1897,33.1898,32.2940
527.9000,0.0000,51.0678,73.1297,33.2104,32.1925
527.9500,0.0000,51.1808,73.0769,33.2226,32.0916
528.0000,0.0000,51.2979,73.0318,33.2260,31.9912
528.0500,0.0000,51.4194,72.9949,33.2204,31.8912
528.1000,0.0000,51.5453,72.9665,33.2056,31.7918
528.1500,0.0000,51.6760,72.9471,33.1816,31.6927
528.2000,0.0000,51.8115,72.9370,33.1482,31.5939
528.2500,0.0000,51.9522,72.9366,33.1055,31.4954
528.3000,0.0000,52.0982,72.9461,33.0538,31.3970
528.3500,0.0000,52.2497,72.9658,32.9931,31.2985
528.4000,0.0000,52.4070,72.9959,32.9239,31.1999
528.4500,0.0000,52.5704,73.0366,32.8464,31.1009
528.5000,0.0000,52.7401,73.0882,32.7610,31.0013
528.5500,0.0000,52.9165,73.1508,32.6682,30.9010
528.6000,0.0000,53.0996,73.2244,32.5679,30.7999
528.6500,0.0000,53.2892,73.3092,32.4597,30.6982
528.7000,0.0000,53.4842,73.4053,32.3433,30.5957
528.7500,0.0000,53.6838,73.5126,32.2186,30.4926
528.8000,0.0000,53.8869,73.6312,32.0854,30.3888
528.8500,0.0000,54.0928,73.7610,31.9435,30.2844
528.9000,0.0000,54.3005,73.9019,31.7926,30.1793
528.9500,0.0000,54.5092,74.0539,31.6328,30.0734
529.0000,0.0000,54.7181,74.2168,31.4638,29.9668
529.0500,0.0000,54.9265,74.3904,31.2855,29.8593
529.1000,0.0000,55.1336,74.5749,31.0980,29.7509
529.1500,0.0000,55.3388,74.7702,30.9010,29.6414
529.2000,0.0000,55.5414,74.9763,30.6946,29.5308
529.2500,0.0000,55.7408,75.1931,30.4787,29.4189
529.3000,0.0000,55.9363,75.4206,30.2532,29.3056
529.3500,0.0000,56.1274,75.6584,30.0183,29.1906
529.4000,0.0000,56.3137,75.9063,29.7739,29.0737
529.4500,0.0000,56.4945,76.1641,29.5201,28.9548
529.5000,0.0000,56.6695,76.4314,29.2568,28.8335
529.5500,0.0000,56.8383,76.7079,28.9842,28.7095
529.6000,0.0000,57.0004,76.9929,28.7023,28.5825
529.6500,0.0000,57.1555,77.2861,28.4112,28.4522
529.7000,0.0000,57.3033,77.5868,28.1110,28.3181
529.7500,0.0000,57.4436,77.8945,27.8019,28.1799
529.8000,0.0000,57.5761,78.2084,27.4840,28.0370
529.8500,0.0000,57.7006,78.5278,27.1574,27.8890
529.9000,0.0000,57.8170,78.8519,26.8223,27.7353
529.9500,0.0000,57.9252,79.1798,26.4789,27.5753
530.0000,0.0000,58.0251,79.5106,26.1273,27.4085
530.0500,0.0000,58.1167,79.8435,25.7679,27.2341
530.1000,0.0000,58.1996,80.1781,25.4007,27.0524
530.1500,0.0000,58.2738,80.5144,25.0262,26.8634
530.2000,0.0000,58.3390,80.8521,24.6445,26.6673
530.2500,0.0000,58.3949,81.1910,24.2558,26.4643
530.3000,0.0000,58.4414,81.5309,23.8606,26.2546
530.3500,0.0000,58.4785,81.8717,23.4592,26.0383
530.4000,0.0000,58.5060,82.2132,23.0518,25.8156
530.4500,0.0000,58.5238,82.5550,22.6388,25.5866
530.5000,0.0000,58.5320,82.8971,22.2206,25.3515
530.5500,0.0000,58.5306,83.2391,21.7978,25.1106
530.6000,0.0000,58.5202,83.5807,21.3714,24.8638
530.6500,0.0000,58.5015,83.9215,20.9426,24.6114
530.7000,0.0000,58.4750,84.2611,20.5124,24.3536
530.7500,0.0000,58.4413,84.5992,20.0817,24.0904
530.8000,0.0000,58.4008,84.9354,19.6516,23.8219
530.8500,0.0000,58.3540,85.2693,19.2227,23.5484
530.9000,0.0000,58.3012,85.6006,18.7960,23.2698
530.9500,0.0000,58.2429,85.9289,18.3721,22.9864
531.0000,0.0000,58.1793,86.2538,17.9517,22.6980
531.0500,0.0000,58.1107,86.5750,17.5354,22.4049
531.1000,0.0000,58.0375,86.8921,17.1240,22.1070
531.1500,0.0000,57.9601,87.2048,16.7179,21.8044
531.2000,0.0000,57.8786,87.5126,16.3178,21.4971
531.2500,0.0000,57.7935,87.8152,15.9242,21.1851
531.3000,0.0000,57.7051,88.1123,15.5376,20.8683
531.3500,0.0000,57.6137,88.4035,15.1587,20.5467
531.4000,0.0000,57.5197,88.6885,14.7880,20.2202
531.4500,0.0000,57.4235,88.9668,14.4260,19.8886
531.5000,0.0000,57.3256,89.2382,14.0734,19.5519
531.5500,0.0000,57.2264,89.5022,13.7306,19.2100
531.6000,0.0000,57.1256,89.7589,13.3975,18.8632
531.6500,0.0000,57.0229,90.0081,13.0739,18.5118
531.7000,0.0000,56.9180,90.2497,12.7594,18.1563
531.7500,0.0000,56.8105,90.4839,12.4537,17.7971
531.8000,0.0000,56.7002,90.7105,12.1566,17.4346
531.8500,0.0000,56.5866,90.9295,11.8677,17.0691
531.9000,0.0000,56.4696,91.1411,11.5868,16.7012
531.9500,0.0000,56.3489,91.3452,11.3135,16.3311
532.0000,0.0000,56.2243,91.5419,11.0475,15.9593
532.0500,0.0000,56.0954,91.7314,10.7885,15.5861
532.1000,0.0000,55.9617,91.9138,10.5359,15.2121
532.1500,0.0000,55.8224,92.0896,10.2893,14.8374
532.2000,0.0000,55.6770,92.2592,10.0482,14.4626
532.2500,0.0000,55.5250,92.4229,9.8120,14.0880
532.3000,0.0000,55.3660,92.5811,9.5804,13.7139
532.3500,0.0000,55.1995,92.7341,9.3530,13.3407
532.4000,0.0000,55.0253,92.8823,9.1294,12.9687
532.4500,0.0000,54.8433,93.0260,8.9095,12.5983
532.5000,0.0000,54.6531,93.1657,8.6928,12.2297
532.5500,0.0000,54.4550,93.3017,8.4794,11.8634
532.6000,0.0000,54.2488,93.4342,8.2690,11.4994
532.6500,0.0000,54.0347,93.5638,8.0615,11.1382
532.7000,0.0000,53.8129,93.6907,7.8569,10.7800
532.7500,0.0000,53.5838,93.8153,7.6553,10.4249
532.8000,0.0000,53.3476,93.9380,7.4568,10.0733
532.8500,0.0000,53.1050,94.0592,7.2614,9.7253
532.9000,0.0000,52.8565,94.1792,7.0693,9.3810
532.9500,0.0000,52.6026,94.2983,6.8810,9.0406
533.0000,0.0000,52.3443,94.4170,6.6966,8.7043
533.0500,0.0000,52.0821,94.5355,6.5165,8.3721
533.1000,0.0000,51.8162,94.6540,6.3406,8.0444
533.1500,0.0000,51.5468,94.7725,6.1688,7.7215
533.2000,0.0000,51.2740,94.8911,6.0010,7.4037
533.2500,0.0000,50.9978,95.0098,5.8372,7.0915
533.3000,0.0000,50.7185,95.1286,5.6774,6.7850
533.3500,0.0000,50.4363,95.2474,5.5215,6.4846
533.4000,0.0000,50.1514,95.3663,5.3696,6.1905
533.4500,0.0000,49.8642,95.4851,5.2217,5.9030
533.5000,0.0000,49.5748,95.6038,5.0779,5.6224
533.5500,0.0000,49.2837,95.7224,4.9383,5.3488
533.6000,0.0000,48.9905,95.8409,4.8029,5.0824
533.6500,0.0000,48.6953,95.9595,4.6721,4.8235
533.7000,0.0000,48.3978,96.0781,4.5458,4.5722
533.7500,0.0000,48.0981,96.1970,4.4243,4.3285
533.8000,0.0000,47.7960,96.3160,4.3078,4.0926
533.8500,0.0000,47.4918,96.4351,4.1964,3.8646
533.9000,0.0000,47.1853,96.5543,4.0905,3.6445
533.9500,0.0000,46.8768,96.6733,3.9901,3.4323
534.0000,0.0000,46.5663,96.7920,3.8957,3.2280
534.0500,0.0000,46.2540,96.9102,3.8073,3.0316
534.1000,0.0000,45.9401,97.0277,3.7252,2.8430
534.1500,0.0000,45.6247,97.1441,3.6497,2.6620
534.2000,0.0000,45.3082,97.2590,3.5811,2.4885
534.2500,0.0000,44.9906,97.3721,3.5195,2.3223
534.3000,0.0000,44.6723,97.4829,3.4652,2.1632
534.3500,0.0000,44.3534,97.5909,3.4185,2.0110
534.4000,0.0000,44.0342,97.6956,3.3795,1.8652
534.4500,0.0000,43.7148,97.7965,3.3484,1.7256
534.5000,0.0000,43.3955,97.8927,3.3255,1.5918
534.5500,0.0000,43.0765,97.9839,3.3109,1.4634
534.6000,0.0000,42.7579,98.0700,3.3046,1.3404
534.6500,0.0000,42.4398,98.1511,3.3069,1.2230
534.7000,0.0000,42.1224,98.2275,3.3178,1.1111
534.7500,0.0000,41.8056,98.2993,3.3373,1.0049
534.8000,0.0000,41.4894,98.3666,3.3655,0.9044
534.8500,0.0000,41.1739,98.4295,3.4022,0.8096
534.9000,0.0000,40.8590,98.4883,3.4474,0.7206
534.9500,0.0000,40.5444,98.5432,3.5009,0.6374
535.0000,0.0000,40.2299,98.5942,3.5626,0.5599
535.0500,0.0000,39.9151,98.6416,3.6322,0.4882
535.1000,0.0000,39.5990,98.6855,3.7090,0.4226
535.1500,0.0000,39.2803,98.7261,3.7924,0.3638
535.2000,0.0000,38.9587,98.7636,3.8818,0.3120
535.2500,0.0000,38.6342,98.7982,3.9763,0.2676
535.3000,0.0000,38.3067,98.8301,4.0750,0.2308
535.3500,0.0000,37.9760,98.8595,4.1772,0.2020
535.4000,0.0000,37.6421,98.8866,4.2817,0.1813
535.4500,0.0000,37.3046,98.9117,4.3875,0.1688
535.5000,0.0000,36.9633,98.9348,4.4934,0.1646
535.5500,0.0000,36.6179,98.9564,4.5984,0.1688
535.6000,0.0000,36.2690,98.9765,4.7021,0.1813
535.6500,0.0000,35.9175,98.9955,4.8044,0.2020
535.7000,0.0000,35.5642,99.0136,4.9053,0.2308
535.7500,0.0000,35.2101,99.0310,5.0047,0.2676
535.8000,0.0000,34.8560,99.0480,5.1026,0.3120
535.8500,0.0000,34.5030,99.0649,5.1991,0.3638
535.9000,0.0000,34.1523,99.0820,5.2943,0.4226
535.9500,0.0000,33.8049,99.0995,5.3883,0.4882
536.0000,0.0000,33.4620,99.1177,5.4812,0.5599
536.0500,0.0000,33.1247,99.1369,5.5734,0.6374
536.1000,0.0000,32.7936,99.1575,5.6644,0.7206
536.1500,0.0000,32.4690,99.1795,5.7541,0.8096
536.2000,0.0000,32.1514,99.2029,5.8421,0.9044
536.2500,0.0000,31.8412,99.2275,5.9281,1.0049
536.3000,0.0000,31.5388,99.2531,6.0120,1.1111
536.3500,0.0000,31.2445,99.2795,6.0934,1.2230
536.4000,0.0000,30.9588,99.3066,6.1722,1.3404
536.4500,0.0000,30.6820,99.3341,6.2480,1.4634
536.5000,0.0000,30.4146,99.3619,6.3209,1.5918
536.5500,0.0000,30.1567,99.3897,6.3904,1.7256
536.6000,0.0000,29.9083,99.4178,6.4563,1.8649
536.6500,0.0000,29.6693,99.4460,6.5181,2.0097
536.7000,0.0000,29.4394,99.4745,6.5755,2.1603
536.7500,0.0000,29.2185,99.5032,6.6282,2.3168
536.8000,0.0000,29.0066,99.5322,6.6759,2.4790
536.8500,0.0000,28.8034,99.5615,6.7182,2.6472
536.9000,0.0000,28.6091,99.5910,6.7553,2.8212
536.9500,0.0000,28.4234,99.6206,6.7873,3.0011
537.0000,0.0000,28.2463,99.6503,6.8145,3.1869
537.0500,0.0000,28.0779,99.6799,6.8372,3.3784
537.1000,0.0000,27.9180,99.7093,6.8559,3.5756
537.1500,0.0000,27.7667,99.7384,6.8708,3.7784
537.2000,0.0000,27.6239,99.7671,6.8827,3.9867
537.2500,0.0000,27.4897,99.7950,6.8918,4.2003
537.3000,0.0000,27.3641,99.8220,6.8989,4.4191
537.3500,0.0000,27.2470,99.8480,6.9046,4.6429
537.4000,0.0000,27.1385,99.8725,6.9095,4.8715
537.4500,0.0000,27.0387,99.8953,6.9144,5.1047
537.5000,0.0000,26.9474,99.9162,6.9200,5.3424
537.5500,0.0000,26.8649,99.9349,6.9271,5.5843
537.6000,0.0000,26.7909,99.9511,6.9358,5.8302
537.6500,0.0000,26.7257,99.9650,6.9462,6.0797
537.7000,0.0000,26.6692,99.9765,6.9582,6.3328
537.7500,0.0000,26.6215,99.9854,6.9718,6.5890
537.8000,0.0000,26.5825,99.9917,6.9872,6.8482
537.8500,0.0000,26.5523,99.9953,7.0042,7.1100
537.9000,0.0000,26.5309,99.9961,7.0230,7.3742
537.9500,0.0000,26.5183,99.9941,7.0436,7.6408
538.0000,0.0000,26.5146,99.9891,7.0659,7.9096
538.0500,0.0000,26.5196,99.9811,7.0901,8.1802
538.1000,0.0000,26.5336,99.9704,7.1158,8.4516
538.1500,0.0000,26.5566,99.9572,7.1429,8.7224
538.2000,0.0000,26.5888,99.9419,7.1711,8.9915
538.2500,0.0000,26.6303,99.9245,7.2003,9.2581
538.3000,0.0000,26.6811,99.9053,7.2303,9.5212
538.3500,0.0000,26.7413,99.8845,7.2609,9.7799
538.4000,0.0000,26.8110,99.8622,7.2919,10.0338
538.4500,0.0000,26.8902,99.8386,7.3233,10.2821
538.5000,0.0000,26.9789,99.8136,7.3550,10.5245
538.5500,0.0000,27.0771,99.7874,7.3868,10.7605
538.6000,0.0000,27.1848,99.7600,7.4186,10.9897
538.6500,0.0000,27.3020,99.7314,7.4504,11.2120
538.7000,0.0000,27.4287,99.7015,7.4821,11.4273
538.7500,0.0000,27.5649,99.6704,7.5137,11.6352
538.8000,0.0000,27.7104,99.6379,7.5451,11.8360
538.8500,0.0000,27.8653,99.6040,7.5763,12.0294
538.9000,0.0000,28.0294,99.5685,7.6073,12.2157
538.9500,0.0000,28.2027,99.5313,7.6382,12.3949
539.0000,0.0000,28.3851,99.4923,7.6688,12.5672
539.0500,0.0000,28.5765,99.4512,7.6993,12.7327
539.1000,0.0000,28.7767,99.4082,7.7296,12.8917
539.1500,0.0000,28.9857,99.3633,7.7599,13.0444
539.2000,0.0000,29.2033,99.3165,7.7902,13.1911
539.2500,0.0000,29.4294,99.2680,7.8205,13.3322
539.3000,0.0000,29.6639,99.2179,7.8509,13.4679
539.3500,0.0000,29.9066,99.1661,7.8816,13.5986
539.4000,0.0000,30.1574,99.1128,7.9126,13.7247
539.4500,0.0000,30.4162,99.0579,7.9440,13.8465
539.5000,0.0000,30.6828,99.0016,7.9760,13.9643
539.5500,0.0000,30.9570,98.9440,8.0086,14.0786
539.6000,0.0000,31.2381,98.8850,8.0414,14.1898
539.6500,0.0000,31.5256,98.8248,8.0742,14.2982
539.7000,0.0000,31.8188,98.7633,8.1065,14.4042
539.7500,0.0000,32.1170,98.7007,8.1382,14.5082
539.8000,0.0000,32.4198,98.6370,8.1688,14.6105
539.8500,0.0000,32.7267,98.5723,8.1984,14.7116
539.9000,0.0000,33.0371,98.5066,8.2266,14.8116
539.9500,0.0000,33.3507,98.4400,8.2534,14.9111
540.0000,0.0000,33.6670,98.3726,8.2787,15.0102
540.0500,0.0000,33.9857,98.3044,8.3024,15.1094
540.1000,0.0000,34.3065,98.2355,8.3246,15.2088
540.1500,0.0000,34.6291,98.1660,8.3453,15.3087
540.2000,0.0000,34.9532,98.0960,8.3645,15.4094
540.2500,0.0000,35.2788,98.0255,8.3824,15.5111
540.3000,0.0000,35.6056,97.9547,8.3992,15.6140
540.3500,0.0000,35.9336,97.8836,8.4149,15.7183
540.4000,0.0000,36.2627,97.8124,8.4298,15.8241
540.4500,0.0000,36.5930,97.7411,8.4443,15.9316
540.5000,0.0000,36.9245,97.6698,8.4585,16.0409
540.5500,0.0000,37.2571,97.5987,8.4728,16.1519
540.6000,0.0000,37.5908,97.5277,8.4872,16.2649
540.6500,0.0000,37.9253,97.4569,8.5019,16.3798
540.7000,0.0000,38.2602,97.3860,8.5169,16.4966
540.7500,0.0000,38.5955,97.3153,8.5324,16.6154
540.8000,0.0000,38.9309,97.2444,8.5485,16.7360
540.8500,0.0000,39.2664,97.1736,8.5654,16.8584
540.9000,0.0000,39.6017,97.1026,8.5831,16.9825
540.9500,0.0000,39.9368,97.0314,8.6020,17.1082
541.0000,0.0000,40.2717,96.9599,8.6221,17.2354
541.0500,0.0000,40.6062,96.8882,8.6437,17.3639
541.1000,0.0000,40.9392,96.8166,8.6679,17.4937
541.1500,0.0000,41.2697,96.7453,8.6955,17.6247
541.2000,0.0000,41.5970,96.6746,8.7273,17.7568
541.2500,0.0000,41.9202,96.6048,8.7640,17.8899
541.3000,0.0000,42.2389,96.5361,8.8063,18.0239
541.3500,0.0000,42.5527,96.4687,8.8548,18.1587
541.4000,0.0000,42.8613,96.4027,8.9099,18.2941
541.4500,0.0000,43.1639,96.3383,8.9721,18.4298
541.5000,0.0000,43.4602,96.2757,9.0418,18.5658
541.5500,0.0000,43.7497,96.2148,9.1191,18.7017
541.6000,0.0000,44.0322,96.1557,9.2045,18.8374
541.6500,0.0000,44.3075,96.0984,9.2981,18.9727
541.7000,0.0000,44.5755,96.0429,9.4000,19.1074
541.7500,0.0000,44.8363,95.9892,9.5104,19.2412
541.8000,0.0000,45.0900,95.9372,9.6294,19.3739
541.8500,0.0000,45.3367,95.8869,9.7570,19.5054
541.9000,0.0000,45.5769,95.8379,9.8933,19.6354
541.9500,0.0000,45.8108,95.7903,10.0382,19.7637
542.0000,0.0000,46.0390,95.7438,10.1919,19.8902
542.0500,0.0000,46.2618,95.6982,10.3541,20.0148
542.1000,0.0000,46.4794,95.6536,10.5247,20.1373
542.1500,0.0000,46.6918,95.6100,10.7034,20.2577
542.2000,0.0000,46.8991,95.5674,10.8897,20.3758
542.2500,0.0000,47.1014,95.5258,11.0833,20.4918
542.3000,0.0000,47.2988,95.4853,11.2838,20.6055
542.3500,0.0000,47.4916,95.4457,11.4908,20.7172
542.4000,0.0000,47.6798,95.4071,11.7040,20.8268
542.4500,0.0000,47.8637,95.3695,11.9228,20.9347
542.5000,0.0000,48.0436,95.3328,12.1470,21.0410
542.5500,0.0000,48.2195,95.2970,12.3759,21.1460
542.6000,0.0000,48.3919,95.2620,12.6086,21.2496
542.6500,0.0000,48.5608,95.2276,12.8437,21.3516
542.7000,0.0000,48.7267,95.1940,13.0803,21.4523
542.7500,0.0000,48.8897,95.1608,13.3172,21.5516
542.8000,0.0000,49.0502,95.1280,13.5534,21.6500
542.8500,0.0000,49.2083,95.0956,13.7880,21.7478
542.9000,0.0000,49.3646,95.0633,14.0202,21.8456
542.9500,0.0000,49.5191,95.0311,14.2490,21.9441
543.0000,0.0000,49.6723,94.9987,14.4738,22.0440
543.0500,0.0000,49.8243,94.9660,14.6938,22.1463
543.1000,0.0000,49.9756,94.9328,14.9085,22.2510
543.1500,0.0000,50.1265,94.8990,15.1172,22.3580
543.2000,0.0000,50.2772,94.8644,15.3195,22.4673
543.2500,0.0000,50.4281,94.8286,15.5149,22.5789
543.3000,0.0000,50.5796,94.7916,15.7031,22.6926
543.3500,0.0000,50.7319,94.7530,15.8836,22.8086
543.4000,0.0000,50.8853,94.7126,16.0563,22.9268
543.4500,0.0000,51.0404,94.6702,16.2209,23.0472
543.5000,0.0000,51.1973,94.6254,16.3774,23.1698
543.5500,0.0000,51.3565,94.5781,16.5255,23.2946
543.6000,0.0000,51.5177,94.5281,16.6654,23.4216
543.6500,0.0000,51.6807,94.4755,16.7970,23.5509
543.7000,0.0000,51.8454,94.4202,16.9205,23.6826
543.7500,0.0000,52.0114,94.3623,17.0360,23.8165
543.8000,0.0000,52.1785,94.3018,17.1436,23.9528
543.8500,0.0000,52.3464,94.2386,17.2437,24.0914
543.9000,0.0000,52.5147,94.1728,17.3365,24.2324
543.9500,0.0000,52.6832,94.1043,17.4224,24.3758
544.0000,0.0000,52.8515,94.0333,17.5018,24.5215
544.0500,0.0000,53.0194,93.9597,17.5750,24.6699
544.1000,0.0000,53.1874,93.8838,17.6421,24.8214
544.1500,0.0000,53.3558,93.8059,17.7031,24.9769
544.2000,0.0000,53.5251,93.7262,17.7581,25.1371
544.2500,0.0000,53.6956,93.6451,17.8072,25.3026
544.3000,0.0000,53.8677,93.5627,17.8507,25.4741
544.3500,0.0000,54.0417,93.4793,17.8887,25.6520
544.4000,0.0000,54.2177,93.3951,17.9218,25.8368
544.4500,0.0000,54.3962,93.3102,17.9502,26.0289
544.5000,0.0000,54.5772,93.2250,17.9744,26.2286
544.5500,0.0000,54.7610,93.1395,17.9950,26.4363
544.6000,0.0000,54.9478,93.0539,18.0124,26.6521
544.6500,0.0000,55.1378,92.9684,18.0273,26.8761
544.7000,0.0000,55.3312,92.8831,18.0404,27.1085
544.7500,0.0000,55.5282,92.7981,18.0522,27.3494
544.8000,0.0000,55.7290,92.7135,18.0635,27.5986
544.8500,0.0000,55.9340,92.6294,18.0751,27.8560
544.9000,0.0000,56.1432,92.5460,18.0876,28.1215
544.9500,0.0000,56.3572,92.4633,18.1018,28.3949
545.0000,0.0000,56.5762,92.3813,18.1185,28.6759
545.0500,0.0000,56.8004,92.3001,18.1386,28.9641
545.1000,0.0000,57.0297,92.2197,18.1624,29.2598
545.1500,0.0000,57.2634,92.1402,18.1906,29.5630
545.2000,0.0000,57.5013,92.0616,18.2235,29.8738
545.2500,0.0000,57.7430,91.9843,18.2617,30.1923
545.3000,0.0000,57.9880,91.9087,18.3054,30.5186
545.3500,0.0000,58.2361,91.8351,18.3552,30.8527
545.4000,0.0000,58.4869,91.7638,18.4113,31.1945
545.4500,0.0000,58.7402,91.6953,18.4740,31.5442
545.5000,0.0000,58.9958,91.6298,18.5435,31.9015
545.5500,0.0000,59.2536,91.5674,18.6199,32.2664
545.6000,0.0000,59.5134,91.5077,18.7031,32.6388
545.6500,0.0000,59.7754,91.4502,18.7929,33.0185
545.7000,0.0000,60.0396,91.3943,18.8889,33.4054
545.7500,0.0000,60.3062,91.3395,18.9908,33.7994
545.8000,0.0000,60.5754,91.2854,19.0981,34.2001
545.8500,0.0000,60.8477,91.2316,19.2103,34.6073
545.9000,0.0000,61.1234,91.1775,19.3268,35.0208
545.9500,0.0000,61.4034,91.1227,19.4469,35.4403
546.0000,0.0000,61.6882,91.0670,19.5698,35.8655
546.0500,0.0000,61.9786,91.0098,19.6946,36.2960
546.1000,0.0000,62.2745,90.9509,19.8215,36.7315
546.1500,0.0000,62.5758,90.8899,19.9506,37.1716
546.2000,0.0000,62.8824,90.8264,20.0822,37.6159
546.2500,0.0000,63.1939,90.7602,20.2164,38.0640
546.3000,0.0000,63.5104,90.6910,20.3536,38.5153
546.3500,0.0000,63.8316,90.6183,20.4940,38.9695
546.4000,0.0000,64.1575,90.5420,20.6378,39.4261
546.4500,0.0000,64.4879,90.4617,20.7856,39.8845
546.5000,0.0000,64.8228,90.3771,20.9374,40.3443
546.5500,0.0000,65.1620,90.2880,21.0938,40.8048
546.6000,0.0000,65.5050,90.1944,21.2547,41.2658
546.6500,0.0000,65.8513,90.0962,21.4203,41.7270
546.7000,0.0000,66.2000,89.9935,21.5907,42.1881
546.7500,0.0000,66.5507,89.8863,21.7659,42.6489
546.8000,0.0000,66.9027,89.7748,21.9460,43.1089
546.8500,0.0000,67.2552,89.6589,22.1312,43.5681
546.9000,0.0000,67.6077,89.5387,22.3214,44.0260
546.9500,0.0000,67.9595,89.4144,22.5168,44.4824
547.0000,0.0000,68.3099,89.2860,22.7175,44.9370
547.0500,0.0000,68.6583,89.1536,22.9234,45.3895
547.1000,0.0000,69.0046,89.0170,23.1338,45.8397
547.1500,0.0000,69.3486,88.8762,23.3482,46.2872
547.2000,0.0000,69.6901,88.7309,23.5659,46.7319
547.2500,0.0000,70.0289,88.5810,23.7862,47.1734
547.3000,0.0000,70.3648,88.4264,24.0087,47.6114
547.3500,0.0000,70.6974,88.2671,24.2327,48.0458
547.4000,0.0000,71.0267,88.1030,24.4579,48.4763
547.4500,0.0000,71.3521,87.9339,24.6839,48.9026
547.5000,0.0000,71.6733,87.7599,24.9102,49.3245
547.5500,0.0000,71.9901,87.5808,25.1366,49.7417
547.6000,0.0000,72.3020,87.3967,25.3628,50.1541
547.6500,0.0000,72.6086,87.2074,25.5886,50.5615
547.7000,0.0000,72.9096,87.0130,25.8137,50.9636
547.7500,0.0000,73.2044,86.8134,26.0380,51.3603
547.8000,0.0000,73.4926,86.6085,26.2614,51.7514
547.8500,0.0000,73.7739,86.3983,26.4838,52.1367
547.9000,0.0000,74.0476,86.1828,26.7053,52.5161
547.9500,0.0000,74.3134,85.9618,26.9257,52.8894
548.0000,0.0000,74.5708,85.7354,27.1453,53.2565
548.0500,0.0000,74.8193,85.5034,27.3639,53.6172
548.1000,0.0000,75.0584,85.2663,27.5816,53.9714
548.1500,0.0000,75.2880,85.0243,27.7981,54.3188
548.2000,0.0000,75.5076,84.7779,28.0134,54.6591
548.2500,0.0000,75.7169,84.5274,28.2274,54.9921
548.3000,0.0000,75.9157,84.2732,28.4399,55.3177
548.3500,0.0000,76.1035,84.0158,28.6509,55.6355
548.4000,0.0000,76.2802,83.7555,28.8604,55.9454
548.4500,0.0000,76.4454,83.4929,29.0684,56.2471
548.5000,0.0000,76.5988,83.2282,29.2749,56.5405
548.5500,0.0000,76.7404,82.9619,29.4798,56.8253
548.6000,0.0000,76.8701,82.6937,29.6827,57.1012
548.6500,0.0000,76.9879,82.4232,29.8831,57.3676
548.7000,0.0000,77.0939,82.1502,30.0807,57.6241
548.7500,0.0000,77.1883,81.8744,30.2750,57.8705
548.8000,0.0000,77.2710,81.5956,30.4659,58.1063
548.8500,0.0000,77.3423,81.3137,30.6529,58.3311
548.9000,0.0000,77.4021,81.0286,30.8360,58.5447
548.9500,0.0000,77.4507,80.7402,31.0150,58.7468
549.0000,0.0000,77.4881,80.4484,31.1898,58.9371
549.0500,0.0000,77.5146,80.1534,31.3604,59.1154
549.1000,0.0000,77.5303,79.8551,31.5267,59.2814
549.1500,0.0000,77.5355,79.5536,31.6887,59.4349
549.2000,0.0000,77.5303,79.2491,31.8467,59.5758
549.2500,0.0000,77.5150,78.9417,32.0007,59.7039
549.3000,0.0000,77.4899,78.6315,32.1510,59.8191
549.3500,0.0000,77.4554,78.3188,32.2978,59.9213
549.4000,0.0000,77.4118,78.0037,32.4413,60.0104
549.4500,0.0000,77.3594,77.6865,32.5820,60.0863
549.5000,0.0000,77.2987,77.3675,32.7201,60.1490
549.5500,0.0000,77.2301,77.0469,32.8562,60.1984
549.6000,0.0000,77.1535,76.7250,32.9901,60.2346
549.6500,0.0000,77.0688,76.4021,33.1218,60.2575
549.7000,0.0000,76.9760,76.0785,33.2512,60.2673
549.7500,0.0000,76.8749,75.7546,33.3782,60.2639
549.8000,0.0000,76.7656,75.4306,33.5028,60.2475
549.8500,0.0000,76.6478,75.1070,33.6250,60.2181
549.9000,0.0000,76.5217,74.7840,33.7447,60.1759
549.9500,0.0000,76.3870,74.4620,33.8620,60.1209
550.0000,0.0000,76.2438,74.1413,33.9768,60.0534
550.0500,0.0000,76.0921,73.8221,34.0892,59.9736
550.1000,0.0000,75.9323,73.5041,34.1989,59.8815
550.1500,0.0000,75.7651,73.1869,34.3057,59.7774
550.2000,0.0000,75.5908,72.8700,34.4095,59.6616
550.2500,0.0000,75.4100,72.5530,34.5100,59.5343
550.3000,0.0000,75.2230,72.2356,34.6072,59.3957
550.3500,0.0000,75.0304,71.9176,34.7009,59.2461
550.4000,0.0000,74.8326,71.5986,34.7910,59.0859
550.4500,0.0000,74.6299,71.2785,34.8777,58.9152
550.5000,0.0000,74.4228,70.9570,34.9607,58.7345
550.5500,0.0000,74.2116,70.6339,35.0402,58.5438
550.6000,0.0000,73.9967,70.3091,35.1161,58.3433
550.6500,0.0000,73.7785,69.9824,35.1886,58.1331
550.7000,0.0000,73.5573,69.6537,35.2577,57.9132
550.7500,0.0000,73.3335,69.3230,35.3237,57.6839
550.8000,0.0000,73.1073,68.9900,35.3865,57.4452
550.8500,0.0000,72.8792,68.6547,35.4465,57.1974
550.9000,0.0000,72.6494,68.3170,35.5039,56.9406
550.9500,0.0000,72.4183,67.9768,35.5588,56.6749
551.0000,0.0000,72.1862,67.6341,35.6117,56.4007
551.0500,0.0000,71.9533,67.2888,35.6627,56.1180
551.1000,0.0000,71.7198,66.9412,35.7119,55.8272
551.1500,0.0000,71.4860,66.5918,35.7595,55.5287
551.2000,0.0000,71.2519,66.2408,35.8055,55.2229
551.2500,0.0000,71.0177,65.8887,35.8500,54.9102
551.3000,0.0000,70.7835,65.5359,35.8931,54.5910
551.3500,0.0000,70.5494,65.1830,35.9350,54.2657
551.4000,0.0000,70.3155,64.8302,35.9758,53.9348
551.4500,0.0000,70.0820,64.4782,36.0157,53.5988
551.5000,0.0000,69.8489,64.1274,36.0549,53.2581
551.5500,0.0000,69.6161,63.7782,36.0936,52.9133
551.6000,0.0000,69.3831,63.4311,36.1318,52.5649
551.6500,0.0000,69.1493,63.0864,36.1698,52.2134
551.7000,0.0000,68.9141,62.7445,36.2076,51.8593
551.7500,0.0000,68.6772,62.4058,36.2455,51.5032
551.8000,0.0000,68.4382,62.0707,36.2836,51.1458
551.8500,0.0000,68.1968,61.7397,36.3223,50.7876
551.9000,0.0000,67.9529,61.4131,36.3618,50.4291
551.9500,0.0000,67.7064,61.0913,36.4024,50.0712
552.0000,0.0000,67.4573,60.7749,36.4445,49.7143
552.0500,0.0000,67.2056,60.4643,36.4885,49.3591
552.1000,0.0000,66.9513,60.1599,36.5349,49.0064
552.1500,0.0000,66.6947,59.8621,36.5840,48.6567
552.2000,0.0000,66.4359,59.5715,36.6363,48.3109
552.2500,0.0000,66.1752,59.2884,36.6926,47.9696
552.3000,0.0000,65.9128,59.0134,36.7533,47.6335
552.3500,0.0000,65.6489,58.7468,36.8190,47.3033
552.4000,0.0000,65.3840,58.4891,36.8906,46.9800
552.4500,0.0000,65.1184,58.2408,36.9686,46.6641
552.5000,0.0000,64.8524,58.0023,37.0539,46.3565
552.5500,0.0000,64.5865,57.7740,37.1472,46.0579
552.6000,0.0000,64.3209,57.5564,37.2486,45.7686
552.6500,0.0000,64.0561,57.3499,37.3581,45.4888
552.7000,0.0000,63.7925,57.1549,37.4756,45.2186
552.7500,0.0000,63.5304,56.9718,37.6013,44.9583
552.8000,0.0000,63.2703,56.8009,37.7350,44.7079
552.8500,0.0000,63.0125,56.6429,37.8768,44.4675
552.9000,0.0000,62.7573,56.4979,38.0267,44.2372
552.9500,0.0000,62.5051,56.3663,38.1847,44.0170
553.0000,0.0000,62.2562,56.2486,38.3507,43.8069
553.0500,0.0000,62.0110,56.1451,38.5245,43.6070
553.1000,0.0000,61.7702,56.0557,38.7060,43.4171
553.1500,0.0000,61.5345,55.9804,38.8951,43.2372
553.2000,0.0000,61.3046,55.9192,39.0916,43.0671
553.2500,0.0000,61.0811,55.8718,39.2954,42.9067
553.3000,0.0000,60.8646,55.8382,39.5064,42.7558
553.3500,0.0000,60.6555,55.8182,39.7244,42.6142
553.4000,0.0000,60.4542,55.8117,39.9494,42.4816
553.4500,0.0000,60.2610,55.8183,40.1813,42.3576
553.5000,0.0000,60.0762,55.8380,40.4199,42.2420
553.5500,0.0000,59.8998,55.8704,40.6653,42.1344
553.6000,0.0000,59.7320,55.9153,40.9174,42.0342
553.6500,0.0000,59.5726,55.9724,41.1761,41.9411
553.7000,0.0000,59.4217,56.0415,41.4415,41.8546
553.7500,0.0000,59.2790,56.1222,41.7136,41.7739
553.8000,0.0000,59.1441,56.2141,41.9924,41.6986
553.8500,0.0000,59.0169,56.3169,42.2779,41.6279
553.9000,0.0000,58.8967,56.4303,42.5702,41.5612
553.9500,0.0000,58.7829,56.5537,42.8694,41.4977
554.0000,0.0000,58.6751,56.6869,43.1756,41.4365
554.0500,0.0000,58.5725,56.8293,43.4889,41.3769
554.1000,0.0000,58.4751,56.9808,43.8090,41.3187
554.1500,0.0000,58.3828,57.1412,44.1354,41.2620
554.2000,0.0000,58.2957,57.3104,44.4678,41.2065
554.2500,0.0000,58.2136,57.4881,44.8056,41.1524
554.3000,0.0000,58.1365,57.6743,45.1485,41.0995
554.3500,0.0000,58.0642,57.8687,45.4960,41.0478
554.4000,0.0000,57.9965,58.0712,45.8477,40.9972
554.4500,0.0000,57.9333,58.2817,46.2031,40.9477
554.5000,0.0000,57.8742,58.4999,46.5619,40.8991
554.5500,0.0000,57.8190,58.7258,46.9234,40.8515
554.6000,0.0000,57.7676,58.9593,47.2869,40.8047
554.6500,0.0000,57.7200,59.2002,47.6513,40.7587
554.7000,0.0000,57.6760,59.4484,48.0157,40.7134
554.7500,0.0000,57.6355,59.7038,48.3793,40.6686
554.8000,0.0000,57.5982,59.9663,48.7413,40.6245
554.8500,0.0000,57.5640,60.2359,49.1008,40.5807
554.9000,0.0000,57.5325,60.5125,49.4570,40.5373
554.9500,0.0000,57.5035,60.7961,49.8093,40.4942
555.0000,0.0000,57.4766,61.0867,50.1569,40.4512
555.0500,0.0000,57.4514,61.3843,50.4993,40.4083
555.1000,0.0000,57.4277,61.6889,50.8358,40.3654
555.1500,0.0000,57.4050,62.0005,51.1659,40.3224
555.2000,0.0000,57.3829,62.3194,51.4891,40.2791
555.2500,0.0000,57.3610,62.6455,51.8048,40.2355
555.3000,0.0000,57.3389,62.9790,52.1127,40.1915
555.3500,0.0000,57.3161,63.3202,52.4124,40.1470
555.4000,0.0000,57.2922,63.6692,52.7035,40.1019
555.4500,0.0000,57.2668,64.0263,52.9858,40.0560
555.5000,0.0000,57.2395,64.3917,53.2589,40.0093
555.5500,0.0000,57.2098,64.7657,53.5227,39.9616
555.6000,0.0000,57.1775,65.1479,53.7768,39.9129
555.6500,0.0000,57.1421,65.5377,54.0206,39.8630
555.7000,0.0000,57.1032,65.9347,54.2539,39.8118
555.7500,0.0000,57.0606,66.3383,54.4764,39.7592
555.8000,0.0000,57.0139,66.7479,54.6876,39.7052
555.8500,0.0000,56.9630,67.1629,54.8873,39.6496
555.9000,0.0000,56.9075,67.5830,55.0752,39.5922
555.9500,0.0000,56.8475,68.0074,55.2512,39.5331
556.0000,0.0000,56.7826,68.4357,55.4151,39.4720
556.0500,0.0000,56.7131,68.8672,55.5667,39.4090
556.1000,0.0000,56.6394,69.3006,55.7059,39.3441
556.1500,0.0000,56.5620,69.7345,55.8327,39.2776
556.2000,0.0000,56.4816,70.1677,55.9471,39.2095
556.2500,0.0000,56.3990,70.5990,56.0491,39.1401
556.3000,0.0000,56.3148,71.0272,56.1387,39.0694
556.3500,0.0000,56.2298,71.4512,56.2161,38.9975
556.4000,0.0000,56.1450,71.8699,56.2814,38.9245
556.4500,0.0000,56.0612,72.2823,56.3348,38.8506
556.5000,0.0000,55.9796,72.6874,56.3766,38.7757
556.5500,0.0000,55.9008,73.0843,56.4070,38.7000
556.6000,0.0000,55.8252,73.4722,56.4265,38.6235
556.6500,0.0000,55.7527,73.8503,56.4354,38.5462
556.7000,0.0000,55.6831,74.2178,56.4341,38.4683
556.7500,0.0000,55.6162,74.5741,56.4232,38.3897
556.8000,0.0000,55.5519,74.9185,56.4032,38.3104
556.8500,0.0000,55.4899,75.2504,56.3748,38.2304
556.9000,0.0000,55.4299,75.5695,56.3385,38.1499
556.9500,0.0000,55.3714,75.8751,56.2952,38.0687
557.0000,0.0000,55.3142,76.1669,56.2456,37.9869
557.0500,0.0000,55.2578,76.4445,56.1905,37.9045
557.1000,0.0000,55.2022,76.7074,56.1300,37.8215
557.1500,0.0000,55.1476,76.9551,56.0641,37.7378
557.2000,0.0000,55.0940,77.1871,55.9929,37.6535
557.2500,0.0000,55.0413,77.4029,55.9164,37.5685
557.3000,0.0000,54.9898,77.6021,55.8349,37.4828
557.3500,0.0000,54.9393,77.7845,55.7482,37.3965
557.4000,0.0000,54.8899,77.9496,55.6567,37.3095
557.4500,0.0000,54.8417,78.0973,55.5603,37.2219
557.5000,0.0000,54.7945,78.2274,55.4592,37.1335
557.5500,0.0000,54.7484,78.3395,55.3534,37.0444
557.6000,0.0000,54.7036,78.4333,55.2419,36.9550
557.6500,0.0000,54.6603,78.5083,55.1237,36.8654
557.7000,0.0000,54.6187,78.5641,54.9979,36.7759
557.7500,0.0000,54.5790,78.6005,54.8639,36.6867
557.8000,0.0000,54.5412,78.6171,54.7210,36.5981
557.8500,0.0000,54.5055,78.6139,54.5688,36.5103
557.9000,0.0000,54.4719,78.5908,54.4070,36.4236
557.9500,0.0000,54.4405,78.5478,54.2356,36.3380
558.0000,0.0000,54.4113,78.4849,54.0543,36.2539
558.0500,0.0000,54.3842,78.4023,53.8634,36.1715
558.1000,0.0000,54.3593,78.3003,53.6631,36.0909
558.1500,0.0000,54.3365,78.1792,53.4536,36.0123
558.2000,0.0000,54.3156,78.0394,53.2353,35.9360
558.2500,0.0000,54.2966,77.8813,53.0088,35.8621
558.3000,0.0000,54.2793,77.7056,52.7746,35.7908
558.3500,0.0000,54.2635,77.5129,52.5335,35.7223
558.4000,0.0000,54.2490,77.3038,52.2862,35.6569
558.4500,0.0000,54.2356,77.0793,52.0335,35.5946
558.5000,0.0000,54.2229,76.8401,51.7765,35.5358
558.5500,0.0000,54.2109,76.5873,51.5161,35.4806
558.6000,0.0000,54.1993,76.3210,51.2527,35.4290
558.6500,0.0000,54.1882,76.0414,50.9870,35.3808
558.7000,0.0000,54.1774,75.7490,50.7195,35.3360
558.7500,0.0000,54.1670,75.4439,50.4507,35.2945
558.8000,0.0000,54.1568,75.1264,50.1813,35.2562
558.8500,0.0000,54.1468,74.7970,49.9118,35.2209
558.9000,0.0000,54.1369,74.4559,49.6429,35.1885
558.9500,0.0000,54.1268,74.1037,49.3753,35.1589
559.0000,0.0000,54.1166,73.7408,49.1094,35.1319
559.0500,0.0000,54.1059,73.3676,48.8462,35.1074
559.1000,0.0000,54.0938,72.9842,48.5863,35.0853
559.1500,0.0000,54.0795,72.5906,48.3308,35.0653
559.2000,0.0000,54.0619,72.1870,48.0804,35.0473
559.2500,0.0000,54.0402,71.7734,47.8362,35.0312
559.3000,0.0000,54.0134,71.3503,47.5988,35.0167
559.3500,0.0000,53.9809,70.9178,47.3692,35.0037
559.4000,0.0000,53.9417,70.4763,47.1480,34.9921
559.4500,0.0000,53.8951,70.0264,46.9361,34.9816
559.5000,0.0000,53.8402,69.5685,46.7342,34.9720
559.5500,0.0000,53.7765,69.1032,46.5430,34.9633
559.6000,0.0000,53.7031,68.6312,46.3631,34.9551
559.6500,0.0000,53.6193,68.1531,46.1952,34.9473
559.7000,0.0000,53.5245,67.6697,46.0399,34.9397
559.7500,0.0000,53.4179,67.1819,45.8977,34.9322
559.8000,0.0000,53.2990,66.6906,45.7692,34.9245
559.8500,0.0000,53.1676,66.1966,45.6549,34.9164
559.9000,0.0000,53.0234,65.7012,45.5552,34.9079
559.9500,0.0000,52.8662,65.2052,45.4706,34.8986
560.0000,0.0000,52.6960,64.7100,45.4015,34.8884
560.0500,0.0000,52.5125,64.2166,45.3482,34.8772
560.1000,0.0000,52.3161,63.7254,45.3108,34.8647
560.1500,0.0000,52.1071,63.2370,45.2892,34.8508
560.2000,0.0000,51.8858,62.7517,45.2835,34.8352
560.2500,0.0000,51.6528,62.2700,45.2935,34.8179
560.3000,0.0000,51.4085,61.7922,45.3191,34.7987
560.3500,0.0000,51.1532,61.3189,45.3601,34.7774
560.4000,0.0000,50.8874,60.8504,45.4162,34.7538
560.4500,0.0000,50.6116,60.3873,45.4873,34.7278
560.5000,0.0000,50.3263,59.9299,45.5728,34.6992
560.5500,0.0000,50.0319,59.4788,45.6725,34.6680
560.6000,0.0000,49.7295,59.0340,45.7858,34.6341
560.6500,0.0000,49.4200,58.5958,45.9119,34.5979
560.7000,0.0000,49.1045,58.1645,46.0500,34.5593
560.7500,0.0000,48.7838,57.7403,46.1996,34.5184
560.8000,0.0000,48.4588,57.3233,46.3599,34.4754
560.8500,0.0000,48.1306,56.9139,46.5300,34.4303
560.9000,0.0000,47.7998,56.5123,46.7092,34.3833
560.9500,0.0000,47.4674,56.1189,46.8969,34.3343
561.0000,0.0000,47.1340,55.7338,47.0921,34.2835
561.0500,0.0000,46.8005,55.3575,47.2941,34.2308
561.1000,0.0000,46.4676,54.9902,47.5022,34.1764
561.1500,0.0000,46.1360,54.6323,47.7156,34.1202
561.2000,0.0000,45.8062,54.2840,47.9335,34.0624
561.2500,0.0000,45.4789,53.9458,48.1552,34.0028
561.3000,0.0000,45.1547,53.6178,48.3799,33.9416
561.3500,0.0000,44.8342,53.3006,48.6069,33.8788
561.4000,0.0000,44.5177,52.9944,48.8356,33.8143
561.4500,0.0000,44.2057,52.6995,49.0652,33.7482
561.5000,0.0000,43.8988,52.4164,49.2951,33.6805
561.5500,0.0000,43.5972,52.1453,49.5247,33.6112
561.6000,0.0000,43.3016,51.8865,49.7533,33.5402
561.6500,0.0000,43.0125,51.6402,49.9803,33.4676
561.7000,0.0000,42.7306,51.4065,50.2048,33.3935
561.7500,0.0000,42.4564,51.1857,50.4265,33.3177
561.8000,0.0000,42.1904,50.9778,50.6447,33.2402
561.8500,0.0000,41.9331,50.7831,50.8589,33.1611
561.9000,0.0000,41.6849,50.6017,51.0687,33.0804
561.9500,0.0000,41.4463,50.4337,51.2737,32.9980
562.0000,0.0000,41.2177,50.2792,51.4736,32.9140
562.0500,0.0000,40.9993,50.1383,51.6680,32.8283
562.1000,0.0000,40.7908,50.0102,51.8561,32.7413
562.1500,0.0000,40.5917,49.8943,52.0370,32.6531
562.2000,0.0000,40.4015,49.7898,52.2101,32.5640
562.2500,0.0000,40.2198,49.6962,52.3746,32.4742
562.3000,0.0000,40.0462,49.6129,52.5303,32.3840
562.3500,0.0000,39.8801,49.5391,52.6768,32.2935
562.4000,0.0000,39.7213,49.4745,52.8141,32.2030
562.4500,0.0000,39.5693,49.4183,52.9423,32.1125
562.5000,0.0000,39.4236,49.3702,53.0615,32.0224
562.5500,0.0000,39.2839,49.3297,53.1720,31.9326
562.6000,0.0000,39.1498,49.2962,53.2733,31.8435
562.6500,0.0000,39.0209,49.2693,53.3649,31.7550
562.7000,0.0000,38.8967,49.2487,53.4463,31.6674
562.7500,0.0000,38.7768,49.2338,53.5170,31.5807
562.8000,0.0000,38.6609,49.2244,53.5764,31.4950
562.8500,0.0000,38.5484,49.2200,53.6244,31.4105
562.9000,0.0000,38.4389,49.2203,53.6604,31.3272
562.9500,0.0000,38.3320,49.2249,53.6841,31.2452
563.0000,0.0000,38.2272,49.2335,53.6954,31.1646
563.0500,0.0000,38.1241,49.2458,53.6939,31.0854
563.1000,0.0000,38.0225,49.2615,53.6795,31.0078
563.1500,0.0000,37.9227,49.2803,53.6519,30.9317
563.2000,0.0000,37.8248,49.3018,53.6112,30.8572
563.2500,0.0000,37.7287,49.3259,53.5573,30.7844
563.3000,0.0000,37.6347,49.3522,53.4900,30.7133
563.3500,0.0000,37.5428,49.3810,53.4093,30.6439
563.4000,0.0000,37.4531,49.4124,53.3154,30.5762
563.4500,0.0000,37.3659,49.4466,53.2083,30.5104
563.5000,0.0000,37.2811,49.4839,53.0881,30.4464
563.5500,0.0000,37.1991,49.5243,52.9549,30.3843
563.6000,0.0000,37.1201,49.5676,52.8083,30.3249
563.6500,0.0000,37.0445,49.6135,52.6481,30.2690
563.7000,0.0000,36.9727,49.6616,52.4741,30.2172
563.7500,0.0000,36.9050,49.7116,52.2860,30.1704
563.8000,0.0000,36.8419,49.7633,52.0837,30.1292
563.8500,0.0000,36.7835,49.8164,51.8673,30.0940
563.9000,0.0000,36.7301,49.8707,51.6366,30.0656
563.9500,0.0000,36.6821,49.9260,51.3919,30.0444
564.0000,0.0000,36.6397,49.9821,51.1333,30.0308
564.0500,0.0000,36.6030,50.0389,50.8609,30.0252
564.1000,0.0000,36.5722,50.0961,50.5751,30.0281
564.1500,0.0000,36.5475,50.1537,50.2762,30.0397
564.2000,0.0000,36.5291,50.2115,49.9651,30.0604
564.2500,0.0000,36.5170,50.2694,49.6426,30.0904
564.3000,0.0000,36.5112,50.3274,49.3095,30.1299
564.3500,0.0000,36.5119,50.3855,48.9670,30.1790
564.4000,0.0000,36.5190,50.4434,48.6159,30.2380
564.4500,0.0000,36.5324,50.5014,48.2573,30.3068
564.5000,0.0000,36.5522,50.5592,47.8923,30.3857
564.5500,0.0000,36.5783,50.6170,47.5219,30.4745
564.6000,0.0000,36.6107,50.6747,47.1468,30.5734
564.6500,0.0000,36.6497,50.7325,46.7675,30.6823
564.7000,0.0000,36.6952,50.7903,46.3846,30.8011
564.7500,0.0000,36.7476,50.8482,45.9987,30.9297
564.8000,0.0000,36.8067,50.9064,45.6104,31.0680
564.8500,0.0000,36.8727,50.9649,45.2203,31.2159
564.9000,0.0000,36.9456,51.0239,44.8290,31.3732
564.9500,0.0000,37.0254,51.0835,44.4370,31.5397
565.0000,0.0000,37.1121,51.1439,44.0451,31.7151
565.0500,0.0000,37.2056,51.2051,43.6535,31.8992
565.1000,0.0000,37.3057,51.2667,43.2622,32.0917
565.1500,0.0000,37.4119,51.3281,42.8711,32.2924
565.2000,0.0000,37.5240,51.3887,42.4799,32.5008
565.2500,0.0000,37.6415,51.4483,42.0885,32.7166
565.3000,0.0000,37.7640,51.5065,41.6969,32.9395
565.3500,0.0000,37.8913,51.5629,41.3051,33.1690
565.4000,0.0000,38.0228,51.6173,40.9130,33.4048
565.4500,0.0000,38.1582,51.6697,40.5207,33.6463
565.5000,0.0000,38.2971,51.7199,40.1283,33.8931
565.5500,0.0000,38.4389,51.7680,39.7359,34.1447
565.6000,0.0000,38.5832,51.8141,39.3437,34.4006
565.6500,0.0000,38.7296,51.8582,38.9518,34.6603
565.7000,0.0000,38.8775,51.9005,38.5604,34.9232
565.7500,0.0000,39.0264,51.9414,38.1697,35.1887
565.8000,0.0000,39.1758,51.9812,37.7801,35.4563
565.8500,0.0000,39.3251,52.0204,37.3917,35.7252
565.9000,0.0000,39.4737,52.0593,37.0049,35.9950
565.9500,0.0000,39.6211,52.0985,36.6200,36.2649
566.0000,0.0000,39.7665,52.1388,36.2373,36.5343
566.0500,0.0000,39.9095,52.1805,35.8573,36.8025
566.1000,0.0000,40.0498,52.2238,35.4802,37.0690
566.1500,0.0000,40.1874,52.2686,35.1064,37.3334
566.2000,0.0000,40.3222,52.3147,34.7364,37.5953
566.2500,0.0000,40.4541,52.3622,34.3706,37.8545
566.3000,0.0000,40.5831,52.4109,34.0094,38.1111
566.3500,0.0000,40.7092,52.4609,33.6532,38.3650
566.4000,0.0000,40.8322,52.5121,33.3025,38.6165
566.4500,0.0000,40.9522,52.5645,32.9577,38.8655
566.5000,0.0000,41.0691,52.6182,32.6193,39.1120
566.5500,0.0000,41.1830,52.6731,32.2876,39.3561
566.6000,0.0000,41.2938,52.7288,31.9624,39.5980
566.6500,0.0000,41.4016,52.7849,31.6434,39.8380
566.7000,0.0000,41.5063,52.8410,31.3303,40.0762
566.7500,0.0000,41.6081,52.8966,31.0229,40.3128
566.8000,0.0000,41.7068,52.9516,30.7210,40.5479
566.8500,0.0000,41.8027,53.0056,30.4247,40.7816
566.9000,0.0000,41.8957,53.0585,30.1336,41.0141
566.9500,0.0000,41.9858,53.1101,29.8480,41.2453
567.0000,0.0000,42.0733,53.1602,29.5677,41.4752
567.0500,0.0000,42.1581,53.2088,29.2928,41.7039
567.1000,0.0000,42.2404,53.2559,29.0235,41.9312
567.1500,0.0000,42.3202,53.3014,28.7598,42.1572
567.2000,0.0000,42.3978,53.3455,28.5019,42.3817
567.2500,0.0000,42.4731,53.3883,28.2501,42.6045
567.3000,0.0000,42.5464,53.4299,28.0045,42.8256
567.3500,0.0000,42.6179,53.4704,27.7653,43.0448
567.4000,0.0000,42.6876,53.5102,27.5330,43.2617
567.4500,0.0000,42.7552,53.5495,27.3078,43.4763
567.5000,0.0000,42.8205,53.5886,27.0900,43.6883
567.5500,0.0000,42.8830,53.6279,26.8800,43.8974
567.6000,0.0000,42.9426,53.6674,26.6778,44.1035
567.6500,0.0000,42.9993,53.7070,26.4837,44.3067
567.7000,0.0000,43.0529,53.7468,26.2977,44.5070
567.7500,0.0000,43.1035,53.7868,26.1198,44.7043
567.8000,0.0000,43.1510,53.8270,25.9503,44.8985
567.8500,0.0000,43.1955,53.8675,25.7892,45.0898
567.9000,0.0000,43.2368,53.9084,25.6366,45.2779
567.9500,0.0000,43.2751,53.9498,25.4925,45.4629
568.0000,0.0000,43.3105,53.9918,25.3572,45.6448
568.0500,0.0000,43.3431,54.0344,25.2305,45.8234
568.1000,0.0000,43.3737,54.0773,25.1125,45.9985
568.1500,0.0000,43.4032,54.1202,25.0028,46.1698
568.2000,0.0000,43.4326,54.1627,24.9013,46.3369
568.2500,0.0000,43.4627,54.2046,24.8077,46.4996
568.3000,0.0000,43.4943,54.2457,24.7220,46.6577
568.3500,0.0000,43.5283,54.2858,24.6440,46.8109
568.4000,0.0000,43.5654,54.3248,24.5734,46.9589
568.4500,0.0000,43.6064,54.3627,24.5101,47.1016
568.5000,0.0000,43.6522,54.3995,24.4539,47.2387
568.5500,0.0000,43.7034,54.4352,24.4046,47.3701
568.6000,0.0000,43.7608,54.4699,24.3621,47.4956
568.6500,0.0000,43.8252,54.5038,24.3262,47.6150
568.7000,0.0000,43.8974,54.5369,24.2967,47.7282
568.7500,0.0000,43.9779,54.5697,24.2734,47.8350
568.8000,0.0000,44.0677,54.6023,24.2560,47.9354
568.8500,0.0000,44.1673,54.6352,24.2445,48.0293
568.9000,0.0000,44.2776,54.6686,24.2385,48.1164
568.9500,0.0000,44.3993,54.7031,24.2378,48.1969
569.0000,0.0000,44.5331,54.7391,24.2422,48.2706
569.0500,0.0000,44.6796,54.7771,24.2515,48.3374
569.1000,0.0000,44.8390,54.8172,24.2658,48.3973
569.1500,0.0000,45.0109,54.8594,24.2849,48.4503
569.2000,0.0000,45.1953,54.9038,24.3091,48.4964
569.2500,0.0000,45.3918,54.9503,24.3382,48.5355
569.3000,0.0000,45.6003,54.9992,24.3725,48.5677
569.3500,0.0000,45.8203,55.0504,24.4120,48.5929
569.4000,0.0000,46.0515,55.1041,24.4568,48.6111
569.4500,0.0000,46.2936,55.1604,24.5068,48.6225
569.5000,0.0000,46.5462,55.2194,24.5624,48.6269
569.5500,0.0000,46.8087,55.2813,24.6235,48.6244
569.6000,0.0000,47.0807,55.3454,24.6905,48.6149
569.6500,0.0000,47.3616,55.4112,24.7639,48.5980
569.7000,0.0000,47.6510,55.4782,24.8439,48.5736
569.7500,0.0000,47.9483,55.5459,24.9310,48.5414
569.8000,0.0000,48.2527,55.6139,25.0255,48.5015
569.8500,0.0000,48.5638,55.6819,25.1278,48.4535
569.9000,0.0000,48.8807,55.7497,25.2382,48.3974
569.9500,0.0000,49.2029,55.8171,25.3571,48.3331
570.0000,0.0000,49.5296,55.8840,25.4848,48.2604
570.0500,0.0000,49.8600,55.9502,25.6218,48.1793
570.1000,0.0000,50.1933,56.0159,25.7683,48.0897
570.1500,0.0000,50.5288,56.0811,25.9247,47.9916
570.2000,0.0000,50.8655,56.1457,26.0915,47.8848
570.2500,0.0000,51.2028,56.2097,26.2689,47.7693
570.3000,0.0000,51.5395,56.2727,26.4574,47.6451
570.3500,0.0000,51.8750,56.3347,26.6573,47.5121
570.4000,0.0000,52.2082,56.3956,26.8691,47.3703
570.4500,0.0000,52.5381,56.4552,27.0932,47.2197
570.5000,0.0000,52.8639,56.5137,27.3300,47.0602
570.5500,0.0000,53.1845,56.5709,27.5800,46.8919
570.6000,0.0000,53.4996,56.6267,27.8433,46.7149
570.6500,0.0000,53.8086,56.6809,28.1201,46.5295
570.7000,0.0000,54.1112,56.7334,28.4098,46.3360
570.7500,0.0000,54.4070,56.7841,28.7119,46.1346
570.8000,0.0000,54.6957,56.8328,29.0261,45.9258
570.8500,0.0000,54.9768,56.8795,29.3516,45.7098
570.9000,0.0000,55.2502,56.9240,29.6882,45.4870
570.9500,0.0000,55.5156,56.9666,30.0352,45.2576
571.0000,0.0000,55.7726,57.0070,30.3923,45.0220
571.0500,0.0000,56.0211,57.0454,30.7590,44.7805
571.1000,0.0000,56.2617,57.0815,31.1350,44.5335
571.1500,0.0000,56.4949,57.1152,31.5202,44.2814
571.2000,0.0000,56.7214,57.1464,31.9145,44.0244
571.2500,0.0000,56.9417,57.1751,32.3175,43.7630
571.3000,0.0000,57.1564,57.2012,32.7293,43.4975
571.3500,0.0000,57.3659,57.2247,33.1496,43.2282
571.4000,0.0000,57.5710,57.2457,33.5782,42.9555
571.4500,0.0000,57.7720,57.2644,34.0150,42.6797
571.5000,0.0000,57.9695,57.2809,34.4599,42.4011
571.5500,0.0000,58.1641,57.2954,34.9127,42.1201
571.6000,0.0000,58.3562,57.3082,35.3734,41.8370
571.6500,0.0000,58.5465,57.3197,35.8418,41.5522
571.7000,0.0000,58.7354,57.3301,36.3178,41.2658
571.7500,0.0000,58.9235,57.3400,36.8015,40.9782
571.8000,0.0000,59.1114,57.3498,37.2929,40.6897
571.8500,0.0000,59.2996,57.3601,37.7919,40.4005
571.9000,0.0000,59.4888,57.3713,38.2985,40.1108
571.9500,0.0000,59.6796,57.3843,38.8130,39.8210
572.0000,0.0000,59.8725,57.3996,39.3354,39.5311
572.0500,0.0000,60.0681,57.4179,39.8656,39.2415
572.1000,0.0000,60.2664,57.4393,40.4033,38.9525
572.1500,0.0000,60.4672,57.4636,40.9476,38.6647
572.2000,0.0000,60.6701,57.4909,41.4980,38.3784
572.2500,0.0000,60.8749,57.5211,42.0536,38.0940
572.3000,0.0000,61.0814,57.5541,42.6138,37.8121
572.3500,0.0000,61.2891,57.5900,43.1779,37.5331
572.4000,0.0000,61.4979,57.6286,43.7451,37.2574
572.4500,0.0000,61.7072,57.6701,44.3149,36.9853
572.5000,0.0000,61.9169,57.7143,44.8865,36.7173
572.5500,0.0000,62.1266,57.7612,45.4593,36.4537
572.6000,0.0000,62.3366,57.8104,46.0334,36.1949
572.6500,0.0000,62.5474,57.8614,46.6089,35.9413
572.7000,0.0000,62.7592,57.9137,47.1859,35.6932
572.7500,0.0000,62.9723,57.9669,47.7644,35.4510
572.8000,0.0000,63.1869,58.0206,48.3445,35.2148
572.8500,0.0000,63.4031,58.0746,48.9261,34.9850
572.9000,0.0000,63.6211,58.1285,49.5093,34.7618
572.9500,0.0000,63.8408,58.1823,50.0939,34.5455
573.0000,0.0000,64.0623,58.2355,50.6800,34.3363
573.0500,0.0000,64.2855,58.2883,51.2674,34.1343
573.1000,0.0000,64.5102,58.3404,51.8560,33.9398
573.1500,0.0000,64.7364,58.3918,52.4458,33.7528
573.2000,0.0000,64.9638,58.4425,53.0367,33.5735
573.2500,0.0000,65.1922,58.4927,53.6285,33.4020
573.3000,0.0000,65.4214,58.5423,54.2211,33.2382
573.3500,0.0000,65.6509,58.5916,54.8145,33.0822
573.4000,0.0000,65.8804,58.6408,55.4086,32.9333
573.4500,0.0000,66.1096,58.6900,56.0033,32.7905
573.5000,0.0000,66.3380,58.7397,56.5986,32.6529
573.5500,0.0000,66.5652,58.7900,57.1943,32.5197
573.6000,0.0000,66.7910,58.8409,57.7899,32.3906
573.6500,0.0000,67.0152,58.8923,58.3848,32.2654
573.7000,0.0000,67.2375,58.9439,58.9785,32.1440
573.7500,0.0000,67.4578,58.9957,59.5702,32.0263
573.8000,0.0000,67.6757,59.0476,60.1594,31.9121
573.8500,0.0000,67.8912,59.0994,60.7455,31.8013
573.9000,0.0000,68.1039,59.1511,61.3278,31.6939
573.9500,0.0000,68.3135,59.2027,61.9058,31.5897
574.0000,0.0000,68.5200,59.2542,62.4788,31.4885
574.0500,0.0000,68.7231,59.3054,63.0464,31.3904
574.1000,0.0000,68.9233,59.3556,63.6088,31.2952
574.1500,0.0000,69.1212,59.4041,64.1662,31.2027
574.2000,0.0000,69.3173,59.4503,64.7188,31.1130
574.2500,0.0000,69.5120,59.4935,65.2668,31.0260
574.3000,0.0000,69.7059,59.5333,65.8104,30.9414
574.3500,0.0000,69.8992,59.5691,66.3497,30.8594
574.4000,0.0000,70.0924,59.6007,66.8850,30.7797
574.4500,0.0000,70.2858,59.6278,67.4163,30.7022
574.5000,0.0000,70.4797,59.6500,67.9437,30.6270
574.5500,0.0000,70.6744,59.6673,68.4675,30.5539
574.6000,0.0000,70.8702,59.6796,68.9877,30.4828
574.6500,0.0000,71.0672,59.6869,69.5045,30.4137
574.7000,0.0000,71.2656,59.6892,70.0180,30.3465
574.7500,0.0000,71.4658,59.6867,70.5286,30.2810
574.8000,0.0000,71.6679,59.6796,71.0362,30.2173
574.8500,0.0000,71.8720,59.6683,71.5412,30.1551
574.9000,0.0000,72.0783,59.6530,72.0439,30.0945
574.9500,0.0000,72.2869,59.6342,72.5444,30.0353
575.0000,0.0000,72.4981,59.6124,73.0431,29.9775
575.0500,0.0000,72.7119,59.5881,73.5403,29.9208
575.1000,0.0000,72.9281,59.5612,74.0356,29.8653
575.1500,0.0000,73.1466,59.5316,74.5285,29.8109
575.2000,0.0000,73.3673,59.4989,75.0184,29.7573
575.2500,0.0000,73.5898,59.4632,75.5050,29.7046
575.3000,0.0000,73.8140,59.4242,75.9877,29.6526
575.3500,0.0000,74.0397,59.3820,76.4661,29.6011
575.4000,0.0000,74.2665,59.3364,76.9396,29.5501
575.4500,0.0000,74.4942,59.2873,77.4078,29.4994
575.5000,0.0000,74.7225,59.2348,77.8702,29.4490
575.5500,0.0000,74.9513,59.1788,78.3266,29.3986
575.6000,0.0000,75.1810,59.1184,78.7771,29.3483
575.6500,0.0000,75.4121,59.0531,79.2223,29.2984
575.7000,0.0000,75.6449,58.9822,79.6624,29.2489
575.7500,0.0000,75.8799,58.9050,80.0978,29.1997
575.8000,0.0000,76.1174,58.8210,80.5288,29.1511
575.8500,0.0000,76.3576,58.7299,80.9558,29.1030
575.9000,0.0000,76.6008,58.6311,81.3789,29.0554
575.9500,0.0000,76.8472,58.5245,81.7986,29.0083
576.0000,0.0000,77.0968,58.4097,82.2150,28.9616
576.0500,0.0000,77.3498,58.2866,82.6284,28.9153
576.1000,0.0000,77.6062,58.1551,83.0391,28.8693
576.1500,0.0000,77.8660,58.0151,83.4475,28.8235
576.2000,0.0000,78.1291,57.8667,83.8538,28.7777
576.2500,0.0000,78.3956,57.7099,84.2582,28.7319
576.3000,0.0000,78.6651,57.5450,84.6612,28.6858
576.3500,0.0000,78.9378,57.3720,85.0631,28.6392
576.4000,0.0000,79.2132,57.1915,85.4642,28.5920
576.4500,0.0000,79.4913,57.0035,85.8649,28.5440
576.5000,0.0000,79.7717,56.8087,86.2656,28.4948
576.5500,0.0000,80.0543,56.6074,86.6667,28.4442
576.6000,0.0000,80.3386,56.3996,87.0679,28.3923
576.6500,0.0000,80.6243,56.1853,87.4687,28.3390
576.7000,0.0000,80.9112,55.9646,87.8688,28.2844
576.7500,0.0000,81.1987,55.7374,88.2676,28.2285
576.8000,0.0000,81.4864,55.5039,88.6648,28.1712
576.8500,0.0000,81.7740,55.2641,89.0599,28.1125
576.9000,0.0000,82.0609,55.0182,89.4523,28.0526
576.9500,0.0000,82.3466,54.7664,89.8417,27.9914
577.0000,0.0000,82.6306,54.5088,90.2276,27.9289
577.0500,0.0000,82.9123,54.2454,90.6095,27.8653
577.1000,0.0000,83.1912,53.9759,90.9872,27.8010
577.1500,0.0000,83.4667,53.6997,91.3605,27.7367
577.2000,0.0000,83.7381,53.4164,91.7291,27.6727
577.2500,0.0000,84.0048,53.1256,92.0929,27.6097
577.3000,0.0000,84.2661,52.8269,92.4516,27.5482
577.3500,0.0000,84.5213,52.5202,92.8048,27.4885
577.4000,0.0000,84.7696,52.2054,93.1525,27.4312
577.4500,0.0000,85.0104,51.8822,93.4942,27.3766
577.5000,0.0000,85.2429,51.5508,93.8298,27.3252
577.5500,0.0000,85.4662,51.2112,94.1589,27.2774
577.6000,0.0000,85.6796,50.8634,94.4814,27.2334
577.6500,0.0000,85.8821,50.5078,94.7968,27.1938
577.7000,0.0000,86.0729,50.1445,95.1050,27.1588
577.7500,0.0000,86.2511,49.7738,95.4056,27.1287
577.8000,0.0000,86.4158,49.3963,95.6985,27.1040
577.8500,0.0000,86.5660,49.0123,95.9833,27.0849
577.9000,0.0000,86.7008,48.6223,96.2598,27.0717
577.9500,0.0000,86.8197,48.2270,96.5278,27.0647
578.0000,0.0000,86.9218,47.8270,96.7870,27.0644
578.0500,0.0000,87.0067,47.4230,97.0371,27.0708
578.1000,0.0000,87.0742,47.0152,97.2778,27.0842
578.1500,0.0000,87.1246,46.6038,97.5084,27.1044
578.2000,0.0000,87.1579,46.1891,97.7285,27.1314
578.2500,0.0000,87.1743,45.7715,97.9375,27.1653
578.3000,0.0000,87.1741,45.3511,98.1349,27.2059
578.3500,0.0000,87.1574,44.9284,98.3202,27.2533
578.4000,0.0000,87.1244,44.5037,98.4927,27.3073
578.4500,0.0000,87.0753,44.0775,98.6521,27.3678
578.5000,0.0000,87.0105,43.6501,98.7976,27.4348
578.5500,0.0000,86.9301,43.2220,98.9292,27.5082
578.6000,0.0000,86.8348,42.7940,99.0467,27.5885
578.6500,0.0000,86.7251,42.3668,99.1500,27.6760
578.7000,0.0000,86.6015,41.9412,99.2390,27.7711
578.7500,0.0000,86.4647,41.5180,99.3135,27.8741
578.8000,0.0000,86.3151,41.0980,99.3736,27.9853
578.8500,0.0000,86.1533,40.6819,99.4192,28.1050
578.9000,0.0000,85.9798,40.2707,99.4501,28.2335
578.9500,0.0000,85.7953,39.8651,99.4663,28.3709
579.0000,0.0000,85.6003,39.4661,99.4677,28.5174
579.0500,0.0000,85.3953,39.0744,99.4543,28.6731
579.1000,0.0000,85.1808,38.6909,99.4261,28.8383
579.1500,0.0000,84.9575,38.3166,99.3830,29.0129
579.2000,0.0000,84.7259,37.9524,99.3249,29.1971
579.2500,0.0000,84.4864,37.5991,99.2518,29.3909
579.3000,0.0000,84.2398,37.2578,99.1637,29.5944
579.3500,0.0000,83.9864,36.9294,99.0605,29.8076
579.4000,0.0000,83.7268,36.6149,98.9423,30.0304
579.4500,0.0000,83.4616,36.3154,98.8089,30.2630
579.5000,0.0000,83.1912,36.0318,98.6604,30.5052
579.5500,0.0000,82.9162,35.7651,98.4968,30.7571
579.6000,0.0000,82.6371,35.5156,98.3182,31.0182
579.6500,0.0000,82.3544,35.2835,98.1251,31.2883
579.7000,0.0000,82.0685,35.0690,97.9176,31.5669
579.7500,0.0000,81.7800,34.8723,97.6961,31.8536
579.8000,0.0000,81.4893,34.6933,97.4610,32.1481
579.8500,0.0000,81.1968,34.5323,97.2125,32.4498
579.9000,0.0000,80.9031,34.3892,96.9509,32.7583
579.9500,0.0000,80.6084,34.2641,96.6768,33.0731
580.0000,0.0000,80.3133,34.1571,96.3904,33.3936
580.0500,0.0000,80.0179,34.0682,96.0922,33.7193
580.1000,0.0000,79.7220,33.9976,95.7831,34.0497
580.1500,0.0000,79.4251,33.9455,95.4640,34.3841
580.2000,0.0000,79.1267,33.9121,95.1358,34.7221
580.2500,0.0000,78.8266,33.8977,94.7993,35.0629
580.3000,0.0000,78.5243,33.9022,94.4555,35.4061
580.3500,0.0000,78.2195,33.9259,94.1051,35.7508
580.4000,0.0000,77.9118,33.9687,93.7489,36.0966
580.4500,0.0000,77.6010,34.0307,93.3878,36.4427
580.5000,0.0000,77.2866,34.1119,93.0224,36.7885
580.5500,0.0000,76.9685,34.2124,92.6534,37.1332
580.6000,0.0000,76.6462,34.3320,92.2816,37.4763
580.6500,0.0000,76.3195,34.4707,91.9075,37.8169
580.7000,0.0000,75.9882,34.6285,91.5319,38.1543
580.7500,0.0000,75.6517,34.8051,91.1552,38.4879
580.8000,0.0000,75.3100,35.0006,90.7781,38.8170
580.8500,0.0000,74.9625,35.2148,90.4011,39.1406
580.9000,0.0000,74.6089,35.4475,90.0246,39.4582
580.9500,0.0000,74.2489,35.6985,89.6492,39.7692
581.0000,0.0000,73.8821,35.9678,89.2752,40.0736
581.0500,0.0000,73.5082,36.2551,88.9031,40.3715
581.1000,0.0000,73.1274,36.5599,88.5335,40.6631
581.1500,0.0000,72.7403,36.8817,88.1669,40.9486
581.2000,0.0000,72.3472,37.2201,87.8041,41.2280
581.2500,0.0000,71.9487,37.5745,87.4455,41.5015
581.3000,0.0000,71.5452,37.9443,87.0918,41.7692
581.3500,0.0000,71.1373,38.3290,86.7433,42.0310
581.4000,0.0000,70.7254,38.7280,86.4008,42.2873
581.4500,0.0000,70.3101,39.1407,86.0645,42.5379
581.5000,0.0000,69.8918,39.5664,85.7350,42.7830
581.5500,0.0000,69.4712,40.0046,85.4126,43.0226
581.6000,0.0000,69.0488,40.4545,85.0978,43.2569
581.6500,0.0000,68.6252,40.9154,84.7909,43.4858
581.7000,0.0000,68.2011,41.3865,84.4922,43.7094
581.7500,0.0000,67.7770,41.8671,84.2020,43.9277
581.8000,0.0000,67.3536,42.3565,83.9206,44.1408
581.8500,0.0000,66.9313,42.8538,83.6480,44.3488
581.9000,0.0000,66.5107,43.3585,83.3846,44.5516
581.9500,0.0000,66.0923,43.8699,83.1304,44.7494
582.0000,0.0000,65.6765,44.3872,82.8855,44.9421
582.0500,0.0000,65.2637,44.9099,82.6500,45.1297
582.1000,0.0000,64.8544,45.4372,82.4238,45.3124
582.1500,0.0000,64.4488,45.9687,82.2069,45.4902
582.2000,0.0000,64.0473,46.5037,81.9992,45.6630
582.2500,0.0000,63.6501,47.0416,81.8004,45.8310
582.3000,0.0000,63.2574,47.5820,81.6105,45.9941
582.3500,0.0000,62.8693,48.1244,81.4290,46.1525
582.4000,0.0000,62.4860,48.6684,81.2558,46.3061
582.4500,0.0000,62.1075,49.2134,81.0904,46.4551
582.5000,0.0000,61.7337,49.7593,80.9323,46.5994
582.5500,0.0000,61.3647,50.3054,80.7812,46.7391
582.6000,0.0000,61.0011,50.8511,80.6373,46.8743
582.6500,0.0000,60.6437,51.3955,80.5008,47.0050
582.7000,0.0000,60.2930,51.9378,80.3720,47.1314
582.7500,0.0000,59.9498,52.4771,80.2512,47.2534
582.8000,0.0000,59.6148,53.0126,80.1386,47.3711
582.8500,0.0000,59.2885,53.5435,80.0343,47.4847
582.9000,0.0000,58.9716,54.0690,79.9387,47.5941
582.9500,0.0000,58.6647,54.5885,79.8519,47.6995
583.0000,0.0000,58.3682,55.1012,79.7739,47.8010
583.0500,0.0000,58.0829,55.6063,79.7051,47.8986
583.1000,0.0000,57.8095,56.1033,79.6460,47.9925
583.1500,0.0000,57.5492,56.5914,79.5972,48.0827
583.2000,0.0000,57.3028,57.0702,79.5591,48.1693
583.2500,0.0000,57.0712,57.5390,79.5323,48.2526
583.3000,0.0000,56.8550,57.9973,79.5171,48.3325
583.3500,0.0000,56.6550,58.4446,79.5139,48.4091
583.4000,0.0000,56.4718,58.8805,79.5229,48.4827
583.4500,0.0000,56.3059,59.3045,79.5444,48.5533
583.5000,0.0000,56.1577,59.7164,79.5785,48.6211
583.5500,0.0000,56.0277,60.1159,79.6251,48.6861
583.6000,0.0000,55.9161,60.5026,79.6844,48.7485
583.6500,0.0000,55.8231,60.8763,79.7562,48.8085
583.7000,0.0000,55.7489,61.2370,79.8404,48.8662
583.7500,0.0000,55.6935,61.5846,79.9368,48.9216
583.8000,0.0000,55.6568,61.9190,80.0450,48.9751
583.8500,0.0000,55.6388,62.2402,80.1647,49.0266
583.9000,0.0000,55.6391,62.5484,80.2954,49.0764
583.9500,0.0000,55.6575,62.8437,80.4366,49.1245
584.0000,0.0000,55.6936,63.1265,80.5877,49.1712
584.0500,0.0000,55.7471,63.3967,80.7482,49.2166
584.1000,0.0000,55.8180,63.6542,80.9179,49.2608
584.1500,0.0000,55.9066,63.8985,81.0971,49.3039
584.2000,0.0000,56.0132,64.1290,81.2858,49.3461
584.2500,0.0000,56.1379,64.3454,81.4839,49.3876
584.3000,0.0000,56.2808,64.5472,81.6915,49.4284
584.3500,0.0000,56.4420,64.7342,81.9086,49.4688
584.4000,0.0000,56.6216,64.9060,82.1350,49.5087
584.4500,0.0000,56.8194,65.0624,82.3707,49.5484
584.5000,0.0000,57.0354,65.2030,82.6156,49.5881
584.5500,0.0000,57.2696,65.3277,82.8693,49.6275
584.6000,0.0000,57.5217,65.4363,83.1319,49.6662
584.6500,0.0000,57.7916,65.5286,83.4029,49.7035
584.7000,0.0000,58.0789,65.6046,83.6822,49.7388
584.7500,0.0000,58.3834,65.6642,83.9694,49.7714
584.8000,0.0000,58.7047,65.7074,84.2642,49.8007
584.8500,0.0000,59.0424,65.7342,84.5662,49.8263
584.9000,0.0000,59.3960,65.7448,84.8749,49.8476
584.9500,0.0000,59.7651,65.7393,85.1900,49.8642
585.0000,0.0000,60.1490,65.7178,85.5108,49.8756
585.0500,0.0000,60.5472,65.6807,85.8369,49.8815
585.1000,0.0000,60.9589,65.6282,86.1677,49.8814
585.1500,0.0000,61.3834,65.5607,86.5025,49.8750
585.2000,0.0000,61.8200,65.4786,86.8407,49.8620
585.2500,0.0000,62.2678,65.3823,87.1815,49.8420
585.3000,0.0000,62.7260,65.2725,87.5242,49.8147
585.3500,0.0000,63.1935,65.1498,87.8681,49.7799
585.4000,0.0000,63.6693,65.0147,88.2121,49.7372
585.4500,0.0000,64.1525,64.8681,88.5555,49.6865
585.5000,0.0000,64.6418,64.7107,88.8973,49.6275
585.5500,0.0000,65.1362,64.5433,89.2366,49.5599
585.6000,0.0000,65.6353,64.3661,89.5731,49.4839
585.6500,0.0000,66.1386,64.1792,89.9067,49.3993
585.7000,0.0000,66.6457,63.9827,90.2371,49.3065
585.7500,0.0000,67.1564,63.7768,90.5643,49.2054
585.8000,0.0000,67.6702,63.5615,90.8881,49.0963
585.8500,0.0000,68.1867,63.3371,91.2082,48.9791
585.9000,0.0000,68.7054,63.1038,91.5245,48.8542
585.9500,0.0000,69.2261,62.8618,91.8369,48.7217
586.0000,0.0000,69.7483,62.6114,92.1452,48.5816
586.0500,0.0000,70.2716,62.3528,92.4493,48.4343
586.1000,0.0000,70.7961,62.0855,92.7488,48.2799
586.1500,0.0000,71.3219,61.8092,93.0438,48.1186
586.2000,0.0000,71.8491,61.5234,93.3339,47.9506
586.2500,0.0000,72.3776,61.2280,93.6192,47.7760
586.3000,0.0000,72.9076,60.9226,93.8992,47.5951
586.3500,0.0000,73.4388,60.6073,94.1740,47.4081
586.4000,0.0000,73.9713,60.2819,94.4433,47.2150
586.4500,0.0000,74.5050,59.9464,94.7069,47.0161
586.5000,0.0000,75.0398,59.6010,94.9647,46.8116
586.5500,0.0000,75.5754,59.2459,95.2164,46.6015
586.6000,0.0000,76.1117,58.8814,95.4619,46.3861
586.6500,0.0000,76.6486,58.5076,95.7010,46.1654
586.7000,0.0000,77.1857,58.1252,95.9335,45.9396
586.7500,0.0000,77.7228,57.7345,96.1592,45.7087
586.8000,0.0000,78.2596,57.3362,96.3779,45.4728
586.8500,0.0000,78.7959,56.9308,96.5893,45.2320
586.9000,0.0000,79.3314,56.5190,96.7933,44.9862
586.9500,0.0000,79.8656,56.1018,96.9896,44.7356
587.0000,0.0000,80.3983,55.6798,97.1780,44.4799
587.0500,0.0000,80.9292,55.2539,97.3583,44.2193
587.1000,0.0000,81.4577,54.8243,97.5305,43.9543
587.1500,0.0000,81.9836,54.3912,97.6947,43.6852
587.2000,0.0000,82.5064,53.9547,97.8509,43.4126
587.2500,0.0000,83.0257,53.5150,97.9992,43.1370
587.3000,0.0000,83.5411,53.0722,98.1397,42.8589
587.3500,0.0000,84.0522,52.6266,98.2724,42.5788
587.4000,0.0000,84.5585,52.1784,98.3976,42.2973
587.4500,0.0000,85.0597,51.7277,98.5152,42.0148
587.5000,0.0000,85.5551,51.2748,98.6255,41.7318
587.5500,0.0000,86.0444,50.8199,98.7283,41.4488
587.6000,0.0000,86.5268,50.3634,98.8235,41.1663
587.6500,0.0000,87.0016,49.9053,98.9106,40.8848
587.7000,0.0000,87.4681,49.4460,98.9892,40.6048
587.7500,0.0000,87.9257,48.9857,99.0591,40.3267
587.8000,0.0000,88.3735,48.5246,99.1199,40.0509
587.8500,0.0000,88.8111,48.0631,99.1714,39.7780
587.9000,0.0000,89.2376,47.6013,99.2134,39.5083
587.9500,0.0000,89.6526,47.1395,99.2458,39.2424
588.0000,0.0000,90.0553,46.6780,99.2683,38.9804
588.0500,0.0000,90.4453,46.2169,99.2809,38.7230
588.1000,0.0000,90.8219,45.7565,99.2835,38.4704
588.1500,0.0000,91.1845,45.2971,99.2760,38.2231
588.2000,0.0000,91.5327,44.8387,99.2584,37.9813
588.2500,0.0000,91.8659,44.3817,99.2306,37.7454
588.3000,0.0000,92.1837,43.9262,99.1928,37.5157
588.3500,0.0000,92.4855,43.4724,99.1449,37.2925
588.4000,0.0000,92.7709,43.0203,99.0870,37.0761
588.4500,0.0000,93.0396,42.5702,99.0191,36.8667
588.5000,0.0000,93.2911,42.1222,98.9415,36.6646
588.5500,0.0000,93.5250,41.6764,98.8541,36.4700
588.6000,0.0000,93.7413,41.2332,98.7571,36.2837
588.6500,0.0000,93.9399,40.7928,98.6507,36.1058
588.7000,0.0000,94.1210,40.3557,98.5350,35.9362
588.7500,0.0000,94.2845,39.9223,98.4101,35.7745
588.8000,0.0000,94.4302,39.4928,98.2763,35.6205
588.8500,0.0000,94.5581,39.0676,98.1338,35.4739
588.9000,0.0000,94.6676,38.6471,97.9827,35.3345
588.9500,0.0000,94.7588,38.2316,97.8232,35.2019
589.0000,0.0000,94.8315,37.8214,97.6556,35.0759
589.0500,0.0000,94.8856,37.4167,97.4800,34.9564
589.1000,0.0000,94.9218,37.0176,97.2967,34.8429
589.1500,0.0000,94.9410,36.6241,97.1059,34.7354
589.2000,0.0000,94.9438,36.2363,96.9077,34.6335
589.2500,0.0000,94.9312,35.8541,96.7024,34.5369
589.3000,0.0000,94.9038,35.4776,96.4902,34.4456
589.3500,0.0000,94.8625,35.1069,96.2712,34.3591
589.4000,0.0000,94.8082,34.7418,96.0457,34.2773
589.4500,0.0000,94.7415,34.3825,95.8138,34.2000
589.5000,0.0000,94.6634,34.0290,95.5757,34.1268
589.5500,0.0000,94.5746,33.6812,95.3316,34.0576
589.6000,0.0000,94.4761,33.3392,95.0816,33.9922
589.6500,0.0000,94.3688,33.0030,94.8258,33.9303
589.7000,0.0000,94.2535,32.6726,94.5643,33.8716
589.7500,0.0000,94.1311,32.3479,94.2973,33.8159
589.8000,0.0000,94.0027,32.0289,94.0247,33.7631
589.8500,0.0000,93.8691,31.7156,93.7467,33.7128
589.9000,0.0000,93.7314,31.4079,93.4633,33.6649
589.9500,0.0000,93.5906,31.1058,93.1745,33.6190
590.0000,0.0000,93.4478,30.8092,92.8802,33.5750
590.0500,0.0000,93.3039,30.5180,92.5805,33.5327
590.1000,0.0000,93.1592,30.2325,92.2758,33.4917
590.1500,0.0000,93.0141,29.9527,91.9667,33.4519
590.2000,0.0000,92.8686,29.6789,91.6536,33.4129
590.2500,0.0000,92.7231,29.4113,91.3372,33.3747
590.3000,0.0000,92.5776,29.1501,91.0178,33.3369
590.3500,0.0000,92.4323,28.8954,90.6961,33.2993
590.4000,0.0000,92.2873,28.6475,90.3725,33.2616
590.4500,0.0000,92.1429,28.4066,90.0477,33.2236
590.5000,0.0000,91.9990,28.1728,89.7221,33.1852
590.5500,0.0000,91.8558,27.9463,89.3963,33.1460
590.6000,0.0000,91.7133,27.7267,89.0711,33.1064
590.6500,0.0000,91.5716,27.5138,88.7472,33.0665
590.7000,0.0000,91.4309,27.3073,88.4254,33.0268
590.7500,0.0000,91.2910,27.1068,88.1064,32.9873
590.8000,0.0000,91.1520,26.9121,87.7910,32.9483
590.8500,0.0000,91.0140,26.7230,87.4799,32.9099
590.9000,0.0000,90.8769,26.5394,87.1738,32.8723
590.9500,0.0000,90.7407,26.3610,86.8733,32.8354
591.0000,0.0000,90.6054,26.1877,86.5790,32.7995
591.0500,0.0000,90.4709,26.0194,86.2915,32.7646
591.1000,0.0000,90.3372,25.8559,86.0115,32.7306
591.1500,0.0000,90.2042,25.6973,85.7395,32.6975
591.2000,0.0000,90.0717,25.5435,85.4761,32.6654
591.2500,0.0000,89.9397,25.3944,85.2217,32.6341
591.3000,0.0000,89.8081,25.2501,84.9769,32.6036
591.3500,0.0000,89.6767,25.1105,84.7421,32.5739
591.4000,0.0000,89.5454,24.9757,84.5178,32.5447
591.4500,0.0000,89.4140,24.8457,84.3043,32.5159
591.5000,0.0000,89.2823,24.7205,84.1021,32.4874
591.5500,0.0000,89.1502,24.6004,83.9116,32.4591
591.6000,0.0000,89.0175,24.4851,83.7330,32.4307
591.6500,0.0000,88.8842,24.3747,83.5667,32.4020
591.7000,0.0000,88.7501,24.2692,83.4129,32.3728
591.7500,0.0000,88.6153,24.1685,83.2720,32.3430
591.8000,0.0000,88.4795,24.0725,83.1440,32.3122
591.8500,0.0000,88.3427,23.9813,83.0293,32.2802
591.9000,0.0000,88.2048,23.8948,82.9280,32.2468
591.9500,0.0000,88.0655,23.8131,82.8402,32.2117
592.0000,0.0000,87.9248,23.7360,82.7661,32.1746
592.0500,0.0000,87.7827,23.6636,82.7055,32.1355
592.1000,0.0000,87.6393,23.5955,82.6581,32.0946
592.1500,0.0000,87.4950,23.5316,82.6233,32.0525
592.2000,0.0000,87.3502,23.4716,82.6007,32.0096
592.2500,0.0000,87.2051,23.4151,82.5898,31.9665
592.3000,0.0000,87.0599,23.3621,82.5899,31.9233
592.3500,0.0000,86.9147,23.3122,82.6006,31.8804
592.4000,0.0000,86.7698,23.2653,82.6214,31.8381
592.4500,0.0000,86.6251,23.2212,82.6517,31.7966
592.5000,0.0000,86.4807,23.1797,82.6910,31.7561
592.5500,0.0000,86.3367,23.1406,82.7387,31.7167
592.6000,0.0000,86.1928,23.1038,82.7943,31.6786
592.6500,0.0000,86.0491,23.0692,82.8572,31.6418
592.7000,0.0000,85.9054,23.0366,82.9268,31.6064
592.7500,0.0000,85.7616,23.0058,83.0025,31.5724
592.8000,0.0000,85.6173,22.9768,83.0838,31.5398
592.8500,0.0000,85.4724,22.9494,83.1699,31.5086
592.9000,0.0000,85.3265,22.9236,83.2600,31.4788
592.9500,0.0000,85.1792,22.8992,83.3533,31.4502
593.0000,0.0000,85.0301,22.8762,83.4489,31.4230
593.0500,0.0000,84.8790,22.8544,83.5459,31.3968
593.1000,0.0000,84.7258,22.8338,83.6440,31.3717
593.1500,0.0000,84.5706,22.8143,83.7427,31.3476
593.2000,0.0000,84.4135,22.7958,83.8418,31.3243
593.2500,0.0000,84.2545,22.7783,83.9410,31.3016
593.3000,0.0000,84.0937,22.7616,84.0400,31.2796
593.3500,0.0000,83.9313,22.7459,84.1385,31.2580
593.4000,0.0000,83.7672,22.7308,84.2362,31.2368
593.4500,0.0000,83.6015,22.7165,84.3329,31.2158
593.5000,0.0000,83.4342,22.7029,84.4284,31.1950
593.5500,0.0000,83.2654,22.6898,84.5223,31.1741
593.6000,0.0000,83.0958,22.6768,84.6145,31.1532
593.6500,0.0000,82.9257,22.6632,84.7047,31.1321
593.7000,0.0000,82.7557,22.6486,84.7928,31.1109
593.7500,0.0000,82.5863,22.6324,84.8785,31.0893
593.8000,0.0000,82.4180,22.6143,84.9616,31.0674
593.8500,0.0000,82.2511,22.5936,85.0420,31.0453
593.9000,0.0000,82.0860,22.5702,85.1195,31.0228
593.9500,0.0000,81.9230,22.5436,85.1938,31.0001
594.0000,0.0000,81.7626,22.5135,85.2650,30.9772
594.0500,0.0000,81.6048,22.4796,85.3327,30.9542
594.1000,0.0000,81.4500,22.4416,85.3969,30.9312
594.1500,0.0000,81.2985,22.3994,85.4574,30.9084
594.2000,0.0000,81.1503,22.3526,85.5140,30.8859
594.2500,0.0000,81.0057,22.3012,85.5668,30.8641
594.3000,0.0000,80.8648,22.2449,85.6154,30.8431
594.3500,0.0000,80.7277,22.1837,85.6599,30.8233
594.4000,0.0000,80.5945,22.1175,85.7002,30.8050
594.4500,0.0000,80.4653,22.0463,85.7360,30.7887
594.5000,0.0000,80.3400,21.9699,85.7674,30.7747
594.5500,0.0000,80.2188,21.8884,85.7942,30.7634
594.6000,0.0000,80.1015,21.8018,85.8164,30.7546
594.6500,0.0000,79.9883,21.7101,85.8338,30.7479
594.7000,0.0000,79.8789,21.6135,85.8465,30.7431
594.7500,0.0000,79.7734,21.5120,85.8544,30.7397
594.8000,0.0000,79.6717,21.4058,85.8573,30.7373
594.8500,0.0000,79.5736,21.2951,85.8554,30.7358
594.9000,0.0000,79.4790,21.1800,85.8484,30.7346
594.9500,0.0000,79.3877,21.0607,85.8364,30.7335
595.0000,0.0000,79.2995,20.9375,85.8193,30.7322
595.0500,0.0000,79.2145,20.8105,85.7972,30.7302
595.1000,0.0000,79.1331,20.6800,85.7699,30.7276
595.1500,0.0000,79.0558,20.5459,85.7376,30.7243
595.2000,0.0000,78.9831,20.4084,85.7001,30.7201
595.2500,0.0000,78.9155,20.2677,85.6575,30.7151
595.3000,0.0000,78.8532,20.1241,85.6098,30.7091
595.3500,0.0000,78.7966,19.9780,85.5570,30.7019
595.4000,0.0000,78.7459,19.8299,85.4991,30.6936
595.4500,0.0000,78.7013,19.6803,85.4362,30.6839
595.5000,0.0000,78.6627,19.5296,85.3682,30.6728
595.5500,0.0000,78.6304,19.3784,85.2953,30.6600
595.6000,0.0000,78.6043,19.2273,85.2175,30.6455
595.6500,0.0000,78.5842,19.0770,85.1348,30.6291
595.7000,0.0000,78.5700,18.9281,85.0474,30.6106
595.7500,0.0000,78.5616,18.7814,84.9552,30.5899
595.8000,0.0000,78.5588,18.6377,84.8584,30.5669
595.8500,0.0000,78.5611,18.4978,84.7570,30.5413
595.9000,0.0000,78.5682,18.3626,84.6513,30.5130
595.9500,0.0000,78.5798,18.2330,84.5412,30.4818
596.0000,0.0000,78.5954,18.1100,84.4269,30.4475
596.0500,0.0000,78.6144,17.9944,84.3086,30.4101
596.1000,0.0000,78.6370,17.8865,84.1864,30.3692
596.1500,0.0000,78.6630,17.7866,84.0603,30.3247
596.2000,0.0000,78.6925,17.6948,83.9307,30.2765
596.2500,0.0000,78.7255,17.6113,83.7977,30.2243
596.3000,0.0000,78.7618,17.5362,83.6615,30.1680
596.3500,0.0000,78.8016,17.4696,83.5222,30.1073
596.4000,0.0000,78.8446,17.4118,83.3801,30.0422
596.4500,0.0000,78.8910,17.3629,83.2354,29.9725
596.5000,0.0000,78.9405,17.3229,83.0884,29.8978
596.5500,0.0000,78.9933,17.2921,82.9393,29.8183
596.6000,0.0000,79.0499,17.2702,82.7887,29.7341
596.6500,0.0000,79.1111,17.2571,82.6372,29.6456
596.7000,0.0000,79.1776,17.2527,82.4851,29.5531
596.7500,0.0000,79.2499,17.2568,82.3332,29.4570
596.8000,0.0000,79.3285,17.2694,82.1819,29.3574
596.8500,0.0000,79.4140,17.2902,82.0319,29.2545
596.9000,0.0000,79.5068,17.3192,81.8835,29.1486
596.9500,0.0000,79.6074,17.3563,81.7376,29.0399
597.0000,0.0000,79.7162,17.4014,81.5944,28.9285
597.0500,0.0000,79.8333,17.4543,81.4547,28.8144
597.1000,0.0000,79.9593,17.5150,81.3191,28.6978
597.1500,0.0000,80.0942,17.5834,81.1880,28.5788
597.2000,0.0000,80.2384,17.6594,81.0622,28.4573
597.2500,0.0000,80.3921,17.7429,80.9421,28.3334
597.3000,0.0000,80.5553,17.8339,80.8284,28.2071
597.3500,0.0000,80.7283,17.9322,80.7218,28.0783
597.4000,0.0000,80.9112,18.0378,80.6228,27.9470
597.4500,0.0000,81.1041,18.1506,80.5321,27.8130
597.5000,0.0000,81.3069,18.2706,80.4505,27.6764
597.5500,0.0000,81.5197,18.3976,80.3783,27.5368
597.6000,0.0000,81.7423,18.5317,80.3160,27.3943
597.6500,0.0000,81.9743,18.6728,80.2635,27.2486
597.7000,0.0000,82.2154,18.8207,80.2209,27.0995
597.7500,0.0000,82.4652,18.9755,80.1883,26.9469
597.8000,0.0000,82.7232,19.1371,80.1657,26.7907
597.8500,0.0000,82.9890,19.3054,80.1532,26.6312
597.9000,0.0000,83.2621,19.4805,80.1507,26.4687
597.9500,0.0000,83.5419,19.6621,80.1582,26.3035
598.0000,0.0000,83.8278,19.8504,80.1757,26.1358
598.0500,0.0000,84.1195,20.0452,80.2032,25.9658
598.1000,0.0000,84.4168,20.2460,80.2406,25.7939
598.1500,0.0000,84.7200,20.4522,80.2878,25.6203
598.2000,0.0000,85.0291,20.6633,80.3448,25.4452
598.2500,0.0000,85.3440,20.8788,80.4114,25.2689
598.3000,0.0000,85.6645,21.0984,80.4875,25.0916
598.3500,0.0000,85.9905,21.3215,80.5730,24.9135
598.4000,0.0000,86.3217,21.5478,80.6678,24.7349
598.4500,0.0000,86.6577,21.7770,80.7716,24.5561
598.5000,0.0000,86.9980,22.0088,80.8844,24.3774
598.5500,0.0000,87.3421,22.2429,81.0059,24.1989
598.6000,0.0000,87.6895,22.4791,81.1359,24.0210
598.6500,0.0000,88.0395,22.7172,81.2742,23.8439
598.7000,0.0000,88.3912,22.9570,81.4207,23.6680
598.7500,0.0000,88.7440,23.1984,81.5749,23.4933
598.8000,0.0000,89.0969,23.4413,81.7368,23.3203
598.8500,0.0000,89.4490,23.6857,81.9061,23.1490
598.9000,0.0000,89.7992,23.9316,82.0824,22.9798
598.9500,0.0000,90.1465,24.1789,82.2654,22.8128
599.0000,0.0000,90.4896,24.4277,82.4550,22.6483
599.0500,0.0000,90.8276,24.6781,82.6507,22.4864
599.1000,0.0000,91.1598,24.9299,82.8523,22.3274
599.1500,0.0000,91.4858,25.1830,83.0594,22.1715
599.2000,0.0000,91.8056,25.4372,83.2717,22.0188
599.2500,0.0000,92.1190,25.6925,83.4889,21.8694
599.3000,0.0000,92.4257,25.9487,83.7105,21.7236
599.3500,0.0000,92.7255,26.2058,83.9362,21.5814
599.4000,0.0000,93.0183,26.4636,84.1656,21.4431
599.4500,0.0000,93.3040,26.7222,84.3983,21.3086
599.5000,0.0000,93.5822,26.9816,84.6340,21.1781
599.5500,0.0000,93.8528,27.2416,84.8721,21.0516
599.6000,0.0000,94.1159,27.5018,85.1124,20.9293
599.6500,0.0000,94.3716,27.7617,85.3543,20.8111
599.7000,0.0000,94.6198,28.0208,85.5975,20.6971
599.7500,0.0000,94.8606,28.2789,85.8414,20.5873
599.8000,0.0000,95.0941,28.5355,86.0857,20.4817
599.8500,0.0000,95.3203,28.7905,86.3298,20.3802
599.9000,0.0000,95.5391,29.0435,86.5734,20.2827
599.9500,0.0000,95.7506,29.2944,86.8158,20.1893
600.0000,0.0000,95.9547,29.5431,87.0567,20.0996
600.0500,0.0000,96.1514,29.7894,87.2956,20.0137
600.1000,0.0000,96.3407,30.0335,87.5319,19.9313
600.1500,0.0000,96.5225,30.2753,87.7651,19.8523
600.2000,0.0000,96.6968,30.5148,87.9948,19.7763
600.2500,0.0000,96.8636,30.7523,88.2204,19.7032
600.3000,0.0000,97.0228,30.9880,88.4415,19.6327
600.3500,0.0000,97.1743,31.2219,88.6573,19.5644
600.4000,0.0000,97.3182,31.4545,88.8676,19.4979
600.4500,0.0000,97.4542,31.6860,89.0716,19.4328
600.5000,0.0000,97.5824,31.9169,89.2688,19.3688
600.5500,0.0000,97.7028,32.1475,89.4588,19.3053
600.6000,0.0000,97.8151,32.3778,89.6413,19.2424
600.6500,0.0000,97.9195,32.6076,89.8160,19.1801
600.7000,0.0000,98.0157,32.8370,89.9826,19.1185
600.7500,0.0000,98.1037,33.0659,90.1410,19.0576
600.8000,0.0000,98.1835,33.2942,90.2909,18.9974
600.8500,0.0000,98.2550,33.5219,90.4322,18.9379
600.9000,0.0000,98.3180,33.7491,90.5647,18.8791
600.9500,0.0000,98.3726,33.9757,90.6882,18.8210
601.0000,0.0000,98.4186,34.2017,90.8028,18.7636
601.0500,0.0000,98.4561,34.4270,90.9087,18.7068
601.1000,0.0000,98.4857,34.6510,91.0063,18.6509
601.1500,0.0000,98.5081,34.8731,91.0961,18.5959
601.2000,0.0000,98.5239,35.0924,91.1784,18.5420
601.2500,0.0000,98.5337,35.3085,91.2536,18.4894
601.3000,0.0000,98.5381,35.5207,91.3222,18.4381
601.3500,0.0000,98.5375,35.7287,91.3845,18.3881
601.4000,0.0000,98.5324,35.9320,91.4411,18.3394
601.4500,0.0000,98.5232,36.1302,91.4923,18.2920
601.5000,0.0000,98.5101,36.3231,91.5387,18.2457
601.5500,0.0000,98.4936,36.5103,91.5807,18.2004
601.6000,0.0000,98.4737,36.6918,91.6188,18.1560
601.6500,0.0000,98.4507,36.8673,91.6536,18.1123
601.7000,0.0000,98.4248,37.0368,91.6854,18.0689
601.7500,0.0000,98.3960,37.2003,91.7150,18.0255
601.8000,0.0000,98.3643,37.3578,91.7428,17.9819
601.8500,0.0000,98.3298,37.5092,91.7695,17.9376
601.9000,0.0000,98.2923,37.6549,91.7956,17.8921
601.9500,0.0000,98.2518,37.7949,91.8217,17.8450
602.0000,0.0000,98.2080,37.9294,91.8487,17.7957
602.0500,0.0000,98.1609,38.0587,91.8769,17.7437
602.1000,0.0000,98.1107,38.1829,91.9066,17.6892
602.1500,0.0000,98.0576,38.3019,91.9380,17.6324
602.2000,0.0000,98.0020,38.4160,91.9710,17.5735
602.2500,0.0000,97.9442,38.5251,92.0059,17.5127
602.3000,0.0000,97.8843,38.6294,92.0426,17.4503
602.3500,0.0000,97.8227,38.7292,92.0813,17.3866
602.4000,0.0000,97.7595,38.8245,92.1220,17.3217
602.4500,0.0000,97.6949,38.9156,92.1648,17.2558
602.5000,0.0000,97.6292,39.0028,92.2097,17.1893
602.5500,0.0000,97.5625,39.0862,92.2568,17.1225
602.6000,0.0000,97.4952,39.1657,92.3060,17.0562
602.6500,0.0000,97.4277,39.2410,92.3576,16.9916
602.7000,0.0000,97.3603,39.3121,92.4114,16.9295
602.7500,0.0000,97.2934,39.3788,92.4674,16.8710
602.8000,0.0000,97.2273,39.4411,92.5258,16.8168
602.8500,0.0000,97.1622,39.4990,92.5865,16.7678
602.9000,0.0000,97.0982,39.5526,92.6495,16.7248
602.9500,0.0000,97.0357,39.6021,92.7148,16.6885
603.0000,0.0000,96.9746,39.6475,92.7824,16.6595
603.0500,0.0000,96.9152,39.6892,92.8524,16.6386
603.1000,0.0000,96.8574,39.7274,92.9246,16.6263
603.1500,0.0000,96.8014,39.7625,92.9991,16.6232
603.2000,0.0000,96.7470,39.7949,93.0759,16.6298
603.2500,0.0000,96.6942,39.8249,93.1548,16.6465
603.3000,0.0000,96.6429,39.8531,93.2360,16.6739
603.3500,0.0000,96.5930,39.8800,93.3193,16.7123
603.4000,0.0000,96.5442,39.9062,93.4048,16.7621
603.4500,0.0000,96.4964,39.9322,93.4923,16.8237
603.5000,0.0000,96.4492,39.9589,93.5818,16.8972
603.5500,0.0000,96.4025,39.9868,93.6734,16.9830
603.6000,0.0000,96.3563,40.0161,93.7669,17.0814
603.6500,0.0000,96.3109,40.0471,93.8623,17.1924
603.7000,0.0000,96.2665,40.0800,93.9595,17.3162
603.7500,0.0000,96.2231,40.1149,94.0585,17.4531
603.8000,0.0000,96.1811,40.1522,94.1592,17.6030
603.8500,0.0000,96.1405,40.1920,94.2615,17.7660
603.9000,0.0000,96.1014,40.2345,94.3654,17.9422
603.9500,0.0000,96.0639,40.2800,94.4709,18.1315
604.0000,0.0000,96.0283,40.3288,94.5777,18.3339
604.0500,0.0000,95.9944,40.3812,94.6860,18.5494
604.1000,0.0000,95.9625,40.4373,94.7955,18.7781
604.1500,0.0000,95.9327,40.4974,94.9063,19.0198
604.2000,0.0000,95.9052,40.5619,95.0182,19.2746
604.2500,0.0000,95.8801,40.6309,95.1312,19.5424
604.3000,0.0000,95.8573,40.7049,95.2451,19.8232
604.3500,0.0000,95.8370,40.7840,95.3599,20.1167
604.4000,0.0000,95.8190,40.8686,95.4755,20.4228
604.4500,0.0000,95.8034,40.9590,95.5919,20.7413
604.5000,0.0000,95.7900,41.0554,95.7088,21.0720
604.5500,0.0000,95.7788,41.1581,95.8264,21.4145
604.6000,0.0000,95.7695,41.2676,95.9443,21.7685
604.6500,0.0000,95.7618,41.3840,96.0626,22.1338
604.7000,0.0000,95.7557,41.5077,96.1812,22.5099
604.7500,0.0000,95.7506,41.6390,96.2999,22.8963
604.8000,0.0000,95.7464,41.7782,96.4186,23.2927
604.8500,0.0000,95.7425,41.9258,96.5374,23.6985
604.9000,0.0000,95.7384,42.0819,96.6560,24.1133
604.9500,0.0000,95.7338,42.2469,96.7743,24.5364
605.0000,0.0000,95.7280,42.4212,96.8923,24.9673
605.0500,0.0000,95.7205,42.6051,97.0098,25.4054
605.1000,0.0000,95.7114,42.7986,97.1268,25.8503
605.1500,0.0000,95.7009,43.0019,97.2431,26.3016
605.2000,0.0000,95.6891,43.2149,97.3586,26.7588
605.2500,0.0000,95.6763,43.4377,97.4732,27.2217
605.3000,0.0000,95.6626,43.6703,97.5869,27.6898
605.3500,0.0000,95.6481,43.9127,97.6994,28.1625
605.4000,0.0000,95.6330,44.1649,97.8106,28.6395
605.4500,0.0000,95.6173,44.4269,97.9205,29.1203
605.5000,0.0000,95.6013,44.6986,98.0289,29.6044
605.5500,0.0000,95.5850,44.9799,98.1358,30.0912
605.6000,0.0000,95.5684,45.2701,98.2409,30.5803
605.6500,0.0000,95.5516,45.5682,98.3441,31.0711
605.7000,0.0000,95.5346,45.8736,98.4454,31.5631
605.7500,0.0000,95.5175,46.1854,98.5446,32.0556
605.8000,0.0000,95.5001,46.5030,98.6416,32.5481
605.8500,0.0000,95.4825,46.8257,98.7362,33.0399
605.9000,0.0000,95.4646,47.1528,98.8283,33.5306
605.9500,0.0000,95.4463,47.4837,98.9177,34.0194
606.0000,0.0000,95.4275,47.8180,99.0044,34.5056
606.0500,0.0000,95.4079,48.1550,99.0882,34.9887
606.1000,0.0000,95.3874,48.4943,99.1688,35.4678
606.1500,0.0000,95.3657,48.8355,99.2463,35.9424
606.2000,0.0000,95.3426,49.1782,99.3204,36.4117
606.2500,0.0000,95.3178,49.5219,99.3910,36.8750
606.3000,0.0000,95.2909,49.8664,99.4579,37.3314
606.3500,0.0000,95.2615,50.2115,99.5210,37.7803
606.4000,0.0000,95.2291,50.5567,99.5801,38.2208
606.4500,0.0000,95.1933,50.9020,99.6350,38.6522
606.5000,0.0000,95.1536,51.2471,99.6856,39.0735
606.5500,0.0000,95.1094,51.5919,99.7317,39.4841
606.6000,0.0000,95.0609,51.9360,99.7735,39.8835
606.6500,0.0000,95.0082,52.2790,99.8110,40.2715
606.7000,0.0000,94.9518,52.6206,99.8444,40.6479
606.7500,0.0000,94.8917,52.9606,99.8739,41.0124
606.8000,0.0000,94.8281,53.2984,99.8996,41.3648
606.8500,0.0000,94.7614,53.6340,99.9217,41.7049
606.9000,0.0000,94.6917,53.9670,99.9404,42.0325
606.9500,0.0000,94.6191,54.2971,99.9560,42.3474
607.0000,0.0000,94.5439,54.6242,99.9688,42.6494
607.0500,0.0000,94.4663,54.9479,99.9786,42.9385
607.1000,0.0000,94.3868,55.2678,99.9851,43.2145
607.1500,0.0000,94.3058,55.5834,99.9874,43.4772
607.2000,0.0000,94.2240,55.8940,99.9850,43.7267
607.2500,0.0000,94.1418,56.1993,99.9777,43.9627
607.3000,0.0000,94.0594,56.4989,99.9650,44.1853
607.3500,0.0000,93.9774,56.7924,99.9470,44.3944
607.4000,0.0000,93.8960,57.0795,99.9235,44.5900
607.4500,0.0000,93.8154,57.3599,99.8945,44.7721
607.5000,0.0000,93.7359,57.6335,99.8596,44.9406
607.5500,0.0000,93.6576,57.9001,99.8184,45.0956
607.6000,0.0000,93.5806,58.1596,99.7704,45.2372
607.6500,0.0000,93.5051,58.4119,99.7155,45.3654
607.7000,0.0000,93.4310,58.6571,99.6533,45.4802
607.7500,0.0000,93.3583,58.8950,99.5838,45.5817
607.8000,0.0000,93.2868,59.1260,99.5068,45.6701
607.8500,0.0000,93.2165,59.3500,99.4224,45.7455
607.9000,0.0000,93.1470,59.5674,99.3305,45.8080
607.9500,0.0000,93.0782,59.7783,99.2313,45.8578
608.0000,0.0000,93.0097,59.9830,99.1248,45.8949
608.0500,0.0000,92.9412,60.1819,99.0113,45.9197
608.1000,0.0000,92.8731,60.3748,98.8909,45.9323
608.1500,0.0000,92.8057,60.5616,98.7639,45.9329
608.2000,0.0000,92.7395,60.7421,98.6305,45.9217
608.2500,0.0000,92.6749,60.9162,98.4910,45.8991
608.3000,0.0000,92.6121,61.0839,98.3457,45.8651
608.3500,0.0000,92.5517,61.2451,98.1949,45.8202
608.4000,0.0000,92.4939,61.3996,98.0390,45.7645
608.4500,0.0000,92.4391,61.5476,97.8783,45.6984
608.5000,0.0000,92.3876,61.6889,97.7131,45.6222
608.5500,0.0000,92.3397,61.8237,97.5439,45.5363
608.6000,0.0000,92.2957,61.9519,97.3716,45.4415
608.6500,0.0000,92.2559,62.0736,97.1969,45.3386
608.7000,0.0000,92.2205,62.1890,97.0207,45.2285
608.7500,0.0000,92.1897,62.2981,96.8438,45.1120
608.8000,0.0000,92.1638,62.4011,96.6670,44.9899
608.8500,0.0000,92.1430,62.4981,96.4910,44.8631
608.9000,0.0000,92.1275,62.5894,96.3164,44.7321
608.9500,0.0000,92.1173,62.6753,96.1439,44.5978
609.0000,0.0000,92.1127,62.7559,95.9741,44.4609
609.0500,0.0000,92.1137,62.8316,95.8074,44.3221
609.1000,0.0000,92.1204,62.9026,95.6444,44.1821
609.1500,0.0000,92.1329,62.9695,95.4855,44.0414
609.2000,0.0000,92.1512,63.0324,95.3311,43.9008
609.2500,0.0000,92.1754,63.0920,95.1815,43.7609
609.3000,0.0000,92.2054,63.1486,95.0370,43.6222
609.3500,0.0000,92.2411,63.2028,94.8979,43.4854
609.4000,0.0000,92.2825,63.2550,94.7644,43.3509
609.4500,0.0000,92.3295,63.3060,94.6365,43.2193
609.5000,0.0000,92.3819,63.3562,94.5144,43.0911
609.5500,0.0000,92.4396,63.4064,94.3981,42.9669
609.6000,0.0000,92.5027,63.4566,94.2876,42.8470
609.6500,0.0000,92.5711,63.5071,94.1829,42.7320
609.7000,0.0000,92.6450,63.5580,94.0839,42.6222
609.7500,0.0000,92.7244,63.6095,93.9904,42.5181
609.8000,0.0000,92.8094,63.6614,93.9022,42.4200
609.8500,0.0000,92.8998,63.7135,93.8191,42.3284
609.9000,0.0000,92.9956,63.7654,93.7409,42.2436
609.9500,0.0000,93.0969,63.8169,93.6672,42.1658
610.0000,0.0000,93.2035,63.8677,93.5976,42.0955
610.0500,0.0000,93.3152,63.9175,93.5319,42.0329
610.1000,0.0000,93.4314,63.9661,93.4701,41.9788
610.1500,0.0000,93.5515,64.0131,93.4123,41.9339
610.2000,0.0000,93.6748,64.0581,93.3585,41.8990
610.2500,0.0000,93.8005,64.1010,93.3086,41.8746
610.3000,0.0000,93.9280,64.1415,93.2624,41.8614
610.3500,0.0000,94.0567,64.1795,93.2199,41.8599
610.4000,0.0000,94.1859,64.2150,93.1809,41.8705
610.4500,0.0000,94.3147,64.2480,93.1449,41.8937
610.5000,0.0000,94.4427,64.2786,93.1118,41.9299
610.5500,0.0000,94.5691,64.3070,93.0811,41.9793
610.6000,0.0000,94.6931,64.3332,93.0525,42.0422
610.6500,0.0000,94.8140,64.3577,93.0256,42.1187
610.7000,0.0000,94.9311,64.3807,92.9999,42.2091
610.7500,0.0000,95.0436,64.4026,92.9749,42.3135
610.8000,0.0000,95.1508,64.4238,92.9502,42.4317
610.8500,0.0000,95.2519,64.4450,92.9252,42.5639
610.9000,0.0000,95.3459,64.4668,92.8994,42.7099
610.9500,0.0000,95.4321,64.4896,92.8723,42.8696
611.0000,0.0000,95.5096,64.5144,92.8433,43.0429
611.0500,0.0000,95.5776,64.5418,92.8121,43.2294
611.1000,0.0000,95.6359,64.5718,92.7779,43.4291
611.1500,0.0000,95.6845,64.6045,92.7404,43.6421
611.2000,0.0000,95.7234,64.6399,92.6991,43.8682
611.2500,0.0000,95.7525,64.6781,92.6535,44.1072
611.3000,0.0000,95.7719,64.7189,92.6032,44.3591
611.3500,0.0000,95.7816,64.7627,92.5478,44.6236
611.4000,0.0000,95.7816,64.8093,92.4871,44.9004
611.4500,0.0000,95.7720,64.8589,92.4206,45.1893
611.5000,0.0000,95.7529,64.9116,92.3482,45.4900
611.5500,0.0000,95.7242,64.9675,92.2698,45.8022
611.6000,0.0000,95.6852,65.0261,92.1861,46.1260
611.6500,0.0000,95.6353,65.0872,92.0977,46.4614
611.7000,0.0000,95.5738,65.1504,92.0055,46.8084
611.7500,0.0000,95.5002,65.2155,91.9104,47.1671
611.8000,0.0000,95.4138,65.2821,91.8131,47.5372
611.8500,0.0000,95.3143,65.3501,91.7146,47.9185
611.9000,0.0000,95.2012,65.4194,91.6159,48.3109
611.9500,0.0000,95.0741,65.4898,91.5181,48.7139
612.0000,0.0000,94.9327,65.5613,91.4223,49.1271
612.0500,0.0000,94.7766,65.6339,91.3296,49.5501
612.1000,0.0000,94.6055,65.7076,91.2402,49.9822
612.1500,0.0000,94.4193,65.7825,91.1543,50.4229
612.2000,0.0000,94.2177,65.8586,91.0719,50.8715
612.2500,0.0000,94.0007,65.9361,90.9929,51.3272
612.3000,0.0000,93.7679,66.0152,90.9174,51.7892
612.3500,0.0000,93.5194,66.0961,90.8453,52.2566
612.4000,0.0000,93.2551,66.1791,90.7765,52.7285
612.4500,0.0000,92.9748,66.2644,90.7109,53.2037
612.5000,0.0000,92.6786,66.3524,90.6483,53.6812
612.5500,0.0000,92.3665,66.4433,90.5886,54.1599
612.6000,0.0000,92.0387,66.5372,90.5315,54.6394
612.6500,0.0000,91.6956,66.6337,90.4770,55.1194
612.7000,0.0000,91.3375,66.7328,90.4246,55.5993
612.7500,0.0000,90.9648,66.8341,90.3743,56.0789
612.8000,0.0000,90.5780,66.9376,90.3256,56.5577
612.8500,0.0000,90.1774,67.0430,90.2784,57.0353
612.9000,0.0000,89.7636,67.1502,90.2323,57.5113
612.9500,0.0000,89.3370,67.2590,90.1871,57.9852
613.0000,0.0000,88.8982,67.3691,90.1423,58.4566
613.0500,0.0000,88.4477,67.4804,90.0978,58.9251
613.1000,0.0000,87.9860,67.5926,90.0537,59.3904
613.1500,0.0000,87.5137,67.7056,90.0101,59.8524
613.2000,0.0000,87.0314,67.8191,89.9673,60.3108
613.2500,0.0000,86.5397,67.9328,89.9252,60.7654
613.3000,0.0000,86.0392,68.0465,89.8839,61.2159
613.3500,0.0000,85.5305,68.1600,89.8436,61.6620
613.4000,0.0000,85.0142,68.2731,89.8041,62.1034
613.4500,0.0000,84.4911,68.3853,89.7655,62.5398
613.5000,0.0000,83.9616,68.4965,89.7277,62.9709
613.5500,0.0000,83.4266,68.6063,89.6906,63.3963
613.6000,0.0000,82.8866,68.7145,89.6541,63.8157
613.6500,0.0000,82.3423,68.8207,89.6181,64.2287
613.7000,0.0000,81.7943,68.9246,89.5823,64.6349
613.7500,0.0000,81.2434,69.0258,89.5468,65.0339
613.8000,0.0000,80.6900,69.1240,89.5112,65.4253
613.8500,0.0000,80.1350,69.2188,89.4753,65.8088
613.9000,0.0000,79.5790,69.3098,89.4390,66.1838
613.9500,0.0000,79.0225,69.3966,89.4019,66.5500
614.0000,0.0000,78.4663,69.4788,89.3640,66.9070
614.0500,0.0000,77.9109,69.5559,89.3248,67.2543
614.1000,0.0000,77.3572,69.6276,89.2842,67.5916
614.1500,0.0000,76.8058,69.6942,89.2418,67.9187
614.2000,0.0000,76.2575,69.7566,89.1975,68.2352
614.2500,0.0000,75.7131,69.8157,89.1508,68.5409
614.3000,0.0000,75.1733,69.8723,89.1016,68.8356
614.3500,0.0000,74.6389,69.9272,89.0495,69.1189
614.4000,0.0000,74.1106,69.9811,88.9943,69.3906
614.4500,0.0000,73.5891,70.0347,88.9356,69.6505
614.5000,0.0000,73.0751,70.0887,88.8732,69.8983
614.5500,0.0000,72.5693,70.1437,88.8069,70.1340
614.6000,0.0000,72.0722,70.2003,88.7371,70.3580
614.6500,0.0000,71.5841,70.2590,88.6644,70.5710
614.7000,0.0000,71.1055,70.3204,88.5891,70.7735
614.7500,0.0000,70.6368,70.3848,88.5118,70.9660
614.8000,0.0000,70.1785,70.4529,88.4328,71.1490
614.8500,0.0000,69.7309,70.5251,88.3524,71.3229
614.9000,0.0000,69.2945,70.6018,88.2709,71.4882
614.9500,0.0000,68.8696,70.6835,88.1887,71.6453
615.0000,0.0000,68.4568,70.7704,88.1059,71.7946
615.0500,0.0000,68.0564,70.8632,88.0227,71.9363
615.1000,0.0000,67.6689,70.9621,87.9394,72.0709
615.1500,0.0000,67.2945,71.0676,87.8560,72.1985
615.2000,0.0000,66.9338,71.1801,87.7727,72.3195
615.2500,0.0000,66.5870,71.2999,87.6897,72.4341
615.3000,0.0000,66.2546,71.4276,87.6068,72.5426
615.3500,0.0000,65.9369,71.5635,87.5243,72.6452
615.4000,0.0000,65.6342,71.7081,87.4422,72.7421
615.4500,0.0000,65.3469,71.8618,87.3604,72.8334
615.5000,0.0000,65.0752,72.0252,87.2790,72.9193
615.5500,0.0000,64.8195,72.1986,87.1979,73.0001
615.6000,0.0000,64.5801,72.3818,87.1172,73.0758
615.6500,0.0000,64.3571,72.5744,87.0367,73.1465
615.7000,0.0000,64.1509,72.7761,86.9564,73.2125
615.7500,0.0000,63.9615,72.9864,86.8763,73.2738
615.8000,0.0000,63.7891,73.2049,86.7962,73.3305
615.8500,0.0000,63.6336,73.4312,86.7162,73.3828
615.9000,0.0000,63.4950,73.6649,86.6360,73.4307
615.9500,0.0000,63.3734,73.9055,86.5556,73.4742
616.0000,0.0000,63.2686,74.1525,86.4748,73.5136
616.0500,0.0000,63.1806,74.4055,86.3937,73.5490
616.1000,0.0000,63.1093,74.6637,86.3127,73.5812
616.1500,0.0000,63.0546,74.9265,86.2319,73.6109
616.2000,0.0000,63.0164,75.1932,86.1520,73.6392
616.2500,0.0000,62.9944,75.4631,86.0731,73.6666
616.3000,0.0000,62.9884,75.7355,85.9957,73.6939
616.3500,0.0000,62.9983,76.0098,85.9198,73.7218
616.4000,0.0000,63.0237,76.2855,85.8459,73.7508
616.4500,0.0000,63.0644,76.5620,85.7740,73.7815
616.5000,0.0000,63.1201,76.8387,85.7044,73.8145
616.5500,0.0000,63.1903,77.1152,85.6371,73.8503
616.6000,0.0000,63.2748,77.3910,85.5724,73.8892
616.6500,0.0000,63.3731,77.6658,85.5103,73.9317
616.7000,0.0000,63.4847,77.9390,85.4508,73.9777
616.7500,0.0000,63.6091,78.2105,85.3941,74.0262
616.8000,0.0000,63.7459,78.4799,85.3401,74.0765
616.8500,0.0000,63.8944,78.7470,85.2888,74.1277
616.9000,0.0000,64.0541,79.0116,85.2402,74.1791
616.9500,0.0000,64.2244,79.2737,85.1943,74.2300
617.0000,0.0000,64.4046,79.5331,85.1509,74.2798
617.0500,0.0000,64.5940,79.7897,85.1100,74.3279
617.1000,0.0000,64.7924,80.0432,85.0716,74.3739
617.1500,0.0000,64.9994,80.2933,85.0353,74.4172
617.2000,0.0000,65.2146,80.5396,85.0012,74.4574
617.2500,0.0000,65.4378,80.7820,84.9690,74.4943
617.3000,0.0000,65.6686,81.0200,84.9385,74.5274
617.3500,0.0000,65.9067,81.2535,84.9096,74.5565
617.4000,0.0000,66.1518,81.4825,84.8819,74.5813
617.4500,0.0000,66.4034,81.7067,84.8553,74.6016
617.5000,0.0000,66.6612,81.9261,84.8295,74.6173
617.5500,0.0000,66.9247,82.1407,84.8042,74.6283
617.6000,0.0000,67.1928,82.3506,84.7791,74.6347
617.6500,0.0000,67.4643,82.5559,84.7538,74.6367
617.7000,0.0000,67.7381,82.7567,84.7281,74.6345
617.7500,0.0000,68.0131,82.9533,84.7015,74.6282
617.8000,0.0000,68.2882,83.1460,84.6736,74.6180
617.8500,0.0000,68.5624,83.3350,84.6441,74.6043
617.9000,0.0000,68.8347,83.5208,84.6125,74.5870
617.9500,0.0000,69.1043,83.7039,84.5783,74.5665
618.0000,0.0000,69.3702,83.8849,84.5411,74.5430
618.0500,0.0000,69.6315,84.0643,84.5004,74.5165
618.1000,0.0000,69.8874,84.2428,84.4556,74.4872
618.1500,0.0000,70.1372,84.4206,84.4061,74.4554
618.2000,0.0000,70.3801,84.5973,84.3515,74.4211
618.2500,0.0000,70.6154,84.7723,84.2910,74.3843
618.3000,0.0000,70.8425,84.9452,84.2240,74.3453
618.3500,0.0000,71.0606,85.1155,84.1498,74.3039
618.4000,0.0000,71.2693,85.2827,84.0679,74.2603
618.4500,0.0000,71.4679,85.4465,83.9773,74.2145
618.5000,0.0000,71.6559,85.6065,83.8773,74.1663
618.5500,0.0000,71.8329,85.7622,83.7673,74.1157
618.6000,0.0000,71.9983,85.9133,83.6473,74.0632
618.6500,0.0000,72.1518,86.0595,83.5176,74.0091
618.7000,0.0000,72.2930,86.2004,83.3782,73.9539
618.7500,0.0000,72.4216,86.3357,83.2295,73.8979
618.8000,0.0000,72.5372,86.4652,83.0717,73.8417
618.8500,0.0000,72.6396,86.5886,82.9050,73.7854
618.9000,0.0000,72.7285,86.7056,82.7296,73.7295
618.9500,0.0000,72.8037,86.8160,82.5457,73.6742
619.0000,0.0000,72.8652,86.9197,82.3536,73.6198
619.0500,0.0000,72.9125,87.0164,82.1534,73.5666
619.1000,0.0000,72.9450,87.1059,81.9453,73.5151
619.1500,0.0000,72.9618,87.1882,81.7296,73.4656
619.2000,0.0000,72.9622,87.2632,81.5065,73.4184
619.2500,0.0000,72.9455,87.3307,81.2761,73.3740
619.3000,0.0000,72.9111,87.3906,81.0385,73.3325
619.3500,0.0000,72.8586,87.4430,80.7940,73.2940
619.4000,0.0000,72.7875,87.4878,80.5428,73.2587
619.4500,0.0000,72.6975,87.5250,80.2849,73.2265
619.5000,0.0000,72.5885,87.5546,80.0204,73.1974
619.5500,0.0000,72.4602,87.5767,79.7496,73.1712
619.6000,0.0000,72.3126,87.5914,79.4724,73.1476
619.6500,0.0000,72.1457,87.5988,79.1889,73.1265
619.7000,0.0000,71.9595,87.5991,78.8993,73.1072
619.7500,0.0000,71.7544,87.5923,78.6034,73.0894
619.8000,0.0000,71.5305,87.5787,78.3014,73.0724
619.8500,0.0000,71.2882,87.5585,77.9932,73.0554
619.9000,0.0000,71.0279,87.5319,77.6788,73.0377
619.9500,0.0000,70.7501,87.4993,77.3580,73.0183
620.0000,0.0000,70.4555,87.4608,77.0309,72.9962
620.0500,0.0000,70.1445,87.4170,76.6972,72.9703
620.1000,0.0000,69.8175,87.3677,76.3574,72.9398
620.1500,0.0000,69.4746,87.3132,76.0118,72.9040
620.2000,0.0000,69.1160,87.2536,75.6609,72.8620
620.2500,0.0000,68.7422,87.1889,75.3051,72.8127
620.3000,0.0000,68.3534,87.1193,74.9448,72.7553
620.3500,0.0000,67.9500,87.0450,74.5804,72.6884
620.4000,0.0000,67.5324,86.9661,74.2122,72.6119
620.4500,0.0000,67.1011,86.8828,73.8407,72.5261
620.5000,0.0000,66.6567,86.7954,73.4661,72.4317
620.5500,0.0000,66.1995,86.7040,73.0891,72.3292
620.6000,0.0000,65.7300,86.6088,72.7106,72.2189
620.6500,0.0000,65.2486,86.5102,72.3317,72.1009
620.7000,0.0000,64.7557,86.4084,71.9535,71.9757
620.7500,0.0000,64.2517,86.3037,71.5769,71.8432
620.8000,0.0000,63.7373,86.1965,71.2029,71.7039
620.8500,0.0000,63.2130,86.0869,70.8323,71.5578
620.9000,0.0000,62.6794,85.9755,70.4659,71.4051
620.9500,0.0000,62.1373,85.8626,70.1043,71.2461
621.0000,0.0000,61.5875,85.7486,69.7482,71.0808
621.0500,0.0000,61.0307,85.6338,69.3982,70.9094
621.1000,0.0000,60.4679,85.5188,69.0547,70.7320
621.1500,0.0000,59.8999,85.4040,68.7181,70.5487
621.2000,0.0000,59.3278,85.2899,68.3888,70.3596
621.2500,0.0000,58.7525,85.1770,68.0671,70.1648
621.3000,0.0000,58.1751,85.0658,67.7531,69.9643
621.3500,0.0000,57.5969,84.9569,67.4470,69.7581
621.4000,0.0000,57.0189,84.8509,67.1487,69.5462
621.4500,0.0000,56.4425,84.7484,66.8582,69.3285
621.5000,0.0000,55.8689,84.6500,66.5755,69.1051
621.5500,0.0000,55.2993,84.5563,66.3003,68.8760
621.6000,0.0000,54.7343,84.4675,66.0333,68.6414
621.6500,0.0000,54.1746,84.3837,65.7749,68.4019
621.7000,0.0000,53.6206,84.3049,65.5256,68.1579
621.7500,0.0000,53.0727,84.2313,65.2861,67.9100
621.8000,0.0000,52.5316,84.1630,65.0567,67.6586
621.8500,0.0000,51.9977,84.0999,64.8378,67.4042
621.9000,0.0000,51.4715,84.0421,64.6299,67.1473
621.9500,0.0000,50.9536,83.9897,64.4334,66.8884
622.0000,0.0000,50.4443,83.9428,64.2485,66.6279
622.0500,0.0000,49.9441,83.9013,64.0757,66.3662
622.1000,0.0000,49.4527,83.8653,63.9156,66.1031
622.1500,0.0000,48.9698,83.8348,63.7691,65.8382
622.2000,0.0000,48.4951,83.8098,63.6368,65.5712
622.2500,0.0000,48.0284,83.7903,63.5193,65.3020
622.3000,0.0000,47.5694,83.7763,63.4172,65.0303
622.3500,0.0000,47.1180,83.7678,63.3309,64.7559
622.4000,0.0000,46.6741,83.7647,63.2609,64.4787
622.4500,0.0000,46.2375,83.7669,63.2074,64.1987
622.5000,0.0000,45.8081,83.7745,63.1708,63.9157
622.5500,0.0000,45.3859,83.7874,63.1512,63.6297
622.6000,0.0000,44.9709,83.8055,63.1488,63.3406
622.6500,0.0000,44.5631,83.8287,63.1636,63.0485
622.7000,0.0000,44.1624,83.8569,63.1956,62.7534
622.7500,0.0000,43.7690,83.8900,63.2447,62.4553
622.8000,0.0000,43.3828,83.9280,63.3108,62.1542
622.8500,0.0000,43.0040,83.9706,63.3937,61.8502
622.9000,0.0000,42.6326,84.0178,63.4930,61.5433
622.9500,0.0000,42.2688,84.0693,63.6085,61.2337
623.0000,0.0000,41.9127,84.1251,63.7395,60.9213
623.0500,0.0000,41.5644,84.1850,63.8858,60.6063
623.1000,0.0000,41.2241,84.2488,64.0472,60.2890
623.1500,0.0000,40.8920,84.3162,64.2237,59.9697
623.2000,0.0000,40.5681,84.3872,64.4153,59.6489
623.2500,0.0000,40.2528,84.4614,64.6218,59.3269
623.3000,0.0000,39.9462,84.5387,64.8430,59.0041
623.3500,0.0000,39.6484,84.6188,65.0788,58.6809
623.4000,0.0000,39.3598,84.7014,65.3289,58.3577
623.4500,0.0000,39.0805,84.7863,65.5930,58.0349
623.5000,0.0000,38.8107,84.8733,65.8709,57.7128
623.5500,0.0000,38.5506,84.9620,66.1623,57.3917
623.6000,0.0000,38.3000,85.0521,66.4669,57.0716
623.6500,0.0000,38.0584,85.1433,66.7846,56.7522
623.7000,0.0000,37.8258,85.2353,67.1152,56.4334
623.7500,0.0000,37.6018,85.3278,67.4584,56.1151
623.8000,0.0000,37.3862,85.4204,67.8138,55.7970
623.8500,0.0000,37.1789,85.5127,68.1810,55.4792
623.9000,0.0000,36.9798,85.6045,68.5596,55.1614
623.9500,0.0000,36.7888,85.6952,68.9491,54.8435
624.0000,0.0000,36.6058,85.7845,69.3488,54.5255
624.0500,0.0000,36.4307,85.8720,69.7582,54.2071
624.1000,0.0000,36.2635,85.9577,70.1765,53.8883
624.1500,0.0000,36.1043,86.0414,70.6030,53.5688
624.2000,0.0000,35.9531,86.1232,71.0368,53.2485
624.2500,0.0000,35.8099,86.2030,71.4772,52.9273
624.3000,0.0000,35.6748,86.2807,71.9231,52.6048
624.3500,0.0000,35.5478,86.3564,72.3736,52.2809
624.4000,0.0000,35.4293,86.4301,72.8275,51.9553
624.4500,0.0000,35.3192,86.5017,73.2839,51.6276
624.5000,0.0000,35.2177,86.5711,73.7414,51.2975
624.5500,0.0000,35.1250,86.6385,74.1991,50.9647
624.6000,0.0000,35.0410,86.7037,74.6562,50.6297
624.6500,0.0000,34.9657,86.7668,75.1125,50.2927
624.7000,0.0000,34.8989,86.8278,75.5673,49.9544
624.7500,0.0000,34.8406,86.8867,76.0204,49.6151
624.8000,0.0000,34.7907,86.9435,76.4712,49.2754
624.8500,0.0000,34.7490,86.9983,76.9192,48.9356
624.9000,0.0000,34.7156,87.0510,77.3639,48.5962
624.9500,0.0000,34.6902,87.1017,77.8048,48.2577
625.0000,0.0000,34.6729,87.1505,78.2415,47.9205
625.0500,0.0000,34.6634,87.1974,78.6733,47.5849
625.1000,0.0000,34.6611,87.2425,79.0998,47.2511
625.1500,0.0000,34.6655,87.2858,79.5204,46.9193
625.2000,0.0000,34.6760,87.3274,79.9346,46.5896
625.2500,0.0000,34.6919,87.3674,80.3417,46.2620
625.3000,0.0000,34.7127,87.4058,80.7413,45.9367
625.3500,0.0000,34.7380,87.4429,81.1327,45.6137
625.4000,0.0000,34.7671,87.4787,81.5153,45.2932
625.4500,0.0000,34.7998,87.5134,81.8885,44.9752
625.5000,0.0000,34.8355,87.5470,82.2518,44.6597
625.5500,0.0000,34.8737,87.5798,82.6044,44.3467
625.6000,0.0000,34.9143,87.6119,82.9458,44.0364
625.6500,0.0000,34.9566,87.6434,83.2754,43.7285
625.7000,0.0000,35.0005,87.6747,83.5923,43.4231
625.7500,0.0000,35.0456,87.7057,83.8961,43.1201
625.8000,0.0000,35.0915,87.7369,84.1860,42.8193
625.8500,0.0000,35.1381,87.7683,84.4613,42.5206
625.9000,0.0000,35.1850,87.8003,84.7213,42.2237
625.9500,0.0000,35.2321,87.8331,84.9653,41.9285
626.0000,0.0000,35.2790,87.8669,85.1925,41.6347
626.0500,0.0000,35.3256,87.9021,85.4024,41.3419
626.1000,0.0000,35.3718,87.9387,85.5946,41.0507
626.1500,0.0000,35.4173,87.9766,85.7691,40.7616
626.2000,0.0000,35.4621,88.0159,85.9256,40.4749
626.2500,0.0000,35.5060,88.0566,86.0641,40.1914
626.3000,0.0000,35.5490,88.0987,86.1846,39.9113
626.3500,0.0000,35.5909,88.1422,86.2868,39.6353
626.4000,0.0000,35.6318,88.1871,86.3709,39.3639
626.4500,0.0000,35.6716,88.2334,86.4368,39.0975
626.5000,0.0000,35.7104,88.2811,86.4844,38.8366
626.5500,0.0000,35.7480,88.3302,86.5141,38.5815
626.6000,0.0000,35.7842,88.3807,86.5270,38.3317
626.6500,0.0000,35.8186,88.4325,86.5244,38.0865
626.7000,0.0000,35.8511,88.4858,86.5075,37.8455
626.7500,0.0000,35.8814,88.5404,86.4773,37.6083
626.8000,0.0000,35.9092,88.5964,86.4348,37.3746
626.8500,0.0000,35.9346,88.6538,86.3808,37.1442
626.9000,0.0000,35.9575,88.7126,86.3161,36.9170
626.9500,0.0000,35.9778,88.7727,86.2413,36.6931
627.0000,0.0000,35.9956,88.8342,86.1570,36.4726
627.0500,0.0000,36.0110,88.8969,86.0638,36.2555
627.1000,0.0000,36.0244,88.9611,85.9622,36.0421
627.1500,0.0000,36.0361,89.0265,85.8524,35.8328
627.2000,0.0000,36.0465,89.0932,85.7348,35.6278
627.2500,0.0000,36.0561,89.1613,85.6097,35.4276
627.3000,0.0000,36.0655,89.2306,85.4773,35.2325
627.3500,0.0000,36.0753,89.3011,85.3379,35.0431
627.4000,0.0000,36.0861,89.3729,85.1915,34.8598
627.4500,0.0000,36.0986,89.4460,85.0383,34.6831
627.5000,0.0000,36.1137,89.5202,84.8783,34.5136
627.5500,0.0000,36.1320,89.5957,84.7117,34.3519
627.6000,0.0000,36.1537,89.6723,84.5385,34.1988
627.6500,0.0000,36.1788,89.7501,84.3587,34.0552
627.7000,0.0000,36.2074,89.8291,84.1723,33.9220
627.7500,0.0000,36.2396,89.9091,83.9794,33.8001
627.8000,0.0000,36.2754,89.9903,83.7799,33.6905
627.8500,0.0000,36.3150,90.0725,83.5739,33.5940
627.9000,0.0000,36.3583,90.1558,83.3613,33.5116
627.9500,0.0000,36.4056,90.2402,83.1422,33.4443
628.0000,0.0000,36.4570,90.3255,82.9166,33.3930
628.0500,0.0000,36.5125,90.4119,82.6846,33.3587
628.1000,0.0000,36.5716,90.4992,82.4466,33.3424
628.1500,0.0000,36.6337,90.5875,82.2034,33.3447
628.2000,0.0000,36.6982,90.6766,81.9554,33.3656
628.2500,0.0000,36.7647,90.7667,81.7032,33.4051
628.3000,0.0000,36.8327,90.8577,81.4473,33.4632
628.3500,0.0000,36.9020,90.9495,81.1882,33.5397
628.4000,0.0000,36.9724,91.0421,80.9265,33.6344
628.4500,0.0000,37.0435,91.1355,80.6627,33.7473
628.5000,0.0000,37.1152,91.2297,80.3973,33.8781
628.5500,0.0000,37.1875,91.3246,80.1302,34.0264
628.6000,0.0000,37.2605,91.4202,79.8611,34.1919
628.6500,0.0000,37.3340,91.5166,79.5900,34.3742
628.7000,0.0000,37.4083,91.6135,79.3165,34.5730
628.7500,0.0000,37.4836,91.7111,79.0405,34.7876
628.8000,0.0000,37.5601,91.8093,78.7618,35.0175
628.8500,0.0000,37.6382,91.9081,78.4803,35.2621
628.9000,0.0000,37.7182,92.0074,78.1959,35.5208
628.9500,0.0000,37.8006,92.1072,77.9086,35.7927
629.0000,0.0000,37.8860,92.2074,77.6182,36.0772
629.0500,0.0000,37.9747,92.3082,77.3247,36.3734
629.1000,0.0000,38.0668,92.4093,77.0281,36.6808
629.1500,0.0000,38.1619,92.5109,76.7285,36.9985
629.2000,0.0000,38.2600,92.6127,76.4258,37.3261
629.2500,0.0000,38.3608,92.7150,76.1202,37.6628
629.3000,0.0000,38.4642,92.8175,75.8117,38.0078
629.3500,0.0000,38.5699,92.9203,75.5003,38.3604
629.4000,0.0000,38.6780,93.0233,75.1863,38.7199
629.4500,0.0000,38.7883,93.1265,74.8698,39.0853
629.5000,0.0000,38.9007,93.2299,74.5508,39.4558
629.5500,0.0000,39.0149,93.3334,74.2296,39.8305
629.6000,0.0000,39.1305,93.4370,73.9069,40.2086
629.6500,0.0000,39.2469,93.5407,73.5832,40.5892
629.7000,0.0000,39.3636,93.6444,73.2594,40.9712
629.7500,0.0000,39.4800,93.7482,72.9359,41.3539
629.8000,0.0000,39.5956,93.8519,72.6134,41.7361
629.8500,0.0000,39.7102,93.9556,72.2925,42.1170
629.9000,0.0000,39.8234,94.0592,71.9736,42.4957
629.9500,0.0000,39.9347,94.1626,71.6571,42.8710
630.0000,0.0000,40.0440,94.2660,71.3436,43.2422
630.0500,0.0000,40.1511,94.3691,71.0334,43.6082
630.1000,0.0000,40.2556,94.4720,70.7268,43.9681
630.1500,0.0000,40.3576,94.5747,70.4241,44.3210
630.2000,0.0000,40.4569,94.6772,70.1255,44.6660
630.2500,0.0000,40.5534,94.7793,69.8310,45.0022
630.3000,0.0000,40.6471,94.8810,69.5408,45.3289
630.3500,0.0000,40.7380,94.9824,69.2549,45.6451
630.4000,0.0000,40.8263,95.0835,68.9732,45.9502
630.4500,0.0000,40.9119,95.1840,68.6955,46.2433
630.5000,0.0000,40.9951,95.2842,68.4216,46.5240
630.5500,0.0000,41.0760,95.3838,68.1513,46.7914
630.6000,0.0000,41.1545,95.4829,67.8849,47.0448
630.6500,0.0000,41.2307,95.5815,67.6228,47.2835
630.7000,0.0000,41.3045,95.6795,67.3653,47.5066
630.7500,0.0000,41.3760,95.7768,67.1128,47.7136
630.8000,0.0000,41.4451,95.8736,66.8654,47.9037
630.8500,0.0000,41.5119,95.9697,66.6234,48.0766
630.9000,0.0000,41.5766,96.0651,66.3869,48.2316
630.9500,0.0000,41.6392,96.1597,66.1557,48.3686
631.0000,0.0000,41.6998,96.2537,65.9300,48.4872
631.0500,0.0000,41.7586,96.3468,65.7095,48.5872
631.1000,0.0000,41.8153,96.4391,65.4939,48.6686
631.1500,0.0000,41.8695,96.5307,65.2829,48.7315
631.2000,0.0000,41.9210,96.6213,65.0761,48.7760
631.2500,0.0000,41.9697,96.7111,64.8728,48.8025
631.3000,0.0000,42.0153,96.8000,64.6725,48.8114
631.3500,0.0000,42.0579,96.8879,64.4742,48.8032
631.4000,0.0000,42.0975,96.9749,64.2771,48.7789
631.4500,0.0000,42.1341,97.0609,64.0800,48.7391
631.5000,0.0000,42.1677,97.1460,63.8817,48.6851
631.5500,0.0000,42.1987,97.2299,63.6810,48.6179
631.6000,0.0000,42.2272,97.3129,63.4775,48.5379
631.6500,0.0000,42.2536,97.3948,63.2707,48.4454
631.7000,0.0000,42.2781,97.4756,63.0603,48.3406
631.7500,0.0000,42.3013,97.5552,62.8460,48.2240
631.8000,0.0000,42.3236,97.6338,62.6272,48.0960
631.8500,0.0000,42.3455,97.7112,62.4036,47.9571
631.9000,0.0000,42.3678,97.7874,62.1747,47.8078
631.9500,0.0000,42.3910,97.8625,61.9400,47.6488
632.0000,0.0000,42.4159,97.9363,61.6989,47.4806
632.0500,0.0000,42.4431,98.0090,61.4510,47.3040
632.1000,0.0000,42.4729,98.0803,61.1962,47.1189
632.1500,0.0000,42.5052,98.1505,60.9346,46.9252
632.2000,0.0000,42.5400,98.2193,60.6661,46.7231
632.2500,0.0000,42.5773,98.2869,60.3908,46.5122
632.3000,0.0000,42.6173,98.3532,60.1087,46.2928
632.3500,0.0000,42.6599,98.4182,59.8198,46.0647
632.4000,0.0000,42.7052,98.4819,59.5242,45.8280
632.4500,0.0000,42.7534,98.5442,59.2219,45.5827
632.5000,0.0000,42.8045,98.6052,58.9129,45.3289
632.5500,0.0000,42.8585,98.6649,58.5973,45.0668
632.6000,0.0000,42.9148,98.7232,58.2752,44.7969
632.6500,0.0000,42.9728,98.7801,57.9465,44.5198
632.7000,0.0000,43.0320,98.8357,57.6114,44.2363
632.7500,0.0000,43.0917,98.8898,57.2698,43.9469
632.8000,0.0000,43.1517,98.9426,56.9219,43.6523
632.8500,0.0000,43.2114,98.9940,56.5677,43.3531
632.9000,0.0000,43.2705,99.0440,56.2073,43.0499
632.9500,0.0000,43.3289,99.0926,55.8406,42.7434
633.0000,0.0000,43.3861,99.1398,55.4678,42.4341
633.0500,0.0000,43.4423,99.1856,55.0889,42.1228
633.1000,0.0000,43.4971,99.2301,54.7039,41.8100
633.1500,0.0000,43.5506,99.2731,54.3129,41.4964
633.2000,0.0000,43.6029,99.3147,53.9160,41.1826
633.2500,0.0000,43.6540,99.3549,53.5132,40.8694
633.3000,0.0000,43.7040,99.3938,53.1044,40.5573
633.3500,0.0000,43.7531,99.4312,52.6899,40.2470
633.4000,0.0000,43.8017,99.4673,52.2695,39.9392
633.4500,0.0000,43.8500,99.5020,51.8432,39.6347
633.5000,0.0000,43.8983,99.5354,51.4112,39.3342
633.5500,0.0000,43.9471,99.5674,50.9734,39.0384
633.6000,0.0000,43.9963,99.5981,50.5301,38.7474
633.6500,0.0000,44.0458,99.6274,50.0815,38.4616
633.7000,0.0000,44.0956,99.6555,49.6281,38.1809
633.7500,0.0000,44.1456,99.6822,49.1700,37.9057
633.8000,0.0000,44.1957,99.7076,48.7076,37.6360
633.8500,0.0000,44.2461,99.7318,48.2412,37.3719
633.9000,0.0000,44.2967,99.7547,47.7712,37.1136
633.9500,0.0000,44.3475,99.7764,47.2979,36.8612
634.0000,0.0000,44.3987,99.7969,46.8216,36.6148
634.0500,0.0000,44.4501,99.8161,46.3426,36.3745
634.1000,0.0000,44.5015,99.8342,45.8610,36.1410
634.1500,0.0000,44.5524,99.8512,45.3768,35.9149
634.2000,0.0000,44.6026,99.8670,44.8903,35.6967
634.2500,0.0000,44.6516,99.8818,44.4015,35.4870
634.3000,0.0000,44.6992,99.8955,43.9105,35.2863
634.3500,0.0000,44.7453,99.9081,43.4174,35.0951
634.4000,0.0000,44.7896,99.9198,42.9226,34.9139
634.4500,0.0000,44.8322,99.9304,42.4260,34.7430
634.5000,0.0000,44.8729,99.9401,41.9278,34.5828
634.5500,0.0000,44.9117,99.9489,41.4284,34.4338
634.6000,0.0000,44.9488,99.9569,40.9278,34.2963
634.6500,0.0000,44.9841,99.9640,40.4263,34.1707
634.7000,0.0000,45.0178,99.9703,39.9241,34.0571
634.7500,0.0000,45.0502,99.9758,39.4214,33.9559
634.8000,0.0000,45.0814,99.9806,38.9185,33.8674
634.8500,0.0000,45.1118,99.9848,38.4154,33.7919
634.9000,0.0000,45.1416,99.9883,37.9125,33.7295
634.9500,0.0000,45.1714,99.9913,37.4101,33.6805
635.0000,0.0000,45.2015,99.9937,36.9082,33.6451
635.0500,0.0000,45.2322,99.9956,36.4071,33.6235
635.1000,0.0000,45.2637,99.9971,35.9071,33.6156
635.1500,0.0000,45.2959,99.9982,35.4083,33.6212
635.2000,0.0000,45.3288,99.9990,34.9109,33.6403
635.2500,0.0000,45.3623,99.9995,34.4152,33.6725
635.3000,0.0000,45.3964,99.9998,33.9213,33.7179
635.3500,0.0000,45.4312,100.0000,33.4293,33.7760
635.4000,0.0000,45.4667,100.0000,32.9395,33.8467
635.4500,0.0000,45.5028,100.0000,32.4519,33.9296
635.5000,0.0000,45.5398,99.9998,31.9666,34.0246
635.5500,0.0000,45.5775,99.9992,31.4837,34.1314
635.6000,0.0000,45.6155,99.9981,31.0026,34.2500
635.6500,0.0000,45.6535,99.9963,30.5224,34.3808
635.7000,0.0000,45.6910,99.9939,30.0425,34.5238
635.7500,0.0000,45.7276,99.9907,29.5622,34.6792
635.8000,0.0000,45.7632,99.9867,29.0809,34.8469
635.8500,0.0000,45.7975,99.9817,28.5979,35.0269
635.9000,0.0000,45.8301,99.9758,28.1126,35.2192
635.9500,0.0000,45.8611,99.9688,27.6243,35.4237
636.0000,0.0000,45.8903,99.9607,27.1325,35.6402
636.0500,0.0000,45.9175,99.9512,26.6366,35.8686
636.1000,0.0000,45.9428,99.9404,26.1360,36.1087
636.1500,0.0000,45.9663,99.9280,25.6300,36.3601
636.2000,0.0000,45.9879,99.9141,25.1184,36.6226
636.2500,0.0000,46.0077,99.8984,24.6016,36.8960
636.3000,0.0000,46.0260,99.8809,24.0803,37.1797
636.3500,0.0000,46.0429,99.8614,23.5551,37.4734
636.4000,0.0000,46.0587,99.8399,23.0265,37.7768
636.4500,0.0000,46.0736,99.8161,22.4950,38.0892
636.5000,0.0000,46.0880,99.7901,21.9613,38.4103
636.5500,0.0000,46.1022,99.7616,21.4257,38.7395
636.6000,0.0000,46.1163,99.7304,20.8890,39.0762
636.6500,0.0000,46.1302,99.6966,20.3520,39.4196
636.7000,0.0000,46.1440,99.6600,19.8153,39.7689
636.7500,0.0000,46.1577,99.6204,19.2796,40.1234
636.8000,0.0000,46.1715,99.5776,18.7457,40.4823
636.8500,0.0000,46.1853,99.5317,18.2140,40.8446
636.9000,0.0000,46.1993,99.4824,17.6853,41.2095
636.9500,0.0000,46.2137,99.4296,17.1602,41.5761
637.0000,0.0000,46.2286,99.3732,16.6392,41.9435
637.0500,0.0000,46.2441,99.3131,16.1228,42.3117
637.1000,0.0000,46.2599,99.2501,15.6116,42.6814
637.1500,0.0000,46.2758,99.1847,15.1061,43.0532
637.2000,0.0000,46.2915,99.1175,14.6067,43.4279
637.2500,0.0000,46.3068,99.0491,14.1138,43.8060
637.3000,0.0000,46.3217,98.9800,13.6279,44.1882
637.3500,0.0000,46.3360,98.9108,13.1492,44.5748
637.4000,0.0000,46.3498,98.8417,12.6781,44.9663
637.4500,0.0000,46.3631,98.7734,12.2150,45.3629
637.5000,0.0000,46.3760,98.7060,11.7599,45.7650
637.5500,0.0000,46.3887,98.6399,11.3131,46.1727
637.6000,0.0000,46.4015,98.5755,10.8749,46.5861
637.6500,0.0000,46.4146,98.5129,10.4452,47.0054
637.7000,0.0000,46.4285,98.4523,10.0242,47.4305
637.7500,0.0000,46.4434,98.3940,9.6120,47.8614
637.8000,0.0000,46.4599,98.3380,9.2084,48.2981
637.8500,0.0000,46.4784,98.2846,8.8134,48.7403
637.9000,0.0000,46.4994,98.2337,8.4270,49.1879
637.9500,0.0000,46.5233,98.1855,8.0490,49.6406
638.0000,0.0000,46.5507,98.1399,7.6791,50.0981
638.0500,0.0000,46.5821,98.0971,7.3172,50.5602
638.1000,0.0000,46.6175,98.0569,6.9634,51.0266
638.1500,0.0000,46.6566,98.0193,6.6181,51.4974
638.2000,0.0000,46.6994,97.9844,6.2815,51.9722
638.2500,0.0000,46.7455,97.9519,5.9538,52.4510
638.3000,0.0000,46.7949,97.9217,5.6351,52.9337
638.3500,0.0000,46.8475,97.8939,5.3257,53.4198
638.4000,0.0000,46.9031,97.8681,5.0258,53.9093
638.4500,0.0000,46.9617,97.8443,4.7354,54.4019
638.5000,0.0000,47.0231,97.8223,4.4547,54.8974
638.5500,0.0000,47.0872,97.8020,4.1838,55.3955
638.6000,0.0000,47.1531,97.7833,3.9227,55.8964
638.6500,0.0000,47.2201,97.7663,3.6716,56.4003
638.7000,0.0000,47.2874,97.7511,3.4303,56.9075
638.7500,0.0000,47.3542,97.7377,3.1990,57.4181
638.8000,0.0000,47.4200,97.7259,2.9776,57.9322
638.8500,0.0000,47.4842,97.7158,2.7660,58.4498
638.9000,0.0000,47.5462,97.7072,2.5643,58.9709
638.9500,0.0000,47.6056,97.7001,2.3722,59.4957
639.0000,0.0000,47.6621,97.6943,2.1898,60.0240
639.0500,0.0000,47.7152,97.6898,2.0168,60.5557
639.1000,0.0000,47.7647,97.6863,1.8531,61.0909
639.1500,0.0000,47.8103,97.6836,1.6984,61.6293
639.2000,0.0000,47.8521,97.6816,1.5527,62.1708
639.2500,0.0000,47.8897,97.6801,1.4157,62.7153
639.3000,0.0000,47.9233,97.6788,1.2870,63.2626
639.3500,0.0000,47.9528,97.6775,1.1664,63.8125
639.4000,0.0000,47.9784,97.6759,1.0536,64.3647
639.4500,0.0000,48.0001,97.6739,0.9482,64.9190
639.5000,0.0000,48.0182,97.6711,0.8500,65.4753
639.5500,0.0000,48.0329,97.6673,0.7585,66.0331
639.6000,0.0000,48.0439,97.6622,0.6738,66.5922
639.6500,0.0000,48.0512,97.6554,0.5962,67.1523
639.7000,0.0000,48.0543,97.6468,0.5259,67.7132
639.7500,0.0000,48.0532,97.6359,0.4630,68.2745
639.8000,0.0000,48.0477,97.6226,0.4077,68.8359
639.8500,0.0000,48.0377,97.6065,0.3603,69.3971
639.9000,0.0000,48.0230,97.5873,0.3211,69.9578
639.9500,0.0000,48.0036,97.5646,0.2902,70.5175
640.0000,0.0000,47.9793,97.5383,0.2680,71.0760
640.0500,0.0000,47.9502,97.5081,0.2548,71.6331
640.1000,0.0000,47.9153,97.4744,0.2508,72.1884
640.1500,0.0000,47.8740,97.4376,0.2563,72.7421
640.2000,0.0000,47.8255,97.3984,0.2718,73.2940
640.2500,0.0000,47.7693,97.3569,0.2975,73.8439
640.3000,0.0000,47.7048,97.3136,0.3338,74.3918
640.3500,0.0000,47.6314,97.2689,0.3812,74.9375
640.4000,0.0000,47.5489,97.2229,0.4401,75.4808
640.4500,0.0000,47.4568,97.1758,0.5108,76.0216
640.5000,0.0000,47.3550,97.1280,0.5939,76.5597
640.5500,0.0000,47.2431,97.0796,0.6895,77.0950
640.6000,0.0000,47.1211,97.0306,0.7973,77.6271
640.6500,0.0000,46.9889,96.9813,0.9168,78.1559
640.7000,0.0000,46.8466,96.9317,1.0477,78.6812
640.7500,0.0000,46.6942,96.8817,1.1896,79.2028
640.8000,0.0000,46.5319,96.8316,1.3422,79.7204
640.8500,0.0000,46.3598,96.7812,1.5050,80.2338
640.9000,0.0000,46.1783,96.7305,1.6778,80.7428
640.9500,0.0000,45.9877,96.6795,1.8600,81.2470
641.0000,0.0000,45.7885,96.6282,2.0514,81.7463
641.0500,0.0000,45.5810,96.5764,2.2515,82.2403
641.1000,0.0000,45.3654,96.5241,2.4599,82.7289
641.1500,0.0000,45.1415,96.4712,2.6762,83.2117
641.2000,0.0000,44.9095,96.4175,2.9000,83.6884
641.2500,0.0000,44.6694,96.3628,3.1309,84.1589
641.3000,0.0000,44.4213,96.3071,3.3686,84.6227
641.3500,0.0000,44.1653,96.2502,3.6124,85.0796
641.4000,0.0000,43.9017,96.1920,3.8622,85.5294
641.4500,0.0000,43.6305,96.1322,4.1173,85.9716
641.5000,0.0000,43.3522,96.0706,4.3775,86.4061
641.5500,0.0000,43.0667,96.0072,4.6423,86.8325
641.6000,0.0000,42.7736,95.9420,4.9112,87.2507
641.6500,0.0000,42.4726,95.8750,5.1838,87.6607
641.7000,0.0000,42.1632,95.8063,5.4598,88.0625
641.7500,0.0000,41.8452,95.7359,5.7386,88.4558
641.8000,0.0000,41.5183,95.6638,6.0199,88.8406
641.8500,0.0000,41.1824,95.5901,6.3032,89.2167
641.9000,0.0000,40.8375,95.5148,6.5882,89.5840
641.9500,0.0000,40.4835,95.4377,6.8742,89.9422
642.0000,0.0000,40.1206,95.3590,7.1610,90.2911
642.0500,0.0000,39.7489,95.2784,7.4482,90.6305
642.1000,0.0000,39.3687,95.1960,7.7352,90.9601
642.1500,0.0000,38.9804,95.1117,8.0217,91.2796
642.2000,0.0000,38.5842,95.0255,8.3073,91.5887
642.2500,0.0000,38.1808,94.9372,8.5916,91.8870
642.3000,0.0000,37.7707,94.8468,8.8741,92.1741
642.3500,0.0000,37.3544,94.7541,9.1545,92.4497
642.4000,0.0000,36.9328,94.6592,9.4323,92.7133
642.4500,0.0000,36.5066,94.5619,9.7072,92.9644
642.5000,0.0000,36.0766,94.4620,9.9787,93.2026
642.5500,0.0000,35.6437,94.3596,10.2466,93.4274
642.6000,0.0000,35.2081,94.2545,10.5105,93.6388
642.6500,0.0000,34.7699,94.1467,10.7699,93.8368
642.7000,0.0000,34.3294,94.0359,11.0246,94.0215
642.7500,0.0000,33.8867,93.9222,11.2742,94.1928
642.8000,0.0000,33.4420,93.8054,11.5184,94.3509
642.8500,0.0000,32.9955,93.6855,11.7568,94.4957
642.9000,0.0000,32.5476,93.5623,11.9893,94.6274
642.9500,0.0000,32.0985,93.4359,12.2153,94.7460
643.0000,0.0000,31.6485,93.3060,12.4348,94.8515
643.0500,0.0000,31.1977,93.1726,12.6475,94.9441
643.1000,0.0000,30.7458,93.0356,12.8530,95.0242
643.1500,0.0000,30.2923,92.8951,13.0512,95.0925
643.2000,0.0000,29.8370,92.7508,13.2418,95.1495
643.2500,0.0000,29.3794,92.6029,13.4247,95.1956
643.3000,0.0000,28.9194,92.4511,13.5997,95.2313
643.3500,0.0000,28.4567,92.2954,13.7667,95.2572
643.4000,0.0000,27.9913,92.1359,13.9254,95.2734
643.4500,0.0000,27.5231,91.9725,14.0758,95.2805
643.5000,0.0000,27.0522,91.8051,14.2178,95.2786
643.5500,0.0000,26.5784,91.6337,14.3514,95.2682
643.6000,0.0000,26.1021,91.4583,14.4764,95.2494
643.6500,0.0000,25.6234,91.2789,14.5929,95.2225
643.7000,0.0000,25.1426,91.0954,14.7009,95.1876
643.7500,0.0000,24.6599,90.9079,14.8005,95.1449
643.8000,0.0000,24.1756,90.7164,14.8916,95.0944
643.8500,0.0000,23.6903,90.5208,14.9745,95.0363
643.9000,0.0000,23.2044,90.3212,15.0491,94.9705
643.9500,0.0000,22.7183,90.1175,15.1158,94.8970
644.0000,0.0000,22.2328,89.9098,15.1746,94.8157
644.0500,0.0000,21.7482,89.6981,15.2258,94.7267
644.1000,0.0000,21.2649,89.4824,15.2693,94.6303
644.1500,0.0000,20.7829,89.2628,15.3053,94.5269
644.2000,0.0000,20.3023,89.0391,15.3335,94.4170
644.2500,0.0000,19.8234,88.8116,15.3542,94.3010
644.3000,0.0000,19.3462,88.5801,15.3674,94.1792
644.3500,0.0000,18.8710,88.3447,15.3730,94.0522
644.4000,0.0000,18.3979,88.1055,15.3713,93.9203
644.4500,0.0000,17.9273,87.8623,15.3623,93.7839
644.5000,0.0000,17.4592,87.6153,15.3461,93.6433
644.5500,0.0000,16.9940,87.3646,15.3230,93.4990
644.6000,0.0000,16.5320,87.1109,15.2932,93.3513
644.6500,0.0000,16.0733,86.8550,15.2567,93.2005
644.7000,0.0000,15.6183,86.5975,15.2140,93.0470
644.7500,0.0000,15.1674,86.3392,15.1653,92.8912
644.8000,0.0000,14.7208,86.0808,15.1108,92.7332
644.8500,0.0000,14.2788,85.8226,15.0510,92.5734
644.9000,0.0000,13.8419,85.5653,14.9862,92.4121
644.9500,0.0000,13.4104,85.3094,14.9167,92.2496
645.0000,0.0000,12.9847,85.0551,14.8431,92.0861
645.0500,0.0000,12.5652,84.8029,14.7658,91.9218
645.1000,0.0000,12.1522,84.5530,14.6853,91.7570
645.1500,0.0000,11.7463,84.3057,14.6022,91.5918
645.2000,0.0000,11.3479,84.0612,14.5170,91.4265
645.2500,0.0000,10.9575,83.8195,14.4304,91.2611
645.3000,0.0000,10.5755,83.5807,14.3430,91.0959
645.3500,0.0000,10.2025,83.3449,14.2555,90.9309
645.4000,0.0000,9.8390,83.1120,14.1687,90.7663
645.4500,0.0000,9.4855,82.8819,14.0834,90.6020
645.5000,0.0000,9.1427,82.6551,14.0003,90.4381
645.5500,0.0000,8.8110,82.4325,13.9202,90.2748
645.6000,0.0000,8.4906,82.2151,13.8434,90.1125
645.6500,0.0000,8.1815,82.0037,13.7697,89.9517
645.7000,0.0000,7.8838,81.7993,13.6993,89.7930
645.7500,0.0000,7.5973,81.6027,13.6321,89.6358
645.8000,0.0000,7.3222,81.4147,13.5681,89.4790
645.8500,0.0000,7.0583,81.2359,13.5074,89.3216
645.9000,0.0000,6.8058,81.0670,13.4500,89.1624
645.9500,0.0000,6.5646,80.9085,13.3958,89.0006
646.0000,0.0000,6.3347,80.7611,13.3448,88.8353
646.0500,0.0000,6.1159,80.6251,13.2973,88.6654
646.1000,0.0000,5.9082,80.5013,13.2542,88.4904
646.1500,0.0000,5.7110,80.3904,13.2168,88.3093
646.2000,0.0000,5.5242,80.2931,13.1862,88.1215
646.2500,0.0000,5.3476,80.2099,13.1631,87.9262
646.3000,0.0000,5.1808,80.1413,13.1484,87.7229
646.3500,0.0000,5.0236,80.0875,13.1427,87.5109
646.4000,0.0000,4.8759,80.0490,13.1464,87.2897
646.4500,0.0000,4.7375,80.0259,13.1600,87.0586
646.5000,0.0000,4.6081,80.0183,13.1837,86.8172
646.5500,0.0000,4.4877,80.0263,13.2177,86.5649
646.6000,0.0000,4.3761,80.0498,13.2621,86.3012
646.6500,0.0000,4.2732,80.0886,13.3168,86.0257
646.7000,0.0000,4.1790,80.1426,13.3818,85.7379
646.7500,0.0000,4.0933,80.2115,13.4568,85.4373
646.8000,0.0000,4.0163,80.2948,13.5416,85.1235
646.8500,0.0000,3.9479,80.3921,13.6358,84.7961
646.9000,0.0000,3.8881,80.5028,13.7391,84.4545
646.9500,0.0000,3.8370,80.6263,13.8509,84.0983
647.0000,0.0000,3.7947,80.7619,13.9708,83.7271
647.0500,0.0000,3.7613,80.9088,14.0982,83.3405
647.1000,0.0000,3.7365,81.0670,14.2325,82.9388
647.1500,0.0000,3.7198,81.2365,14.3730,82.5223
647.2000,0.0000,3.7109,81.4170,14.5189,82.0916
647.2500,0.0000,3.7093,81.6087,14.6697,81.6471
647.3000,0.0000,3.7147,81.8112,14.8247,81.1894
647.3500,0.0000,3.7267,82.0245,14.9837,80.7189
647.4000,0.0000,3.7449,82.2483,15.1461,80.2363
647.4500,0.0000,3.7690,82.4825,15.3115,79.7421
647.5000,0.0000,3.7986,82.7268,15.4795,79.2369
647.5500,0.0000,3.8333,82.9809,15.6497,78.7213
647.6000,0.0000,3.8730,83.2445,15.8221,78.1959
647.6500,0.0000,3.9172,83.5174,15.9968,77.6614
647.7000,0.0000,3.9656,83.7991,16.1738,77.1184
647.7500,0.0000,4.0181,84.0893,16.3531,76.5674
647.8000,0.0000,4.0744,84.3875,16.5346,76.0092
647.8500,0.0000,4.1342,84.6934,16.7184,75.4445
647.9000,0.0000,4.1975,85.0065,16.9044,74.8737
647.9500,0.0000,4.2639,85.3264,17.0925,74.2975
648.0000,0.0000,4.3334,85.6525,17.2826,73.7166
648.0500,0.0000,4.4059,85.9842,17.4747,73.1316
648.1000,0.0000,4.4813,86.3212,17.6686,72.5430
648.1500,0.0000,4.5596,86.6627,17.8643,71.9513
648.2000,0.0000,4.6407,87.0083,18.0616,71.3572
648.2500,0.0000,4.7248,87.3572,18.2605,70.7612
648.3000,0.0000,4.8119,87.7089,18.4609,70.1637
648.3500,0.0000,4.9021,88.0627,18.6626,69.5652
648.4000,0.0000,4.9956,88.4179,18.8657,68.9661
648.4500,0.0000,5.0926,88.7738,19.0699,68.3669
648.5000,0.0000,5.1935,89.1296,19.2753,67.7678
648.5500,0.0000,5.2983,89.4847,19.4818,67.1693
648.6000,0.0000,5.4068,89.8384,19.6893,66.5721
648.6500,0.0000,5.5184,90.1904,19.8978,65.9771
648.7000,0.0000,5.6327,90.5401,20.1073,65.3852
648.7500,0.0000,5.7491,90.8870,20.3178,64.7970
648.8000,0.0000,5.8672,91.2306,20.5293,64.2135
648.8500,0.0000,5.9865,91.5703,20.7418,63.6353
648.9000,0.0000,6.1067,91.9056,20.9554,63.0633
648.9500,0.0000,6.2272,92.2361,21.1700,62.4982
649.0000,0.0000,6.3476,92.5610,21.3858,61.9405
649.0500,0.0000,6.4676,92.8801,21.6029,61.3909
649.1000,0.0000,6.5868,93.1934,21.8213,60.8493
649.1500,0.0000,6.7048,93.5012,22.0411,60.3155
649.2000,0.0000,6.8214,93.8035,22.2625,59.7892
649.2500,0.0000,6.9361,94.1006,22.4855,59.2704
649.3000,0.0000,7.0488,94.3924,22.7104,58.7588
649.3500,0.0000,7.1591,94.6790,22.9373,58.2542
649.4000,0.0000,7.2669,94.9602,23.1663,57.7564
649.4500,0.0000,7.3720,95.2359,23.3975,57.2654
649.5000,0.0000,7.4743,95.5060,23.6313,56.7807
649.5500,0.0000,7.5736,95.7703,23.8676,56.3023
649.6000,0.0000,7.6699,96.0284,24.1067,55.8299
649.6500,0.0000,7.7632,96.2800,24.3487,55.3632
649.7000,0.0000,7.8534,96.5247,24.5939,54.9019
649.7500,0.0000,7.9407,96.7621,24.8423,54.4458
649.8000,0.0000,8.0252,96.9917,25.0941,53.9944
649.8500,0.0000,8.1070,97.2130,25.3495,53.5473
649.9000,0.0000,8.1864,97.4253,25.6085,53.1042
649.9500,0.0000,8.2636,97.6281,25.8712,52.6645
650.0000,0.0000,8.3390,97.8206,26.1378,52.2277
650.0500,0.0000,8.4129,98.0022,26.4083,51.7933
650.1000,0.0000,8.4849,98.1730,26.6827,51.3608
650.1500,0.0000,8.5546,98.3330,26.9610,50.9299
650.2000,0.0000,8.6217,98.4823,27.2432,50.5002
650.2500,0.0000,8.6858,98.6211,27.5292,50.0712
650.3000,0.0000,8.7465,98.7494,27.8188,49.6423
650.3500,0.0000,8.8035,98.8675,28.1120,49.2129
650.4000,0.0000,8.8564,98.9754,28.4084,48.7825
650.4500,0.0000,8.9050,99.0732,28.7078,48.3502
650.5000,0.0000,8.9489,99.1613,29.0099,47.9152
650.5500,0.0000,8.9880,99.2397,29.3143,47.4769
650.6000,0.0000,9.0220,99.3090,29.6207,47.0350
650.6500,0.0000,9.0507,99.3695,29.9289,46.5899
650.7000,0.0000,9.0740,99.4218,30.2385,46.1419
650.7500,0.0000,9.0916,99.4662,30.5489,45.6915
650.8000,0.0000,9.1037,99.5034,30.8597,45.2390
650.8500,0.0000,9.1100,99.5337,31.1700,44.7848
650.9000,0.0000,9.1105,99.5577,31.4790,44.3292
650.9500,0.0000,9.1053,99.5758,31.7857,43.8728
651.0000,0.0000,9.0944,99.5884,32.0892,43.4158
651.0500,0.0000,9.0780,99.5962,32.3883,42.9586
651.1000,0.0000,9.0561,99.5996,32.6828,42.5016
651.1500,0.0000,9.0290,99.5991,32.9723,42.0451
651.2000,0.0000,8.9969,99.5953,33.2570,41.5896
651.2500,0.0000,8.9601,99.5886,33.5364,41.1353
651.3000,0.0000,8.9190,99.5797,33.8106,40.6826
651.3500,0.0000,8.8739,99.5690,34.0793,40.2317
651.4000,0.0000,8.8253,99.5566,34.3424,39.7830
651.4500,0.0000,8.7738,99.5422,34.5997,39.3367
651.5000,0.0000,8.7199,99.5254,34.8510,38.8931
651.5500,0.0000,8.6641,99.5057,35.0963,38.4524
651.6000,0.0000,8.6064,99.4830,35.3353,38.0151
651.6500,0.0000,8.5466,99.4572,35.5679,37.5817
651.7000,0.0000,8.4845,99.4282,35.7939,37.1526
651.7500,0.0000,8.4201,99.3958,36.0132,36.7284
651.8000,0.0000,8.3532,99.3600,36.2257,36.3094
651.8500,0.0000,8.2837,99.3206,36.4311,35.8961
651.9000,0.0000,8.2116,99.2776,36.6294,35.4888
651.9500,0.0000,8.1368,99.2309,36.8204,35.0881
652.0000,0.0000,8.0592,99.1804,37.0041,34.6942
652.0500,0.0000,7.9789,99.1261,37.1803,34.3077
652.1000,0.0000,7.8959,99.0686,37.3494,33.9289
652.1500,0.0000,7.8102,99.0081,37.5118,33.5586
652.2000,0.0000,7.7218,98.9453,37.6680,33.1972
652.2500,0.0000,7.6310,98.8805,37.8182,32.8452
652.3000,0.0000,7.5378,98.8141,37.9629,32.5031
652.3500,0.0000,7.4423,98.7465,38.1023,32.1713
652.4000,0.0000,7.3448,98.6780,38.2367,31.8502
652.4500,0.0000,7.2455,98.6090,38.3665,31.5400
652.5000,0.0000,7.1446,98.5398,38.4918,31.2410
652.5500,0.0000,7.0424,98.4707,38.6129,30.9535
652.6000,0.0000,6.9393,98.4020,38.7300,30.6776
652.6500,0.0000,6.8355,98.3338,38.8434,30.4135
652.7000,0.0000,6.7316,98.2664,38.9531,30.1612
652.7500,0.0000,6.6280,98.2000,39.0595,29.9208
652.8000,0.0000,6.5251,98.1349,39.1625,29.6923
652.8500,0.0000,6.4234,98.0710,39.2625,29.4755
652.9000,0.0000,6.3237,98.0086,39.3594,29.2703
652.9500,0.0000,6.2263,97.9479,39.4535,29.0766
653.0000,0.0000,6.1321,97.8888,39.5449,28.8942
653.0500,0.0000,6.0416,97.8315,39.6335,28.7228
653.1000,0.0000,5.9549,97.7760,39.7196,28.5626
653.1500,0.0000,5.8717,97.7223,39.8032,28.4139
653.2000,0.0000,5.7920,97.6705,39.8843,28.2768
653.2500,0.0000,5.7156,97.6205,39.9631,28.1516
653.3000,0.0000,5.6424,97.5723,40.0396,28.0385
653.3500,0.0000,5.5723,97.5259,40.1139,27.9375
653.4000,0.0000,5.5051,97.4811,40.1859,27.8488
653.4500,0.0000,5.4407,97.4379,40.2558,27.7726
653.5000,0.0000,5.3791,97.3961,40.3235,27.7090
653.5500,0.0000,5.3199,97.3557,40.3892,27.6581
653.6000,0.0000,5.2630,97.3172,40.4528,27.6208
653.6500,0.0000,5.2082,97.2811,40.5143,27.5976
653.7000,0.0000,5.1551,97.2477,40.5738,27.5894
653.7500,0.0000,5.1035,97.2172,40.6313,27.5964
653.8000,0.0000,5.0532,97.1898,40.6868,27.6193
653.8500,0.0000,5.0040,97.1654,40.7404,27.6581
653.9000,0.0000,4.9556,97.1438,40.7920,27.7131
653.9500,0.0000,4.9079,97.1249,40.8416,27.7844
654.0000,0.0000,4.8606,97.1083,40.8893,27.8720
654.0500,0.0000,4.8135,97.0935,40.9351,27.9758
654.1000,0.0000,4.7665,97.0799,40.9790,28.0956
654.1500,0.0000,4.7194,97.0670,41.0209,28.2312
654.2000,0.0000,4.6721,97.0540,41.0610,28.3824
654.2500,0.0000,4.6243,97.0401,41.0992,28.5487
654.3000,0.0000,4.5759,97.0243,41.1355,28.7298
654.3500,0.0000,4.5269,97.0058,41.1699,28.9251
654.4000,0.0000,4.4770,96.9834,41.2024,29.1343
654.4500,0.0000,4.4262,96.9560,41.2331,29.3567
654.5000,0.0000,4.3743,96.9225,41.2620,29.5917
654.5500,0.0000,4.3213,96.8817,41.2890,29.8389
654.6000,0.0000,4.2671,96.8330,41.3142,30.0975
654.6500,0.0000,4.2116,96.7761,41.3376,30.3669
654.7000,0.0000,4.1547,96.7103,41.3592,30.6465
654.7500,0.0000,4.0965,96.6354,41.3789,30.9355
654.8000,0.0000,4.0367,96.5508,41.3969,31.2332
654.8500,0.0000,3.9755,96.4561,41.4130,31.5390
654.9000,0.0000,3.9128,96.3507,41.4274,31.8523
654.9500,0.0000,3.8485,96.2344,41.4400,32.1722
655.0000,0.0000,3.7828,96.1067,41.4508,32.4981
655.0500,0.0000,3.7155,95.9670,41.4599,32.8293
655.1000,0.0000,3.6468,95.8151,41.4671,33.1646
655.1500,0.0000,3.5766,95.6506,41.4725,33.5029
655.2000,0.0000,3.5050,95.4730,41.4762,33.8430
655.2500,0.0000,3.4320,95.2821,41.4780,34.1840
655.3000,0.0000,3.3578,95.0775,41.4781,34.5248
655.3500,0.0000,3.2825,94.8589,41.4763,34.8644
655.4000,0.0000,3.2060,94.6259,41.4726,35.2021
655.4500,0.0000,3.1286,94.3784,41.4670,35.5369
655.5000,0.0000,3.0503,94.1162,41.4595,35.8682
655.5500,0.0000,2.9713,93.8389,41.4500,36.1952
655.6000,0.0000,2.8918,93.5464,41.4385,36.5174
655.6500,0.0000,2.8119,93.2386,41.4250,36.8342
655.7000,0.0000,2.7317,92.9153,41.4093,37.1451
655.7500,0.0000,2.6516,92.5764,41.3914,37.4497
655.8000,0.0000,2.5717,92.2217,41.3707,37.7477
655.8500,0.0000,2.4921,91.8514,41.3458,38.0388
655.9000,0.0000,2.4133,91.4652,41.3155,38.3229
655.9500,0.0000,2.3353,91.0632,41.2785,38.5999
656.0000,0.0000,2.2586,90.6455,41.2335,38.8695
656.0500,0.0000,2.1832,90.2120,41.1794,39.1311
656.1000,0.0000,2.1094,89.7632,41.1154,39.3842
656.1500,0.0000,2.0371,89.2997,41.0407,39.6281
656.2000,0.0000,1.9662,88.8220,40.9546,39.8623
656.2500,0.0000,1.8969,88.3307,40.8566,40.0864
656.3000,0.0000,1.8291,87.8266,40.7460,40.2999
656.3500,0.0000,1.7628,87.3102,40.6225,40.5026
656.4000,0.0000,1.6980,86.7824,40.4854,40.6941
656.4500,0.0000,1.6347,86.2438,40.3346,40.8740
656.5000,0.0000,1.5730,85.6954,40.1696,41.0423
656.5500,0.0000,1.5127,85.1380,39.9902,41.1986
656.6000,0.0000,1.4540,84.5724,39.7965,41.3418
656.6500,0.0000,1.3968,83.9995,39.5888,41.4710
656.7000,0.0000,1.3411,83.4202,39.3673,41.5852
656.7500,0.0000,1.2869,82.8355,39.1322,41.6838
656.8000,0.0000,1.2342,82.2463,38.8837,41.7662
656.8500,0.0000,1.1830,81.6536,38.6222,41.8320
656.9000,0.0000,1.1332,81.0585,38.3479,41.8809
656.9500,0.0000,1.0848,80.4618,38.0611,41.9127
657.0000,0.0000,1.0379,79.8646,37.7620,41.9275
657.0500,0.0000,0.9923,79.2679,37.4510,41.9253
657.1000,0.0000,0.9482,78.6727,37.1284,41.9063
657.1500,0.0000,0.9054,78.0800,36.7944,41.8708
657.2000,0.0000,0.8638,77.4907,36.4493,41.8191
657.2500,0.0000,0.8236,76.9059,36.0935,41.7517
657.3000,0.0000,0.7846,76.3265,35.7272,41.6691
657.3500,0.0000,0.7469,75.7534,35.3506,41.5718
657.4000,0.0000,0.7107,75.1875,34.9640,41.4605
657.4500,0.0000,0.6763,74.6297,34.5678,41.3358
657.5000,0.0000,0.6439,74.0808,34.1620,41.1985
657.5500,0.0000,0.6139,73.5415,33.7470,41.0494
657.6000,0.0000,0.5864,73.0127,33.3235,40.8891
657.6500,0.0000,0.5618,72.4949,32.8923,40.7185
657.7000,0.0000,0.5403,71.9888,32.4541,40.5383
657.7500,0.0000,0.5221,71.4950,32.0098,40.3495
657.8000,0.0000,0.5074,71.0138,31.5603,40.1527
657.8500,0.0000,0.4964,70.5457,31.1062,39.9487
657.9000,0.0000,0.4894,70.0911,30.6486,39.7383
657.9500,0.0000,0.4865,69.6500,30.1881,39.5222
658.0000,0.0000,0.4880,69.2226,29.7256,39.3011
658.0500,0.0000,0.4938,68.8089,29.2620,39.0758
658.1000,0.0000,0.5040,68.4079,28.7980,38.8476
658.1500,0.0000,0.5185,68.0187,28.3345,38.6178
658.2000,0.0000,0.5372,67.6401,27.8724,38.3876
658.2500,0.0000,0.5599,67.2712,27.4124,38.1581
658.3000,0.0000,0.5867,66.9111,26.9552,37.9302
658.3500,0.0000,0.6173,66.5592,26.5018,37.7048
658.4000,0.0000,0.6517,66.2144,26.0529,37.4826
658.4500,0.0000,0.6899,65.8758,25.6092,37.2641
658.5000,0.0000,0.7318,65.5422,25.1715,37.0497
658.5500,0.0000,0.7773,65.2125,24.7405,36.8399
658.6000,0.0000,0.8265,64.8863,24.3169,36.6356
658.6500,0.0000,0.8791,64.5633,23.9014,36.4383
658.7000,0.0000,0.9353,64.2432,23.4947,36.2491
658.7500,0.0000,0.9949,63.9257,23.0972,36.0694
658.8000,0.0000,1.0579,63.6105,22.7098,35.9002
658.8500,0.0000,1.1243,63.2970,22.3329,35.7428
658.9000,0.0000,1.1940,62.9850,21.9670,35.5983
658.9500,0.0000,1.2671,62.6739,21.6127,35.4680
659.0000,0.0000,1.3435,62.3633,21.2704,35.3529
659.0500,0.0000,1.4231,62.0528,20.9406,35.2541
659.1000,0.0000,1.5060,61.7425,20.6236,35.1719
659.1500,0.0000,1.5922,61.4327,20.3198,35.1066
659.2000,0.0000,1.6815,61.1237,20.0294,35.0582
659.2500,0.0000,1.7741,60.8158,19.7527,35.0268
659.3000,0.0000,1.8699,60.5094,19.4900,35.0125
659.3500,0.0000,1.9688,60.2048,19.2413,35.0152
659.4000,0.0000,2.0709,59.9022,19.0067,35.0349
659.4500,0.0000,2.1762,59.6019,18.7864,35.0714
659.5000,0.0000,2.2846,59.3044,18.5801,35.1245
659.5500,0.0000,2.3962,59.0096,18.3880,35.1941
659.6000,0.0000,2.5109,58.7173,18.2101,35.2802
659.6500,0.0000,2.6287,58.4268,18.0465,35.3827
659.7000,0.0000,2.7496,58.1378,17.8970,35.5017
659.7500,0.0000,2.8737,57.8498,17.7617,35.6369
659.8000,0.0000,3.0008,57.5624,17.6402,35.7882
659.8500,0.0000,3.1310,57.2753,17.5323,35.9554
659.9000,0.0000,3.2642,56.9880,17.4376,36.1382
659.9500,0.0000,3.4005,56.7004,17.3556,36.3365
660.0000,0.0000,3.5399,56.4120,17.2857,36.5499
660.0500,0.0000,3.6822,56.1228,17.2273,36.7781
660.1000,0.0000,3.8276,55.8323,17.1795,37.0208
660.1500,0.0000,3.9760,55.5405,17.1415,37.2776
660.2000,0.0000,4.1273,55.2470,17.1123,37.5481
660.2500,0.0000,4.2816,54.9518,17.0907,37.8321
660.3000,0.0000,4.4388,54.6546,17.0757,38.1292
660.3500,0.0000,4.5990,54.3552,17.0660,38.4389
660.4000,0.0000,4.7620,54.0536,17.0616,38.7610
660.4500,0.0000,4.9279,53.7495,17.0634,39.0952
660.5000,0.0000,5.0966,53.4427,17.0718,39.4411
660.5500,0.0000,5.2681,53.1332,17.0873,39.7983
660.6000,0.0000,5.4424,52.8210,17.1106,40.1663
660.6500,0.0000,5.6194,52.5064,17.1422,40.5440
660.7000,0.0000,5.7991,52.1894,17.1826,40.9307
660.7500,0.0000,5.9814,51.8702,17.2322,41.3257
660.8000,0.0000,6.1664,51.5490,17.2914,41.7280
660.8500,0.0000,6.3540,51.2260,17.3602,42.1370
660.9000,0.0000,6.5441,50.9014,17.4390,42.5520
660.9500,0.0000,6.7367,50.5753,17.5278,42.9721
661.0000,0.0000,6.9317,50.2480,17.6266,43.3969
661.0500,0.0000,7.1290,49.9196,17.7355,43.8258
661.1000,0.0000,7.3278,49.5903,17.8551,44.2581
661.1500,0.0000,7.5272,49.2604,17.9859,44.6934
661.2000,0.0000,7.7266,48.9300,18.1285,45.1313
661.2500,0.0000,7.9250,48.5992,18.2831,45.5715
661.3000,0.0000,8.1219,48.2682,18.4502,46.0137
661.3500,0.0000,8.3165,47.9373,18.6297,46.4578
661.4000,0.0000,8.5083,47.6065,18.8218,46.9037
661.4500,0.0000,8.6967,47.2760,19.0265,47.3515
661.5000,0.0000,8.8811,46.9458,19.2435,47.8013
661.5500,0.0000,9.0610,46.6162,19.4727,48.2531
661.6000,0.0000,9.2361,46.2871,19.7137,48.7065
661.6500,0.0000,9.4058,45.9587,19.9660,49.1604
661.7000,0.0000,9.5698,45.6310,20.2293,49.6141
661.7500,0.0000,9.7277,45.3041,20.5029,50.0667
661.8000,0.0000,9.8793,44.9779,20.7862,50.5173
661.8500,0.0000,10.0242,44.6524,21.0784,50.9651
661.9000,0.0000,10.1622,44.3277,21.3787,51.4092
661.9500,0.0000,10.2930,44.0036,21.6863,51.8487
662.0000,0.0000,10.4166,43.6800,22.0001,52.2827
662.0500,0.0000,10.5327,43.3570,22.3193,52.7103
662.1000,0.0000,10.6412,43.0349,22.6433,53.1308
662.1500,0.0000,10.7420,42.7141,22.9716,53.5438
662.2000,0.0000,10.8350,42.3951,23.3036,53.9485
662.2500,0.0000,10.9202,42.0784,23.6388,54.3444
662.3000,0.0000,10.9976,41.7644,23.9766,54.7310
662.3500,0.0000,11.0670,41.4537,24.3165,55.1076
662.4000,0.0000,11.1287,41.1466,24.6578,55.4739
662.4500,0.0000,11.1826,40.8438,25.0001,55.8292
662.5000,0.0000,11.2288,40.5456,25.3426,56.1731
662.5500,0.0000,11.2673,40.2525,25.6849,56.5051
662.6000,0.0000,11.2984,39.9648,26.0271,56.8248
662.6500,0.0000,11.3220,39.6827,26.3695,57.1318
662.7000,0.0000,11.3385,39.4066,26.7122,57.4257
662.7500,0.0000,11.3478,39.1366,27.0553,57.7060
662.8000,0.0000,11.3503,38.8731,27.3990,57.9725
662.8500,0.0000,11.3461,38.6164,27.7434,58.2248
662.9000,0.0000,11.3355,38.3669,28.0883,58.4626
662.9500,0.0000,11.3186,38.1249,28.4341,58.6857
663.0000,0.0000,11.2958,37.8908,28.7806,58.8939
663.0500,0.0000,11.2673,37.6651,29.1278,59.0868
663.1000,0.0000,11.2333,37.4481,29.4759,59.2645
663.1500,0.0000,11.1943,37.2402,29.8247,59.4267
663.2000,0.0000,11.1504,37.0421,30.1744,59.5733
663.2500,0.0000,11.1020,36.8540,30.5249,59.7042
663.3000,0.0000,11.0495,36.6767,30.8763,59.8195
663.3500,0.0000,10.9932,36.5105,31.2286,59.9191
663.4000,0.0000,10.9335,36.3560,31.5820,60.0031
663.4500,0.0000,10.8707,36.2138,31.9365,60.0715
663.5000,0.0000,10.8052,36.0845,32.2922,60.1244
663.5500,0.0000,10.7374,35.9687,32.6493,60.1620
663.6000,0.0000,10.6676,35.8666,33.0080,60.1842
663.6500,0.0000,10.5960,35.7788,33.3685,60.1910
663.7000,0.0000,10.5229,35.7054,33.7310,60.1822
663.7500,0.0000,10.4486,35.6469,34.0960,60.1579
663.8000,0.0000,10.3732,35.6035,34.4637,60.1180
663.8500,0.0000,10.2972,35.5757,34.8346,60.0627
663.9000,0.0000,10.2207,35.5638,35.2092,59.9919
663.9500,0.0000,10.1440,35.5675,35.5879,59.9057
664.0000,0.0000,10.0674,35.5867,35.9703,59.8042
664.0500,0.0000,9.9911,35.6214,36.3555,59.6875
664.1000,0.0000,9.9156,35.6717,36.7428,59.5549
664.1500,0.0000,9.8416,35.7380,37.1318,59.4060
664.2000,0.0000,9.7694,35.8205,37.5219,59.2401
664.2500,0.0000,9.6995,35.9194,37.9127,59.0569
664.3000,0.0000,9.6324,36.0348,38.3035,58.8560
664.3500,0.0000,9.5685,36.1670,38.6939,58.6370
664.4000,0.0000,9.5083,36.3160,39.0834,58.3999
664.4500,0.0000,9.4522,36.4817,39.4714,58.1444
664.5000,0.0000,9.4005,36.6643,39.8575,57.8704
664.5500,0.0000,9.3536,36.8636,40.2411,57.5781
664.6000,0.0000,9.3119,37.0796,40.6217,57.2674
664.6500,0.0000,9.2756,37.3122,40.9988,56.9385
664.7000,0.0000,9.2451,37.5611,41.3720,56.5917
664.7500,0.0000,9.2207,37.8263,41.7406,56.2272
664.8000,0.0000,9.2027,38.1074,42.1043,55.8453
664.8500,0.0000,9.1914,38.4043,42.4625,55.4467
664.9000,0.0000,9.1869,38.7165,42.8148,55.0323
664.9500,0.0000,9.1895,39.0438,43.1607,54.6035
665.0000,0.0000,9.1994,39.3858,43.4998,54.1614
665.0500,0.0000,9.2169,39.7422,43.8315,53.7074
665.1000,0.0000,9.2421,40.1124,44.1555,53.2422
665.1500,0.0000,9.2751,40.4960,44.4713,52.7668
665.2000,0.0000,9.3162,40.8926,44.7785,52.2819
665.2500,0.0000,9.3655,41.3017,45.0767,51.7883
665.3000,0.0000,9.4230,41.7227,45.3654,51.2870
665.3500,0.0000,9.4890,42.1551,45.6443,50.7788
665.4000,0.0000,9.5635,42.5982,45.9130,50.2644
665.4500,0.0000,9.6467,43.0516,46.1710,49.7449
665.5000,0.0000,9.7385,43.5145,46.4180,49.2211
665.5500,0.0000,9.8391,43.9864,46.6539,48.6937
665.6000,0.0000,9.9492,44.4665,46.8788,48.1633
665.6500,0.0000,10.0692,44.9543,47.0933,47.6301
665.7000,0.0000,10.1996,45.4490,47.2977,47.0946
665.7500,0.0000,10.3410,45.9500,47.4925,46.5572
665.8000,0.0000,10.4938,46.4565,47.6778,46.0184
665.8500,0.0000,10.6585,46.9677,47.8541,45.4786
665.9000,0.0000,10.8353,47.4831,48.0215,44.9384
665.9500,0.0000,11.0247,48.0018,48.1803,44.3983
666.0000,0.0000,11.2269,48.5231,48.3305,43.8588
666.0500,0.0000,11.4421,49.0462,48.4724,43.3206
666.1000,0.0000,11.6707,49.5704,48.6061,42.7842
666.1500,0.0000,11.9129,50.0949,48.7315,42.2501
666.2000,0.0000,12.1688,50.6191,48.8487,41.7192
666.2500,0.0000,12.4385,51.1420,48.9577,41.1918
666.3000,0.0000,12.7222,51.6630,49.0585,40.6687
666.3500,0.0000,13.0200,52.1814,49.1509,40.1506
666.4000,0.0000,13.3320,52.6963,49.2350,39.6379
666.4500,0.0000,13.6582,53.2072,49.3104,39.1315
666.5000,0.0000,13.9982,53.7131,49.3771,38.6318
666.5500,0.0000,14.3511,54.2135,49.4349,38.1396
666.6000,0.0000,14.7162,54.7075,49.4839,37.6555
666.6500,0.0000,15.0926,55.1947,49.5243,37.1800
666.7000,0.0000,15.4795,55.6742,49.5563,36.7138
666.7500,0.0000,15.8760,56.1454,49.5802,36.2575
666.8000,0.0000,16.2813,56.6077,49.5959,35.8116
666.8500,0.0000,16.6947,57.0605,49.6039,35.3768
666.9000,0.0000,17.1152,57.5032,49.6041,34.9534
666.9500,0.0000,17.5420,57.9352,49.5967,34.5421
667.0000,0.0000,17.9744,58.3561,49.5820,34.1434
667.0500,0.0000,18.4118,58.7654,49.5600,33.7575
667.1000,0.0000,18.8539,59.1634,49.5313,33.3842
667.1500,0.0000,19.3008,59.5504,49.4961,33.0232
667.2000,0.0000,19.7525,59.9267,49.4549,32.6740
667.2500,0.0000,20.2090,60.2928,49.4080,32.3364
667.3000,0.0000,20.6700,60.6488,49.3557,32.0100
667.3500,0.0000,21.1356,60.9952,49.2985,31.6944
667.4000,0.0000,21.6054,61.3322,49.2365,31.3893
667.4500,0.0000,22.0795,61.6601,49.1701,31.0944
667.5000,0.0000,22.5574,61.9793,49.0996,30.8094
667.5500,0.0000,23.0391,62.2901,49.0251,30.5339
667.6000,0.0000,23.5242,62.5929,48.9469,30.2675
667.6500,0.0000,24.0125,62.8879,48.8652,30.0100
667.7000,0.0000,24.5037,63.1757,48.7801,29.7609
667.7500,0.0000,24.9974,63.4565,48.6920,29.5198
667.8000,0.0000,25.4935,63.7308,48.6008,29.2864
667.8500,0.0000,25.9915,63.9990,48.5067,29.0601
667.9000,0.0000,26.4912,64.2617,48.4098,28.8405
667.9500,0.0000,26.9921,64.5194,48.3102,28.6271
668.0000,0.0000,27.4941,64.7726,48.2079,28.4193
668.0500,0.0000,27.9966,65.0218,48.1030,28.2167
668.1000,0.0000,28.4991,65.2668,47.9955,28.0195
668.1500,0.0000,29.0010,65.5075,47.8853,27.8278
668.2000,0.0000,29.5016,65.7436,47.7725,27.6421
668.2500,0.0000,30.0002,65.9749,47.6569,27.4625
668.3000,0.0000,30.4963,66.2011,47.5385,27.2894
668.3500,0.0000,30.9889,66.4219,47.4171,27.1230
668.4000,0.0000,31.4776,66.6372,47.2927,26.9637
668.4500,0.0000,31.9616,66.8468,47.1650,26.8117
668.5000,0.0000,32.4402,67.0503,47.0338,26.6673
668.5500,0.0000,32.9128,67.2478,46.8988,26.5307
668.6000,0.0000,33.3785,67.4398,46.7596,26.4021
668.6500,0.0000,33.8368,67.6269,46.6156,26.2814
668.7000,0.0000,34.2870,67.8097,46.4661,26.1685
668.7500,0.0000,34.7283,67.9887,46.3106,26.0637
668.8000,0.0000,35.1601,68.1646,46.1485,25.9667
668.8500,0.0000,35.5817,68.3378,45.9791,25.8778
668.9000,0.0000,35.9926,68.5088,45.8017,25.7968
668.9500,0.0000,36.3919,68.6781,45.6156,25.7239
669.0000,0.0000,36.7792,68.8463,45.4200,25.6590
669.0500,0.0000,37.1537,69.0137,45.2143,25.6021
669.1000,0.0000,37.5150,69.1809,44.9980,25.5533
669.1500,0.0000,37.8624,69.3484,44.7712,25.5126
669.2000,0.0000,38.1953,69.5166,44.5339,25.4799
669.2500,0.0000,38.5132,69.6859,44.2863,25.4552
669.3000,0.0000,38.8156,69.8570,44.0285,25.4385
669.3500,0.0000,39.1020,70.0302,43.7605,25.4298
669.4000,0.0000,39.3720,70.2062,43.4825,25.4289
669.4500,0.0000,39.6250,70.3854,43.1946,25.4358
669.5000,0.0000,39.8606,70.5684,42.8969,25.4504
669.5500,0.0000,40.0786,70.7556,42.5895,25.4726
669.6000,0.0000,40.2784,70.9469,42.2726,25.5025
669.6500,0.0000,40.4598,71.1420,41.9468,25.5403
669.7000,0.0000,40.6225,71.3406,41.6124,25.5862
669.7500,0.0000,40.7663,71.5424,41.2697,25.6402
669.8000,0.0000,40.8908,71.7468,40.9192,25.7025
669.8500,0.0000,40.9959,71.9537,40.5613,25.7733
669.9000,0.0000,41.0815,72.1625,40.1963,25.8526
669.9500,0.0000,41.1474,72.3730,39.8246,25.9405
670.0000,0.0000,41.1936,72.5846,39.4466,26.0373
670.0500,0.0000,41.2201,72.7970,39.0628,26.1429
670.1000,0.0000,41.2267,73.0104,38.6733,26.2575
670.1500,0.0000,41.2137,73.2246,38.2787,26.3811
670.2000,0.0000,41.1811,73.4399,37.8792,26.5138
670.2500,0.0000,41.1290,73.6561,37.4752,26.6556
670.3000,0.0000,41.0576,73.8733,37.0670,26.8067
670.3500,0.0000,40.9673,74.0914,36.6549,26.9669
670.4000,0.0000,40.8582,74.3104,36.2391,27.1364
670.4500,0.0000,40.7307,74.5301,35.8200,27.3152
670.5000,0.0000,40.5852,74.7503,35.3978,27.5033
670.5500,0.0000,40.4222,74.9709,34.9726,27.7005
670.6000,0.0000,40.2421,75.1917,34.5447,27.9070
670.6500,0.0000,40.0456,75.4125,34.1142,28.1227
670.7000,0.0000,39.8331,75.6331,33.6811,28.3475
670.7500,0.0000,39.6055,75.8532,33.2457,28.5814
670.8000,0.0000,39.3633,76.0726,32.8078,28.8243
670.8500,0.0000,39.1075,76.2910,32.3676,29.0761
670.9000,0.0000,38.8387,76.5081,31.9249,29.3368
670.9500,0.0000,38.5581,76.7236,31.4797,29.6061
671.0000,0.0000,38.2664,76.9372,31.0318,29.8841
671.0500,0.0000,37.9647,77.1486,30.5812,30.1705
671.1000,0.0000,37.6532,77.3575,30.1284,30.4653
671.1500,0.0000,37.3322,77.5636,29.6740,30.7683
671.2000,0.0000,37.0018,77.7665,29.2187,31.0793
671.2500,0.0000,36.6624,77.9660,28.7630,31.3982
671.3000,0.0000,36.3142,78.1617,28.3077,31.7248
671.3500,0.0000,35.9574,78.3533,27.8532,32.0589
671.4000,0.0000,35.5923,78.5405,27.4003,32.4004
671.4500,0.0000,35.2192,78.7230,26.9494,32.7490
671.5000,0.0000,34.8383,78.9004,26.5011,33.1045
671.5500,0.0000,34.4502,79.0727,26.0561,33.4666
671.6000,0.0000,34.0554,79.2402,25.6144,33.8344
671.6500,0.0000,33.6549,79.4035,25.1764,34.2069
671.7000,0.0000,33.2494,79.5629,24.7424,34.5831
671.7500,0.0000,32.8398,79.7190,24.3125,34.9622
671.8000,0.0000,32.4267,79.8721,23.8870,35.3432
671.8500,0.0000,32.0110,80.0227,23.4661,35.7254
671.9000,0.0000,31.5933,80.1710,23.0500,36.1079
671.9500,0.0000,31.1742,80.3173,22.6388,36.4900
672.0000,0.0000,30.7545,80.4620,22.2327,36.8711
672.0500,0.0000,30.3347,80.6053,21.8318,37.2505
672.1000,0.0000,29.9154,80.7475,21.4362,37.6277
672.1500,0.0000,29.4972,80.8887,21.0461,38.0020
672.2000,0.0000,29.0807,81.0291,20.6613,38.3729
672.2500,0.0000,28.6663,81.1690,20.2820,38.7401
672.3000,0.0000,28.2546,81.3085,19.9081,39.1030
672.3500,0.0000,27.8459,81.4478,19.5396,39.4613
672.4000,0.0000,27.4407,81.5870,19.1763,39.8147
672.4500,0.0000,27.0395,81.7262,18.8180,40.1629
672.5000,0.0000,26.6425,81.8656,18.4647,40.5057
672.5500,0.0000,26.2502,82.0052,18.1160,40.8428
672.6000,0.0000,25.8627,82.1449,17.7726,41.1742
672.6500,0.0000,25.4805,82.2846,17.4350,41.4997
672.7000,0.0000,25.1038,82.4239,17.1038,41.8192
672.7500,0.0000,24.7327,82.5626,16.7794,42.1329
672.8000,0.0000,24.3676,82.7004,16.4626,42.4407
672.8500,0.0000,24.0084,82.8372,16.1538,42.7427
672.9000,0.0000,23.6554,82.9725,15.8536,43.0390
672.9500,0.0000,23.3087,83.1061,15.5625,43.3292
673.0000,0.0000,22.9683,83.2375,15.2810,43.6121
673.0500,0.0000,22.6342,83.3667,15.0095,43.8868
673.1000,0.0000,22.3071,83.4939,14.7485,44.1521
673.1500,0.0000,21.9873,83.6195,14.4979,44.4069
673.2000,0.0000,21.6752,83.7439,14.2580,44.6503
673.2500,0.0000,21.3712,83.8673,14.0290,44.8813
673.3000,0.0000,21.0756,83.9900,13.8111,45.0992
673.3500,0.0000,20.7885,84.1120,13.6044,45.3033
673.4000,0.0000,20.5100,84.2336,13.4091,45.4929
673.4500,0.0000,20.2403,84.3547,13.2253,45.6676
673.5000,0.0000,19.9792,84.4753,13.0531,45.8268
673.5500,0.0000,19.7268,84.5953,12.8926,45.9704
673.6000,0.0000,19.4835,84.7146,12.7439,46.0980
673.6500,0.0000,19.2505,84.8331,12.6070,46.2096
673.7000,0.0000,19.0292,84.9504,12.4819,46.3051
673.7500,0.0000,18.8207,85.0663,12.3686,46.3845
673.8000,0.0000,18.6259,85.1805,12.2672,46.4480
673.8500,0.0000,18.4458,85.2926,12.1774,46.4959
673.9000,0.0000,18.2812,85.4020,12.0992,46.5284
673.9500,0.0000,18.1326,85.5084,12.0323,46.5461
674.0000,0.0000,18.0008,85.6112,11.9767,46.5494
674.0500,0.0000,17.8861,85.7099,11.9322,46.5388
674.1000,0.0000,17.7892,85.8044,11.8989,46.5144
674.1500,0.0000,17.7106,85.8947,11.8771,46.4759
674.2000,0.0000,17.6508,85.9805,11.8671,46.4234
674.2500,0.0000,17.6102,86.0620,11.8693,46.3568
674.3000,0.0000,17.5891,86.1390,11.8837,46.2760
674.3500,0.0000,17.5876,86.2113,11.9106,46.1813
674.4000,0.0000,17.6060,86.2790,11.9502,46.0726
674.4500,0.0000,17.6443,86.3420,12.0027,45.9501
674.5000,0.0000,17.7025,86.4000,12.0682,45.8139
674.5500,0.0000,17.7806,86.4531,12.1467,45.6644
674.6000,0.0000,17.8786,86.5019,12.2379,45.5018
674.6500,0.0000,17.9965,86.5471,12.3412,45.3263
674.7000,0.0000,18.1343,86.5893,12.4563,45.1383
674.7500,0.0000,18.2919,86.6290,12.5826,44.9383
674.8000,0.0000,18.4690,86.6667,12.7197,44.7266
674.8500,0.0000,18.6654,86.7030,12.8671,44.5037
674.9000,0.0000,18.8806,86.7381,13.0243,44.2701
674.9500,0.0000,19.1142,86.7725,13.1908,44.0264
675.0000,0.0000,19.3657,86.8066,13.3660,43.7731
675.0500,0.0000,19.6344,86.8405,13.5496,43.5108
675.1000,0.0000,19.9196,86.8746,13.7408,43.2404
675.1500,0.0000,20.2207,86.9090,13.9392,42.9623
675.2000,0.0000,20.5368,86.9439,14.1442,42.6775
675.2500,0.0000,20.8669,86.9795,14.3551,42.3867
675.3000,0.0000,21.2101,87.0163,14.5712,42.0906
675.3500,0.0000,21.5655,87.0547,14.7920,41.7903
675.4000,0.0000,21.9318,87.0951,15.0167,41.4866
675.4500,0.0000,22.3080,87.1378,15.2445,41.1805
675.5000,0.0000,22.6928,87.1833,15.4747,40.8730
675.5500,0.0000,23.0850,87.2317,15.7065,40.5650
675.6000,0.0000,23.4838,87.2833,15.9399,40.2571
675.6500,0.0000,23.8884,87.3384,16.1750,39.9498
675.7000,0.0000,24.2980,87.3971,16.4116,39.6437
675.7500,0.0000,24.7118,87.4596,16.6500,39.3393
675.8000,0.0000,25.1290,87.5260,16.8900,39.0371
675.8500,0.0000,25.5487,87.5964,17.1318,38.7377
675.9000,0.0000,25.9700,87.6709,17.3755,38.4416
675.9500,0.0000,26.3921,87.7495,17.6211,38.1493
676.0000,0.0000,26.8141,87.8321,17.8685,37.8615
676.0500,0.0000,27.2352,87.9189,18.1179,37.5787
676.1000,0.0000,27.6551,88.0102,18.3684,37.3016
676.1500,0.0000,28.0738,88.1064,18.6195,37.0306
676.2000,0.0000,28.4911,88.2079,18.8703,36.7665
676.2500,0.0000,28.9067,88.3149,19.1203,36.5099
676.3000,0.0000,29.3204,88.4277,19.3688,36.2613
676.3500,0.0000,29.7317,88.5465,19.6153,36.0214
676.4000,0.0000,30.1404,88.6712,19.8593,35.7909
676.4500,0.0000,30.5460,88.8020,20.1003,35.5704
676.5000,0.0000,30.9481,88.9387,20.3377,35.3606
676.5500,0.0000,31.3461,89.0814,20.5713,35.1622
676.6000,0.0000,31.7396,89.2297,20.8006,34.9758
676.6500,0.0000,32.1279,89.3834,21.0252,34.8022
676.7000,0.0000,32.5105,89.5423,21.2448,34.6420
676.7500,0.0000,32.8867,89.7059,21.4591,34.4961
676.8000,0.0000,33.2560,89.8739,21.6677,34.3651
676.8500,0.0000,33.6176,90.0456,21.8705,34.2498
676.9000,0.0000,33.9709,90.2205,22.0672,34.1511
676.9500,0.0000,34.3151,90.3980,22.2575,34.0696
677.0000,0.0000,34.6495,90.5773,22.4412,34.0061
677.0500,0.0000,34.9736,90.7578,22.6181,33.9614
677.1000,0.0000,35.2874,90.9394,22.7884,33.9356
677.1500,0.0000,35.5909,91.1220,22.9521,33.9285
677.2000,0.0000,35.8845,91.3057,23.1094,33.9401
677.2500,0.0000,36.1684,91.4904,23.2605,33.9701
677.3000,0.0000,36.4430,91.6760,23.4055,34.0184
677.3500,0.0000,36.7086,91.8625,23.5448,34.0848
677.4000,0.0000,36.9657,92.0499,23.6786,34.1690
677.4500,0.0000,37.2147,92.2378,23.8072,34.2707
677.5000,0.0000,37.4563,92.4263,23.9308,34.3895
677.5500,0.0000,37.6912,92.6153,24.0497,34.5251
677.6000,0.0000,37.9205,92.8047,24.1638,34.6773
677.6500,0.0000,38.1452,92.9946,24.2728,34.8460
677.7000,0.0000,38.3651,93.1851,24.3767,35.0309
677.7500,0.0000,38.5799,93.3761,24.4755,35.2317
677.8000,0.0000,38.7890,93.5676,24.5690,35.4480
677.8500,0.0000,38.9920,93.7595,24.6574,35.6794
677.9000,0.0000,39.1886,93.9516,24.7406,35.9255
677.9500,0.0000,39.3783,94.1438,24.8188,36.1857
678.0000,0.0000,39.5608,94.3359,24.8922,36.4595
678.0500,0.0000,39.7357,94.5275,24.9609,36.7461
678.1000,0.0000,39.9028,94.7185,25.0252,37.0451
678.1500,0.0000,40.0617,94.9084,25.0853,37.3555
678.2000,0.0000,40.2122,95.0969,25.1416,37.6767
678.2500,0.0000,40.3540,95.2835,25.1944,38.0077
678.3000,0.0000,40.4869,95.4677,25.2441,38.3478
678.3500,0.0000,40.6107,95.6491,25.2910,38.6963
678.4000,0.0000,40.7252,95.8271,25.3357,39.0534
678.4500,0.0000,40.8302,96.0010,25.3785,39.4187
678.5000,0.0000,40.9257,96.1701,25.4201,39.7923
678.5500,0.0000,41.0115,96.3340,25.4609,40.1741
678.6000,0.0000,41.0875,96.4925,25.5011,40.5636
678.6500,0.0000,41.1536,96.6457,25.5411,40.9606
678.7000,0.0000,41.2099,96.7939,25.5812,41.3646
678.7500,0.0000,41.2562,96.9370,25.6216,41.7751
678.8000,0.0000,41.2926,97.0752,25.6626,42.1918
678.8500,0.0000,41.3191,97.2086,25.7046,42.6141
678.9000,0.0000,41.3357,97.3372,25.7478,43.0417
678.9500,0.0000,41.3425,97.4613,25.7925,43.4740
679.0000,0.0000,41.3396,97.5808,25.8392,43.9107
679.0500,0.0000,41.3271,97.6958,25.8880,44.3511
679.1000,0.0000,41.3057,97.8065,25.9392,44.7948
679.1500,0.0000,41.2760,97.9129,25.9933,45.2413
679.2000,0.0000,41.2385,98.0150,26.0505,45.6901
679.2500,0.0000,41.1941,98.1129,26.1110,46.1407
679.3000,0.0000,41.1432,98.2067,26.1753,46.5926
679.3500,0.0000,41.0865,98.2964,26.2437,47.0453
679.4000,0.0000,41.0245,98.3819,26.3163,47.4982
679.4500,0.0000,40.9578,98.4634,26.3935,47.9509
679.5000,0.0000,40.8870,98.5408,26.4756,48.4028
679.5500,0.0000,40.8126,98.6140,26.5629,48.8534
679.6000,0.0000,40.7351,98.6831,26.6556,49.3022
679.6500,0.0000,40.6550,98.7479,26.7540,49.7488
679.7000,0.0000,40.5728,98.8085,26.8584,50.1927
679.7500,0.0000,40.4890,98.8646,26.9690,50.6333
679.8000,0.0000,40.4039,98.9162,27.0860,51.0701
679.8500,0.0000,40.3181,98.9632,27.2098,51.5028
679.9000,0.0000,40.2320,99.0053,27.3404,51.9309
679.9500,0.0000,40.1458,99.0423,27.4782,52.3539
680.0000,0.0000,40.0601,99.0741,27.6232,52.7714
680.0500,0.0000,39.9752,99.1004,27.7759,53.1830
680.1000,0.0000,39.8914,99.1214,27.9362,53.5883
680.1500,0.0000,39.8089,99.1375,28.1044,53.9869
680.2000,0.0000,39.7282,99.1490,28.2806,54.3785
680.2500,0.0000,39.6494,99.1560,28.4651,54.7628
680.3000,0.0000,39.5728,99.1590,28.6579,55.1393
680.3500,0.0000,39.4985,99.1581,28.8592,55.5079
680.4000,0.0000,39.4269,99.1537,29.0692,55.8682
680.4500,0.0000,39.3580,99.1461,29.2878,56.2201
680.5000,0.0000,39.2920,99.1354,29.5153,56.5632
680.5500,0.0000,39.2288,99.1219,29.7518,56.8976
680.6000,0.0000,39.1678,99.1059,29.9972,57.2232
680.6500,0.0000,39.1084,99.0875,30.2518,57.5401
680.7000,0.0000,39.0499,99.0670,30.5155,57.8486
680.7500,0.0000,38.9920,99.0446,30.7885,58.1488
680.8000,0.0000,38.9340,99.0203,31.0708,58.4409
680.8500,0.0000,38.8756,98.9944,31.3625,58.7252
680.9000,0.0000,38.8165,98.9670,31.6636,59.0018
680.9500,0.0000,38.7562,98.9380,31.9741,59.2711
681.0000,0.0000,38.6946,98.9077,32.2940,59.5333
681.0500,0.0000,38.6313,98.8760,32.6235,59.7887
681.1000,0.0000,38.5660,98.8429,32.9624,60.0377
681.1500,0.0000,38.4985,98.8085,33.3109,60.2808
681.2000,0.0000,38.4286,98.7725,33.6690,60.5183
681.2500,0.0000,38.3561,98.7349,34.0366,60.7507
681.3000,0.0000,38.2805,98.6956,34.4139,60.9784
681.3500,0.0000,38.2017,98.6543,34.8007,61.2022
681.4000,0.0000,38.1193,98.6108,35.1971,61.4224
681.4500,0.0000,38.0331,98.5648,35.6032,61.6399
681.5000,0.0000,37.9425,98.5160,36.0189,61.8551
681.5500,0.0000,37.8474,98.4641,36.4442,62.0689
681.6000,0.0000,37.7477,98.4094,36.8789,62.2811
681.6500,0.0000,37.6435,98.3523,37.3227,62.4916
681.7000,0.0000,37.5349,98.2933,37.7753,62.7005
681.7500,0.0000,37.4219,98.2328,38.2365,62.9075
681.8000,0.0000,37.3046,98.1712,38.7058,63.1126
681.8500,0.0000,37.1829,98.1088,39.1831,63.3156
681.9000,0.0000,37.0568,98.0461,39.6678,63.5165
681.9500,0.0000,36.9260,97.9833,40.1597,63.7153
682.0000,0.0000,36.7905,97.9210,40.6585,63.9117
682.0500,0.0000,36.6501,97.8593,41.1637,64.1058
682.1000,0.0000,36.5050,97.7985,41.6741,64.2974
682.1500,0.0000,36.3559,97.7391,42.1887,64.4866
682.2000,0.0000,36.2038,97.6812,42.7064,64.6732
682.2500,0.0000,36.0499,97.6250,43.2260,64.8573
682.3000,0.0000,35.8950,97.5709,43.7466,65.0388
682.3500,0.0000,35.7400,97.5188,44.2673,65.2176
682.4000,0.0000,35.5858,97.4691,44.7870,65.3938
682.4500,0.0000,35.4330,97.4218,45.3049,65.5673
682.5000,0.0000,35.2826,97.3769,45.8203,65.7383
682.5500,0.0000,35.1349,97.3346,46.3322,65.9066
682.6000,0.0000,34.9906,97.2948,46.8400,66.0724
682.6500,0.0000,34.8502,97.2575,47.3430,66.2356
682.7000,0.0000,34.7141,97.2225,47.8406,66.3965
682.7500,0.0000,34.5827,97.1898,48.3321,66.5550
682.8000,0.0000,34.4561,97.1591,48.8170,66.7113
682.8500,0.0000,34.3345,97.1303,49.2948,66.8655
682.9000,0.0000,34.2182,97.1030,49.7650,67.0176
682.9500,0.0000,34.1070,97.0769,50.2273,67.1680
683.0000,0.0000,34.0010,97.0516,50.6812,67.3167
683.0500,0.0000,33.9001,97.0268,51.1265,67.4639
683.1000,0.0000,33.8046,97.0026,51.5625,67.6096
683.1500,0.0000,33.7149,96.9795,51.9889,67.7536
683.2000,0.0000,33.6312,96.9577,52.4051,67.8959
683.2500,0.0000,33.5537,96.9376,52.8106,68.0365
683.3000,0.0000,33.4827,96.9195,53.2051,68.1752
683.3500,0.0000,33.4184,96.9037,53.5881,68.3121
683.4000,0.0000,33.3608,96.8904,53.9593,68.4469
683.4500,0.0000,33.3099,96.8799,54.3183,68.5798
683.5000,0.0000,33.2659,96.8724,54.6650,68.7105
683.5500,0.0000,33.2288,96.8680,54.9989,68.8391
683.6000,0.0000,33.1984,96.8670,55.3194,68.9655
683.6500,0.0000,33.1746,96.8696,55.6258,69.0897
683.7000,0.0000,33.1574,96.8757,55.9174,69.2117
683.7500,0.0000,33.1466,96.8855,56.1937,69.3313
683.8000,0.0000,33.1419,96.8991,56.4543,69.4487
683.8500,0.0000,33.1431,96.9164,56.6987,69.5636
683.9000,0.0000,33.1501,96.9375,56.9265,69.6762
683.9500,0.0000,33.1624,96.9622,57.1375,69.7865
684.0000,0.0000,33.1797,96.9906,57.3315,69.8943
684.0500,0.0000,33.2017,97.0224,57.5084,69.9997
684.1000,0.0000,33.2281,97.0576,57.6681,70.1027
684.1500,0.0000,33.2584,97.0958,57.8106,70.2033
684.2000,0.0000,33.2922,97.1368,57.9361,70.3015
684.2500,0.0000,33.3290,97.1803,58.0446,70.3973
684.3000,0.0000,33.3685,97.2259,58.1363,70.4907
684.3500,0.0000,33.4101,97.2733,58.2117,70.5818
684.4000,0.0000,33.4534,97.3219,58.2711,70.6705
684.4500,0.0000,33.4979,97.3713,58.3149,70.7569
684.5000,0.0000,33.5431,97.4208,58.3437,70.8411
684.5500,0.0000,33.5886,97.4700,58.3577,70.9230
684.6000,0.0000,33.6341,97.5189,58.3565,71.0028
684.6500,0.0000,33.6795,97.5677,58.3399,71.0804
684.7000,0.0000,33.7246,97.6165,58.3074,71.1559
684.7500,0.0000,33.7692,97.6656,58.2588,71.2294
684.8000,0.0000,33.8134,97.7151,58.1939,71.3008
684.8500,0.0000,33.8570,97.7651,58.1125,71.3704
684.9000,0.0000,33.9000,97.8158,58.0147,71.4381
684.9500,0.0000,33.9425,97.8671,57.9003,71.5040
685.0000,0.0000,33.9846,97.9194,57.7695,71.5682
685.0500,0.0000,34.0262,97.9725,57.6222,71.6307
685.1000,0.0000,34.0674,98.0266,57.4584,71.6915
685.1500,0.0000,34.1082,98.0816,57.2777,71.7505
685.2000,0.0000,34.1487,98.1377,57.0801,71.8077
685.2500,0.0000,34.1889,98.1949,56.8657,71.8631
685.3000,0.0000,34.2291,98.2530,56.6345,71.9167
685.3500,0.0000,34.2696,98.3121,56.3867,71.9683
685.4000,0.0000,34.3109,98.3721,56.1225,72.0181
685.4500,0.0000,34.3536,98.4329,55.8423,72.0660
685.5000,0.0000,34.3982,98.4943,55.5464,72.1121
685.5500,0.0000,34.4452,98.5564,55.2354,72.1564
685.6000,0.0000,34.4947,98.6188,54.9098,72.1988
685.6500,0.0000,34.5460,98.6814,54.5703,72.2395
685.7000,0.0000,34.5990,98.7440,54.2177,72.2784
685.7500,0.0000,34.6530,98.8063,53.8527,72.3157
685.8000,0.0000,34.7077,98.8680,53.4761,72.3514
685.8500,0.0000,34.7626,98.9289,53.0891,72.3855
685.9000,0.0000,34.8171,98.9886,52.6926,72.4181
685.9500,0.0000,34.8707,99.0466,52.2878,72.4493
686.0000,0.0000,34.9228,99.1027,51.8759,72.4791
686.0500,0.0000,34.9729,99.1564,51.4580,72.5076
686.1000,0.0000,35.0209,99.2077,51.0348,72.5349
686.1500,0.0000,35.0673,99.2567,50.6066,72.5611
686.2000,0.0000,35.1120,99.3036,50.1742,72.5863
686.2500,0.0000,35.1555,99.3485,49.7380,72.6104
686.3000,0.0000,35.1979,99.3914,49.2986,72.6337
686.3500,0.0000,35.2393,99.4324,48.8566,72.6562
686.4000,0.0000,35.2801,99.4716,48.4127,72.6779
686.4500,0.0000,35.3205,99.5091,47.9674,72.6990
686.5000,0.0000,35.3607,99.5449,47.5215,72.7196
686.5500,0.0000,35.4009,99.5792,47.0755,72.7396
686.6000,0.0000,35.4413,99.6120,46.6294,72.7592
686.6500,0.0000,35.4821,99.6433,46.1831,72.7784
686.7000,0.0000,35.5235,99.6733,45.7367,72.7973
686.7500,0.0000,35.5658,99.7019,45.2901,72.8160
686.8000,0.0000,35.6090,99.7291,44.8436,72.8345
686.8500,0.0000,35.6534,99.7552,44.3973,72.8529
686.9000,0.0000,35.6991,99.7799,43.9514,72.8712
686.9500,0.0000,35.7463,99.8034,43.5063,72.8894
687.0000,0.0000,35.7950,99.8257,43.0624,72.9076
687.0500,0.0000,35.8454,99.8468,42.6199,72.9258
687.1000,0.0000,35.8976,99.8667,42.1795,72.9439
687.1500,0.0000,35.9516,99.8853,41.7416,72.9620
687.2000,0.0000,36.0074,99.9026,41.3068,72.9802
687.2500,0.0000,36.0651,99.9187,40.8757,72.9982
687.3000,0.0000,36.1246,99.9334,40.4489,73.0162
687.3500,0.0000,36.1860,99.9466,40.0272,73.0340
687.4000,0.0000,36.2491,99.9585,39.6114,73.0517
687.4500,0.0000,36.3138,99.9687,39.2021,73.0691
687.5000,0.0000,36.3800,99.9773,38.8003,73.0861
687.5500,0.0000,36.4476,99.9843,38.4068,73.1027
687.6000,0.0000,36.5169,99.9896,38.0219,73.1190
687.6500,0.0000,36.5883,99.9936,37.6460,73.1352
687.7000,0.0000,36.6621,99.9964,37.2794,73.1515
687.7500,0.0000,36.7387,99.9983,36.9224,73.1681
687.8000,0.0000,36.8184,99.9993,36.5754,73.1850
687.8500,0.0000,36.9016,99.9998,36.2386,73.2026
687.9000,0.0000,36.9887,100.0000,35.9125,73.2210
687.9500,0.0000,37.0799,100.0000,35.5972,73.2403
688.0000,0.0000,37.1755,99.9997,35.2932,73.2608
688.0500,0.0000,37.2758,99.9984,35.0006,73.2826
688.1000,0.0000,37.3803,99.9959,34.7195,73.3059
688.1500,0.0000,37.4885,99.9921,34.4498,73.3308
688.2000,0.0000,37.5998,99.9869,34.1917,73.3576
688.2500,0.0000,37.7139,99.9801,33.9450,73.3864
688.3000,0.0000,37.8303,99.9716,33.7099,73.4173
688.3500,0.0000,37.9486,99.9613,33.4862,73.4506
688.4000,0.0000,38.0684,99.9491,33.2740,73.4863
688.4500,0.0000,38.1893,99.9349,33.0732,73.5247
688.5000,0.0000,38.3110,99.9186,32.8839,73.5659
688.5500,0.0000,38.4332,99.9002,32.7060,73.6100
688.6000,0.0000,38.5554,99.8795,32.5394,73.6572
688.6500,0.0000,38.6775,99.8565,32.3841,73.7076
688.7000,0.0000,38.7990,99.8311,32.2401,73.7614
688.7500,0.0000,38.9198,99.8033,32.1071,73.8186
688.8000,0.0000,39.0394,99.7730,31.9851,73.8794
688.8500,0.0000,39.1575,99.7401,31.8741,73.9440
688.9000,0.0000,39.2740,99.7047,31.7737,74.0123
688.9500,0.0000,39.3883,99.6668,31.6839,74.0846
689.0000,0.0000,39.5003,99.6262,31.6045,74.1608
689.0500,0.0000,39.6096,99.5830,31.5353,74.2411
689.1000,0.0000,39.7165,99.5371,31.4760,74.3257
689.1500,0.0000,39.8211,99.4887,31.4263,74.4144
689.2000,0.0000,39.9237,99.4376,31.3860,74.5074
689.2500,0.0000,40.0247,99.3839,31.3547,74.6048
689.3000,0.0000,40.1243,99.3276,31.3322,74.7065
689.3500,0.0000,40.2229,99.2687,31.3179,74.8127
689.4000,0.0000,40.3207,99.2073,31.3117,74.9233
689.4500,0.0000,40.4181,99.1434,31.3133,75.0384
689.5000,0.0000,40.5155,99.0771,31.3229,75.1579
689.5500,0.0000,40.6130,99.0083,31.3405,75.2818
689.6000,0.0000,40.7107,98.9372,31.3655,75.4098
689.6500,0.0000,40.8082,98.8638,31.3971,75.5417
689.7000,0.0000,40.9055,98.7882,31.4346,75.6771
689.7500,0.0000,41.0024,98.7104,31.4775,75.8158
689.8000,0.0000,41.0988,98.6305,31.5251,75.9574
689.8500,0.0000,41.1947,98.5487,31.5768,76.1018
689.9000,0.0000,41.2901,98.4649,31.6321,76.2485
689.9500,0.0000,41.3849,98.3794,31.6906,76.3973
690.0000,0.0000,41.4790,98.2921,31.7516,76.5480
690.0500,0.0000,41.5726,98.2032,31.8149,76.7002
690.1000,0.0000,41.6656,98.1127,31.8800,76.8537
690.1500,0.0000,41.7581,98.0209,31.9465,77.0082
690.2000,0.0000,41.8501,97.9278,32.0141,77.1633
690.2500,0.0000,41.9416,97.8335,32.0825,77.3188
690.3000,0.0000,42.0328,97.7381,32.1514,77.4744
690.3500,0.0000,42.1236,97.6418,32.2204,77.6297
690.4000,0.0000,42.2141,97.5447,32.2895,77.7844
690.4500,0.0000,42.3043,97.4469,32.3584,77.9383
690.5000,0.0000,42.3942,97.3485,32.4268,78.0910
690.5500,0.0000,42.4841,97.2496,32.4948,78.2421
690.6000,0.0000,42.5740,97.1505,32.5620,78.3917
690.6500,0.0000,42.6643,97.0511,32.6286,78.5395
690.7000,0.0000,42.7554,96.9518,32.6942,78.6857
690.7500,0.0000,42.8475,96.8525,32.7591,78.8302
690.8000,0.0000,42.9410,96.7534,32.8230,78.9728
690.8500,0.0000,43.0362,96.6546,32.8861,79.1137
690.9000,0.0000,43.1334,96.5564,32.9483,79.2528
690.9500,0.0000,43.2328,96.4587,33.0098,79.3901
691.0000,0.0000,43.3348,96.3618,33.0705,79.5256
691.0500,0.0000,43.4396,96.2657,33.1306,79.6592
691.1000,0.0000,43.5466,96.1706,33.1894,79.7911
691.1500,0.0000,43.6555,96.0766,33.2464,79.9211
691.2000,0.0000,43.7656,95.9839,33.3010,80.0493
691.2500,0.0000,43.8764,95.8925,33.3527,80.1758
691.3000,0.0000,43.9877,95.8025,33.4012,80.3004
691.3500,0.0000,44.0989,95.7140,33.4462,80.4234
691.4000,0.0000,44.2096,95.6273,33.4874,80.5447
691.4500,0.0000,44.3196,95.5422,33.5247,80.6642
691.5000,0.0000,44.4284,95.4590,33.5581,80.7821
691.5500,0.0000,44.5356,95.3778,33.5875,80.8984
691.6000,0.0000,44.6411,95.2985,33.6129,81.0132
691.6500,0.0000,44.7443,95.2213,33.6347,81.1263
691.7000,0.0000,44.8451,95.1462,33.6529,81.2380
691.7500,0.0000,44.9431,95.0734,33.6679,81.3483
691.8000,0.0000,45.0381,95.0027,33.6800,81.4571
691.8500,0.0000,45.1296,94.9344,33.6898,81.5646
691.9000,0.0000,45.2173,94.8683,33.6976,81.6707
691.9500,0.0000,45.3011,94.8045,33.7043,81.7756
692.0000,0.0000,45.3804,94.7431,33.7103,81.8792
692.0500,0.0000,45.4552,94.6840,33.7163,81.9817
692.1000,0.0000,45.5254,94.6271,33.7225,82.0831
692.1500,0.0000,45.5914,94.5726,33.7287,82.1834
692.2000,0.0000,45.6535,94.5203,33.7350,82.2827
692.2500,0.0000,45.7118,94.4701,33.7414,82.3810
692.3000,0.0000,45.7668,94.4220,33.7479,82.4784
692.3500,0.0000,45.8188,94.3760,33.7545,82.5750
692.4000,0.0000,45.8680,94.3318,33.7614,82.6708
692.4500,0.0000,45.9148,94.2894,33.7687,82.7658
692.5000,0.0000,45.9596,94.2487,33.7764,82.8601
692.5500,0.0000,46.0026,94.2095,33.7847,82.9538
692.6000,0.0000,46.0437,94.1717,33.7936,83.0465
692.6500,0.0000,46.0828,94.1349,33.8028,83.1382
692.7000,0.0000,46.1197,94.0991,33.8125,83.2286
692.7500,0.0000,46.1544,94.0641,33.8225,83.3176
692.8000,0.0000,46.1868,94.0294,33.8330,83.4050
692.8500,0.0000,46.2169,93.9950,33.8440,83.4906
692.9000,0.0000,46.2447,93.9605,33.8556,83.5743
692.9500,0.0000,46.2702,93.9255,33.8679,83.6559
693.0000,0.0000,46.2936,93.8898,33.8812,83.7355
693.0500,0.0000,46.3148,93.8530,33.8955,83.8129
693.1000,0.0000,46.3341,93.8146,33.9113,83.8879
693.1500,0.0000,46.3516,93.7743,33.9288,83.9606
693.2000,0.0000,46.3674,93.7317,33.9482,84.0309
693.2500,0.0000,46.3818,93.6862,33.9700,84.0987
693.3000,0.0000,46.3948,93.6374,33.9945,84.1640
693.3500,0.0000,46.4068,93.5847,34.0222,84.2268
693.4000,0.0000,46.4179,93.5276,34.0536,84.2871
693.4500,0.0000,46.4285,93.4655,34.0890,84.3448
693.5000,0.0000,46.4387,93.3978,34.1292,84.4000
693.5500,0.0000,46.4489,93.3238,34.1745,84.4526
693.6000,0.0000,46.4593,93.2434,34.2251,84.5028
693.6500,0.0000,46.4702,93.1572,34.2810,84.5506
693.7000,0.0000,46.4819,93.0659,34.3422,84.5959
693.7500,0.0000,46.4948,92.9701,34.4088,84.6389
693.8000,0.0000,46.5091,92.8704,34.4809,84.6796
693.8500,0.0000,46.5252,92.7675,34.5584,84.7180
693.9000,0.0000,46.5434,92.6618,34.6415,84.7544
693.9500,0.0000,46.5640,92.5540,34.7301,84.7886
694.0000,0.0000,46.5874,92.4447,34.8244,84.8209
694.0500,0.0000,46.6138,92.3342,34.9244,84.8514
694.1000,0.0000,46.6428,92.2232,35.0302,84.8801
694.1500,0.0000,46.6740,92.1121,35.1419,84.9071
694.2000,0.0000,46.7069,92.0014,35.2595,84.9326
694.2500,0.0000,46.7413,91.8916,35.3831,84.9567
694.3000,0.0000,46.7769,91.7829,35.5129,84.9796
694.3500,0.0000,46.8134,91.6760,35.6489,85.0013
694.4000,0.0000,46.8505,91.5712,35.7913,85.0220
694.4500,0.0000,46.8883,91.4688,35.9401,85.0420
694.5000,0.0000,46.9264,91.3692,36.0956,85.0612
694.5500,0.0000,46.9649,91.2728,36.2578,85.0800
694.6000,0.0000,47.0037,91.1799,36.4269,85.0984
694.6500,0.0000,47.0428,91.0909,36.6031,85.1167
694.7000,0.0000,47.0822,91.0059,36.7866,85.1350
694.7500,0.0000,47.1220,90.9254,36.9776,85.1535
694.8000,0.0000,47.1624,90.8495,37.1762,85.1725
694.8500,0.0000,47.2034,90.7786,37.3827,85.1920
694.9000,0.0000,47.2452,90.7129,37.5974,85.2124
694.9500,0.0000,47.2880,90.6525,37.8205,85.2337
695.0000,0.0000,47.3321,90.5978,38.0523,85.2564
695.0500,0.0000,47.3776,90.5489,38.2930,85.2804
695.1000,0.0000,47.4246,90.5061,38.5427,85.3060
695.1500,0.0000,47.4732,90.4694,38.8011,85.3333
695.2000,0.0000,47.5233,90.4390,39.0682,85.3622
695.2500,0.0000,47.5749,90.4151,39.3439,85.3929
695.3000,0.0000,47.6281,90.3979,39.6280,85.4254
695.3500,0.0000,47.6829,90.3873,39.9204,85.4599
695.4000,0.0000,47.7394,90.3836,40.2210,85.4963
695.4500,0.0000,47.7975,90.3869,40.5298,85.5347
695.5000,0.0000,47.8575,90.3971,40.8465,85.5751
695.5500,0.0000,47.9191,90.4144,41.1711,85.6177
695.6000,0.0000,47.9822,90.4389,41.5026,85.6621
695.6500,0.0000,48.0460,90.4705,41.8403,85.7082
695.7000,0.0000,48.1104,90.5093,42.1833,85.7557
695.7500,0.0000,48.1748,90.5553,42.5309,85.8045
695.8000,0.0000,48.2389,90.6086,42.8823,85.8544
695.8500,0.0000,48.3023,90.6690,43.2371,85.9051
695.9000,0.0000,48.3649,90.7366,43.5945,85.9566
695.9500,0.0000,48.4263,90.8114,43.9541,86.0086
696.0000,0.0000,48.4863,90.8933,44.3155,86.0610
696.0500,0.0000,48.5447,90.9822,44.6782,86.1137
696.1000,0.0000,48.6012,91.0781,45.0420,86.1666
696.1500,0.0000,48.6559,91.1809,45.4065,86.2195
696.2000,0.0000,48.7085,91.2904,45.7717,86.2723
696.2500,0.0000,48.7589,91.4067,46.1373,86.3250
696.3000,0.0000,48.8070,91.5294,46.5033,86.3773
696.3500,0.0000,48.8529,91.6586,46.8697,86.4293
696.4000,0.0000,48.8965,91.7941,47.2365,86.4808
696.4500,0.0000,48.9377,91.9357,47.6040,86.5318
696.5000,0.0000,48.9767,92.0832,47.9722,86.5822
696.5500,0.0000,49.0134,92.2364,48.3413,86.6319
696.6000,0.0000,49.0479,92.3952,48.7110,86.6808
696.6500,0.0000,49.0804,92.5593,49.0806,86.7290
696.7000,0.0000,49.1108,92.7285,49.4498,86.7763
696.7500,0.0000,49.1394,92.9025,49.8179,86.8227
696.8000,0.0000,49.1664,93.0812,50.1845,86.8682
696.8500,0.0000,49.1918,93.2642,50.5492,86.9127
696.9000,0.0000,49.2160,93.4512,50.9114,86.9563
696.9500,0.0000,49.2391,93.6420,51.2709,86.9988
697.0000,0.0000,49.2614,93.8363,51.6273,87.0402
697.0500,0.0000,49.2831,94.0336,51.9799,87.0806
697.1000,0.0000,49.3040,94.2338,52.3281,87.1199
697.1500,0.0000,49.3240,94.4363,52.6709,87.1580
697.2000,0.0000,49.3429,94.6409,53.0076,87.1951
697.2500,0.0000,49.3606,94.8471,53.3374,87.2310
697.3000,0.0000,49.3771,95.0547,53.6596,87.2658
697.3500,0.0000,49.3925,95.2630,53.9736,87.2994
697.4000,0.0000,49.4069,95.4718,54.2787,87.3319
697.4500,0.0000,49.4204,95.6805,54.5744,87.3633
697.5000,0.0000,49.4332,95.8887,54.8603,87.3936
697.5500,0.0000,49.4457,96.0960,55.1358,87.4228
697.6000,0.0000,49.4582,96.3017,55.4007,87.4508
697.6500,0.0000,49.4710,96.5054,55.6545,87.4778
697.7000,0.0000,49.4847,96.7066,55.8970,87.5037
697.7500,0.0000,49.4995,96.9047,56.1280,87.5286
697.8000,0.0000,49.5159,97.0991,56.3472,87.5524
697.8500,0.0000,49.5342,97.2893,56.5546,87.5753
697.9000,0.0000,49.5548,97.4746,56.7502,87.5972
697.9500,0.0000,49.5784,97.6544,56.9338,87.6182
698.0000,0.0000,49.6055,97.8280,57.1055,87.6383
698.0500,0.0000,49.6366,97.9950,57.2654,87.6575
698.1000,0.0000,49.6717,98.1550,57.4133,87.6760
698.1500,0.0000,49.7106,98.3081,57.5493,87.6937
698.2000,0.0000,49.7532,98.4541,57.6731,87.7107
698.2500,0.0000,49.7993,98.5930,57.7848,87.7271
698.3000,0.0000,49.8489,98.7248,57.8844,87.7428
698.3500,0.0000,49.9019,98.8494,57.9719,87.7581
698.4000,0.0000,49.9581,98.9669,58.0474,87.7729
698.4500,0.0000,50.0175,99.0773,58.1111,87.7874
698.5000,0.0000,50.0800,99.1806,58.1631,87.8015
698.5500,0.0000,50.1455,99.2769,58.2036,87.8154
698.6000,0.0000,50.2135,99.3662,58.2325,87.8293
698.6500,0.0000,50.2834,99.4487,58.2490,87.8430
698.7000,0.0000,50.3547,99.5244,58.2525,87.8569
698.7500,0.0000,50.4271,99.5935,58.2421,87.8710
698.8000,0.0000,50.5001,99.6562,58.2175,87.8853
698.8500,0.0000,50.5733,99.7125,58.1780,87.9001
698.9000,0.0000,50.6465,99.7629,58.1233,87.9155
698.9500,0.0000,50.7194,99.8073,58.0532,87.9315
699.0000,0.0000,50.7918,99.8462,57.9675,87.9484
699.0500,0.0000,50.8635,99.8798,57.8661,87.9663
699.1000,0.0000,50.9345,99.9083,57.7490,87.9853
699.1500,0.0000,51.0046,99.9321,57.6164,88.0056
699.2000,0.0000,51.0739,99.9515,57.4684,88.0275
699.2500,0.0000,51.1424,99.9670,57.3055,88.0510
699.3000,0.0000,51.2102,99.9788,57.1280,88.0765
699.3500,0.0000,51.2774,99.9875,56.9365,88.1040
699.4000,0.0000,51.3442,99.9934,56.7315,88.1339
699.4500,0.0000,51.4109,99.9971,56.5138,88.1664
699.5000,0.0000,51.4778,99.9991,56.2842,88.2017
699.5500,0.0000,51.5450,99.9999,56.0434,88.2400
699.6000,0.0000,51.6126,100.0000,55.7918,88.2814
699.6500,0.0000,51.6803,99.9999,55.5295,88.3258
699.7000,0.0000,51.7480,99.9992,55.2567,88.3732
699.7500,0.0000,51.8156,99.9971,54.9736,88.4236
699.8000,0.0000,51.8829,99.9931,54.6807,88.4769
699.8500,0.0000,51.9498,99.9866,54.3783,88.5331
699.9000,0.0000,52.0164,99.9771,54.0666,88.5922
699.9500,0.0000,52.0825,99.9642,53.7463,88.6540
700.0000,0.0000,52.1481,99.9474,53.4178,88.7186
700.0500,0.0000,52.2131,99.9263,53.0815,88.7859
700.1000,0.0000,52.2772,99.9008,52.7378,88.8550
700.1500,0.0000,52.3397,99.8704,52.3870,88.9245
700.2000,0.0000,52.4003,99.8349,52.0296,88.9934
700.2500,0.0000,52.4587,99.7942,51.6660,89.0605
700.3000,0.0000,52.5145,99.7481,51.2968,89.1247
700.3500,0.0000,52.5674,99.6965,50.9224,89.1851
700.4000,0.0000,52.6174,99.6392,50.5436,89.2408
700.4500,0.0000,52.6642,99.5764,50.1610,89.2910
700.5000,0.0000,52.7078,99.5078,49.7753,89.3350
700.5500,0.0000,52.7482,99.4336,49.3874,89.3720
700.6000,0.0000,52.7854,99.3538,48.9981,89.4017
700.6500,0.0000,52.8195,99.2686,48.6083,89.4233
700.7000,0.0000,52.8508,99.1779,48.2189,89.4366
700.7500,0.0000,52.8794,99.0819,47.8309,89.4410
700.8000,0.0000,52.9057,98.9809,47.4454,89.4364
700.8500,0.0000,52.9299,98.8749,47.0636,89.4224
700.9000,0.0000,52.9526,98.7642,46.6864,89.3988
700.9500,0.0000,52.9742,98.6490,46.3153,89.3656
701.0000,0.0000,52.9952,98.5295,45.9513,89.3227
701.0500,0.0000,53.0162,98.4061,45.5957,89.2699
701.1000,0.0000,53.0371,98.2790,45.2492,89.2074
701.1500,0.0000,53.0577,98.1484,44.9121,89.1353
701.2000,0.0000,53.0777,98.0148,44.5849,89.0536
701.2500,0.0000,53.0972,97.8784,44.2682,88.9626
701.3000,0.0000,53.1159,97.7395,43.9623,88.8624
701.3500,0.0000,53.1337,97.5986,43.6677,88.7534
701.4000,0.0000,53.1506,97.4559,43.3849,88.6358
701.4500,0.0000,53.1664,97.3118,43.1143,88.5099
701.5000,0.0000,53.1810,97.1667,42.8564,88.3762
701.5500,0.0000,53.1945,97.0209,42.6114,88.2351
701.6000,0.0000,53.2068,96.8748,42.3797,88.0867
701.6500,0.0000,53.2178,96.7288,42.1613,87.9312
701.7000,0.0000,53.2277,96.5832,41.9564,87.7690
701.7500,0.0000,53.2364,96.4385,41.7651,87.6003
701.8000,0.0000,53.2440,96.2949,41.5875,87.4255
701.8500,0.0000,53.2505,96.1529,41.4239,87.2450
701.9000,0.0000,53.2560,96.0127,41.2744,87.0592
701.9500,0.0000,53.2607,95.8748,41.1390,86.8686
702.0000,0.0000,53.2648,95.7395,41.0181,86.6736
702.0500,0.0000,53.2682,95.6071,40.9116,86.4749
702.1000,0.0000,53.2714,95.4779,40.8198,86.2729
702.1500,0.0000,53.2744,95.3523,40.7428,86.0682
702.2000,0.0000,53.2775,95.2305,40.6806,85.8615
702.2500,0.0000,53.2811,95.1127,40.6335,85.6533
702.3000,0.0000,53.2853,94.9993,40.6016,85.4444
702.3500,0.0000,53.2906,94.8905,40.5849,85.2354
702.4000,0.0000,53.2973,94.7865,40.5835,85.0270
702.4500,0.0000,53.3058,94.6876,40.5975,84.8199
702.5000,0.0000,53.3166,94.5937,40.6271,84.6147
702.5500,0.0000,53.3301,94.5052,40.6722,84.4123
702.6000,0.0000,53.3462,94.4222,40.7326,84.2130
702.6500,0.0000,53.3650,94.3447,40.8081,84.0173
702.7000,0.0000,53.3862,94.2728,40.8984,83.8255
702.7500,0.0000,53.4100,94.2066,41.0030,83.6382
702.8000,0.0000,53.4361,94.1460,41.1218,83.4556
702.8500,0.0000,53.4647,94.0911,41.2543,83.2782
702.9000,0.0000,53.4957,94.0417,41.4000,83.1061
702.9500,0.0000,53.5289,93.9978,41.5585,82.9399
703.0000,0.0000,53.5646,93.9593,41.7293,82.7796
703.0500,0.0000,53.6027,93.9259,41.9117,82.6256
703.1000,0.0000,53.6440,93.8976,42.1048,82.4781
703.1500,0.0000,53.6893,93.8739,42.3074,82.3372
703.2000,0.0000,53.7395,93.8546,42.5184,82.2032
703.2500,0.0000,53.7952,93.8394,42.7366,82.0760
703.3000,0.0000,53.8572,93.8280,42.9609,81.9558
703.3500,0.0000,53.9263,93.8198,43.1902,81.8426
703.4000,0.0000,54.0030,93.8144,43.4232,81.7362
703.4500,0.0000,54.0881,93.8112,43.6588,81.6368
703.5000,0.0000,54.1822,93.8098,43.8958,81.5440
703.5500,0.0000,54.2860,93.8094,44.1331,81.4578
703.6000,0.0000,54.4001,93.8094,44.3693,81.3778
703.6500,0.0000,54.5251,93.8099,44.6034,81.3038
703.7000,0.0000,54.6615,93.8119,44.8339,81.2355
703.7500,0.0000,54.8101,93.8163,45.0600,81.1723
703.8000,0.0000,54.9715,93.8238,45.2815,81.1138
703.8500,0.0000,55.1461,93.8351,45.4984,81.0595
703.9000,0.0000,55.3348,93.8510,45.7107,81.0086
703.9500,0.0000,55.5380,93.8720,45.9186,80.9606
704.0000,0.0000,55.7565,93.8985,46.1219,80.9146
704.0500,0.0000,55.9908,93.9310,46.3209,80.8699
704.1000,0.0000,56.2407,93.9698,46.5156,80.8253
704.1500,0.0000,56.5061,94.0153,46.7061,80.7800
704.2000,0.0000,56.7866,94.0676,46.8925,80.7329
704.2500,0.0000,57.0821,94.1270,47.0749,80.6833
704.3000,0.0000,57.3921,94.1934,47.2535,80.6318
704.3500,0.0000,57.7163,94.2670,47.4284,80.5799
704.4000,0.0000,58.0543,94.3478,47.5997,80.5287
704.4500,0.0000,58.4058,94.4357,47.7678,80.4791
704.5000,0.0000,58.7704,94.5306,47.9327,80.4323
704.5500,0.0000,59.1476,94.6324,48.0946,80.3891
704.6000,0.0000,59.5371,94.7409,48.2530,80.3502
704.6500,0.0000,59.9383,94.8557,48.4074,80.3161
704.7000,0.0000,60.3508,94.9768,48.5572,80.2875
704.7500,0.0000,60.7742,95.1037,48.7023,80.2647
704.8000,0.0000,61.2081,95.2362,48.8422,80.2482
704.8500,0.0000,61.6518,95.3738,48.9766,80.2385
704.9000,0.0000,62.1051,95.5163,49.1055,80.2360
704.9500,0.0000,62.5674,95.6630,49.2287,80.2409
705.0000,0.0000,63.0384,95.8137,49.3462,80.2536
705.0500,0.0000,63.5174,95.9679,49.4580,80.2745
705.1000,0.0000,64.0042,96.1250,49.5643,80.3037
705.1500,0.0000,64.4982,96.2846,49.6652,80.3415
705.2000,0.0000,64.9992,96.4463,49.7611,80.3881
705.2500,0.0000,65.5066,96.6093,49.8521,80.4437
705.3000,0.0000,66.0202,96.7734,49.9387,80.5085
705.3500,0.0000,66.5395,96.9378,50.0215,80.5826
705.4000,0.0000,67.0642,97.1021,50.1009,80.6662
705.4500,0.0000,67.5941,97.2658,50.1776,80.7594
705.5000,0.0000,68.1289,97.4284,50.2522,80.8622
705.5500,0.0000,68.6682,97.5893,50.3254,80.9748
705.6000,0.0000,69.2113,97.7479,50.3974,81.0969
705.6500,0.0000,69.7574,97.9039,50.4680,81.2283
705.7000,0.0000,70.3057,98.0567,50.5373,81.3687
705.7500,0.0000,70.8555,98.2059,50.6053,81.5178
705.8000,0.0000,71.4060,98.3510,50.6721,81.6754
705.8500,0.0000,71.9563,98.4915,50.7378,81.8410
705.9000,0.0000,72.5057,98.6271,50.8024,82.0144
705.9500,0.0000,73.0534,98.7574,50.8661,82.1950
706.0000,0.0000,73.5988,98.8820,50.9291,82.3826
706.0500,0.0000,74.1412,99.0006,50.9913,82.5766
706.1000,0.0000,74.6806,99.1130,51.0526,82.7765
706.1500,0.0000,75.2170,99.2187,51.1125,82.9814
706.2000,0.0000,75.7507,99.3178,51.1709,83.1908
706.2500,0.0000,76.2815,99.4099,51.2276,83.4038
706.3000,0.0000,76.8095,99.4949,51.2823,83.6198
706.3500,0.0000,77.3348,99.5728,51.3350,83.8382
706.4000,0.0000,77.8573,99.6436,51.3857,84.0581
706.4500,0.0000,78.3769,99.7071,51.4343,84.2791
706.5000,0.0000,78.8936,99.7636,51.4810,84.5004
706.5500,0.0000,79.4074,99.8132,51.5257,84.7213
706.6000,0.0000,79.9183,99.8559,51.5686,84.9413
706.6500,0.0000,80.4261,99.8922,51.6101,85.1597
706.7000,0.0000,80.9308,99.9223,51.6502,85.3759
706.7500,0.0000,81.4324,99.9465,51.6894,85.5894
706.8000,0.0000,81.9308,99.9653,51.7279,85.7995
706.8500,0.0000,82.4261,99.9793,51.7662,86.0056
706.9000,0.0000,82.9181,99.9890,51.8047,86.2074
706.9500,0.0000,83.4069,99.9952,51.8439,86.4042
707.0000,0.0000,83.8926,99.9985,51.8844,86.5955
707.0500,0.0000,84.3750,99.9998,51.9266,86.7809
707.1000,0.0000,84.8538,100.0000,51.9707,86.9599
707.1500,0.0000,85.3285,99.9999,52.0167,87.1322
707.2000,0.0000,85.7984,99.9988,52.0647,87.2972
707.2500,0.0000,86.2632,99.9958,52.1149,87.4547
707.3000,0.0000,86.7222,99.9900,52.1672,87.6043
707.3500,0.0000,87.1749,99.9804,52.2219,87.7456
707.4000,0.0000,87.6209,99.9663,52.2790,87.8784
707.4500,0.0000,88.0596,99.9469,52.3386,88.0025
707.5000,0.0000,88.4905,99.9214,52.4009,88.1177
707.5500,0.0000,88.9132,99.8893,52.4659,88.2237
707.6000,0.0000,89.3272,99.8507,52.5330,88.3204
707.6500,0.0000,89.7320,99.8057,52.6017,88.4077
707.7000,0.0000,90.1271,99.7545,52.6713,88.4856
707.7500,0.0000,90.5123,99.6974,52.7413,88.5539
707.8000,0.0000,90.8870,99.6345,52.8113,88.6128
707.8500,0.0000,91.2510,99.5659,52.8809,88.6624
707.9000,0.0000,91.6038,99.4919,52.9497,88.7026
707.9500,0.0000,91.9452,99.4126,53.0174,88.7336
708.0000,0.0000,92.2749,99.3281,53.0838,88.7557
708.0500,0.0000,92.5927,99.2388,53.1486,88.7691
708.1000,0.0000,92.8983,99.1446,53.2117,88.7741
708.1500,0.0000,93.1916,99.0457,53.2730,88.7710
708.2000,0.0000,93.4724,98.9424,53.3324,88.7602
708.2500,0.0000,93.7407,98.8347,53.3899,88.7423
708.3000,0.0000,93.9964,98.7229,53.4455,88.7176
708.3500,0.0000,94.2395,98.6070,53.4992,88.6869
708.4000,0.0000,94.4701,98.4873,53.5512,88.6506
708.4500,0.0000,94.6882,98.3638,53.6016,88.6096
708.5000,0.0000,94.8940,98.2367,53.6507,88.5644
708.5500,0.0000,95.0876,98.1061,53.6984,88.5161
708.6000,0.0000,95.2688,97.9723,53.7450,88.4654
708.6500,0.0000,95.4373,97.8353,53.7904,88.4134
708.7000,0.0000,95.5927,97.6953,53.8345,88.3609
708.7500,0.0000,95.7349,97.5525,53.8774,88.3092
708.8000,0.0000,95.8635,97.4070,53.9192,88.2593
708.8500,0.0000,95.9784,97.2588,53.9599,88.2121
708.9000,0.0000,96.0793,97.1083,53.9996,88.1668
708.9500,0.0000,96.1662,96.9555,54.0385,88.1222
709.0000,0.0000,96.2388,96.8006,54.0765,88.0772
709.0500,0.0000,96.2973,96.6439,54.1138,88.0308
709.1000,0.0000,96.3420,96.4866,54.1502,87.9818
709.1500,0.0000,96.3736,96.3300,54.1855,87.9294
709.2000,0.0000,96.3925,96.1750,54.2194,87.8726
709.2500,0.0000,96.3990,96.0227,54.2518,87.8105
709.3000,0.0000,96.3936,95.8740,54.2825,87.7424
709.3500,0.0000,96.3764,95.7297,54.3116,87.6677
709.4000,0.0000,96.3479,95.5902,54.3390,87.5856
709.4500,0.0000,96.3082,95.4562,54.3646,87.4957
709.5000,0.0000,96.2575,95.3281,54.3885,87.3975
709.5500,0.0000,96.1960,95.2063,54.4107,87.2906
709.6000,0.0000,96.1239,95.0911,54.4314,87.1747
709.6500,0.0000,96.0413,94.9826,54.4507,87.0494
709.7000,0.0000,95.9483,94.8810,54.4686,86.9145
709.7500,0.0000,95.8451,94.7863,54.4855,86.7700
709.8000,0.0000,95.7319,94.6985,54.5015,86.6157
709.8500,0.0000,95.6087,94.6176,54.5169,86.4515
709.9000,0.0000,95.4759,94.5434,54.5321,86.2774
709.9500,0.0000,95.3336,94.4758,54.5472,86.0936
710.0000,0.0000,95.1819,94.4146,54.5627,85.9001
710.0500,0.0000,95.0211,94.3596,54.5789,85.6971
710.1000,0.0000,94.8510,94.3105,54.5960,85.4848
710.1500,0.0000,94.6712,94.2669,54.6141,85.2634
710.2000,0.0000,94.4815,94.2286,54.6334,85.0333
710.2500,0.0000,94.2815,94.1952,54.6539,84.7946
710.3000,0.0000,94.0709,94.1663,54.6760,84.5479
710.3500,0.0000,93.8496,94.1415,54.6998,84.2935
710.4000,0.0000,93.6172,94.1205,54.7255,84.0319
710.4500,0.0000,93.3736,94.1028,54.7533,83.7635
710.5000,0.0000,93.1184,94.0881,54.7834,83.4888
710.5500,0.0000,92.8516,94.0758,54.8160,83.2084
710.6000,0.0000,92.5729,94.0657,54.8506,82.9229
710.6500,0.0000,92.2822,94.0572,54.8867,82.6327
710.7000,0.0000,91.9795,94.0500,54.9239,82.3386
710.7500,0.0000,91.6645,94.0436,54.9617,82.0412
710.8000,0.0000,91.3374,94.0377,54.9999,81.7411
710.8500,0.0000,90.9980,94.0318,55.0382,81.4390
710.9000,0.0000,90.6463,94.0257,55.0764,81.1356
710.9500,0.0000,90.2825,94.0188,55.1144,80.8317
711.0000,0.0000,89.9066,94.0110,55.1520,80.5279
711.0500,0.0000,89.5187,94.0018,55.1893,80.2250
711.1000,0.0000,89.1190,93.9909,55.2262,79.9238
711.1500,0.0000,88.7077,93.9781,55.2629,79.6250
711.2000,0.0000,88.2849,93.9630,55.2996,79.3295
711.2500,0.0000,87.8509,93.9454,55.3364,79.0379
711.3000,0.0000,87.4061,93.9251,55.3737,78.7511
711.3500,0.0000,86.9507,93.9018,55.4116,78.4699
711.4000,0.0000,86.4851,93.8753,55.4507,78.1950
711.4500,0.0000,86.0097,93.8455,55.4914,77.9274
711.5000,0.0000,85.5250,93.8122,55.5340,77.6677
711.5500,0.0000,85.0312,93.7753,55.5785,77.4168
711.6000,0.0000,84.5291,93.7346,55.6247,77.1752
711.6500,0.0000,84.0189,93.6900,55.6725,76.9434
711.7000,0.0000,83.5014,93.6415,55.7217,76.7218
711.7500,0.0000,82.9770,93.5891,55.7721,76.5109
711.8000,0.0000,82.4463,93.5325,55.8236,76.3110
711.8500,0.0000,81.9099,93.4719,55.8760,76.1227
711.9000,0.0000,81.3685,93.4072,55.9293,75.9461
711.9500,0.0000,80.8226,93.3383,55.9834,75.7817
712.0000,0.0000,80.2729,93.2654,56.0382,75.6297
712.0500,0.0000,79.7200,93.1882,56.0937,75.4903
712.1000,0.0000,79.1641,93.1061,56.1493,75.3636
712.1500,0.0000,78.6053,93.0184,56.2044,75.2493
712.2000,0.0000,78.0438,92.9242,56.2588,75.1475
712.2500,0.0000,77.4798,92.8230,56.3119,75.0579
712.3000,0.0000,76.9135,92.7141,56.3633,74.9805
712.3500,0.0000,76.3452,92.5970,56.4129,74.9150
712.4000,0.0000,75.7751,92.4711,56.4602,74.8611
712.4500,0.0000,75.2036,92.3358,56.5052,74.8187
712.5000,0.0000,74.6308,92.1908,56.5477,74.7875
712.5500,0.0000,74.0572,92.0354,56.5875,74.7670
712.6000,0.0000,73.4830,91.8694,56.6247,74.7569
712.6500,0.0000,72.9085,91.6922,56.6593,74.7569
712.7000,0.0000,72.3338,91.5035,56.6912,74.7664
712.7500,0.0000,71.7594,91.3028,56.7207,74.7850
712.8000,0.0000,71.1853,91.0897,56.7479,74.8121
712.8500,0.0000,70.6118,90.8637,56.7730,74.8470
712.9000,0.0000,70.0390,90.6244,56.7963,74.8892
712.9500,0.0000,69.4671,90.3714,56.8181,74.9379
713.0000,0.0000,68.8960,90.1042,56.8388,74.9924
713.0500,0.0000,68.3259,89.8222,56.8588,75.0519
713.1000,0.0000,67.7575,89.5250,56.8780,75.1154
713.1500,0.0000,67.1915,89.2125,56.8964,75.1820
713.2000,0.0000,66.6288,88.8860,56.9140,75.2507
713.2500,0.0000,66.0702,88.5464,56.9306,75.3205
713.3000,0.0000,65.5162,88.1950,56.9463,75.3903
713.3500,0.0000,64.9677,87.8326,56.9611,75.4587
713.4000,0.0000,64.4252,87.4604,56.9751,75.5246
713.4500,0.0000,63.8892,87.0793,56.9882,75.5867
713.5000,0.0000,63.3604,86.6900,57.0007,75.6447
713.5500,0.0000,62.8391,86.2934,57.0124,75.6989
713.6000,0.0000,62.3258,85.8897,57.0235,75.7497
713.6500,0.0000,61.8214,85.4791,57.0336,75.7971
713.7000,0.0000,61.3272,85.0615,57.0428,75.8414
713.7500,0.0000,60.8440,84.6371,57.0511,75.8828
713.8000,0.0000,60.3727,84.2057,57.0584,75.9215
713.8500,0.0000,59.9139,83.7673,57.0649,75.9576
713.9000,0.0000,59.4679,83.3216,57.0706,75.9916
713.9500,0.0000,59.0351,82.8684,57.0757,76.0235
714.0000,0.0000,58.6155,82.4071,57.0804,76.0536
714.0500,0.0000,58.2091,81.9375,57.0848,76.0822
714.1000,0.0000,57.8166,81.4601,57.0894,76.1096
714.1500,0.0000,57.4387,80.9754,57.0944,76.1360
714.2000,0.0000,57.0762,80.4841,57.1003,76.1618
714.2500,0.0000,56.7296,79.9868,57.1074,76.1872
714.3000,0.0000,56.3996,79.4841,57.1162,76.2125
714.3500,0.0000,56.0867,78.9769,57.1272,76.2381
714.4000,0.0000,55.7913,78.4657,57.1411,76.2644
714.4500,0.0000,55.5138,77.9514,57.1584,76.2916
714.5000,0.0000,55.2544,77.4345,57.1799,76.3202
714.5500,0.0000,55.0135,76.9159,57.2062,76.3505
714.6000,0.0000,54.7911,76.3962,57.2372,76.3826
714.6500,0.0000,54.5876,75.8764,57.2730,76.4167
714.7000,0.0000,54.4028,75.3569,57.3134,76.4528
714.7500,0.0000,54.2368,74.8388,57.3583,76.4910
714.8000,0.0000,54.0895,74.3226,57.4078,76.5315
714.8500,0.0000,53.9608,73.8092,57.4617,76.5744
714.9000,0.0000,53.8507,73.2994,57.5199,76.6197
714.9500,0.0000,53.7587,72.7938,57.5825,76.6675
715.0000,0.0000,53.6847,72.2932,57.6495,76.7180
715.0500,0.0000,53.6283,71.7983,57.7205,76.7712
715.1000,0.0000,53.5895,71.3091,57.7949,76.8266
715.1500,0.0000,53.5679,70.8255,57.8720,76.8839
715.2000,0.0000,53.5635,70.3476,57.9510,76.9426
715.2500,0.0000,53.5758,69.8754,58.0311,77.0025
715.3000,0.0000,53.6045,69.4089,58.1119,77.0632
715.3500,0.0000,53.6492,68.9483,58.1926,77.1243
715.4000,0.0000,53.7093,68.4936,58.2730,77.1857
715.4500,0.0000,53.7844,68.0450,58.3523,77.2472
715.5000,0.0000,53.8737,67.6028,58.4304,77.3084
715.5500,0.0000,53.9766,67.1671,58.5069,77.3693
715.6000,0.0000,54.0924,66.7381,58.5815,77.4297
715.6500,0.0000,54.2202,66.3162,58.6540,77.4895
715.7000,0.0000,54.3594,65.9015,58.7243,77.5487
715.7500,0.0000,54.5088,65.4943,58.7922,77.6072
715.8000,0.0000,54.6677,65.0950,58.8578,77.6650
715.8500,0.0000,54.8349,64.7038,58.9211,77.7221
715.9000,0.0000,55.0095,64.3211,58.9821,77.7785
715.9500,0.0000,55.1904,63.9471,59.0410,77.8344
716.0000,0.0000,55.3765,63.5821,59.0981,77.8898
716.0500,0.0000,55.5666,63.2265,59.1534,77.9448
716.1000,0.0000,55.7604,62.8806,59.2069,77.9994
716.1500,0.0000,55.9575,62.5446,59.2583,78.0534
716.2000,0.0000,56.1576,62.2190,59.3074,78.1066
716.2500,0.0000,56.3604,61.9038,59.3541,78.1591
716.3000,0.0000,56.5656,61.5996,59.3981,78.2107
716.3500,0.0000,56.7731,61.3064,59.4394,78.2612
716.4000,0.0000,56.9825,61.0245,59.4779,78.3108
716.4500,0.0000,57.1938,60.7543,59.5135,78.3592
716.5000,0.0000,57.4066,60.4958,59.5461,78.4064
716.5500,0.0000,57.6210,60.2492,59.5759,78.4524
716.6000,0.0000,57.8371,60.0138,59.6028,78.4971
716.6500,0.0000,58.0550,59.7892,59.6268,78.5405
716.7000,0.0000,58.2751,59.5745,59.6481,78.5826
716.7500,0.0000,58.4976,59.3693,59.6668,78.6233
716.8000,0.0000,58.7227,59.1728,59.6830,78.6626
716.8500,0.0000,58.9508,58.9846,59.6969,78.7005
716.9000,0.0000,59.1822,58.8041,59.7088,78.7371
716.9500,0.0000,59.4175,58.6307,59.7188,78.7722
717.0000,0.0000,59.6569,58.4638,59.7273,78.8060
717.0500,0.0000,59.9011,58.3028,59.7345,78.8384
717.1000,0.0000,60.1505,58.1472,59.7409,78.8694
717.1500,0.0000,60.4057,57.9965,59.7468,78.8992
717.2000,0.0000,60.6675,57.8499,59.7527,78.9276
717.2500,0.0000,60.9365,57.7069,59.7591,78.9547
717.3000,0.0000,61.2130,57.5670,59.7664,78.9806
717.3500,0.0000,61.4968,57.4294,59.7753,79.0054
717.4000,0.0000,61.7875,57.2934,59.7862,79.0290
717.4500,0.0000,62.0851,57.1586,59.8000,79.0515
717.5000,0.0000,62.3891,57.0240,59.8173,79.0730
717.5500,0.0000,62.6993,56.8891,59.8386,79.0935
717.6000,0.0000,63.0154,56.7539,59.8641,79.1131
717.6500,0.0000,63.3371,56.6185,59.8936,79.1319
717.7000,0.0000,63.6641,56.4832,59.9271,79.1499
717.7500,0.0000,63.9960,56.3479,59.9644,79.1673
717.8000,0.0000,64.3326,56.2131,60.0054,79.1841
717.8500,0.0000,64.6736,56.0787,60.0502,79.2004
717.9000,0.0000,65.0185,55.9451,60.0985,79.2163
717.9500,0.0000,65.3671,55.8124,60.1502,79.2319
718.0000,0.0000,65.7190,55.6809,60.2054,79.2474
718.0500,0.0002,66.0739,55.5506,60.2638,79.2630
718.1000,0.0018,66.4311,55.4205,60.3250,79.2794
718.1500,0.0060,66.7898,55.2894,60.3885,79.2975
718.2000,0.0138,67.1494,55.1565,60.4539,79.3181
718.2500,0.0261,67.5092,55.0209,60.5208,79.3416
718.3000,0.0439,67.8686,54.8820,60.5888,79.3688
718.3500,0.0678,68.2270,54.7393,60.6576,79.4000
718.4000,0.0983,68.5838,54.5924,60.7268,79.4356
718.4500,0.1360,68.9385,54.4409,60.7962,79.4760
718.5000,0.1811,69.2906,54.2848,60.8654,79.5213
718.5500,0.2341,69.6397,54.1239,60.9344,79.5718
718.6000,0.2950,69.9852,53.9583,61.0028,79.6276
718.6500,0.3640,70.3269,53.7881,61.0706,79.6888
718.7000,0.4410,70.6642,53.6135,61.1377,79.7554
718.7500,0.5262,70.9970,53.4348,61.2038,79.8275
718.8000,0.6192,71.3249,53.2523,61.2692,79.9050
718.8500,0.7200,71.6477,53.0665,61.3336,79.9879
718.9000,0.8283,71.9651,52.8777,61.3971,80.0761
718.9500,0.9439,72.2770,52.6866,61.4599,80.1695
719.0000,1.0664,72.5833,52.4938,61.5220,80.2681
719.0500,1.1954,72.8837,52.2998,61.5836,80.3717
719.1000,1.3305,73.1778,52.1055,61.6443,80.4801
719.1500,1.4713,73.4652,51.9117,61.7041,80.5930
719.2000,1.6173,73.7454,51.7193,61.7627,80.7102
719.2500,1.7681,74.0179,51.5293,61.8199,80.8314
719.3000,1.9230,74.2823,51.3426,61.8755,80.9564
719.3500,2.0816,74.5382,51.1602,61.9294,81.0848
719.4000,2.2434,74.7851,50.9831,61.9815,81.2166
719.4500,2.4077,75.0227,50.8124,62.0316,81.3514
719.5000,2.5740,75.2506,50.6491,62.0797,81.4890
719.5500,2.7418,75.4684,50.4943,62.1256,81.6293
719.6000,2.9107,75.6758,50.3492,62.1692,81.7720
719.6500,3.0803,75.8725,50.2151,62.2104,81.9169
719.7000,3.2502,76.0581,50.0932,62.2491,82.0637
719.7500,3.4199,76.2324,49.9847,62.2851,82.2122
719.8000,3.5892,76.3951,49.8908,62.3185,82.3623
719.8500,3.7576,76.5460,49.8127,62.3493,82.5133
719.9000,3.9248,76.6848,49.7515,62.3774,82.6646
719.9500,4.0903,76.8112,49.7075,62.4029,82.8156
720.0000,4.2539,76.9252,49.6811,62.4260,82.9657
720.0500,4.4152,77.0264,49.6727,62.4469,83.1143
720.1000,4.5738,77.1148,49.6826,62.4657,83.2611
720.1500,4.7296,77.1902,49.7109,62.4826,83.4053
720.2000,4.8822,77.2524,49.7580,62.4981,83.5467
720.2500,5.0313,77.3015,49.8239,62.5123,83.6847
720.3000,5.1768,77.3372,49.9087,62.5257,83.8190
720.3500,5.3184,77.3596,50.0126,62.5388,83.9493
720.4000,5.4559,77.3685,50.1355,62.5519,84.0752
720.4500,5.5892,77.3640,50.2774,62.5657,84.1964
720.5000,5.7181,77.3460,50.4382,62.5808,84.3128
720.5500,5.8426,77.3146,50.6179,62.5976,84.4240
720.6000,5.9626,77.2699,50.8163,62.6162,84.5300
720.6500,6.0780,77.2118,51.0331,62.6363,84.6306
720.7000,6.1889,77.1405,51.2681,62.6577,84.7257
720.7500,6.2952,77.0561,51.5211,62.6804,84.8153
720.8000,6.3969,76.9587,51.7917,62.7041,84.8994
720.8500,6.4942,76.8485,52.0796,62.7287,84.9779
720.9000,6.5872,76.7257,52.3843,62.7540,85.0510
720.9500,6.6760,76.5903,52.7056,62.7801,85.1188
721.0000,6.7606,76.4428,53.0428,62.8066,85.1813
721.0500,6.8415,76.2833,53.3956,62.8335,85.2387
721.1000,6.9189,76.1118,53.7628,62.8605,85.2913
721.1500,6.9935,75.9285,54.1435,62.8871,85.3393
721.2000,7.0656,75.7332,54.5366,62.9132,85.3830
721.2500,7.1358,75.5263,54.9411,62.9383,85.4225
721.3000,7.2046,75.3079,55.3561,62.9623,85.4584
721.3500,7.2725,75.0782,55.7805,62.9848,85.4909
721.4000,7.3401,74.8374,56.2134,63.0059,85.5204
721.4500,7.4077,74.5858,56.6540,63.0251,85.5473
721.5000,7.4760,74.3239,57.1013,63.0426,85.5720
721.5500,7.5455,74.0519,57.5545,63.0580,85.5951
721.6000,7.6165,73.7703,58.0128,63.0715,85.6168
721.6500,7.6898,73.4796,58.4754,63.0829,85.6379
721.7000,7.7656,73.1802,58.9417,63.0922,85.6586
721.7500,7.8445,72.8728,59.4110,63.0996,85.6796
721.8000,7.9269,72.5580,59.8827,63.1051,85.7014
721.8500,8.0133,72.2363,60.3563,63.1088,85.7244
721.9000,8.1041,71.9085,60.8313,63.1109,85.7492
721.9500,8.1996,71.5753,61.3073,63.1115,85.7764
722.0000,8.3003,71.2374,61.7840,63.1110,85.8064
722.0500,8.4064,70.8957,62.2611,63.1095,85.8398
722.1000,8.5183,70.5504,62.7376,63.1069,85.8768
722.1500,8.6361,70.2018,63.2126,63.1028,85.9175
722.2000,8.7602,69.8503,63.6853,63.0971,85.9622
722.2500,8.8907,69.4960,64.1545,63.0894,86.0109
722.3000,9.0276,69.1394,64.6197,63.0796,86.0638
722.3500,9.1711,68.7807,65.0800,63.0675,86.1208
722.4000,9.3212,68.4201,65.5347,63.0528,86.1819
722.4500,9.4778,68.0582,65.9833,63.0354,86.2471
722.5000,9.6408,67.6950,66.4252,63.0150,86.3162
722.5500,9.8101,67.3310,66.8599,62.9914,86.3889
722.6000,9.9861,66.9662,67.2869,62.9643,86.4646
722.6500,10.1693,66.6008,67.7056,62.9332,86.5422
722.7000,10.3599,66.2346,68.1157,62.8978,86.6210
722.7500,10.5581,65.8679,68.5170,62.8577,86.6999
722.8000,10.7639,65.5009,68.9093,62.8126,86.7780
722.8500,10.9772,65.1335,69.2927,62.7621,86.8541
722.9000,11.1976,64.7659,69.6674,62.7061,86.9271
722.9500,11.4247,64.3984,70.0336,62.6443,86.9958
723.0000,11.6578,64.0310,70.3921,62.5765,87.0587
723.0500,11.8963,63.6640,70.7432,62.5025,87.1149
723.1000,12.1403,63.2975,71.0867,62.4223,87.1637
723.1500,12.3900,62.9317,71.4225,62.3357,87.2049
723.2000,12.6455,62.5668,71.7501,62.2426,87.2383
723.2500,12.9071,62.2030,72.0695,62.1431,87.2638
723.3000,13.1748,61.8406,72.3805,62.0371,87.2812
723.3500,13.4486,61.4797,72.6830,61.9247,87.2906
723.4000,13.7287,61.1206,72.9769,61.8059,87.2917
723.4500,14.0150,60.7635,73.2622,61.6809,87.2848
723.5000,14.3076,60.4086,73.5389,61.5498,87.2697
723.5500,14.6064,60.0561,73.8072,61.4127,87.2466
723.6000,14.9113,59.7063,74.0667,61.2697,87.2153
723.6500,15.2223,59.3594,74.3169,61.1206,87.1758
723.7000,15.5392,59.0155,74.5575,60.9655,87.1279
723.7500,15.8620,58.6749,74.7882,60.8043,87.0715
723.8000,16.1906,58.3379,75.0086,60.6371,87.0066
723.8500,16.5246,58.0045,75.2185,60.4640,86.9331
723.9000,16.8640,57.6751,75.4176,60.2849,86.8511
723.9500,17.2086,57.3497,75.6056,60.0999,86.7606
724.0000,17.5582,57.0286,75.7825,59.9093,86.6616
724.0500,17.9126,56.7119,75.9478,59.7131,86.5541
724.1000,18.2721,56.3996,76.1013,59.5115,86.4381
724.1500,18.6369,56.0914,76.2427,59.3047,86.3134
724.2000,19.0074,55.7874,76.3716,59.0929,86.1799
724.2500,19.3836,55.4873,76.4877,58.8765,86.0375
724.3000,19.7657,55.1911,76.5909,58.6556,85.8863
724.3500,20.1539,54.8987,76.6810,58.4306,85.7263
724.4000,20.5483,54.6100,76.7579,58.2018,85.5576
724.4500,20.9488,54.3249,76.8216,57.9696,85.3802
724.5000,21.3555,54.0432,76.8722,57.7345,85.1944
724.5500,21.7684,53.7649,76.9096,57.4969,85.0004
724.6000,22.1874,53.4898,76.9340,57.2572,84.7984
724.6500,22.6124,53.2178,76.9457,57.0160,84.5887
724.7000,23.0434,52.9487,76.9449,56.7738,84.3716
724.7500,23.4802,52.6825,76.9320,56.5312,84.1476
724.8000,23.9227,52.4189,76.9073,56.2888,83.9170
724.8500,24.3706,52.1579,76.8714,56.0474,83.6803
724.9000,24.8238,51.8991,76.8247,55.8077,83.4380
724.9500,25.2821,51.6425,76.7679,55.5703,83.1906
725.0000,25.7452,51.3877,76.7016,55.3361,82.9388
725.0500,26.2128,51.1347,76.6264,55.1058,82.6831
725.1000,26.6848,50.8834,76.5425,54.8795,82.4236
725.1500,27.1608,50.6339,76.4498,54.6572,82.1604
725.2000,27.6404,50.3862,76.3483,54.4389,81.8937
725.2500,28.1235,50.1404,76.2379,54.2246,81.6235
725.3000,28.6096,49.8966,76.1188,54.0143,81.3500
725.3500,29.0985,49.6546,75.9910,53.8080,81.0733
725.4000,29.5898,49.4147,75.8546,53.6055,80.7934
725.4500,30.0831,49.1768,75.7096,53.4069,80.5106
725.5000,30.5781,48.9410,75.5563,53.2121,80.2250
725.5500,31.0744,48.7072,75.3948,53.0210,79.9366
725.6000,31.5714,48.4756,75.2253,52.8334,79.6451
725.6500,32.0684,48.2460,75.0481,52.6488,79.3501
725.7000,32.5648,48.0185,74.8634,52.4671,79.0513
725.7500,33.0600,47.7931,74.6714,52.2879,78.7484
725.8000,33.5534,47.5698,74.4726,52.1109,78.4411
725.8500,34.0444,47.3485,74.2673,51.9358,78.1291
725.9000,34.5325,47.1292,74.0559,51.7624,77.8123
725.9500,35.0170,46.9118,73.8388,51.5904,77.4905
726.0000,35.4976,46.6964,73.6165,51.4195,77.1635
726.0500,35.9735,46.4828,73.3895,51.2496,76.8313
726.1000,36.4443,46.2710,73.1583,51.0804,76.4936
726.1500,36.9096,46.0608,72.9235,50.9117,76.1505
726.2000,37.3688,45.8522,72.6858,50.7433,75.8020
726.2500,37.8215,45.6450,72.4458,50.5750,75.4479
726.3000,38.2672,45.4391,72.2042,50.4066,75.0884
726.3500,38.7055,45.2345,71.9617,50.2380,74.7234
726.4000,39.1360,45.0309,71.7193,50.0690,74.3531
726.4500,39.5582,44.8281,71.4776,49.8994,73.9774
726.5000,39.9719,44.6260,71.2376,49.7290,73.5964
726.5500,40.3765,44.4245,71.0002,49.5579,73.2104
726.6000,40.7719,44.2235,70.7655,49.3858,72.8194
726.6500,41.1576,44.0232,70.5337,49.2126,72.4236
726.7000,41.5333,43.8237,70.3048,49.0383,72.0232
726.7500,41.8987,43.6250,70.0790,48.8628,71.6183
726.8000,42.2535,43.4273,69.8564,48.6859,71.2092
726.8500,42.5975,43.2307,69.6370,48.5077,70.7960
726.9000,42.9303,43.0353,69.4211,48.3280,70.3791
726.9500,43.2518,42.8412,69.2086,48.1469,69.9586
727.0000,43.5616,42.6485,68.9997,47.9643,69.5348
727.0500,43.8598,42.4574,68.7947,47.7802,69.1081
727.1000,44.1461,42.2690,68.5940,47.5947,68.6783
727.1500,44.4208,42.0839,68.3984,47.4076,68.2457
727.2000,44.6839,41.9032,68.2084,47.2191,67.8102
727.2500,44.9354,41.7277,68.0246,47.0293,67.3720
727.3000,45.1754,41.5581,67.8476,46.8381,66.9312
727.3500,45.4041,41.3953,67.6779,46.6457,66.4879
727.4000,45.6213,41.2399,67.5160,46.4521,66.0424
727.4500,45.8272,41.0928,67.3624,46.2574,65.5948
727.5000,46.0218,40.9544,67.2175,46.0619,65.1454
727.5500,46.2052,40.8256,67.0818,45.8655,64.6945
727.6000,46.3774,40.7068,66.9556,45.6686,64.2423
727.6500,46.5384,40.5986,66.8395,45.4712,63.7891
727.7000,46.6882,40.5017,66.7337,45.2736,63.3354
727.7500,46.8269,40.4166,66.6387,45.0760,62.8813
727.8000,46.9544,40.3436,66.5548,44.8786,62.4274
727.8500,47.0709,40.2834,66.4822,44.6818,61.9740
727.9000,47.1762,40.2365,66.4215,44.4857,61.5215
727.9500,47.2703,40.2031,66.3728,44.2907,61.0704
728.0000,47.3534,40.1839,66.3365,44.0971,60.6212
728.0500,47.4253,40.1791,66.3128,43.9053,60.1742
728.1000,47.4863,40.1889,66.3017,43.7151,59.7297
728.1500,47.5367,40.2130,66.3029,43.5266,59.2880
728.2000,47.5767,40.2515,66.3163,43.3398,58.8493
728.2500,47.6066,40.3042,66.3416,43.1544,58.4137
728.3000,47.6268,40.3709,66.3785,42.9705,57.9815
728.3500,47.6375,40.4514,66.4268,42.7880,57.5529
728.4000,47.6391,40.5456,66.4862,42.6068,57.1281
728.4500,47.6318,40.6531,66.5563,42.4270,56.7074
728.5000,47.6160,40.7737,66.6367,42.2483,56.2909
728.5500,47.5920,40.9070,66.7270,42.0707,55.8787
728.6000,47.5605,41.0524,66.8266,41.8939,55.4707
728.6500,47.5220,41.2094,66.9347,41.7177,55.0665
728.7000,47.4771,41.3772,67.0507,41.5416,54.6658
728.7500,47.4264,41.5554,67.1738,41.3654,54.2684
728.8000,47.3704,41.7431,67.3034,41.1889,53.8740
728.8500,47.3098,41.9399,67.4388,41.0117,53.4825
728.9000,47.2450,42.1449,67.5791,40.8338,53.0936
728.9500,47.1765,42.3577,67.7238,40.6548,52.7073
729.0000,47.1050,42.5775,67.8721,40.4745,52.3233
729.0500,47.0308,42.8037,68.0232,40.2929,51.9416
729.1000,46.9546,43.0357,68.1766,40.1097,51.5622
729.1500,46.8767,43.2727,68.3313,39.9248,51.1849
729.2000,46.7976,43.5142,68.4868,39.7381,50.8097
729.2500,46.7178,43.7594,68.6424,39.5495,50.4367
729.3000,46.6377,44.0078,68.7972,39.3589,50.0658
729.3500,46.5577,44.2587,68.9506,39.1662,49.6971
729.4000,46.4782,44.5115,69.1020,38.9715,49.3305
729.4500,46.3996,44.7654,69.2505,38.7746,48.9662
729.5000,46.3223,45.0200,69.3956,38.5757,48.6042
729.5500,46.2466,45.2746,69.5365,38.3746,48.2447
729.6000,46.1730,45.5285,69.6727,38.1713,47.8875
729.6500,46.1020,45.7812,69.8036,37.9657,47.5327
729.7000,46.0340,46.0321,69.9289,37.7577,47.1802
729.7500,45.9694,46.2806,70.0479,37.5473,46.8301
729.8000,45.9088,46.5260,70.1602,37.3343,46.4822
729.8500,45.8525,46.7679,70.2655,37.1187,46.1367
729.9000,45.8009,47.0058,70.3632,36.9005,45.7934
729.9500,45.7545,47.2390,70.4529,36.6797,45.4525
730.0000,45.7136,47.4670,70.5343,36.4562,45.1138
730.0500,45.6787,47.6893,70.6071,36.2300,44.7773
730.1000,45.6506,47.9052,70.6715,36.0011,44.4429
730.1500,45.6302,48.1139,70.7276,35.7696,44.1103
730.2000,45.6182,48.3148,70.7757,35.5355,43.7792
730.2500,45.6155,48.5071,70.8160,35.2989,43.4494
730.3000,45.6227,48.6902,70.8487,35.0598,43.1207
730.3500,45.6406,48.8636,70.8741,34.8182,42.7929
730.4000,45.6697,49.0267,70.8922,34.5743,42.4659
730.4500,45.7105,49.1789,70.9033,34.3282,42.1395
730.5000,45.7637,49.3197,70.9077,34.0801,41.8135
730.5500,45.8297,49.4488,70.9056,33.8299,41.4879
730.6000,45.9088,49.5657,70.8971,33.5780,41.1624
730.6500,46.0015,49.6700,70.8827,33.3244,40.8371
730.7000,46.1080,49.7614,70.8624,33.0693,40.5119
730.7500,46.2287,49.8396,70.8366,32.8130,40.1865
730.8000,46.3636,49.9044,70.8056,32.5557,39.8611
730.8500,46.5131,49.9555,70.7697,32.2976,39.5355
730.9000,46.6771,49.9927,70.7292,32.0389,39.2097
730.9500,46.8558,50.0160,70.6845,31.7800,38.8837
731.0000,47.0490,50.0252,70.6360,31.5211,38.5575
731.0500,47.2569,50.0203,70.5839,31.2625,38.2310
731.1000,47.4795,50.0009,70.5282,31.0043,37.9043
731.1500,47.7170,49.9669,70.4688,30.7465,37.5774
731.2000,47.9695,49.9180,70.4055,30.4892,37.2503
731.2500,48.2370,49.8539,70.3380,30.2324,36.9231
731.3000,48.5197,49.7746,70.2663,29.9761,36.5958
731.3500,48.8173,49.6797,70.1902,29.7205,36.2686
731.4000,49.1300,49.5692,70.1095,29.4656,35.9414
731.4500,49.4577,49.4430,70.0241,29.2114,35.6144
731.5000,49.8001,49.3009,69.9337,28.9580,35.2877
731.5500,50.1571,49.1432,69.8383,28.7056,34.9613
731.6000,50.5286,48.9703,69.7380,28.4540,34.6352
731.6500,50.9142,48.7833,69.6328,28.2036,34.3092
731.7000,51.3136,48.5827,69.5230,27.9543,33.9833
731.7500,51.7265,48.3694,69.4085,27.7063,33.6574
731.8000,52.1525,48.1441,69.2895,27.4596,33.3316
731.8500,52.5912,47.9075,69.1660,27.2143,33.0057
731.9000,53.0421,47.6603,69.0382,26.9706,32.6798
731.9500,53.5047,47.4033,68.9062,26.7287,32.3541
732.0000,53.9783,47.1370,68.7700,26.4885,32.0286
732.0500,54.4625,46.8622,68.6297,26.2504,31.7035
732.1000,54.9564,46.5796,68.4854,26.0143,31.3789
732.1500,55.4594,46.2897,68.3372,25.7805,31.0550
732.2000,55.9707,45.9932,68.1852,25.5492,30.7321
732.2500,56.4895,45.6908,68.0296,25.3205,30.4104
732.3000,57.0149,45.3831,67.8704,25.0946,30.0903
732.3500,57.5460,45.0708,67.7077,24.8717,29.7721
732.4000,58.0818,44.7544,67.5418,24.6520,29.4562
732.4500,58.6212,44.4347,67.3726,24.4357,29.1429
732.5000,59.1632,44.1122,67.2005,24.2231,28.8328
732.5500,59.7067,43.7875,67.0256,24.0143,28.5262
732.6000,60.2513,43.4612,66.8477,23.8094,28.2231
732.6500,60.7966,43.1334,66.6668,23.6083,27.9235
732.7000,61.3423,42.8045,66.4829,23.4109,27.6273
732.7500,61.8880,42.4749,66.2957,23.2173,27.3345
732.8000,62.4334,42.1449,66.1052,23.0273,27.0451
732.8500,62.9782,41.8147,65.9113,22.8409,26.7589
732.9000,63.5218,41.4846,65.7139,22.6581,26.4759
732.9500,64.0640,41.1551,65.5130,22.4787,26.1962
733.0000,64.6044,40.8262,65.3084,22.3027,25.9196
733.0500,65.1425,40.4983,65.1003,22.1300,25.6461
733.1000,65.6779,40.1715,64.8889,21.9605,25.3754
733.1500,66.2103,39.8456,64.6749,21.7942,25.1074
733.2000,66.7392,39.5208,64.4585,21.6309,24.8416
733.2500,67.2642,39.1971,64.2403,21.4707,24.5779
733.3000,67.7847,38.8745,64.0207,21.3133,24.3160
733.3500,68.3004,38.5531,63.8000,21.1588,24.0558
733.4000,68.8108,38.2330,63.5786,21.0069,23.7972
733.4500,69.3155,37.9143,63.3569,20.8577,23.5399
733.5000,69.8138,37.5972,63.1352,20.7110,23.2838
733.5500,70.3054,37.2816,62.9139,20.5667,23.0289
733.6000,70.7897,36.9679,62.6933,20.4248,22.7751
733.6500,71.2662,36.6560,62.4736,20.2851,22.5223
733.7000,71.7344,36.3464,62.2552,20.1476,22.2705
733.7500,72.1937,36.0390,62.0384,20.0120,22.0198
733.8000,72.6436,35.7342,61.8234,19.8785,21.7700
733.8500,73.0834,35.4322,61.6106,19.7467,21.5213
733.9000,73.5126,35.1332,61.4002,19.6167,21.2737
733.9500,73.9307,34.8375,61.1925,19.4884,21.0274
734.0000,74.3369,34.5454,60.9877,19.3616,20.7825
734.0500,74.7307,34.2572,60.7861,19.2363,20.5390
734.1000,75.1121,33.9728,60.5878,19.1123,20.2970
734.1500,75.4809,33.6924,60.3926,18.9896,20.0562
734.2000,75.8371,33.4160,60.2006,18.8682,19.8167
734.2500,76.1808,33.1436,60.0117,18.7478,19.5783
734.3000,76.5119,32.8752,59.8257,18.6285,19.3409
734.3500,76.8305,32.6109,59.6427,18.5102,19.1046
734.4000,77.1367,32.3507,59.4625,18.3927,18.8692
734.4500,77.4304,32.0947,59.2850,18.2761,18.6347
734.5000,77.7120,31.8427,59.1101,18.1603,18.4011
734.5500,77.9814,31.5950,58.9378,18.0451,18.1684
734.6000,78.2390,31.3518,58.7683,17.9307,17.9367
734.6500,78.4853,31.1134,58.6021,17.8169,17.7058
734.7000,78.7208,30.8799,58.4395,17.7036,17.4759
734.7500,78.9457,30.6518,58.2808,17.5909,17.2471
734.8000,79.1606,30.4291,58.1263,17.4788,17.0193
734.8500,79.3660,30.2121,57.9761,17.3672,16.7928
734.9000,79.5621,30.0011,57.8305,17.2561,16.5675
734.9500,79.7496,29.7961,57.6897,17.1456,16.3437
735.0000,79.9288,29.5973,57.5536,17.0356,16.1214
735.0500,80.1003,29.4048,57.4226,16.9262,15.9009
735.1000,80.2644,29.2188,57.2964,16.8175,15.6823
735.1500,80.4217,29.0394,57.1753,16.7093,15.4658
735.2000,80.5727,28.8665,57.0592,16.6019,15.2518
735.2500,80.7178,28.7003,56.9481,16.4953,15.0403
735.3000,80.8576,28.5408,56.8418,16.3896,14.8319
735.3500,80.9926,28.3880,56.7404,16.2849,14.6266
735.4000,81.1233,28.2418,56.6437,16.1812,14.4250
735.4500,81.2502,28.1024,56.5515,16.0788,14.2273
735.5000,81.3739,27.9695,56.4637,15.9778,14.0340
735.5500,81.4949,27.8431,56.3801,15.8782,13.8454
735.6000,81.6136,27.7231,56.3005,15.7800,13.6614
735.6500,81.7301,27.6095,56.2247,15.6831,13.4820
735.7000,81.8448,27.5020,56.1524,15.5874,13.3069
735.7500,81.9578,27.4005,56.0833,15.4926,13.1362
735.8000,82.0695,27.3048,56.0171,15.3988,12.9696
735.8500,82.1800,27.2146,55.9535,15.3058,12.8069
735.9000,82.2896,27.1299,55.8923,15.2134,12.6482
735.9500,82.3985,27.0502,55.8329,15.1216,12.4932
736.0000,82.5069,26.9754,55.7751,15.0302,12.3418
736.0500,82.6150,26.9050,55.7183,14.9391,12.1939
736.1000,82.7231,26.8392,55.6613,14.8483,12.0494
736.1500,82.8311,26.7776,55.6028,14.7578,11.9082
736.2000,82.9395,26.7203,55.5418,14.6676,11.7700
736.2500,83.0482,26.6669,55.4771,14.5778,11.6349
736.3000,83.1574,26.6173,55.4079,14.4883,11.5028
736.3500,83.2674,26.5713,55.3331,14.3991,11.3734
736.4000,83.3781,26.5284,55.2520,14.3102,11.2468
736.4500,83.4897,26.4883,55.1639,14.2215,11.1229
736.5000,83.6023,26.4507,55.0680,14.1331,11.0015
736.5500,83.7159,26.4150,54.9637,14.0449,10.8827
736.6000,83.8307,26.3809,54.8506,13.9569,10.7664
736.6500,83.9466,26.3476,54.7280,13.8690,10.6525
736.7000,84.0638,26.3147,54.5955,13.7813,10.5410
736.7500,84.1821,26.2815,54.4527,13.6935,10.4319
736.8000,84.3016,26.2474,54.2991,13.6059,10.3252
736.8500,84.4224,26.2116,54.1343,13.5181,10.2210
736.9000,84.5442,26.1733,53.9581,13.4304,10.1192
736.9500,84.6671,26.1318,53.7701,13.3425,10.0199
737.0000,84.7911,26.0862,53.5699,13.2545,9.9232
737.0500,84.9159,26.0356,53.3574,13.1663,9.8292
737.1000,85.0417,25.9800,53.1327,13.0778,9.7376
737.1500,85.1688,25.9193,52.8962,12.9891,9.6484
737.2000,85.2972,25.8533,52.6482,12.9001,9.5613
737.2500,85.4272,25.7820,52.3891,12.8108,9.4762
737.3000,85.5587,25.7054,52.1193,12.7211,9.3929
737.3500,85.6921,25.6235,51.8393,12.6310,9.3113
737.4000,85.8273,25.5362,51.5495,12.5406,9.2312
737.4500,85.9646,25.4435,51.2503,12.4496,9.1526
737.5000,86.1039,25.3454,50.9424,12.3583,9.0751
737.5500,86.2455,25.2418,50.6262,12.2665,8.9989
737.6000,86.3894,25.1329,50.3029,12.1743,8.9237
737.6500,86.5356,25.0186,49.9736,12.0817,8.8495
737.7000,86.6842,24.8989,49.6394,11.9886,8.7762
737.7500,86.8354,24.7740,49.3013,11.8952,8.7038
737.8000,86.9890,24.6438,48.9603,11.8014,8.6321
737.8500,87.1452,24.5085,48.6175,11.7072,8.5613
737.9000,87.3039,24.3681,48.2739,11.6128,8.4913
737.9500,87.4651,24.2228,47.9302,11.5182,8.4220
738.0000,87.6289,24.0727,47.5875,11.4235,8.3536
738.0500,87.7951,23.9178,47.2465,11.3287,8.2862
738.1000,87.9637,23.7585,46.9080,11.2340,8.2197
738.1500,88.1346,23.5949,46.5729,11.1394,8.1543
738.2000,88.3078,23.4271,46.2417,11.0450,8.0901
738.2500,88.4830,23.2555,45.9152,10.9510,8.0273
738.3000,88.6603,23.0802,45.5941,10.8576,7.9661
738.3500,88.8393,22.9015,45.2789,10.7648,7.9066
738.4000,89.0200,22.7197,44.9702,10.6729,7.8492
738.4500,89.2021,22.5350,44.6686,10.5821,7.7941
738.5000,89.3854,22.3480,44.3744,10.4925,7.7416
738.5500,89.5697,22.1588,44.0881,10.4043,7.6920
738.6000,89.7549,21.9675,43.8099,10.3175,7.6451
738.6500,89.9411,21.7743,43.5398,10.2320,7.6008
738.7000,90.1283,21.5793,43.2778,10.1479,7.5588
738.7500,90.3164,21.3826,43.0240,10.0649,7.5189
738.8000,90.5055,21.1842,42.7780,9.9831,7.4809
738.8500,90.6954,20.9844,42.5400,9.9024,7.4446
738.9000,90.8861,20.7832,42.3095,9.8227,7.4099
738.9500,91.0777,20.5807,42.0864,9.7440,7.3765
739.0000,91.2699,20.3772,41.8704,9.6661,7.3442
739.0500,91.4627,20.1727,41.6610,9.5891,7.3127
739.1000,91.6560,19.9674,41.4569,9.5129,7.2810
739.1500,91.8497,19.7616,41.2572,9.4374,7.2480
739.2000,92.0437,19.5552,41.0605,9.3625,7.2128
739.2500,92.2377,19.3487,40.8660,9.2882,7.1747
739.3000,92.4317,19.1420,40.6726,9.2145,7.1331
739.3500,92.6254,18.9355,40.4795,9.1412,7.0875
739.4000,92.8186,18.7294,40.2860,9.0683,7.0376
739.4500,93.0111,18.5237,40.0911,8.9958,6.9830
739.5000,93.2027,18.3189,39.8944,8.9236,6.9238
739.5500,93.3930,18.1150,39.6950,8.8516,6.8597
739.6000,93.5819,17.9124,39.4924,8.7798,6.7909
739.6500,93.7689,17.7112,39.2860,8.7081,6.7176
739.7000,93.9538,17.5117,39.0753,8.6365,6.6399
739.7500,94.1361,17.3142,38.8597,8.5650,6.5581
739.8000,94.3156,17.1189,38.6388,8.4934,6.4725
739.8500,94.4917,16.9261,38.4120,8.4217,6.3837
739.9000,94.6641,16.7360,38.1789,8.3500,6.2919
739.9500,94.8323,16.5490,37.9390,8.2781,6.1978
740.0000,94.9958,16.3653,37.6919,8.2059,6.1019
740.0500,95.1541,16.1852,37.4372,8.1336,6.0046
740.1000,95.3072,16.0087,37.1749,8.0609,5.9065
740.1500,95.4552,15.8358,36.9053,7.9879,5.8078
740.2000,95.5981,15.6664,36.6286,7.9146,5.7088
740.2500,95.7359,15.5005,36.3449,7.8409,5.6100
740.3000,95.8688,15.3381,36.0547,7.7667,5.5116
740.3500,95.9967,15.1791,35.7582,7.6921,5.4139
740.4000,96.1197,15.0233,35.4558,7.6170,5.3174
740.4500,96.2380,14.8708,35.1479,7.5413,5.2223
740.5000,96.3515,14.7212,34.8350,7.4651,5.1289
740.5500,96.4604,14.5747,34.5175,7.3884,5.0376
740.6000,96.5647,14.4311,34.1960,7.3114,4.9485
740.6500,96.6645,14.2905,33.8710,7.2342,4.8620
740.7000,96.7599,14.1530,33.5432,7.1571,4.7782
740.7500,96.8510,14.0184,33.2132,7.0801,4.6974
740.8000,96.9379,13.8868,32.8819,7.0036,4.6197
740.8500,97.0206,13.7578,32.5500,6.9275,4.5453
740.9000,97.0993,13.6314,32.2184,6.8521,4.4743
740.9500,97.1742,13.5074,31.8880,6.7774,4.4069
741.0000,97.2452,13.3854,31.5598,6.7034,4.3430
741.0500,97.3124,13.2652,31.2349,6.6304,4.2827
741.1000,97.3761,13.1463,30.9132,6.5582,4.2262
741.1500,97.4363,13.0284,30.5948,6.4870,4.1732
741.2000,97.4932,12.9111,30.2796,6.4168,4.1239
741.2500,97.5468,12.7938,29.9672,6.3476,4.0782
741.3000,97.5972,12.6760,29.6576,6.2794,4.0359
741.3500,97.6447,12.5570,29.3504,6.2123,3.9971
741.4000,97.6893,12.4364,29.0453,6.1461,3.9616
741.4500,97.7311,12.3133,28.7420,6.0809,3.9292
741.5000,97.7702,12.1870,28.4399,6.0167,3.8999
741.5500,97.8069,12.0570,28.1387,5.9534,3.8735
741.6000,97.8412,11.9230,27.8381,5.8910,3.8495
741.6500,97.8732,11.7853,27.5379,5.8295,3.8275
741.7000,97.9031,11.6438,27.2378,5.7687,3.8070
741.7500,97.9310,11.4986,26.9375,5.7087,3.7875
741.8000,97.9571,11.3498,26.6367,5.6493,3.7686
741.8500,97.9815,11.1974,26.3350,5.5905,3.7496
741.9000,98.0042,11.0417,26.0322,5.5323,3.7301
741.9500,98.0255,10.8826,25.7279,5.4746,3.7096
742.0000,98.0455,10.7202,25.4217,5.4172,3.6876
742.0500,98.0642,10.5548,25.1134,5.3602,3.6637
742.1000,98.0819,10.3863,24.8031,5.3035,3.6372
742.1500,98.0986,10.2150,24.4910,5.2469,3.6079
742.2000,98.1146,10.0409,24.1770,5.1904,3.5753
742.2500,98.1298,9.8643,23.8613,5.1339,3.5390
742.3000,98.1445,9.6852,23.5438,5.0775,3.4988
742.3500,98.1587,9.5039,23.2246,5.0208,3.4543
742.4000,98.1726,9.3206,22.9036,4.9640,3.4053
742.4500,98.1863,9.1354,22.5807,4.9070,3.3518
742.5000,98.1999,8.9485,22.2560,4.8496,3.2935
742.5500,98.2135,8.7603,21.9295,4.7918,3.2306
742.6000,98.2273,8.5708,21.6010,4.7336,3.1631
742.6500,98.2412,8.3805,21.2706,4.6748,3.0912
742.7000,98.2555,8.1894,20.9384,4.6155,3.0153
742.7500,98.2703,7.9980,20.6045,4.5555,2.9356
742.8000,98.2855,7.8065,20.2690,4.4949,2.8529
742.8500,98.3014,7.6152,19.9322,4.4335,2.7677
742.9000,98.3180,7.4245,19.5943,4.3714,2.6809
742.9500,98.3353,7.2346,19.2558,4.3084,2.5934
743.0000,98.3535,7.0460,18.9172,4.2447,2.5064
743.0500,98.3726,6.8590,18.5789,4.1800,2.4210
743.1000,98.3927,6.6737,18.2412,4.1145,2.3374
743.1500,98.4138,6.4902,17.9042,4.0481,2.2555
743.2000,98.4360,6.3086,17.5678,3.9807,2.1754
743.2500,98.4593,6.1289,17.2323,3.9125,2.0970
743.3000,98.4838,5.9513,16.8975,3.8433,2.0204
743.3500,98.5095,5.7759,16.5637,3.7731,1.9455
743.4000,98.5363,5.6027,16.2308,3.7021,1.8723
743.4500,98.5644,5.4318,15.8989,3.6301,1.8008
743.5000,98.5937,5.2633,15.5680,3.5572,1.7310
743.5500,98.6242,5.0972,15.2380,3.4835,1.6629
743.6000,98.6559,4.9337,14.9091,3.4089,1.5964
743.6500,98.6888,4.7727,14.5811,3.3335,1.5316
743.7000,98.7228,4.6143,14.2542,3.2573,1.4685
743.7500,98.7579,4.4586,13.9282,3.1804,1.4069
743.8000,98.7940,4.3055,13.6033,3.1029,1.3470
743.8500,98.8311,4.1552,13.2792,3.0247,1.2887
743.9000,98.8690,4.0077,12.9561,2.9459,1.2320
743.9500,98.9078,3.8629,12.6339,2.8666,1.1769
744.0000,98.9473,3.7208,12.3124,2.7869,1.1233
744.0500,98.9873,3.5816,11.9918,2.7068,1.0712
744.1000,99.0278,3.4450,11.6718,2.6264,1.0207
744.1500,99.0686,3.3112,11.3524,2.5458,0.9717
744.2000,99.1096,3.1801,11.0336,2.4650,0.9242
744.2500,99.1505,3.0516,10.7152,2.3842,0.8781
744.3000,99.1913,2.9256,10.3971,2.3034,0.8336
744.3500,99.2316,2.8021,10.0792,2.2228,0.7904
744.4000,99.2714,2.6810,9.7614,2.1424,0.7487
744.4500,99.3103,2.5621,9.4434,2.0623,0.7085
744.5000,99.3481,2.4453,9.1252,1.9826,0.6696
744.5500,99.3847,2.3305,8.8065,1.9035,0.6320
744.6000,99.4199,2.2179,8.4878,1.8250,0.5959
744.6500,99.4538,2.1074,8.1693,1.7471,0.5610
744.7000,99.4865,1.9993,7.8515,1.6701,0.5275
744.7500,99.5179,1.8936,7.5348,1.5941,0.4953
744.8000,99.5480,1.7905,7.2195,1.5190,0.4644
744.8500,99.5769,1.6901,6.9063,1.4451,0.4347
744.9000,99.6046,1.5924,6.5953,1.3724,0.4062
744.9500,99.6311,1.4976,6.2872,1.3011,0.3790
745.0000,99.6565,1.4058,5.9823,1.2311,0.3530
745.0500,99.6807,1.3171,5.6811,1.1627,0.3281
745.1000,99.7038,1.2314,5.3841,1.0958,0.3044
745.1500,99.7258,1.1489,5.0916,1.0307,0.2818
745.2000,99.7467,1.0697,4.8042,0.9673,0.2603
745.2500,99.7665,0.9937,4.5222,0.9058,0.2399
745.3000,99.7854,0.9211,4.2462,0.8461,0.2206
745.3500,99.8032,0.8518,3.9764,0.7885,0.2022
745.4000,99.8200,0.7858,3.7134,0.7329,0.1849
745.4500,99.8359,0.7232,3.4575,0.6793,0.1686
745.5000,99.8509,0.6639,3.2092,0.6279,0.1533
745.5500,99.8649,0.6079,2.9687,0.5787,0.1388
745.6000,99.8781,0.5551,2.7364,0.5317,0.1253
745.6500,99.8904,0.5056,2.5128,0.4868,0.1127
745.7000,99.9018,0.4591,2.2979,0.4442,0.1009
745.7500,99.9125,0.4156,2.0922,0.4037,0.0900
745.8000,99.9223,0.3749,1.8959,0.3654,0.0798
745.8500,99.9315,0.3370,1.7091,0.3293,0.0705
745.9000,99.9398,0.3017,1.5320,0.2952,0.0618
745.9500,99.9475,0.2687,1.3649,0.2632,0.0539
746.0000,99.9546,0.2378,1.2076,0.2331,0.0467
746.0500,99.9609,0.2090,1.0604,0.2049,0.0402
746.1000,99.9667,0.1821,0.9233,0.1786,0.0343
746.1500,99.9719,0.1571,0.7964,0.1542,0.0289
746.2000,99.9765,0.1342,0.6797,0.1317,0.0242
746.2500,99.9806,0.1132,0.5733,0.1112,0.0200
746.3000,99.9841,0.0943,0.4771,0.0926,0.0163
746.3500,99.9873,0.0773,0.3909,0.0759,0.0131
746.4000,99.9900,0.0622,0.3146,0.0611,0.0103
746.4500,99.9922,0.0490,0.2479,0.0482,0.0080
746.5000,99.9942,0.0377,0.1906,0.0371,0.0060
746.5500,99.9957,0.0281,0.1421,0.0277,0.0044
746.6000,99.9970,0.0202,0.1021,0.0199,0.0031
746.6500,99.9980,0.0139,0.0699,0.0136,0.0021
746.7000,99.9987,0.0089,0.0450,0.0088,0.0013
746.7500,99.9993,0.0053,0.0266,0.0052,0.0008
746.8000,99.9996,0.0028,0.0139,0.0027,0.0004
746.8500,99.9998,0.0012,0.0060,0.0012,0.0002
746.9000,100.0000,0.0004,0.0018,0.0004,0.0000
746.9500,100.0000,0.0000,0.0002,0.0000,0.0000
747.0000,100.0000,0.0000,0.0000,0.0000,0.0000
747.0500,100.0000,0.0000,0.0000,0.0000,0.0000
747.1000,100.0000,0.0000,0.0000,0.0000,0.0000
747.1500,100.0000,0.0000,0.0000,0.0000,0.0000
747.2000,100.0000,0.0000,0.0000,0.0000,0.0000
747.2500,100.0000,0.0000,0.0000,0.0000,0.0000
747.3000,100.0000,0.0000,0.0000,0.0000,0.0000
747.3500,100.0000,0.0000,0.0000,0.0000,0.0000
747.4000,100.0000,0.0000,0.0000,0.0000,0.0000
747.4500,100.0000,0.0000,0.0000,0.0000,0.0000
747.5000,100.0000,0.0000,0.0000,0.0000,0.0000
747.5500,100.0000,0.0000,0.0000,0.0000,0.0000
747.6000,100.0000,0.0000,0.0000,0.0000,0.0000
747.6500,100.0000,0.0000,0.0000,0.0000,0.0000
747.7000,100.0000,0.0000,0.0000,0.0000,0.0000
747.7500,100.0000,0.0000,0.0000,0.0000,0.0000
747.8000,100.0000,0.0000,0.0000,0.0000,0.0000
747.8500,100.0000,0.0000,0.0000,0.0000,0.0000
747.9000,100.0000,0.0000,0.0000,0.0000,0.0000
747.9500,100.0000,0.0000,0.0000,0.0000,0.0000
748.0000,100.0000,0.0000,0.0000,0.0000,0.0000
748.0500,100.0000,0.0000,0.0000,0.0000,0.0000
748.1000,100.0000,0.0000,0.0000,0.0000,0.0000
748.1500,100.0000,0.0000,0.0000,0.0000,0.0000
748.2000,100.0000,0.0000,0.0000,0.0000,0.0000
748.2500,100.0000,0.0000,0.0000,0.0000,0.0000
748.3000,100.0000,0.0000,0.0000,0.0000,0.0000
748.3500,100.0000,0.0000,0.0000,0.0000,0.0000
748.4000,100.0000,0.0000,0.0000,0.0000,0.0000
748.4500,100.0000,0.0000,0.0000,0.0000,0.0000
748.5000,100.0000,0.0000,0.0000,0.0000,0.0000
748.5500,100.0000,0.0000,0.0000,0.0000,0.0000
748.6000,100.0000,0.0000,0.0000,0.0000,0.0000
748.6500,100.0000,0.0000,0.0000,0.0000,0.0000
748.7000,100.0000,0.0000,0.0000,0.0000,0.0000
748.7500,100.0000,0.0000,0.0000,0.0000,0.0000
748.8000,100.0000,0.0000,0.0000,0.0000,0.0000
748.8500,100.0000,0.0000,0.0000,0.0000,0.0000
748.9000,100.0000,0.0000,0.0000,0.0000,0.0000
748.9500,100.0000,0.0000,0.0000,0.0000,0.0000
749.0000,100.0000,0.0000,0.0000,0.0000,0.0000
749.0500,100.0000,0.0000,0.0000,0.0000,0.0000
749.1000,100.0000,0.0000,0.0000,0.0000,0.0000
749.1500,100.0000,0.0000,0.0000,0.0000,0.0000
749.2000,100.0000,0.0000,0.0000,0.0000,0.0000
749.2500,100.0000,0.0000,0.0000,0.0000,0.0000
749.3000,100.0000,0.0000,0.0000,0.0000,0.0000
749.3500,100.0000,0.0000,0.0000,0.0000,0.0000
749.4000,100.0000,0.0000,0.0000,0.0000,0.0000
749.4500,100.0000,0.0000,0.0000,0.0000,0.0000
749.5000,100.0000,0.0000,0.0000,0.0000,0.0000
749.5500,100.0000,0.0000,0.0000,0.0000,0.0000
749.6000,100.0000,0.0000,0.0000,0.0000,0.0000
749.6500,100.0000,0.0000,0.0000,0.0000,0.0000
749.7000,100.0000,0.0000,0.0000,0.0000,0.0000
749.7500,100.0000,0.0000,0.0000,0.0000,0.0000
749.8000,100.0000,0.0000,0.0000,0.0000,0.0000
749.8500,100.0000,0.0000,0.0000,0.0000,0.0000
749.9000,100.0000,0.0000,0.0000,0.0000,0.0000
749.9500,100.0000,0.0000,0.0000,0.0000,0.0000
750.0000,100.0000,0.0000,0.0000,0.0000,0.0000
750.0500,100.0000,0.0000,0.0000,0.0000,0.0000
750.1000,100.0000,0.0000,0.0000,0.0000,0.0000
750.1500,100.0000,0.0000,0.0000,0.0000,0.0000
750.2000,100.0000,0.0000,0.0000,0.0000,0.0000
750.2500,100.0000,0.0000,0.0000,0.0000,0.0000
750.3000,100.0000,0.0000,0.0000,0.0000,0.0000
750.3500,100.0000,0.0000,0.0000,0.0000,0.0000
750.4000,100.0000,0.0000,0.0000,0.0000,0.0000
750.4500,100.0000,0.0000,0.0000,0.0000,0.0000
750.5000,100.0000,0.0000,0.0000,0.0000,0.0000
750.5500,100.0000,0.0000,0.0000,0.0000,0.0000
750.6000,100.0000,0.0000,0.0000,0.0000,0.0000
750.6500,100.0000,0.0000,0.0000,0.0000,0.0000
750.7000,100.0000,0.0000,0.0000,0.0000,0.0000
750.7500,100.0000,0.0000,0.0000,0.0000,0.0000
750.8000,100.0000,0.0000,0.0000,0.0000,0.0000
750.8500,100.0000,0.0000,0.0000,0.0000,0.0000
750.9000,100.0000,0.0000,0.0000,0.0000,0.0000
750.9500,100.0000,0.0000,0.0000,0.0000,0.0000
751.0000,100.0000,0.0000,0.0000,0.0000,0.0000
751.0500,100.0000,0.0000,0.0000,0.0000,0.0000
751.1000,100.0000,0.0000,0.0000,0.0000,0.0000
751.1500,100.0000,0.0000,0.0000,0.0000,0.0000
751.2000,100.0000,0.0000,0.0000,0.0000,0.0000
751.2500,100.0000,0.0000,0.0000,0.0000,0.0000
751.3000,100.0000,0.0000,0.0000,0.0000,0.0000
751.3500,100.0000,0.0000,0.0000,0.0000,0.0000
751.4000,100.0000,0.0000,0.0000,0.0000,0.0000
751.4500,100.0000,0.0000,0.0000,0.0000,0.0000
751.5000,100.0000,0.0000,0.0000,0.0000,0.0000
751.5500,100.0000,0.0000,0.0000,0.0000,0.0000
751.6000,100.0000,0.0000,0.0000,0.0000,0.0000
751.6500,100.0000,0.0000,0.0000,0.0000,0.0000
751.7000,100.0000,0.0000,0.0000,0.0000,0.0000
751.7500,100.0000,0.0000,0.0000,0.0000,0.0000
751.8000,100.0000,0.0000,0.0000,0.0000,0.0000
751.8500,100.0000,0.0000,0.0000,0.0000,0.0000
751.9000,100.0000,0.0000,0.0000,0.0000,0.0000
751.9500,100.0000,0.0000,0.0000,0.0000,0.0000
752.0000,100.0000,0.0000,0.0000,0.0000,0.0000
752.0500,100.0000,0.0000,0.0001,0.0001,0.0000
752.1000,100.0000,0.0000,0.0007,0.0009,0.0000
752.1500,99.9999,0.0000,0.0025,0.0032,0.0000
752.2000,99.9997,0.0000,0.0058,0.0074,0.0000
752.2500,99.9994,0.0000,0.0111,0.0144,0.0000
752.3000,99.9989,0.0000,0.0189,0.0246,0.0000
752.3500,99.9983,0.0000,0.0296,0.0386,0.0000
752.4000,99.9974,0.0000,0.0435,0.0571,0.0000
752.4500,99.9964,0.0000,0.0610,0.0804,0.0000
752.5000,99.9950,0.0000,0.0823,0.1092,0.0000
752.5500,99.9934,0.0000,0.1078,0.1437,0.0000
752.6000,99.9915,0.0000,0.1378,0.1846,0.0000
752.6500,99.9892,0.0000,0.1724,0.2322,0.0000
752.7000,99.9865,0.0000,0.2119,0.2869,0.0000
752.7500,99.9835,0.0000,0.2564,0.3491,0.0000
752.8000,99.9800,0.0000,0.3062,0.4191,0.0000
752.8500,99.9761,0.0000,0.3613,0.4972,0.0000
752.9000,99.9717,0.0000,0.4219,0.5837,0.0000
752.9500,99.9668,0.0000,0.4881,0.6790,0.0000
753.0000,99.9614,0.0000,0.5599,0.7831,0.0000
753.0500,99.9554,0.0000,0.6374,0.8965,0.0000
753.1000,99.9489,0.0000,0.7206,1.0192,0.0000
753.1500,99.9417,0.0000,0.8096,1.1515,0.0000
753.2000,99.9340,0.0000,0.9044,1.2936,0.0001
753.2500,99.9256,0.0000,1.0049,1.4455,0.0009
753.3000,99.9165,0.0000,1.1111,1.6074,0.0034
753.3500,99.9067,0.0000,1.2230,1.7795,0.0086
753.4000,99.8963,0.0000,1.3404,1.9617,0.0173
753.4500,99.8850,0.0000,1.4634,2.1542,0.0302
753.5000,99.8731,0.0000,1.5918,2.3570,0.0479
753.5500,99.8603,0.0000,1.7256,2.5702,0.0713
753.6000,99.8468,0.0000,1.8649,2.7937,0.1006
753.6500,99.8324,0.0000,2.0097,3.0276,0.1366
753.7000,99.8172,0.0000,2.1603,3.2718,0.1796
753.7500,99.8011,0.0000,2.3168,3.5263,0.2299
753.8000,99.7842,0.0000,2.4790,3.7911,0.2879
753.8500,99.7663,0.0000,2.6472,4.0661,0.3538
753.9000,99.7475,0.0000,2.8212,4.3511,0.4278
753.9500,99.7278,0.0000,3.0011,4.6462,0.5101
754.0000,99.7071,0.0000,3.1869,4.9512,0.6007
754.0500,99.6855,0.0000,3.3784,5.2659,0.6997
754.1000,99.6628,0.0000,3.5756,5.5903,0.8070
754.1500,99.6391,0.0000,3.7784,5.9241,0.9228
754.2000,99.6144,0.0000,3.9867,6.2672,1.0467
754.2500,99.5886,0.0000,4.2003,6.6195,1.1788
754.3000,99.5618,0.0000,4.4191,6.9808,1.3188
754.3500,99.5339,0.0000,4.6429,7.3507,1.4665
754.4000,99.5048,0.0000,4.8715,7.7292,1.6218
754.4500,99.4747,0.0000,5.1047,8.1161,1.7842
754.5000,99.4434,0.0000,5.3424,8.5110,1.9535
754.5500,99.4109,0.0000,5.5843,8.9137,2.1294
754.6000,99.3773,0.0000,5.8302,9.3240,2.3115
754.6500,99.3425,0.0000,6.0797,9.7417,2.4995
754.7000,99.3065,0.0000,6.3328,10.1663,2.6928
754.7500,99.2693,0.0000,6.5890,10.5978,2.8911
754.8000,99.2308,0.0000,6.8482,11.0358,3.0939
754.8500,99.1911,0.0000,7.1100,11.4799,3.3007
754.9000,99.1501,0.0000,7.3742,11.9299,3.5111
754.9500,99.1079,0.0000,7.6404,12.3855,3.7246
755.0000,99.0643,0.0000,7.9084,12.8464,3.9406
755.0500,99.0195,0.0000,8.1778,13.3122,4.1588
755.1000,98.9734,0.0000,8.4484,13.7827,4.3790
755.1500,98.9259,0.0000,8.7198,14.2574,4.6012
755.2000,98.8771,0.0000,8.9917,14.7361,4.8255
755.2500,98.8269,0.0000,9.2638,15.2184,5.0517
755.3000,98.7753,0.0000,9.5357,15.7040,5.2797
755.3500,98.7224,0.0000,9.8072,16.1924,5.5095
755.4000,98.6681,0.0000,10.0779,16.6835,5.7407
755.4500,98.6123,0.0000,10.3475,17.1768,5.9733
755.5000,98.5552,0.0000,10.6157,17.6719,6.2070
755.5500,98.4966,0.0000,10.8823,18.1685,6.4416
755.6000,98.4366,0.0000,11.1474,18.6662,6.6769
755.6500,98.3752,0.0000,11.4109,19.1648,6.9127
755.7000,98.3123,0.0000,11.6729,19.6637,7.1486
755.7500,98.2479,0.0000,11.9333,20.1627,7.3845
755.8000,98.1820,0.0000,12.1922,20.6613,7.6200
755.8500,98.1147,0.0000,12.4495,21.1593,7.8549
755.9000,98.0458,0.0000,12.7052,21.6563,8.0889
755.9500,97.9755,0.0000,12.9593,22.1518,8.3219
756.0000,97.9036,0.0000,13.2117,22.6456,8.5534
756.0500,97.8302,0.0000,13.4623,23.1373,8.7833
756.1000,97.7552,0.0000,13.7112,23.6265,9.0114
756.1500,97.6788,0.0000,13.9582,24.1129,9.2374
756.2000,97.6007,0.0000,14.2033,24.5961,9.4611
756.2500,97.5211,0.0000,14.4464,25.0758,9.6825
756.3000,97.4400,0.0000,14.6874,25.5516,9.9012
756.3500,97.3573,0.0000,14.9264,26.0232,10.1173
756.4000,97.2729,0.0000,15.1631,26.4903,10.3305
756.4500,97.1870,0.0000,15.3976,26.9525,10.5409
756.5000,97.0995,0.0000,15.6297,27.4096,10.7484
756.5500,97.0105,0.0000,15.8594,27.8611,10.9531
756.6000,96.9203,0.0000,16.0867,28.3069,11.1553
756.6500,96.8292,0.0000,16.3117,28.7465,11.3552
756.7000,96.7378,0.0000,16.5344,29.1797,11.5533
756.7500,96.6462,0.0000,16.7549,29.6062,11.7499
756.8000,96.5548,0.0000,16.9732,30.0258,11.9456
756.8500,96.4640,0.0000,17.1892,30.4381,12.1408
756.9000,96.3739,0.0000,17.4031,30.8429,12.3359
756.9500,96.2849,0.0000,17.6148,31.2399,12.5317
757.0000,96.1971,0.0000,17.8244,31.6289,12.7286
757.0500,96.1108,0.0000,18.0318,32.0096,12.9274
757.1000,96.0261,0.0000,18.2370,32.3819,13.1287
757.1500,95.9433,0.0000,18.4401,32.7455,13.3332
757.2000,95.8625,0.0000,18.6410,33.1002,13.5419
757.2500,95.7838,0.0000,18.8397,33.4458,13.7555
757.3000,95.7073,0.0000,19.0363,33.7821,13.9736
757.3500,95.6331,0.0000,19.2306,34.1090,14.1952
757.4000,95.5614,0.0000,19.4227,34.4263,14.4193
757.4500,95.4922,0.0000,19.6126,34.7339,14.6450
757.5000,95.4255,0.0000,19.8002,35.0316,14.8714
757.5500,95.3614,0.0000,19.9856,35.3193,15.0976
757.6000,95.2999,0.0000,20.1687,35.5970,15.3230
757.6500,95.2410,0.0000,20.3495,35.8645,15.5468
757.7000,95.1848,0.0000,20.5280,36.1218,15.7683
757.7500,95.1311,0.0000,20.7042,36.3687,15.9870
757.8000,95.0800,0.0000,20.8780,36.6054,16.2024
757.8500,95.0315,0.0000,21.0495,36.8317,16.4138
757.9000,94.9855,0.0000,21.2186,37.0476,16.6209
757.9500,94.9419,0.0000,21.3854,37.2532,16.8233
758.0000,94.9006,0.0000,21.5499,37.4484,17.0205
758.0500,94.8615,0.0000,21.7120,37.6332,17.2124
758.1000,94.8237,0.0000,21.8719,37.8067,17.3984
758.1500,94.7862,0.0000,22.0297,37.9680,17.5782
758.2000,94.7482,0.0000,22.1856,38.1165,17.7515
758.2500,94.7090,0.0000,22.3396,38.2514,17.9180
758.3000,94.6681,0.0000,22.4919,38.3724,18.0775
758.3500,94.6249,0.0000,22.6427,38.4792,18.2298
758.4000,94.5789,0.0000,22.7920,38.5714,18.3748
758.4500,94.5298,0.0000,22.9399,38.6491,18.5122
758.5000,94.4773,0.0000,23.0866,38.7122,18.6422
758.5500,94.4213,0.0000,23.2321,38.7609,18.7645
758.6000,94.3615,0.0000,23.3766,38.7952,18.8792
758.6500,94.2979,0.0000,23.5201,38.8157,18.9864
758.7000,94.2304,0.0000,23.6628,38.8226,19.0860
758.7500,94.1590,0.0000,23.8047,38.8164,19.1781
758.8000,94.0839,0.0000,23.9459,38.7977,19.2629
758.8500,94.0052,0.0000,24.0865,38.7671,19.3404
758.9000,93.9228,0.0000,24.2267,38.7253,19.4107
758.9500,93.8372,0.0000,24.3664,38.6731,19.4741
759.0000,93.7483,0.0000,24.5058,38.6112,19.5308
759.0500,93.6566,0.0000,24.6450,38.5407,19.5808
759.1000,93.5621,0.0000,24.7839,38.4623,19.6244
759.1500,93.4653,0.0000,24.9228,38.3772,19.6618
759.2000,93.3663,0.0000,25.0617,38.2863,19.6932
759.2500,93.2655,0.0000,25.2006,38.1908,19.7188
759.3000,93.1631,0.0000,25.3397,38.0916,19.7389
759.3500,93.0595,0.0000,25.4790,37.9901,19.7537
759.4000,92.9550,0.0000,25.6185,37.8873,19.7634
759.4500,92.8499,0.0000,25.7584,37.7844,19.7682
759.5000,92.7445,0.0000,25.8987,37.6811,19.7684
759.5500,92.6391,0.0000,26.0396,37.5766,19.7642
759.6000,92.5339,0.0000,26.1815,37.4702,19.7554
759.6500,92.4293,0.0000,26.3251,37.3612,19.7421
759.7000,92.3256,0.0000,26.4710,37.2492,19.7241
759.7500,92.2229,0.0000,26.6196,37.1337,19.7014
759.8000,92.1215,0.0000,26.7714,37.0143,19.6740
759.8500,92.0216,0.0000,26.9268,36.8908,19.6417
759.9000,91.9234,0.0000,27.0864,36.7630,19.6046
759.9500,91.8271,0.0000,27.2504,36.6309,19.5624
760.0000,91.7328,0.0000,27.4192,36.4942,19.5152
760.0500,91.6407,0.0000,27.5932,36.3531,19.4627
760.1000,91.5509,0.0000,27.7726,36.2077,19.4050
760.1500,91.4633,0.0000,27.9577,36.0580,19.3417
760.2000,91.3782,0.0000,28.1487,35.9043,19.2728
760.2500,91.2954,0.0000,28.3458,35.7466,19.1980
760.3000,91.2150,0.0000,28.5492,35.5854,19.1172
760.3500,91.1369,0.0000,28.7590,35.4208,19.0300
760.4000,91.0611,0.0000,28.9754,35.2532,18.9362
760.4500,90.9874,0.0000,29.1984,35.0830,18.8355
760.5000,90.9158,0.0000,29.4281,34.9104,18.7275
760.5500,90.8460,0.0000,29.6645,34.7359,18.6117
760.6000,90.7779,0.0000,29.9076,34.5599,18.4878
760.6500,90.7113,0.0000,30.1574,34.3827,18.3553
760.7000,90.6458,0.0000,30.4138,34.2048,18.2135
760.7500,90.5813,0.0000,30.6769,34.0266,18.0620
760.8000,90.5174,0.0000,30.9464,33.8486,17.9000
760.8500,90.4538,0.0000,31.2222,33.6711,17.7268
760.9000,90.3901,0.0000,31.5042,33.4946,17.5421
760.9500,90.3259,0.0000,31.7922,33.3195,17.3464
761.0000,90.2609,0.0000,32.0861,33.1462,17.1408
761.0500,90.1947,0.0000,32.3855,32.9751,16.9261
761.1000,90.1272,0.0000,32.6904,32.8066,16.7027
761.1500,90.0587,0.0000,33.0010,32.6410,16.4709
761.2000,89.9890,0.0000,33.3170,32.4788,16.2313
761.2500,89.9181,0.0000,33.6383,32.3202,15.9841
761.3000,89.8460,0.0000,33.9649,32.1656,15.7297
761.3500,89.7724,0.0000,34.2965,32.0152,15.4685
761.4000,89.6973,0.0000,34.6329,31.8694,15.2009
761.4500,89.6205,0.0000,34.9737,31.7284,14.9274
761.5000,89.5416,0.0000,35.3188,31.5924,14.6482
761.5500,89.4604,0.0000,35.6677,31.4617,14.3638
761.6000,89.3767,0.0000,36.0199,31.3364,14.0747
761.6500,89.2901,0.0000,36.3752,31.2166,13.7812
761.7000,89.2003,0.0000,36.7329,31.1025,13.4837
761.7500,89.1070,0.0000,37.0926,30.9942,13.1827
761.8000,89.0097,0.0000,37.4537,30.8918,12.8786
761.8500,88.9081,0.0000,37.8155,30.7952,12.5718
761.9000,88.8019,0.0000,38.1775,30.7046,12.2626
761.9500,88.6908,0.0000,38.5389,30.6199,11.9517
762.0000,88.5742,0.0000,38.8990,30.5410,11.6393
762.0500,88.4520,0.0000,39.2572,30.4680,11.3258
762.1000,88.3237,0.0000,39.6130,30.4006,11.0117
762.1500,88.1892,0.0000,39.9663,30.3389,10.6975
762.2000,88.0480,0.0000,40.3168,30.2826,10.3834
762.2500,87.9000,0.0000,40.6644,30.2317,10.0699
762.3000,87.7449,0.0000,41.0087,30.1858,9.7575
762.3500,87.5826,0.0000,41.3494,30.1449,9.4464
762.4000,87.4130,0.0000,41.6864,30.1087,9.1372
762.4500,87.2360,0.0000,42.0194,30.0770,8.8301
762.5000,87.0516,0.0000,42.3481,30.0495,8.5256
762.5500,86.8598,0.0000,42.6724,30.0261,8.2240
762.6000,86.6611,0.0004,42.9926,30.0071,7.9258
762.6500,86.4560,0.0012,43.3095,29.9932,7.6312
762.7000,86.2449,0.0029,43.6233,29.9848,7.3407
762.7500,86.0285,0.0056,43.9345,29.9822,7.0545
762.8000,85.8075,0.0095,44.2436,29.9858,6.7730
762.8500,85.5826,0.0148,44.5507,29.9959,6.4965
762.9000,85.3547,0.0217,44.8563,30.0128,6.2254
762.9500,85.1247,0.0305,45.1605,30.0367,5.9600
763.0000,84.8939,0.0412,45.4635,30.0677,5.7005
763.0500,84.6631,0.0539,45.7655,30.1059,5.4472
763.1000,84.4327,0.0689,46.0667,30.1510,5.2004
763.1500,84.2027,0.0862,46.3671,30.2037,4.9604
763.2000,83.9732,0.1059,46.6667,30.2647,4.7274
763.2500,83.7443,0.1282,46.9655,30.3349,4.5017
763.3000,83.5160,0.1531,47.2637,30.4147,4.2834
763.3500,83.2884,0.1807,47.5610,30.5048,4.0728
763.4000,83.0615,0.2110,47.8574,30.6057,3.8701
763.4500,82.8353,0.2440,48.1528,30.7177,3.6755
763.5000,82.6097,0.2799,48.4471,30.8414,3.4890
763.5500,82.3849,0.3187,48.7401,30.9770,3.3110
763.6000,82.1609,0.3603,49.0319,31.1247,3.1414
763.6500,81.9375,0.4048,49.3226,31.2849,2.9804
763.7000,81.7147,0.4522,49.6123,31.4576,2.8282
763.7500,81.4926,0.5024,49.9010,31.6430,2.6848
763.8000,81.2711,0.5555,50.1889,31.8412,2.5502
763.8500,81.0502,0.6115,50.4760,32.0521,2.4245
763.9000,80.8297,0.6702,50.7624,32.2757,2.3077
763.9500,80.6097,0.7317,51.0482,32.5120,2.1999
764.0000,80.3901,0.7959,51.3335,32.7609,2.1010
764.0500,80.1709,0.8628,51.6183,33.0221,2.0109
764.1000,79.9523,0.9322,51.9026,33.2956,1.9291
764.1500,79.7343,1.0043,52.1863,33.5810,1.8550
764.2000,79.5173,1.0787,52.4694,33.8781,1.7880
764.2500,79.3013,1.1556,52.7517,34.1867,1.7275
764.3000,79.0865,1.2348,53.0330,34.5064,1.6729
764.3500,78.8730,1.3162,53.3132,34.8368,1.6237
764.4000,78.6609,1.3997,53.5923,35.1775,1.5794
764.4500,78.4503,1.4853,53.8699,35.5282,1.5394
764.5000,78.2412,1.5729,54.1460,35.8884,1.5031
764.5500,78.0337,1.6622,54.4204,36.2577,1.4700
764.6000,77.8278,1.7534,54.6929,36.6355,1.4396
764.6500,77.6235,1.8461,54.9633,37.0213,1.4113
764.7000,77.4208,1.9404,55.2315,37.4147,1.3846
764.7500,77.2198,2.0360,55.4972,37.8150,1.3590
764.8000,77.0203,2.1330,55.7604,38.2218,1.3338
764.8500,76.8223,2.2311,56.0207,38.6345,1.3087
764.9000,76.6258,2.3303,56.2780,39.0524,1.2829
764.9500,76.4308,2.4304,56.5322,39.4749,1.2560
765.0000,76.2370,2.5312,56.7830,39.9016,1.2273
765.0500,76.0445,2.6328,57.0303,40.3316,1.1965
765.1000,75.8531,2.7349,57.2738,40.7645,1.1634
765.1500,75.6626,2.8375,57.5134,41.1996,1.1280
765.2000,75.4731,2.9403,57.7490,41.6363,1.0905
765.2500,75.2842,3.0433,57.9803,42.0738,1.0509
765.3000,75.0959,3.1463,58.2072,42.5116,1.0093
765.3500,74.9080,3.2493,58.4295,42.9491,0.9658
765.4000,74.7203,3.3520,58.6470,43.3856,0.9206
765.4500,74.5325,3.4543,58.8596,43.8204,0.8739
765.5000,74.3446,3.5562,59.0671,44.2529,0.8259
765.5500,74.1564,3.6576,59.2696,44.6825,0.7768
765.6000,73.9681,3.7584,59.4675,45.1085,0.7269
765.6500,73.7800,3.8590,59.6615,45.5304,0.6765
765.7000,73.5923,3.9594,59.8523,45.9476,0.6258
765.7500,73.4052,4.0596,60.0402,46.3594,0.5752
765.8000,73.2189,4.1599,60.2260,46.7652,0.5250
765.8500,73.0335,4.2603,60.4100,47.1644,0.4757
765.9000,72.8490,4.3608,60.5927,47.5566,0.4275
765.9500,72.6656,4.4616,60.7744,47.9412,0.3810
766.0000,72.4830,4.5626,60.9555,48.3175,0.3365
766.0500,72.3014,4.6639,61.1364,48.6852,0.2947
766.1000,72.1206,4.7654,61.3172,49.0437,0.2558
766.1500,71.9404,4.8673,61.4983,49.3925,0.2206
766.2000,71.7607,4.9695,61.6798,49.7311,0.1895
766.2500,71.5813,5.0721,61.8618,50.0592,0.1630
766.3000,71.4019,5.1749,62.0446,50.3763,0.1419
766.3500,71.2222,5.2779,62.2282,50.6821,0.1263
766.4000,71.0419,5.3812,62.4127,50.9761,0.1162
766.4500,70.8606,5.4847,62.5981,51.2580,0.1111
766.5000,70.6779,5.5884,62.7844,51.5275,0.1109
766.5500,70.4934,5.6921,62.9715,51.7843,0.1152
766.6000,70.3071,5.7958,63.1596,52.0282,0.1240
766.6500,70.1188,5.8995,63.3487,52.2589,0.1373
766.7000,69.9286,6.0032,63.5388,52.4763,0.1551
766.7500,69.7363,6.1070,63.7298,52.6801,0.1773
766.8000,69.5418,6.2109,63.9219,52.8703,0.2038
766.8500,69.3452,6.3152,64.1149,53.0467,0.2346
766.9000,69.1462,6.4197,64.3088,53.2093,0.2698
766.9500,68.9448,6.5246,64.5035,53.3581,0.3092
767.0000,68.7409,6.6299,64.6989,53.4930,0.3527
767.0500,68.5345,6.7358,64.8948,53.6141,0.4004
767.1000,68.3258,6.8421,65.0908,53.7215,0.4519
767.1500,68.1154,6.9490,65.2864,53.8153,0.5068
767.2000,67.9036,7.0564,65.4813,53.8957,0.5650
767.2500,67.6906,7.1645,65.6750,53.9629,0.6260
767.3000,67.4769,7.2731,65.8669,54.0171,0.6897
767.3500,67.2626,7.3823,66.0567,54.0586,0.7557
767.4000,67.0481,7.4921,66.2437,54.0878,0.8239
767.4500,66.8334,7.6024,66.4276,54.1051,0.8939
767.5000,66.6187,7.7134,66.6079,54.1108,0.9657
767.5500,66.4042,7.8249,66.7839,54.1054,1.0389
767.6000,66.1901,7.9369,66.9552,54.0891,1.1134
767.6500,65.9763,8.0495,67.1212,54.0618,1.1890
767.7000,65.7629,8.1625,67.2813,54.0232,1.2655
767.7500,65.5500,8.2761,67.4350,53.9733,1.3429
767.8000,65.3376,8.3900,67.5816,53.9120,1.4209
767.8500,65.1256,8.5043,67.7205,53.8391,1.4996
767.9000,64.9140,8.6190,67.8512,53.7546,1.5787
767.9500,64.7027,8.7340,67.9728,53.6585,1.6581
768.0000,64.4916,8.8493,68.0847,53.5505,1.7379
768.0500,64.2808,8.9648,68.1863,53.4309,1.8180
768.1000,64.0700,9.0805,68.2768,53.2994,1.8981
768.1500,63.8595,9.1963,68.3557,53.1563,1.9781
768.2000,63.6491,9.3123,68.4223,53.0014,2.0579
768.2500,63.4388,9.4283,68.4760,52.8348,2.1373
768.3000,63.2286,9.5444,68.5161,52.6566,2.2161
768.3500,63.0186,9.6604,68.5418,52.4669,2.2941
768.4000,62.8086,9.7763,68.5524,52.2657,2.3714
768.4500,62.5986,9.8921,68.5472,52.0532,2.4476
768.5000,62.3886,10.0078,68.5257,51.8295,2.5228
768.5500,62.1785,10.1233,68.4878,51.5947,2.5968
768.6000,61.9689,10.2388,68.4341,51.3494,2.6699
768.6500,61.7601,10.3545,68.3649,51.0938,2.7421
768.7000,61.5526,10.4708,68.2809,50.8285,2.8136
768.7500,61.3467,10.5877,68.1824,50.5538,2.8847
768.8000,61.1429,10.7054,68.0699,50.2702,2.9555
768.8500,60.9414,10.8240,67.9437,49.9782,3.0261
768.9000,60.7424,10.9439,67.8044,49.6781,3.0967
768.9500,60.5464,11.0650,67.6521,49.3703,3.1674
769.0000,60.3534,11.1875,67.4873,49.0554,3.2385
769.0500,60.1637,11.3115,67.3102,48.7336,3.3101
769.1000,59.9774,11.4371,67.1211,48.4055,3.3824
769.1500,59.7947,11.5644,66.9203,48.0714,3.4555
769.2000,59.6156,11.6936,66.7079,47.7318,3.5295
769.2500,59.4403,11.8245,66.4841,47.3870,3.6048
769.3000,59.2688,11.9574,66.2492,47.0375,3.6814
769.3500,59.1012,12.0923,66.0031,46.6836,3.7595
769.4000,58.9373,12.2292,65.7461,46.3259,3.8394
769.4500,58.7773,12.3681,65.4781,45.9646,3.9212
769.5000,58.6211,12.5091,65.1993,45.6002,4.0053
769.5500,58.4686,12.6522,64.9096,45.2330,4.0917
769.6000,58.3198,12.7974,64.6095,44.8636,4.1804
769.6500,58.1745,12.9447,64.2997,44.4922,4.2715
769.7000,58.0326,13.0942,63.9805,44.1192,4.3648
769.7500,57.8939,13.2457,63.6527,43.7450,4.4603
769.8000,57.7583,13.3993,63.3166,43.3700,4.5579
769.8500,57.6256,13.5550,62.9729,42.9946,4.6577
769.9000,57.4957,13.7127,62.6222,42.6191,4.7594
769.9500,57.3682,13.8724,62.2648,42.2439,4.8632
770.0000,57.2429,14.0341,61.9015,41.8693,4.9689
770.0500,57.1196,14.1977,61.5326,41.4958,5.0765
770.1000,56.9989,14.3629,61.1587,41.1239,5.1860
770.1500,56.8812,14.5294,60.7804,40.7542,5.2972
770.2000,56.7669,14.6968,60.3981,40.3872,5.4103
770.2500,56.6563,14.8650,60.0123,40.0236,5.5252
770.3000,56.5497,15.0336,59.6236,39.6639,5.6418
770.3500,56.4474,15.2023,59.2324,39.3085,5.7603
770.4000,56.3495,15.3710,58.8392,38.9579,5.8805
770.4500,56.2561,15.5392,58.4444,38.6126,6.0026
770.5000,56.1671,15.7069,58.0486,38.2731,6.1265
770.5500,56.0826,15.8738,57.6521,37.9396,6.2524
770.6000,56.0025,16.0397,57.2553,37.6127,6.3802
770.6500,55.9267,16.2043,56.8587,37.2926,6.5102
770.7000,55.8548,16.3675,56.4627,36.9797,6.6424
770.7500,55.7866,16.5291,56.0677,36.6743,6.7769
770.8000,55.7219,16.6889,55.6739,36.3767,6.9138
770.8500,55.6601,16.8467,55.2817,36.0871,7.0535
770.9000,55.6010,17.0024,54.8915,35.8058,7.1960
770.9500,55.5438,17.1558,54.5035,35.5329,7.3416
771.0000,55.4882,17.3067,54.1180,35.2686,7.4904
771.0500,55.4336,17.4551,53.7353,35.0132,7.6428
771.1000,55.3798,17.6007,53.3558,34.7666,7.7985
771.1500,55.3267,17.7435,52.9800,34.5290,7.9572
771.2000,55.2742,17.8833,52.6085,34.3005,8.1186
771.2500,55.2222,18.0199,52.2416,34.0810,8.2824
771.3000,55.1705,18.1534,51.8798,33.8706,8.4482
771.3500,55.1189,18.2835,51.5235,33.6693,8.6159
771.4000,55.0674,18.4101,51.1732,33.4771,8.7849
771.4500,55.0156,18.5332,50.8293,33.2937,8.9552
771.5000,54.9633,18.6527,50.4921,33.1192,9.1262
771.5500,54.9105,18.7683,50.1619,32.9533,9.2977
771.6000,54.8574,18.8801,49.8392,32.7962,9.4694
771.6500,54.8042,18.9879,49.5241,32.6479,9.6410
771.7000,54.7511,19.0917,49.2170,32.5084,9.8120
771.7500,54.6984,19.1913,48.9181,32.3777,9.9823
771.8000,54.6462,19.2866,48.6276,32.2555,10.1514
771.8500,54.5947,19.3775,48.3456,32.1419,10.3191
771.9000,54.5438,19.4639,48.0723,32.0365,10.4850
771.9500,54.4936,19.5458,47.8079,31.9392,10.6489
772.0000,54.4441,19.6229,47.5523,31.8495,10.8104
772.0500,54.3952,19.6953,47.3055,31.7672,10.9692
772.1000,54.3470,19.7627,47.0677,31.6918,11.1250
772.1500,54.2992,19.8251,46.8386,31.6228,11.2776
772.2000,54.2517,19.8824,46.6181,31.5598,11.4266
772.2500,54.2043,19.9343,46.4062,31.5021,11.5717
772.3000,54.1568,19.9808,46.2025,31.4491,11.7127
772.3500,54.1091,20.0217,46.0069,31.4001,11.8494
772.4000,54.0607,20.0568,45.8189,31.3543,11.9814
772.4500,54.0114,20.0861,45.6382,31.3111,12.1085
772.5000,53.9609,20.1094,45.4643,31.2694,12.2306
772.5500,53.9088,20.1264,45.2968,31.2286,12.3473
772.6000,53.8550,20.1373,45.1360,31.1883,12.4584
772.6500,53.7993,20.1422,44.9821,31.1485,12.5639
772.7000,53.7418,20.1412,44.8354,31.1092,12.6634
772.7500,53.6822,20.1344,44.6962,31.0701,12.7568
772.8000,53.6204,20.1220,44.5647,31.0312,12.8439
772.8500,53.5562,20.1041,44.4410,30.9923,12.9247
772.9000,53.4895,20.0808,44.3255,30.9534,12.9989
772.9500,53.4202,20.0524,44.2183,30.9143,13.0666
773.0000,53.3481,20.0190,44.1195,30.8749,13.1275
773.0500,53.2730,19.9806,44.0292,30.8351,13.1817
773.1000,53.1951,19.9376,43.9476,30.7947,13.2293
773.1500,53.1145,19.8900,43.8747,30.7536,13.2704
773.2000,53.0314,19.8380,43.8106,30.7117,13.3052
773.2500,52.9460,19.7819,43.7552,30.6688,13.3338
773.3000,52.8582,19.7217,43.7086,30.6248,13.3565
773.3500,52.7681,19.6577,43.6706,30.5795,13.3733
773.4000,52.6758,19.5901,43.6412,30.5330,13.3847
773.4500,52.5812,19.5191,43.6201,30.4849,13.3906
773.5000,52.4843,19.4448,43.6073,30.4352,13.3915
773.5500,52.3851,19.3674,43.6025,30.3837,13.3875
773.6000,52.2834,19.2872,43.6054,30.3304,13.3790
773.6500,52.1791,19.2043,43.6157,30.2751,13.3662
773.7000,52.0722,19.1189,43.6331,30.2177,13.3494
773.7500,51.9623,19.0313,43.6571,30.1580,13.3290
773.8000,51.8494,18.9415,43.6873,30.0960,13.3053
773.8500,51.7333,18.8499,43.7231,30.0315,13.2787
773.9000,51.6136,18.7567,43.7640,29.9645,13.2497
773.9500,51.4902,18.6619,43.8093,29.8948,13.2187
774.0000,51.3627,18.5658,43.8584,29.8223,13.1861
774.0500,51.2309,18.4687,43.9106,29.7469,13.1523
774.1000,51.0947,18.3706,43.9659,29.6687,13.1174
774.1500,50.9540,18.2719,44.0244,29.5873,13.0814
774.2000,50.8088,18.1726,44.0860,29.5029,13.0440
774.2500,50.6590,18.0729,44.1508,29.4153,13.0054
774.3000,50.5046,17.9731,44.2189,29.3244,12.9653
774.3500,50.3454,17.8733,44.2901,29.2302,12.9238
774.4000,50.1814,17.7737,44.3647,29.1327,12.8807
774.4500,50.0125,17.6745,44.4423,29.0317,12.8359
774.5000,49.8386,17.5757,44.5232,28.9273,12.7895
774.5500,49.6596,17.4776,44.6071,28.8193,12.7412
774.6000,49.4757,17.3800,44.6947,28.7074,12.6911
774.6500,49.2871,17.2827,44.7864,28.5914,12.6391
774.7000,49.0938,17.1856,44.8827,28.4709,12.5850
774.7500,48.8961,17.0886,44.9838,28.3456,12.5289
774.8000,48.6939,16.9916,45.0900,28.2153,12.4706
774.8500,48.4873,16.8945,45.2015,28.0799,12.4101
774.9000,48.2763,16.7972,45.3185,27.9390,12.3473
774.9500,48.0609,16.6997,45.4410,27.7927,12.2821
775.0000,47.8411,16.6019,45.5690,27.6407,12.2145
775.0500,47.6166,16.5037,45.7024,27.4830,12.1445
775.1000,47.3875,16.4052,45.8411,27.3194,12.0719
775.1500,47.1534,16.3063,45.9848,27.1500,11.9967
775.2000,46.9143,16.2070,46.1333,26.9748,11.9190
775.2500,46.6699,16.1072,46.2861,26.7936,11.8386
775.3000,46.4199,16.0071,46.4429,26.6066,11.7555
775.3500,46.1641,15.9064,46.6032,26.4137,11.6697
775.4000,45.9020,15.8054,46.7664,26.2151,11.5812
775.4500,45.6334,15.7039,46.9319,26.0108,11.4899
775.5000,45.3578,15.6019,47.0990,25.8008,11.3958
775.5500,45.0749,15.4995,47.2671,25.5855,11.2990
775.6000,44.7846,15.3969,47.4360,25.3647,11.1995
775.6500,44.4872,15.2945,47.6060,25.1388,11.0972
775.7000,44.1826,15.1924,47.7769,24.9079,10.9922
775.7500,43.8711,15.0911,47.9488,24.6721,10.8845
775.8000,43.5527,14.9905,48.1218,24.4316,10.7741
775.8500,43.2274,14.8903,48.2957,24.1866,10.6611
775.9000,42.8955,14.7900,48.4708,23.9374,10.5456
775.9500,42.5569,14.6894,48.6468,23.6841,10.4275
776.0000,42.2117,14.5882,48.8239,23.4271,10.3070
776.0500,41.8601,14.4863,49.0018,23.1665,10.1842
776.1000,41.5021,14.3839,49.1793,22.9033,10.0591
776.1500,41.1378,14.2814,49.3555,22.6383,9.9319
776.2000,40.7672,14.1792,49.5291,22.3721,9.8026
776.2500,40.3904,14.0774,49.6994,22.1056,9.6713
776.3000,40.0074,13.9765,49.8654,21.8394,9.5383
776.3500,39.6183,13.8765,50.0265,21.5741,9.4036
776.4000,39.2231,13.7777,50.1821,21.3102,9.2675
776.4500,38.8218,13.6803,50.3316,21.0484,9.1299
776.5000,38.4144,13.5843,50.4747,20.7890,8.9913
776.5500,38.0009,13.4898,50.6111,20.5326,8.8516
776.6000,37.5812,13.3970,50.7405,20.2794,8.7112
776.6500,37.1555,13.3058,50.8628,20.0299,8.5702
776.7000,36.7235,13.2164,50.9779,19.7844,8.4289
776.7500,36.2853,13.1286,51.0859,19.5431,8.2875
776.8000,35.8407,13.0425,51.1868,19.3063,8.1463
776.8500,35.3896,12.9580,51.2808,19.0742,8.0054
776.9000,34.9320,12.8751,51.3681,18.8469,7.8653
776.9500,34.4676,12.7937,51.4490,18.6245,7.7261
777.0000,33.9963,12.7137,51.5238,18.4073,7.5882
777.0500,33.5181,12.6349,51.5930,18.1952,7.4519
777.1000,33.0330,12.5573,51.6566,17.9883,7.3172
777.1500,32.5416,12.4807,51.7150,17.7867,7.1841
777.2000,32.0442,12.4050,51.7682,17.5902,7.0528
777.2500,31.5413,12.3299,51.8165,17.3989,6.9231
777.3000,31.0331,12.2554,51.8603,17.2126,6.7952
777.3500,30.5201,12.1811,51.8997,17.0313,6.6690
777.4000,30.0026,12.1070,51.9351,16.8549,6.5445
777.4500,29.4811,12.0328,51.9668,16.6833,6.4219
777.5000,28.9560,11.9583,51.9950,16.5161,6.3009
777.5500,28.4276,11.8832,52.0201,16.3532,6.1817
777.6000,27.8963,11.8066,52.0424,16.1939,6.0641
777.6500,27.3625,11.7276,52.0622,16.0378,5.9483
777.7000,26.8266,11.6455,52.0798,15.8850,5.8342
777.7500,26.2890,11.5596,52.0955,15.7355,5.7216
777.8000,25.7499,11.4692,52.1096,15.5893,5.6106
777.8500,25.2098,11.3737,52.1223,15.4465,5.5012
777.9000,24.6690,11.2728,52.1340,15.3072,5.3931
777.9500,24.1277,11.1660,52.1449,15.1714,5.2865
778.0000,23.5864,11.0529,52.1551,15.0394,5.1811
778.0500,23.0453,10.9333,52.1649,14.9111,5.0770
778.1000,22.5046,10.8069,52.1745,14.7868,4.9740
778.1500,21.9646,10.6734,52.1839,14.6666,4.8719
778.2000,21.4255,10.5328,52.1932,14.5506,4.7707
778.2500,20.8875,10.3849,52.2026,14.4389,4.6702
778.3000,20.3508,10.2297,52.2121,14.3316,4.5703
778.3500,19.8156,10.0670,52.2217,14.2289,4.4708
778.4000,19.2819,9.8969,52.2312,14.1308,4.3715
778.4500,18.7498,9.7194,52.2407,14.0374,4.2722
778.5000,18.2193,9.5344,52.2500,13.9487,4.1728
778.5500,17.6906,9.3422,52.2590,13.8649,4.0731
778.6000,17.1641,9.1429,52.2680,13.7862,3.9731
778.6500,16.6404,8.9370,52.2773,13.7129,3.8728
778.7000,16.1200,8.7249,52.2873,13.6452,3.7723
778.7500,15.6034,8.5069,52.2982,13.5835,3.6717
778.8000,15.0912,8.2836,52.3105,13.5279,3.5710
778.8500,14.5838,8.0554,52.3242,13.4787,3.4704
778.9000,14.0818,7.8229,52.3398,13.4362,3.3698
778.9500,13.5855,7.5864,52.3575,13.4004,3.2695
779.0000,13.0955,7.3465,52.3774,13.3716,3.1694
779.0500,12.6123,7.1037,52.3997,13.3499,3.0696
779.1000,12.1361,6.8586,52.4247,13.3354,2.9702
779.1500,11.6674,6.6117,52.4526,13.3282,2.8713
779.2000,11.2066,6.3635,52.4833,13.3284,2.7730
779.2500,10.7539,6.1145,52.5171,13.3360,2.6753
779.3000,10.3098,5.8654,52.5540,13.3509,2.5784
779.3500,9.8743,5.6166,52.5942,13.3732,2.4822
779.4000,9.4479,5.3686,52.6376,13.4028,2.3869
779.4500,9.0306,5.1221,52.6842,13.4395,2.2926
779.5000,8.6226,4.8776,52.7342,13.4833,2.1994
779.5500,8.2241,4.6355,52.7874,13.5339,2.1072
779.6000,7.8351,4.3964,52.8438,13.5912,2.0163
779.6500,7.4557,4.1609,52.9033,13.6550,1.9267
779.7000,7.0857,3.9294,52.9660,13.7248,1.8384
779.7500,6.7252,3.7024,53.0316,13.8005,1.7516
779.8000,6.3741,3.4805,53.1000,13.8817,1.6663
779.8500,6.0320,3.2640,53.1712,13.9680,1.5826
779.9000,5.6989,3.0536,53.2449,14.0589,1.5006
779.9500,5.3743,2.8496,53.3211,14.1541,1.4203
780.0000,5.0580,2.6525,53.3994,14.2529,1.3418
780.0500,4.7496,2.4628,53.4796,14.3549,1.2652
780.1000,4.4494,2.2805,53.5617,14.4599,1.1905
780.1500,4.1577,2.1059,53.6452,14.5675,1.1179
780.2000,3.8750,1.9390,53.7301,14.6773,1.0473
780.2500,3.6015,1.7799,53.8159,14.7891,0.9788
780.3000,3.3376,1.6286,53.9025,14.9026,0.9125
780.3500,3.0835,1.4851,53.9896,15.0174,0.8485
780.4000,2.8394,1.3495,54.0769,15.1330,0.7867
780.4500,2.6057,1.2216,54.1641,15.2492,0.7272
780.5000,2.3826,1.1015,54.2509,15.3656,0.6701
780.5500,2.1701,0.9889,54.3370,15.4818,0.6154
780.6000,1.9684,0.8839,54.4222,15.5973,0.5631
780.6500,1.7776,0.7862,54.5060,15.7118,0.5132
780.7000,1.5979,0.6958,54.5883,15.8249,0.4658
780.7500,1.4291,0.6124,54.6688,15.9361,0.4209
780.8000,1.2713,0.5357,54.7471,16.0451,0.3784
780.8500,1.1245,0.4657,54.8229,16.1515,0.3385
780.9000,0.9886,0.4021,54.8961,16.2548,0.3010
780.9500,0.8633,0.3445,54.9664,16.3547,0.2660
781.0000,0.7485,0.2928,55.0336,16.4509,0.2335
781.0500,0.6440,0.2466,55.0973,16.5429,0.2034
781.1000,0.5495,0.2057,55.1575,16.6304,0.1757
781.1500,0.4646,0.1697,55.2139,16.7131,0.1504
781.2000,0.3890,0.1382,55.2664,16.7907,0.1273
781.2500,0.3223,0.1111,55.3149,16.8630,0.1066
781.3000,0.2638,0.0879,55.3593,16.9296,0.0880
781.3500,0.2132,0.0684,55.3995,16.9903,0.0716
781.4000,0.1698,0.0521,55.4354,17.0450,0.0572
781.4500,0.1329,0.0388,55.4672,17.0935,0.0447
781.5000,0.1017,0.0281,55.4948,17.1357,0.0341
781.5500,0.0756,0.0196,55.5184,17.1716,0.0252
781.6000,0.0541,0.0132,55.5380,17.2013,0.0180
781.6500,0.0370,0.0084,55.5539,17.2254,0.0122
781.7000,0.0237,0.0050,55.5664,17.2441,0.0078
781.7500,0.0140,0.0027,55.5757,17.2580,0.0046
781.8000,0.0073,0.0013,55.5821,17.2676,0.0024
781.8500,0.0031,0.0005,55.5862,17.2737,0.0010
781.9000,0.0009,0.0001,55.5883,17.2769,0.0003
781.9500,0.0001,0.0000,55.5892,17.2781,0.0000
